id,product_id,name,sku,price_cents,color,size,style_id,color_id
4fab7ee8-f196-4402-8f83-ed135140de05,d99a4eac-1eee-4274-9bf8-e41c59f3b3de,White / YS,CINK-176100-YS,815,White,YS,176100,176100
570e9067-2193-4464-a251-ebe80d334199,d99a4eac-1eee-4274-9bf8-e41c59f3b3de,White / YM,CINK-176100-YM,815,White,YM,176100,176100
8d56114d-9b85-4ca1-b5b5-fd5758c7c03e,d99a4eac-1eee-4274-9bf8-e41c59f3b3de,White / YL,CINK-176100-YL,815,White,YL,176100,176100
e2dc1fe0-5bf3-4370-b762-91a11358cb2a,d99a4eac-1eee-4274-9bf8-e41c59f3b3de,White / XS,CINK-176100-XS,815,White,XS,176100,176100
019267cf-9f91-4987-8df7-d77c48df0990,d99a4eac-1eee-4274-9bf8-e41c59f3b3de,White / S,CINK-176100-S,815,White,S,176100,176100
6672795b-1b93-4503-9e98-87905efe65d4,d99a4eac-1eee-4274-9bf8-e41c59f3b3de,Ice Grey / S,CINK-176168-S,815,Ice Grey,S,176100,176168
e9cb0367-3676-46d4-8690-773c73fc9680,d99a4eac-1eee-4274-9bf8-e41c59f3b3de,Ice Grey / M,CINK-176168-M,815,Ice Grey,M,176100,176168
6eec7b32-945e-479a-82f2-61a7d9dc308d,d99a4eac-1eee-4274-9bf8-e41c59f3b3de,Ice Grey / L,CINK-176168-L,815,Ice Grey,L,176100,176168
b12097ca-bea4-4294-88a4-c0c1e813e643,d99a4eac-1eee-4274-9bf8-e41c59f3b3de,Ice Grey / XL,CINK-176168-XL,815,Ice Grey,XL,176100,176168
87708db5-8dbe-44d7-9caa-9b2f1951d471,d99a4eac-1eee-4274-9bf8-e41c59f3b3de,Ice Grey / XXL,CINK-176168-XXL,815,Ice Grey,XXL,176100,176168
8587eca4-ba8e-49c1-a782-07ffb0888334,d99a4eac-1eee-4274-9bf8-e41c59f3b3de,Sport Grey / YS,CINK-176102-YS,815,Sport Grey,YS,176100,176102
7c261a3b-8fcc-410b-a847-c71f8f23852f,d99a4eac-1eee-4274-9bf8-e41c59f3b3de,Sport Grey / YM,CINK-176102-YM,815,Sport Grey,YM,176100,176102
a3657190-b62d-41ad-90c9-91dd9bdcb111,d99a4eac-1eee-4274-9bf8-e41c59f3b3de,Sport Grey / YL,CINK-176102-YL,815,Sport Grey,YL,176100,176102
16588386-43e1-4859-a157-8c52871575c2,d99a4eac-1eee-4274-9bf8-e41c59f3b3de,Sport Grey / XS,CINK-176102-XS,815,Sport Grey,XS,176100,176102
060e74e3-649d-4687-8380-d2e5ddab3354,d99a4eac-1eee-4274-9bf8-e41c59f3b3de,Sport Grey / S,CINK-176102-S,815,Sport Grey,S,176100,176102
a8c51f99-252a-4c88-bb23-f3d939abbd3d,d99a4eac-1eee-4274-9bf8-e41c59f3b3de,Graphite Heather / YS,CINK-176147-YS,815,Graphite Heather,YS,176100,176147
4d2628af-3c08-4b3e-b889-16d44d961a95,d99a4eac-1eee-4274-9bf8-e41c59f3b3de,Graphite Heather / YM,CINK-176147-YM,815,Graphite Heather,YM,176100,176147
abe3a6da-241e-4a30-88d4-8457e315a5ad,d99a4eac-1eee-4274-9bf8-e41c59f3b3de,Graphite Heather / YL,CINK-176147-YL,815,Graphite Heather,YL,176100,176147
82bcfe6b-aa25-47b8-a1bd-9f063e6b06cd,d99a4eac-1eee-4274-9bf8-e41c59f3b3de,Graphite Heather / S,CINK-176147-S,815,Graphite Heather,S,176100,176147
b9dd6495-0e85-4e8e-9080-3728384179bc,d99a4eac-1eee-4274-9bf8-e41c59f3b3de,Graphite Heather / M,CINK-176147-M,815,Graphite Heather,M,176100,176147
fb355bbb-f2d2-4afb-8290-168d1efdef29,d99a4eac-1eee-4274-9bf8-e41c59f3b3de,Heather Dark Grey / XS,CINK-176177-XS,815,Heather Dark Grey,XS,176100,176177
d6939332-d96d-4118-b5a8-4ab4157ba716,d99a4eac-1eee-4274-9bf8-e41c59f3b3de,Heather Dark Grey / S,CINK-176177-S,815,Heather Dark Grey,S,176100,176177
3daee3c4-86f0-4df4-ab75-8c06037b5543,d99a4eac-1eee-4274-9bf8-e41c59f3b3de,Heather Dark Grey / M,CINK-176177-M,815,Heather Dark Grey,M,176100,176177
3232ddb4-a2c8-4a0c-aa83-3c6af6244541,d99a4eac-1eee-4274-9bf8-e41c59f3b3de,Heather Dark Grey / L,CINK-176177-L,815,Heather Dark Grey,L,176100,176177
eda4bed5-c6c4-47e2-b794-26de482e842a,d99a4eac-1eee-4274-9bf8-e41c59f3b3de,Heather Dark Grey / XL,CINK-176177-XL,815,Heather Dark Grey,XL,176100,176177
de9dd529-f3f3-46eb-8d13-24906d607de7,d99a4eac-1eee-4274-9bf8-e41c59f3b3de,Dark Heather / YS,CINK-176126-YS,815,Dark Heather,YS,176100,176126
45a3c3f6-6a94-4269-9d0d-83e39446eb56,d99a4eac-1eee-4274-9bf8-e41c59f3b3de,Dark Heather / YM,CINK-176126-YM,815,Dark Heather,YM,176100,176126
db8d4336-240c-4862-aa52-88c91ba38e4e,d99a4eac-1eee-4274-9bf8-e41c59f3b3de,Dark Heather / YL,CINK-176126-YL,815,Dark Heather,YL,176100,176126
473ddbfe-c829-4bb6-98c0-018eeb01b240,d99a4eac-1eee-4274-9bf8-e41c59f3b3de,Dark Heather / XS,CINK-176126-XS,815,Dark Heather,XS,176100,176126
90ab6653-66ab-4fcc-b5ab-463e954b6efd,d99a4eac-1eee-4274-9bf8-e41c59f3b3de,Dark Heather / S,CINK-176126-S,815,Dark Heather,S,176100,176126
b8bf5bc1-9526-4954-b14e-3b97b7c614d9,edaf278e-7539-48be-b7be-fdb0d06b9032,White / YS,CINK-124200-YS,1425,White,YS,124200,124200
26207f85-ad89-4d7e-9f59-a8e474d89281,edaf278e-7539-48be-b7be-fdb0d06b9032,White / YM,CINK-124200-YM,1425,White,YM,124200,124200
bc421f57-eea2-4b43-85e7-4bce048163c9,edaf278e-7539-48be-b7be-fdb0d06b9032,White / YL,CINK-124200-YL,1425,White,YL,124200,124200
cce882d7-9b2f-4411-8531-81817b4db2e2,edaf278e-7539-48be-b7be-fdb0d06b9032,White / YXL,CINK-124200-YXL,1425,White,YXL,124200,124200
7987b5c0-9e83-40f2-b1bf-5739a16ef22d,edaf278e-7539-48be-b7be-fdb0d06b9032,White / XS,CINK-124200-XS,1425,White,XS,124200,124200
877ef96d-aa9f-47cd-9be3-7404ed3953fa,edaf278e-7539-48be-b7be-fdb0d06b9032,Solid White Blend / YS,CINK-50124242-YS,1425,Solid White Blend,YS,124200,50124242
d2713766-fb5b-4f17-8e5f-3015280ad9f3,edaf278e-7539-48be-b7be-fdb0d06b9032,Solid White Blend / YM,CINK-50124242-YM,1425,Solid White Blend,YM,124200,50124242
fcd86099-e1e0-4af4-ad9f-a68358d4e1eb,edaf278e-7539-48be-b7be-fdb0d06b9032,Solid White Blend / YL,CINK-50124242-YL,1425,Solid White Blend,YL,124200,50124242
a1a6ee7c-5df8-470e-9d5e-2243290074e0,edaf278e-7539-48be-b7be-fdb0d06b9032,Solid White Blend / YXL,CINK-50124242-YXL,1425,Solid White Blend,YXL,124200,50124242
603ee204-d05a-4371-90f1-4d4eb141d034,edaf278e-7539-48be-b7be-fdb0d06b9032,Solid White Blend / XS,CINK-50124242-XS,1425,Solid White Blend,XS,124200,50124242
a9d89b73-780c-486f-9804-9d16e60e6261,edaf278e-7539-48be-b7be-fdb0d06b9032,Vintage White / YS,CINK-50124211-YS,1425,Vintage White,YS,124200,50124211
ef96a732-1bbe-428e-a693-b36d88dd47e9,edaf278e-7539-48be-b7be-fdb0d06b9032,Vintage White / YM,CINK-50124211-YM,1425,Vintage White,YM,124200,50124211
bc652776-610d-4581-9b6a-8a2629a5903c,edaf278e-7539-48be-b7be-fdb0d06b9032,Vintage White / YL,CINK-50124211-YL,1425,Vintage White,YL,124200,50124211
630f79b6-3b46-4692-abe6-13ccba528d76,edaf278e-7539-48be-b7be-fdb0d06b9032,Vintage White / YXL,CINK-50124211-YXL,1425,Vintage White,YXL,124200,50124211
bdff1c2e-a486-4e1b-909e-659808082135,edaf278e-7539-48be-b7be-fdb0d06b9032,Vintage White / XS,CINK-50124211-XS,1425,Vintage White,XS,124200,50124211
722e71dc-81a7-4b87-9d65-2a3abb508bf6,edaf278e-7539-48be-b7be-fdb0d06b9032,Heather Cement / XS,CINK-50124226-XS,1425,Heather Cement,XS,124200,50124226
a7df2c0f-6197-4289-b38a-dbf10ae52645,edaf278e-7539-48be-b7be-fdb0d06b9032,Heather Cement / S,CINK-50124226-S,1425,Heather Cement,S,124200,50124226
298c58b6-88e2-40ea-acdf-1be4b134dca6,edaf278e-7539-48be-b7be-fdb0d06b9032,Heather Cement / M,CINK-50124226-M,1425,Heather Cement,M,124200,50124226
924b1077-34e7-4514-a64c-1c47d0a6d086,edaf278e-7539-48be-b7be-fdb0d06b9032,Heather Cement / L,CINK-50124226-L,1425,Heather Cement,L,124200,50124226
36b31b31-afc9-47d3-9b75-93199b0b6838,edaf278e-7539-48be-b7be-fdb0d06b9032,Heather Cement / XL,CINK-50124226-XL,1425,Heather Cement,XL,124200,50124226
a1c3f12e-d211-42b6-b251-e68ed76b5bdb,edaf278e-7539-48be-b7be-fdb0d06b9032,Silver / YS,CINK-124222-YS,1425,Silver,YS,124200,124222
00468cb5-ddd7-44c6-8925-ccf379addb66,edaf278e-7539-48be-b7be-fdb0d06b9032,Silver / YM,CINK-124222-YM,1425,Silver,YM,124200,124222
784c788d-957c-4970-a9ec-059bede9f5be,edaf278e-7539-48be-b7be-fdb0d06b9032,Silver / YL,CINK-124222-YL,1425,Silver,YL,124200,124222
31babe5a-0b0e-4e13-b4ef-788e40f4bb6a,edaf278e-7539-48be-b7be-fdb0d06b9032,Silver / YXL,CINK-124222-YXL,1425,Silver,YXL,124200,124222
1d5ed85c-b685-4e55-90be-b9e840473da2,edaf278e-7539-48be-b7be-fdb0d06b9032,Silver / XS,CINK-124222-XS,1425,Silver,XS,124200,124222
b9e7ffed-0a2a-41ed-bd7d-9608f8d56a78,edaf278e-7539-48be-b7be-fdb0d06b9032,Ash / YS,CINK-124235-YS,1425,Ash,YS,124200,124235
983a6cb2-323b-42d6-8d47-9842ea82ad9d,edaf278e-7539-48be-b7be-fdb0d06b9032,Ash / YM,CINK-124235-YM,1425,Ash,YM,124200,124235
37400de5-c746-4854-900d-ecf58cda8ff1,edaf278e-7539-48be-b7be-fdb0d06b9032,Ash / YL,CINK-124235-YL,1425,Ash,YL,124200,124235
5641ee54-6f9d-4afc-b62d-a307d8602fc4,edaf278e-7539-48be-b7be-fdb0d06b9032,Ash / YXL,CINK-124235-YXL,1425,Ash,YXL,124200,124235
24de4765-2dac-4b4a-b222-a9563474f027,edaf278e-7539-48be-b7be-fdb0d06b9032,Ash / XS,CINK-124235-XS,1425,Ash,XS,124200,124235
b9534c98-309c-4226-b23e-d63cc97c5444,2a691d8c-0966-44ab-8ca5-a66488f70f8b,White / YXS,CINK-175816-YXS,1570,White,YXS,175800,175816
1b83cb0f-b6ab-4ae7-820f-d7baeb79398f,2a691d8c-0966-44ab-8ca5-a66488f70f8b,White / YS,CINK-175816-YS,1570,White,YS,175800,175816
859f61d8-3c39-483b-a094-08ea007e0ffc,2a691d8c-0966-44ab-8ca5-a66488f70f8b,White / YM,CINK-175816-YM,1570,White,YM,175800,175816
3ea0d6a6-f210-4c5d-b7b9-27b08ed716e3,2a691d8c-0966-44ab-8ca5-a66488f70f8b,White / YL,CINK-175816-YL,1570,White,YL,175800,175816
70c391c6-e1d1-41d8-9fb4-6321a9ba009d,2a691d8c-0966-44ab-8ca5-a66488f70f8b,White / YXL,CINK-175816-YXL,1570,White,YXL,175800,175816
02558630-cc1b-4951-a3d0-9ad7824c1193,2a691d8c-0966-44ab-8ca5-a66488f70f8b,Ivory / S,CINK-175870-S,1570,Ivory,S,175800,175870
f9896c1a-ae3b-47ce-9a74-5f9a38a5ef1d,2a691d8c-0966-44ab-8ca5-a66488f70f8b,Ivory / M,CINK-175870-M,1570,Ivory,M,175800,175870
aa01c033-e693-492e-af67-f0558f59b8f2,2a691d8c-0966-44ab-8ca5-a66488f70f8b,Ivory / L,CINK-175870-L,1570,Ivory,L,175800,175870
d19cf11c-fbeb-400e-8b1b-4b3deeea7191,2a691d8c-0966-44ab-8ca5-a66488f70f8b,Ivory / XL,CINK-175870-XL,1570,Ivory,XL,175800,175870
fb02fc98-2966-4aba-9920-fdf4c56dd6dc,2a691d8c-0966-44ab-8ca5-a66488f70f8b,Ivory / XXL,CINK-175870-XXL,1570,Ivory,XXL,175800,175870
b725b933-0989-446e-a158-bc12275468f2,2a691d8c-0966-44ab-8ca5-a66488f70f8b,Granite / YXS,CINK-175859-YXS,1570,Granite,YXS,175800,175859
1cdfd24e-7751-4d5d-bd7d-d8990efe2743,2a691d8c-0966-44ab-8ca5-a66488f70f8b,Granite / YS,CINK-175859-YS,1570,Granite,YS,175800,175859
828fc57d-0d7a-4aa8-a605-b1b36bff01c7,2a691d8c-0966-44ab-8ca5-a66488f70f8b,Granite / YM,CINK-175859-YM,1570,Granite,YM,175800,175859
27321158-3404-4936-9e7e-1b86a77c467e,2a691d8c-0966-44ab-8ca5-a66488f70f8b,Granite / YL,CINK-175859-YL,1570,Granite,YL,175800,175859
4bed741f-71e6-4e95-bb93-01d6fa3007ed,2a691d8c-0966-44ab-8ca5-a66488f70f8b,Granite / YXL,CINK-175859-YXL,1570,Granite,YXL,175800,175859
e486f381-f3a4-41a6-b5c5-8525c88d9bd9,2a691d8c-0966-44ab-8ca5-a66488f70f8b,Grey / YXS,CINK-175801-YXS,1570,Grey,YXS,175800,175801
586c379f-e512-4ee1-b16f-5014b9b336d3,2a691d8c-0966-44ab-8ca5-a66488f70f8b,Grey / YS,CINK-175801-YS,1570,Grey,YS,175800,175801
c080ed7e-ea3e-48a6-b017-1c976e09de23,2a691d8c-0966-44ab-8ca5-a66488f70f8b,Grey / YM,CINK-175801-YM,1570,Grey,YM,175800,175801
41236c02-d11a-41f9-b8ea-aca279dc8e18,2a691d8c-0966-44ab-8ca5-a66488f70f8b,Grey / YL,CINK-175801-YL,1570,Grey,YL,175800,175801
b871df17-e8f7-4ef8-9d63-38efa1f714e4,2a691d8c-0966-44ab-8ca5-a66488f70f8b,Grey / YXL,CINK-175801-YXL,1570,Grey,YXL,175800,175801
01f83cb3-c4f1-47c7-b4ee-7b41ebf584df,2a691d8c-0966-44ab-8ca5-a66488f70f8b,Pepper / YXS,CINK-175800-YXS,1570,Pepper,YXS,175800,175800
2e6a5596-9652-47f8-a91e-0eeddaf32c0e,2a691d8c-0966-44ab-8ca5-a66488f70f8b,Pepper / YS,CINK-175800-YS,1570,Pepper,YS,175800,175800
737967b9-d9e6-4194-be05-89c35e7bf679,2a691d8c-0966-44ab-8ca5-a66488f70f8b,Pepper / YM,CINK-175800-YM,1570,Pepper,YM,175800,175800
117fe345-e9c1-4e40-9302-c49c11af1cbc,2a691d8c-0966-44ab-8ca5-a66488f70f8b,Pepper / YL,CINK-175800-YL,1570,Pepper,YL,175800,175800
1ee359e2-af32-4e65-9e20-370d4d1ed720,2a691d8c-0966-44ab-8ca5-a66488f70f8b,Pepper / YXL,CINK-175800-YXL,1570,Pepper,YXL,175800,175800
a732b1aa-93f6-4beb-b05e-fded506fc889,2a691d8c-0966-44ab-8ca5-a66488f70f8b,Graphite / S,CINK-175866-S,1570,Graphite,S,175800,175866
5516fd6a-94a6-4319-b8cf-49b0a48c3d53,2a691d8c-0966-44ab-8ca5-a66488f70f8b,Graphite / M,CINK-175866-M,1570,Graphite,M,175800,175866
f0f3dc00-2401-4fd2-8875-da2195d57aa6,2a691d8c-0966-44ab-8ca5-a66488f70f8b,Graphite / L,CINK-175866-L,1570,Graphite,L,175800,175866
8569437c-40ef-4d84-b70f-929d581e3d77,2a691d8c-0966-44ab-8ca5-a66488f70f8b,Graphite / XL,CINK-175866-XL,1570,Graphite,XL,175800,175866
027176f4-0f33-4d26-a676-9aedc99921c1,2a691d8c-0966-44ab-8ca5-a66488f70f8b,Graphite / XXL,CINK-175866-XXL,1570,Graphite,XXL,175800,175866
6d487dc6-bd76-41a4-824e-bff5969e68fd,ab5fce87-c5b1-45e3-9c7d-2aebb348f12d,Solid White Tri-Blend / XS,CINK-242027-XS,1360,Solid White Tri-Blend,XS,242000,242027
4348bd05-5008-45e0-a6be-ac5e66592ba6,ab5fce87-c5b1-45e3-9c7d-2aebb348f12d,Solid White Tri-Blend / S,CINK-242027-S,1360,Solid White Tri-Blend,S,242000,242027
28cdaa4a-55ab-4a32-a5f7-9a7a52e465bc,ab5fce87-c5b1-45e3-9c7d-2aebb348f12d,Solid White Tri-Blend / M,CINK-242027-M,1360,Solid White Tri-Blend,M,242000,242027
c7cfd285-62c4-4501-a8bd-b6d671f13ae2,ab5fce87-c5b1-45e3-9c7d-2aebb348f12d,Solid White Tri-Blend / L,CINK-242027-L,1360,Solid White Tri-Blend,L,242000,242027
031d33aa-f014-4aed-835a-a11d6f904b92,ab5fce87-c5b1-45e3-9c7d-2aebb348f12d,Solid White Tri-Blend / XL,CINK-242027-XL,1360,Solid White Tri-Blend,XL,242000,242027
902ff5e8-e99d-4770-bbf3-4ec5dbce91bf,ab5fce87-c5b1-45e3-9c7d-2aebb348f12d,White Fleck Tri-Blend / YS,CINK-242000-YS,1360,White Fleck Tri-Blend,YS,242000,242000
440c60f0-4fb0-4259-a0f6-162dad52446f,ab5fce87-c5b1-45e3-9c7d-2aebb348f12d,White Fleck Tri-Blend / YM,CINK-242000-YM,1360,White Fleck Tri-Blend,YM,242000,242000
5b0ca6ad-2f22-4163-b0a4-e0902e15eb5f,ab5fce87-c5b1-45e3-9c7d-2aebb348f12d,White Fleck Tri-Blend / YL,CINK-242000-YL,1360,White Fleck Tri-Blend,YL,242000,242000
dba618c6-d7a7-4d2d-be2e-91ace0512e84,ab5fce87-c5b1-45e3-9c7d-2aebb348f12d,White Fleck Tri-Blend / YXL,CINK-242000-YXL,1360,White Fleck Tri-Blend,YXL,242000,242000
045e3e77-ec9a-4d4e-b175-424940c5a014,ab5fce87-c5b1-45e3-9c7d-2aebb348f12d,White Fleck Tri-Blend / XS,CINK-242000-XS,1360,White Fleck Tri-Blend,XS,242000,242000
3c6b2802-480f-4417-a0d5-cecfda7c7352,ab5fce87-c5b1-45e3-9c7d-2aebb348f12d,Cement Tri-Blend / XS,CINK-242048-XS,1360,Cement Tri-Blend,XS,242000,242048
e5facc33-4e02-40e3-af8d-dffc0e0e787f,ab5fce87-c5b1-45e3-9c7d-2aebb348f12d,Cement Tri-Blend / S,CINK-242048-S,1360,Cement Tri-Blend,S,242000,242048
364eafd2-575d-4705-9d6a-e0d6cca7dc33,ab5fce87-c5b1-45e3-9c7d-2aebb348f12d,Cement Tri-Blend / M,CINK-242048-M,1360,Cement Tri-Blend,M,242000,242048
e407813d-fb97-4b00-bfa7-73db3a8d7b3d,ab5fce87-c5b1-45e3-9c7d-2aebb348f12d,Cement Tri-Blend / L,CINK-242048-L,1360,Cement Tri-Blend,L,242000,242048
d127f869-6caf-4481-aae1-ffc8650ebde6,ab5fce87-c5b1-45e3-9c7d-2aebb348f12d,Cement Tri-Blend / XL,CINK-242048-XL,1360,Cement Tri-Blend,XL,242000,242048
14728859-d713-43ff-97f8-5a8f9de90e17,ab5fce87-c5b1-45e3-9c7d-2aebb348f12d,Oatmeal Tri-Blend / XS,CINK-242005-XS,1360,Oatmeal Tri-Blend,XS,242000,242005
51d95cd1-cd6e-4246-9f43-f4d0272ebfb4,ab5fce87-c5b1-45e3-9c7d-2aebb348f12d,Oatmeal Tri-Blend / S,CINK-242005-S,1360,Oatmeal Tri-Blend,S,242000,242005
c0099c68-cade-4012-9828-edd679acb40c,ab5fce87-c5b1-45e3-9c7d-2aebb348f12d,Oatmeal Tri-Blend / M,CINK-242005-M,1360,Oatmeal Tri-Blend,M,242000,242005
2cf57549-d705-4f2e-923b-8d489f0ccbdc,ab5fce87-c5b1-45e3-9c7d-2aebb348f12d,Oatmeal Tri-Blend / L,CINK-242005-L,1360,Oatmeal Tri-Blend,L,242000,242005
998440c5-e242-48eb-8995-1349fe786957,ab5fce87-c5b1-45e3-9c7d-2aebb348f12d,Oatmeal Tri-Blend / XL,CINK-242005-XL,1360,Oatmeal Tri-Blend,XL,242000,242005
656ccc1d-e6f0-4c8c-aaaa-545abc7a5e03,ab5fce87-c5b1-45e3-9c7d-2aebb348f12d,Athletic Grey Tri-Blend / YS,CINK-242004-YS,1360,Athletic Grey Tri-Blend,YS,242000,242004
50ce14a1-be5d-4d68-bc04-7414846c6249,ab5fce87-c5b1-45e3-9c7d-2aebb348f12d,Athletic Grey Tri-Blend / YM,CINK-242004-YM,1360,Athletic Grey Tri-Blend,YM,242000,242004
356c8f2d-fb2d-402a-bcba-14c299dc95d9,ab5fce87-c5b1-45e3-9c7d-2aebb348f12d,Athletic Grey Tri-Blend / YL,CINK-242004-YL,1360,Athletic Grey Tri-Blend,YL,242000,242004
223e0256-c3aa-4bfd-90d3-61360b07d984,ab5fce87-c5b1-45e3-9c7d-2aebb348f12d,Athletic Grey Tri-Blend / YXL,CINK-242004-YXL,1360,Athletic Grey Tri-Blend,YXL,242000,242004
5e2fbc19-e9e7-46f4-9524-9f66cb47143f,ab5fce87-c5b1-45e3-9c7d-2aebb348f12d,Athletic Grey Tri-Blend / XS,CINK-242004-XS,1360,Athletic Grey Tri-Blend,XS,242000,242004
eb05a411-39d6-4fee-8992-e787c7a8d201,ab5fce87-c5b1-45e3-9c7d-2aebb348f12d,Solid Silver Tri-Blend / XS,CINK-242053-XS,1360,Solid Silver Tri-Blend,XS,242000,242053
eeeedfef-d33a-48c9-b9ec-dcc17ab4298b,ab5fce87-c5b1-45e3-9c7d-2aebb348f12d,Solid Silver Tri-Blend / S,CINK-242053-S,1360,Solid Silver Tri-Blend,S,242000,242053
b4e9f97e-acdf-4184-bee5-dd49e8c133b3,ab5fce87-c5b1-45e3-9c7d-2aebb348f12d,Solid Silver Tri-Blend / M,CINK-242053-M,1360,Solid Silver Tri-Blend,M,242000,242053
bbe33bbb-29c3-4eb2-b299-8d23f9189f8f,ab5fce87-c5b1-45e3-9c7d-2aebb348f12d,Solid Silver Tri-Blend / L,CINK-242053-L,1360,Solid Silver Tri-Blend,L,242000,242053
5771dbba-66cb-4a27-bb00-8db2458bc413,ab5fce87-c5b1-45e3-9c7d-2aebb348f12d,Solid Silver Tri-Blend / XL,CINK-242053-XL,1360,Solid Silver Tri-Blend,XL,242000,242053
7847493c-5d92-4979-b773-2f1db3089eb7,9e2667dd-7707-49c4-9174-6eff15a9ea0b,White / YXS,CINK-4600-YXS,750,White,YXS,4600,4600
5abf9906-97d9-4337-9c74-afe3c4876c4c,9e2667dd-7707-49c4-9174-6eff15a9ea0b,White / YS,CINK-4600-YS,750,White,YS,4600,4600
bb2a6224-87a6-4cb8-82c8-0f43af8a31e1,9e2667dd-7707-49c4-9174-6eff15a9ea0b,White / YM,CINK-4600-YM,750,White,YM,4600,4600
86b6e7e3-4863-4c06-ab88-fd78a29abc7d,9e2667dd-7707-49c4-9174-6eff15a9ea0b,White / YL,CINK-4600-YL,750,White,YL,4600,4600
769066f5-0946-4ddd-b9c9-f2bda3f7d6c8,9e2667dd-7707-49c4-9174-6eff15a9ea0b,White / YXL,CINK-4600-YXL,750,White,YXL,4600,4600
bb480ad5-f582-4996-b293-5d8034245d81,9e2667dd-7707-49c4-9174-6eff15a9ea0b,Natural / S,CINK-4619-S,750,Natural,S,4600,4619
9e3e8e1e-7b27-4691-8c9c-2dc7031151f9,9e2667dd-7707-49c4-9174-6eff15a9ea0b,Natural / M,CINK-4619-M,750,Natural,M,4600,4619
0ed7d283-0e5d-4a35-b80a-50f2703713de,9e2667dd-7707-49c4-9174-6eff15a9ea0b,Natural / L,CINK-4619-L,750,Natural,L,4600,4619
03f4a975-8862-43f8-95f9-863d72337a9f,9e2667dd-7707-49c4-9174-6eff15a9ea0b,Natural / XL,CINK-4619-XL,750,Natural,XL,4600,4619
5b64f50b-c549-4635-ab49-3f12b2dfcf8a,9e2667dd-7707-49c4-9174-6eff15a9ea0b,Natural / XXL,CINK-4619-XXL,750,Natural,XXL,4600,4619
09555122-3384-40b4-ba59-4515a4afc519,9e2667dd-7707-49c4-9174-6eff15a9ea0b,Black / YXS,CINK-4604-YXS,750,Black,YXS,4600,4604
0eade838-0bcf-4398-8b6c-6edb2fa3a4fb,9e2667dd-7707-49c4-9174-6eff15a9ea0b,Black / YS,CINK-4604-YS,750,Black,YS,4600,4604
5f5adfc6-44e7-4447-a6b4-31d90a3d43b9,9e2667dd-7707-49c4-9174-6eff15a9ea0b,Black / YM,CINK-4604-YM,750,Black,YM,4600,4604
99fcf7cf-2482-4de8-88ad-ae822cc2d435,9e2667dd-7707-49c4-9174-6eff15a9ea0b,Black / YL,CINK-4604-YL,750,Black,YL,4600,4604
488590c5-e7fa-418b-b0c1-48877eb9430e,9e2667dd-7707-49c4-9174-6eff15a9ea0b,Black / YXL,CINK-4604-YXL,750,Black,YXL,4600,4604
c74f7458-45f0-47a6-a51c-d8105381f5c1,9e2667dd-7707-49c4-9174-6eff15a9ea0b,Charcoal / YXS,CINK-4633-YXS,750,Charcoal,YXS,4600,4633
b02e0d32-0123-4eea-a10e-528ee7968884,9e2667dd-7707-49c4-9174-6eff15a9ea0b,Charcoal / YS,CINK-4633-YS,750,Charcoal,YS,4600,4633
b06a8135-d318-43f9-b987-37cd327a14b3,9e2667dd-7707-49c4-9174-6eff15a9ea0b,Charcoal / YM,CINK-4633-YM,750,Charcoal,YM,4600,4633
6bafb22c-bb26-4f7a-9f25-3be961520a4c,9e2667dd-7707-49c4-9174-6eff15a9ea0b,Charcoal / YL,CINK-4633-YL,750,Charcoal,YL,4600,4633
810bcd49-e161-4eb4-8109-cb005850c9db,9e2667dd-7707-49c4-9174-6eff15a9ea0b,Charcoal / YXL,CINK-4633-YXL,750,Charcoal,YXL,4600,4633
2f2b7233-af85-42b2-8421-d5b4c8f2394a,9e2667dd-7707-49c4-9174-6eff15a9ea0b,Dark Heather / S,CINK-4657-S,750,Dark Heather,S,4600,4657
8a37b3bd-a4ab-4408-b86c-36927dbba477,9e2667dd-7707-49c4-9174-6eff15a9ea0b,Dark Heather / M,CINK-4657-M,750,Dark Heather,M,4600,4657
743d5808-3339-4840-b62a-63c05ac5fe70,9e2667dd-7707-49c4-9174-6eff15a9ea0b,Dark Heather / L,CINK-4657-L,750,Dark Heather,L,4600,4657
2a423204-e6de-47b5-81dc-3d7386b74e8b,9e2667dd-7707-49c4-9174-6eff15a9ea0b,Dark Heather / XL,CINK-4657-XL,750,Dark Heather,XL,4600,4657
413da66d-9944-4d99-8555-6684288cfdec,9e2667dd-7707-49c4-9174-6eff15a9ea0b,Dark Heather / XXL,CINK-4657-XXL,750,Dark Heather,XXL,4600,4657
9847b512-9f10-4d08-b322-db0ff7f5a569,9e2667dd-7707-49c4-9174-6eff15a9ea0b,Sports Grey / YXS,CINK-4632-YXS,750,Sports Grey,YXS,4600,4632
283890cd-3b0f-4022-8f30-bbda66dc7072,9e2667dd-7707-49c4-9174-6eff15a9ea0b,Sports Grey / YS,CINK-4632-YS,750,Sports Grey,YS,4600,4632
74d3a9d4-187e-48cc-bbf5-237da8b72834,9e2667dd-7707-49c4-9174-6eff15a9ea0b,Sports Grey / YM,CINK-4632-YM,750,Sports Grey,YM,4600,4632
7903a682-23da-436c-bd86-70d04fca2be3,9e2667dd-7707-49c4-9174-6eff15a9ea0b,Sports Grey / YL,CINK-4632-YL,750,Sports Grey,YL,4600,4632
f0a19099-ec75-4822-8b08-4ddadfe673b9,9e2667dd-7707-49c4-9174-6eff15a9ea0b,Sports Grey / YXL,CINK-4632-YXL,750,Sports Grey,YXL,4600,4632
cc7a8d1d-e653-4d76-8959-b982b27f37f1,4574d41b-aa11-4739-a24b-ecc5ec9b205f,White / YS,CINK-1790628-YS,1105,White,YS,1790600,1790628
fe1abb51-7165-42c6-bc6d-b47b1e2253dd,4574d41b-aa11-4739-a24b-ecc5ec9b205f,White / YM,CINK-1790628-YM,1105,White,YM,1790600,1790628
c684c9e5-00d0-49c6-8269-515e954e968d,4574d41b-aa11-4739-a24b-ecc5ec9b205f,White / YL,CINK-1790628-YL,1105,White,YL,1790600,1790628
d7992b1a-1871-4090-b3da-6c18603d2796,4574d41b-aa11-4739-a24b-ecc5ec9b205f,White / YXL,CINK-1790628-YXL,1105,White,YXL,1790600,1790628
618660b7-54bd-45f1-ae45-4b43e613d069,4574d41b-aa11-4739-a24b-ecc5ec9b205f,White / XS,CINK-1790628-XS,1105,White,XS,1790600,1790628
1b0dcd5d-eea5-4d0d-a736-842eb433977f,4574d41b-aa11-4739-a24b-ecc5ec9b205f,Heather Steel / YS,CINK-1790612-YS,1105,Heather Steel,YS,1790600,1790612
dfb2602c-bb43-48ad-b39b-71b7286b6bfb,4574d41b-aa11-4739-a24b-ecc5ec9b205f,Heather Steel / YM,CINK-1790612-YM,1105,Heather Steel,YM,1790600,1790612
d1bd709a-234f-4247-9ce3-7fad3eff3276,4574d41b-aa11-4739-a24b-ecc5ec9b205f,Heather Steel / YL,CINK-1790612-YL,1105,Heather Steel,YL,1790600,1790612
66c89327-2a29-4462-a696-a64cd560bcee,4574d41b-aa11-4739-a24b-ecc5ec9b205f,Heather Steel / YXL,CINK-1790612-YXL,1105,Heather Steel,YXL,1790600,1790612
a8eb1f66-1e34-4c78-b68e-46df5811b6a7,4574d41b-aa11-4739-a24b-ecc5ec9b205f,Heather Steel / XS,CINK-1790612-XS,1105,Heather Steel,XS,1790600,1790612
f392d5a8-c2c6-4298-8682-209e19c21341,4574d41b-aa11-4739-a24b-ecc5ec9b205f,Greystone / YS,CINK-1790608-YS,1105,Greystone,YS,1790600,1790608
18e5e66c-40f4-424a-b5fe-70ee3162d368,4574d41b-aa11-4739-a24b-ecc5ec9b205f,Greystone / YM,CINK-1790608-YM,1105,Greystone,YM,1790600,1790608
2473504a-21b1-4729-93bb-0cff47b17d63,4574d41b-aa11-4739-a24b-ecc5ec9b205f,Greystone / YL,CINK-1790608-YL,1105,Greystone,YL,1790600,1790608
4598c855-384f-4a21-8b8b-9f2f1596026e,4574d41b-aa11-4739-a24b-ecc5ec9b205f,Greystone / YXL,CINK-1790608-YXL,1105,Greystone,YXL,1790600,1790608
dab6c0ec-3b63-4fbe-bed8-53e64c2ebfe4,4574d41b-aa11-4739-a24b-ecc5ec9b205f,Greystone / XS,CINK-1790608-XS,1105,Greystone,XS,1790600,1790608
1cd0653f-b340-4b00-acfb-268ec16b3ca4,4574d41b-aa11-4739-a24b-ecc5ec9b205f,Heather Granite / YS,CINK-1790609-YS,1105,Heather Granite,YS,1790600,1790609
9ca36caf-6e25-4c8b-b702-ccde282a2ea0,4574d41b-aa11-4739-a24b-ecc5ec9b205f,Heather Granite / YM,CINK-1790609-YM,1105,Heather Granite,YM,1790600,1790609
a7719a06-2d2c-407c-b899-2bd0f753f525,4574d41b-aa11-4739-a24b-ecc5ec9b205f,Heather Granite / YL,CINK-1790609-YL,1105,Heather Granite,YL,1790600,1790609
85b85f94-9d13-4fcd-acb3-4473cf32d0b9,4574d41b-aa11-4739-a24b-ecc5ec9b205f,Heather Granite / YXL,CINK-1790609-YXL,1105,Heather Granite,YXL,1790600,1790609
2b1f878b-c26d-498f-bde2-1cc6f1cb8237,4574d41b-aa11-4739-a24b-ecc5ec9b205f,Heather Granite / XS,CINK-1790609-XS,1105,Heather Granite,XS,1790600,1790609
fc9a3835-33d0-4b3b-8df7-03881af251dc,4574d41b-aa11-4739-a24b-ecc5ec9b205f,Charcoal / YS,CINK-1790604-YS,1105,Charcoal,YS,1790600,1790604
960323be-6ef2-41e0-8df9-ef057e48cc0f,4574d41b-aa11-4739-a24b-ecc5ec9b205f,Charcoal / YM,CINK-1790604-YM,1105,Charcoal,YM,1790600,1790604
efe850d9-bd5a-4035-bdff-e6aed6bec879,4574d41b-aa11-4739-a24b-ecc5ec9b205f,Charcoal / YL,CINK-1790604-YL,1105,Charcoal,YL,1790600,1790604
b49cf8bc-6a0e-47af-8604-700b1c6bc887,4574d41b-aa11-4739-a24b-ecc5ec9b205f,Charcoal / YXL,CINK-1790604-YXL,1105,Charcoal,YXL,1790600,1790604
7fc5419e-83d3-4e76-9a84-93c722cd62fd,4574d41b-aa11-4739-a24b-ecc5ec9b205f,Charcoal / XS,CINK-1790604-XS,1105,Charcoal,XS,1790600,1790604
77429712-6a17-403d-b80f-5189136776de,4574d41b-aa11-4739-a24b-ecc5ec9b205f,Smoke / XS,CINK-1790626-XS,1105,Smoke,XS,1790600,1790626
08211173-e338-4991-b92e-fb0e011dfae3,4574d41b-aa11-4739-a24b-ecc5ec9b205f,Smoke / S,CINK-1790626-S,1105,Smoke,S,1790600,1790626
97efcbc0-1eb0-4e4a-8b05-fc66c9c443e0,4574d41b-aa11-4739-a24b-ecc5ec9b205f,Smoke / M,CINK-1790626-M,1105,Smoke,M,1790600,1790626
256cff35-ac9c-4488-8c79-96d8f3f0c8df,4574d41b-aa11-4739-a24b-ecc5ec9b205f,Smoke / L,CINK-1790626-L,1105,Smoke,L,1790600,1790626
cc7b6fd2-f0d9-4529-9130-1ca6a750c03c,4574d41b-aa11-4739-a24b-ecc5ec9b205f,Smoke / XL,CINK-1790626-XL,1105,Smoke,XL,1790600,1790626
047d02ba-b5b4-496e-aedb-f86654b02af8,e8eace8a-458c-4ea5-b044-bb3614db776d,White / YS,CINK-4100-YS,815,White,YS,4100,4100
c1a73280-17f5-4f1e-be9c-626107b8d7a1,e8eace8a-458c-4ea5-b044-bb3614db776d,White / YM,CINK-4100-YM,815,White,YM,4100,4100
4233260a-ed58-4ae5-9489-35a1504b0a57,e8eace8a-458c-4ea5-b044-bb3614db776d,White / YL,CINK-4100-YL,815,White,YL,4100,4100
ed57c04b-5724-4b4d-9759-d34a61cda575,e8eace8a-458c-4ea5-b044-bb3614db776d,White / YXL,CINK-4100-YXL,815,White,YXL,4100,4100
0c94ed49-a7a1-4f50-8115-74dc6088151e,e8eace8a-458c-4ea5-b044-bb3614db776d,White / S,CINK-4100-S,815,White,S,4100,4100
ee44113c-341e-42b1-b7a3-2a5ea1217ff7,e8eace8a-458c-4ea5-b044-bb3614db776d,Ash / YS,CINK-4120-YS,815,Ash,YS,4100,4120
2ee07f2b-73dc-43de-a692-a21ae616ba76,e8eace8a-458c-4ea5-b044-bb3614db776d,Ash / YM,CINK-4120-YM,815,Ash,YM,4100,4120
958d8fd4-562c-4246-8d9c-c2a43232acd3,e8eace8a-458c-4ea5-b044-bb3614db776d,Ash / YL,CINK-4120-YL,815,Ash,YL,4100,4120
7f7da484-492c-44c7-b0f8-add08b9dc08e,e8eace8a-458c-4ea5-b044-bb3614db776d,Ash / YXL,CINK-4120-YXL,815,Ash,YXL,4100,4120
75c1df49-6226-4d1f-a861-f0b4d6c15d40,e8eace8a-458c-4ea5-b044-bb3614db776d,Ash / S,CINK-4120-S,815,Ash,S,4100,4120
ec2a0913-3c24-472c-80ba-bef365d2a73f,e8eace8a-458c-4ea5-b044-bb3614db776d,Ice Grey / S,CINK-4162-S,815,Ice Grey,S,4100,4162
8c97181c-208b-4dbd-aec3-05e135fec539,e8eace8a-458c-4ea5-b044-bb3614db776d,Ice Grey / M,CINK-4162-M,815,Ice Grey,M,4100,4162
a644dbc7-f898-4e28-8704-cd9f02e09afa,e8eace8a-458c-4ea5-b044-bb3614db776d,Ice Grey / L,CINK-4162-L,815,Ice Grey,L,4100,4162
201bfd7a-3ab9-4983-bec4-57f9aa0b5082,e8eace8a-458c-4ea5-b044-bb3614db776d,Ice Grey / XL,CINK-4162-XL,815,Ice Grey,XL,4100,4162
91446daf-d2ce-45d2-8c68-8985acf87b58,e8eace8a-458c-4ea5-b044-bb3614db776d,Ice Grey / XXL,CINK-4162-XXL,815,Ice Grey,XXL,4100,4162
9c747998-c27c-4e41-953b-c4db24b91af3,e8eace8a-458c-4ea5-b044-bb3614db776d,Sports Grey / YS,CINK-4101-YS,815,Sports Grey,YS,4100,4101
13c60427-8fac-46d6-9cbd-a539ec34d5c2,e8eace8a-458c-4ea5-b044-bb3614db776d,Sports Grey / YM,CINK-4101-YM,815,Sports Grey,YM,4100,4101
8f2d29af-2a7b-4998-a569-ae03766b0c4f,e8eace8a-458c-4ea5-b044-bb3614db776d,Sports Grey / YL,CINK-4101-YL,815,Sports Grey,YL,4100,4101
fd863a5b-f39a-46be-91a5-1c430b2b0c94,e8eace8a-458c-4ea5-b044-bb3614db776d,Sports Grey / YXL,CINK-4101-YXL,815,Sports Grey,YXL,4100,4101
275d7c13-3efb-4a23-a69d-b49c93e84e56,e8eace8a-458c-4ea5-b044-bb3614db776d,Sports Grey / S,CINK-4101-S,815,Sports Grey,S,4100,4101
b8cbf6ed-4448-4a0c-b48a-34758a463ec8,e8eace8a-458c-4ea5-b044-bb3614db776d,Gravel / S,CINK-4151-S,815,Gravel,S,4100,4151
c7bc5764-7619-4b28-a83f-cddfd3525058,e8eace8a-458c-4ea5-b044-bb3614db776d,Gravel / M,CINK-4151-M,815,Gravel,M,4100,4151
7a21480a-7d2b-4ead-813b-8469084a6899,e8eace8a-458c-4ea5-b044-bb3614db776d,Gravel / L,CINK-4151-L,815,Gravel,L,4100,4151
20464de4-f11d-4a74-ae07-c99732bae797,e8eace8a-458c-4ea5-b044-bb3614db776d,Gravel / XL,CINK-4151-XL,815,Gravel,XL,4100,4151
9544a639-e046-4355-a453-91ea62f9709c,e8eace8a-458c-4ea5-b044-bb3614db776d,Gravel / XXL,CINK-4151-XXL,815,Gravel,XXL,4100,4151
1dfcfd52-3319-47bc-9238-5963bcab8278,e8eace8a-458c-4ea5-b044-bb3614db776d,Graphite Heather / YS,CINK-4177-YS,815,Graphite Heather,YS,4100,4177
eff289e6-cbcb-4de0-a177-a8317e1f3ea7,e8eace8a-458c-4ea5-b044-bb3614db776d,Graphite Heather / YM,CINK-4177-YM,815,Graphite Heather,YM,4100,4177
b1dffcf7-81a9-4381-a633-ec2466ff46e1,e8eace8a-458c-4ea5-b044-bb3614db776d,Graphite Heather / YL,CINK-4177-YL,815,Graphite Heather,YL,4100,4177
b7f81f68-9426-4cf1-b720-bf234ae7be37,e8eace8a-458c-4ea5-b044-bb3614db776d,Graphite Heather / YXL,CINK-4177-YXL,815,Graphite Heather,YXL,4100,4177
5bdc2d23-ff4d-4eb8-9018-b575ea89131e,e8eace8a-458c-4ea5-b044-bb3614db776d,Graphite Heather / S,CINK-4177-S,815,Graphite Heather,S,4100,4177
c06d3020-0beb-4fa4-9524-fe32f7fe3fa3,c8427c68-d857-4290-8d9f-c91ddfb62aa6,Solid White / XS,CINK-186916-XS,1425,Solid White,XS,186900,186916
eef5ecc4-d35f-494d-8be8-0a7e6d3a8937,c8427c68-d857-4290-8d9f-c91ddfb62aa6,Solid White / S,CINK-186916-S,1425,Solid White,S,186900,186916
8f38f5a7-0985-469f-9475-d04f222e56c8,c8427c68-d857-4290-8d9f-c91ddfb62aa6,Solid White / M,CINK-186916-M,1425,Solid White,M,186900,186916
b92fc2b1-096c-42e0-a2b4-e657bcf0d5ca,c8427c68-d857-4290-8d9f-c91ddfb62aa6,Solid White / L,CINK-186916-L,1425,Solid White,L,186900,186916
9ffb9e7f-366d-4bdd-93c9-d13fbd693d5c,c8427c68-d857-4290-8d9f-c91ddfb62aa6,Solid White / XL,CINK-186916-XL,1425,Solid White,XL,186900,186916
1bec0bd9-d4c0-4782-a871-3f4da15ab952,c8427c68-d857-4290-8d9f-c91ddfb62aa6,Heather White / YXS,CINK-186900-YXS,1425,Heather White,YXS,186900,186900
ed474e60-4483-473a-af54-a66ebe1ee9e6,c8427c68-d857-4290-8d9f-c91ddfb62aa6,Heather White / YS,CINK-186900-YS,1425,Heather White,YS,186900,186900
a1a185d2-866b-40b4-b850-2d7844fc8d74,c8427c68-d857-4290-8d9f-c91ddfb62aa6,Heather White / YM,CINK-186900-YM,1425,Heather White,YM,186900,186900
e3cd2435-b361-4e93-9615-838d7c2790e8,c8427c68-d857-4290-8d9f-c91ddfb62aa6,Heather White / YL,CINK-186900-YL,1425,Heather White,YL,186900,186900
a9e29612-ee7e-4ceb-bd24-0726d0cdea61,c8427c68-d857-4290-8d9f-c91ddfb62aa6,Heather White / YXL,CINK-186900-YXL,1425,Heather White,YXL,186900,186900
8ef6a6f4-31fe-4a2a-b5fe-69e71faf768d,c8427c68-d857-4290-8d9f-c91ddfb62aa6,Premium Heather / YXS,CINK-186901-YXS,1425,Premium Heather,YXS,186900,186901
510ab21f-45ef-4eaa-9c70-e88dae4b518c,c8427c68-d857-4290-8d9f-c91ddfb62aa6,Premium Heather / YS,CINK-186901-YS,1425,Premium Heather,YS,186900,186901
b23b6f01-d1a9-4d4b-b19d-ab050694c4a8,c8427c68-d857-4290-8d9f-c91ddfb62aa6,Premium Heather / YM,CINK-186901-YM,1425,Premium Heather,YM,186900,186901
d34074ba-f4b5-461d-a4dc-a2a802e1c864,c8427c68-d857-4290-8d9f-c91ddfb62aa6,Premium Heather / YL,CINK-186901-YL,1425,Premium Heather,YL,186900,186901
8c12abbc-17ce-4240-a634-bed50cb4641c,c8427c68-d857-4290-8d9f-c91ddfb62aa6,Premium Heather / YXL,CINK-186901-YXL,1425,Premium Heather,YXL,186900,186901
eb8ba006-00e0-470f-b0a2-b8449be999f2,c8427c68-d857-4290-8d9f-c91ddfb62aa6,Venetian Grey / XS,CINK-186904-XS,1425,Venetian Grey,XS,186900,186904
2f3c04c6-d20d-4c12-a738-27e721d22ffd,c8427c68-d857-4290-8d9f-c91ddfb62aa6,Venetian Grey / S,CINK-186904-S,1425,Venetian Grey,S,186900,186904
5f59f084-05d5-4209-b71a-cc23657ee33f,c8427c68-d857-4290-8d9f-c91ddfb62aa6,Venetian Grey / M,CINK-186904-M,1425,Venetian Grey,M,186900,186904
98f2939d-8415-41ca-af1c-70d512b90786,c8427c68-d857-4290-8d9f-c91ddfb62aa6,Venetian Grey / L,CINK-186904-L,1425,Venetian Grey,L,186900,186904
902dd327-e029-4c44-950c-f20da146d445,c8427c68-d857-4290-8d9f-c91ddfb62aa6,Venetian Grey / XL,CINK-186904-XL,1425,Venetian Grey,XL,186900,186904
c55ee7e1-ea56-45f6-aa6b-65209ebf9130,c8427c68-d857-4290-8d9f-c91ddfb62aa6,Vintage Heavy Metal / XS,CINK-186919-XS,1425,Vintage Heavy Metal,XS,186900,186919
6245be64-e983-4bca-8b21-69fa0b147bd1,c8427c68-d857-4290-8d9f-c91ddfb62aa6,Vintage Heavy Metal / S,CINK-186919-S,1425,Vintage Heavy Metal,S,186900,186919
11cd4b3d-580f-4fc9-a5dc-08739ae10827,c8427c68-d857-4290-8d9f-c91ddfb62aa6,Vintage Heavy Metal / M,CINK-186919-M,1425,Vintage Heavy Metal,M,186900,186919
8023b982-adbe-4f7f-8334-4936dd15efb8,c8427c68-d857-4290-8d9f-c91ddfb62aa6,Vintage Heavy Metal / L,CINK-186919-L,1425,Vintage Heavy Metal,L,186900,186919
c5d6cd83-083e-402d-aebc-c40b8e296d1c,c8427c68-d857-4290-8d9f-c91ddfb62aa6,Vintage Heavy Metal / XL,CINK-186919-XL,1425,Vintage Heavy Metal,XL,186900,186919
c6c80f4d-9c11-44af-b4b8-fd1a78eceb89,c8427c68-d857-4290-8d9f-c91ddfb62aa6,Vintage Black / YXS,CINK-186902-YXS,1425,Vintage Black,YXS,186900,186902
589d17cd-40c1-4e0b-bed6-10f4f52cf176,c8427c68-d857-4290-8d9f-c91ddfb62aa6,Vintage Black / YS,CINK-186902-YS,1425,Vintage Black,YS,186900,186902
0e3242da-8f0f-46bb-91fd-ef9940e317fe,c8427c68-d857-4290-8d9f-c91ddfb62aa6,Vintage Black / YM,CINK-186902-YM,1425,Vintage Black,YM,186900,186902
3b351d74-8580-40cb-bfa8-b906f228439c,c8427c68-d857-4290-8d9f-c91ddfb62aa6,Vintage Black / YL,CINK-186902-YL,1425,Vintage Black,YL,186900,186902
21f0473c-1f44-4ca3-8903-722adbaa0e75,c8427c68-d857-4290-8d9f-c91ddfb62aa6,Vintage Black / YXL,CINK-186902-YXL,1425,Vintage Black,YXL,186900,186902
7ee08b2d-e097-4797-979d-811aab31e84d,231fc0cb-a445-4f34-b741-f0dc82b56a41,White / YXS,CINK-4900-YXS,750,White,YXS,4900,4900
8aac89b0-249a-42eb-94ce-d1029c49cff6,231fc0cb-a445-4f34-b741-f0dc82b56a41,White / YS,CINK-4900-YS,750,White,YS,4900,4900
c70c3664-35bd-4a42-91aa-3d17a07d9690,231fc0cb-a445-4f34-b741-f0dc82b56a41,White / YM,CINK-4900-YM,750,White,YM,4900,4900
3a8c102d-7aa5-4a00-9913-4c8abbd78069,231fc0cb-a445-4f34-b741-f0dc82b56a41,White / YL,CINK-4900-YL,750,White,YL,4900,4900
9c7378e9-a814-43cb-bc69-db9de83a550a,231fc0cb-a445-4f34-b741-f0dc82b56a41,White / S,CINK-4900-S,750,White,S,4900,4900
bef9f2f3-aead-4a5d-b9bf-8c77d86d9028,231fc0cb-a445-4f34-b741-f0dc82b56a41,Black / YXS,CINK-4904-YXS,750,Black,YXS,4900,4904
61c104fa-2e46-4833-9e02-6d6e0a86674f,231fc0cb-a445-4f34-b741-f0dc82b56a41,Black / YS,CINK-4904-YS,750,Black,YS,4900,4904
15d193db-383e-4491-b98b-2074529c4a9d,231fc0cb-a445-4f34-b741-f0dc82b56a41,Black / YM,CINK-4904-YM,750,Black,YM,4900,4904
7cf02eca-b557-4bba-ac5c-c12712cfa3bf,231fc0cb-a445-4f34-b741-f0dc82b56a41,Black / YL,CINK-4904-YL,750,Black,YL,4900,4904
4696203c-18b1-4496-b8a9-e7782481a584,231fc0cb-a445-4f34-b741-f0dc82b56a41,Black / S,CINK-4904-S,750,Black,S,4900,4904
fe7e0df6-3f46-40f7-ae89-d773d3b05d69,231fc0cb-a445-4f34-b741-f0dc82b56a41,Dark Heather / YXS,CINK-4932-YXS,750,Dark Heather,YXS,4900,4932
2deecfb3-c775-4a0b-8548-ac0a0be64473,231fc0cb-a445-4f34-b741-f0dc82b56a41,Dark Heather / YS,CINK-4932-YS,750,Dark Heather,YS,4900,4932
ff9cf4ae-652c-48cd-bae3-36d39cc3235c,231fc0cb-a445-4f34-b741-f0dc82b56a41,Dark Heather / YM,CINK-4932-YM,750,Dark Heather,YM,4900,4932
d8f841a9-1dc8-42e5-b854-e8aef5282557,231fc0cb-a445-4f34-b741-f0dc82b56a41,Dark Heather / YL,CINK-4932-YL,750,Dark Heather,YL,4900,4932
9cbc4007-1530-45e9-83de-f3923d0603fa,231fc0cb-a445-4f34-b741-f0dc82b56a41,Dark Heather / S,CINK-4932-S,750,Dark Heather,S,4900,4932
5f7906a7-1d72-46f4-8612-8186996039ef,231fc0cb-a445-4f34-b741-f0dc82b56a41,Graphite Heather / YXS,CINK-4937-YXS,750,Graphite Heather,YXS,4900,4937
3a04506f-28c2-4741-9a7b-261e3f6da55b,231fc0cb-a445-4f34-b741-f0dc82b56a41,Graphite Heather / YS,CINK-4937-YS,750,Graphite Heather,YS,4900,4937
b495f582-3399-475f-835c-e52ecd181403,231fc0cb-a445-4f34-b741-f0dc82b56a41,Graphite Heather / YM,CINK-4937-YM,750,Graphite Heather,YM,4900,4937
6a7c183e-6316-4c98-87a8-b9e2902d22f0,231fc0cb-a445-4f34-b741-f0dc82b56a41,Graphite Heather / YL,CINK-4937-YL,750,Graphite Heather,YL,4900,4937
e7bc3660-7001-4539-9020-7f0308c8f197,231fc0cb-a445-4f34-b741-f0dc82b56a41,Graphite Heather / S,CINK-4937-S,750,Graphite Heather,S,4900,4937
744b7ea7-bf86-4d10-b388-4f89a9d4f303,231fc0cb-a445-4f34-b741-f0dc82b56a41,Gravel / YXS,CINK-4938-YXS,750,Gravel,YXS,4900,4938
b3893de9-af47-4039-bcff-b90221550d94,231fc0cb-a445-4f34-b741-f0dc82b56a41,Gravel / YS,CINK-4938-YS,750,Gravel,YS,4900,4938
9fdd70f0-5aba-428a-aa58-50add2a17ea8,231fc0cb-a445-4f34-b741-f0dc82b56a41,Gravel / YM,CINK-4938-YM,750,Gravel,YM,4900,4938
8242d38c-6718-47bc-a928-38b85c51ae2f,231fc0cb-a445-4f34-b741-f0dc82b56a41,Gravel / YL,CINK-4938-YL,750,Gravel,YL,4900,4938
eeb818bd-2778-4a3e-be78-bc417f6ee7a2,231fc0cb-a445-4f34-b741-f0dc82b56a41,Gravel / S,CINK-4938-S,750,Gravel,S,4900,4938
7fb34037-ad00-4a59-9656-4d8fd4318318,231fc0cb-a445-4f34-b741-f0dc82b56a41,Sport Grey / YXS,CINK-4908-YXS,750,Sport Grey,YXS,4900,4908
bb86e85e-2092-490c-817c-44e4771e2586,231fc0cb-a445-4f34-b741-f0dc82b56a41,Sport Grey / YS,CINK-4908-YS,750,Sport Grey,YS,4900,4908
1c164fb6-941c-414d-9cc9-7e3e5605bc0b,231fc0cb-a445-4f34-b741-f0dc82b56a41,Sport Grey / YM,CINK-4908-YM,750,Sport Grey,YM,4900,4908
e4a10a0b-cbaa-471f-9966-a84a46d478a9,231fc0cb-a445-4f34-b741-f0dc82b56a41,Sport Grey / YL,CINK-4908-YL,750,Sport Grey,YL,4900,4908
aed67489-43c5-404f-9125-26dc605d2ad4,231fc0cb-a445-4f34-b741-f0dc82b56a41,Sport Grey / S,CINK-4908-S,750,Sport Grey,S,4900,4908
959035a2-43e1-4418-93d6-cd541988c8bc,981f3b05-a349-4843-add9-ff1b8cb18391,White / S,CINK-207912-S,1310,White,S,207900,207912
e4fdc5eb-91d2-4826-9245-006d659c47d2,981f3b05-a349-4843-add9-ff1b8cb18391,White / M,CINK-207912-M,1310,White,M,207900,207912
52551d5b-f3f4-44cf-8068-d51a0867bc01,981f3b05-a349-4843-add9-ff1b8cb18391,White / L,CINK-207912-L,1310,White,L,207900,207912
cf77d6d3-a07c-4e97-ad29-a0b3d5a1c9e8,981f3b05-a349-4843-add9-ff1b8cb18391,White / XL,CINK-207912-XL,1310,White,XL,207900,207912
1b069ce3-8b30-4b74-aa8a-5c9b6d290309,981f3b05-a349-4843-add9-ff1b8cb18391,White / XXL,CINK-207912-XXL,1310,White,XXL,207900,207912
24eb871c-16be-4201-b5f0-4fbb1df5f90c,981f3b05-a349-4843-add9-ff1b8cb18391,Grey / S,CINK-207901-S,1310,Grey,S,207900,207901
6cdeab50-0fb5-42e5-ae2f-95320542e028,981f3b05-a349-4843-add9-ff1b8cb18391,Grey / M,CINK-207901-M,1310,Grey,M,207900,207901
6ed73317-fe0e-4029-b816-022890b4d37c,981f3b05-a349-4843-add9-ff1b8cb18391,Grey / L,CINK-207901-L,1310,Grey,L,207900,207901
b84a8c1c-a413-4ab4-9f47-4d19cc5d266e,981f3b05-a349-4843-add9-ff1b8cb18391,Grey / XL,CINK-207901-XL,1310,Grey,XL,207900,207901
7083e47d-e517-4d86-9e29-bdecae1bf9a5,981f3b05-a349-4843-add9-ff1b8cb18391,Grey / XXL,CINK-207901-XXL,1310,Grey,XXL,207900,207901
25e6eb15-d495-451d-a1f4-29a86ca6cd9a,981f3b05-a349-4843-add9-ff1b8cb18391,Granite / S,CINK-207937-S,1310,Granite,S,207900,207937
2df8b1e8-4b72-436e-b755-05755bf63f3c,981f3b05-a349-4843-add9-ff1b8cb18391,Granite / M,CINK-207937-M,1310,Granite,M,207900,207937
f363e255-c86e-4ae2-95c7-1fa8f5fd97b7,981f3b05-a349-4843-add9-ff1b8cb18391,Granite / L,CINK-207937-L,1310,Granite,L,207900,207937
1bc5490d-df5c-41d5-b8e8-bacbf60bced3,981f3b05-a349-4843-add9-ff1b8cb18391,Granite / XL,CINK-207937-XL,1310,Granite,XL,207900,207937
8d3a22db-3d7e-4012-8821-ee67e5b2ddfd,981f3b05-a349-4843-add9-ff1b8cb18391,Granite / XXL,CINK-207937-XXL,1310,Granite,XXL,207900,207937
b9f8b56c-ae6d-4262-804a-66f3862a2d4e,981f3b05-a349-4843-add9-ff1b8cb18391,Pepper / S,CINK-207900-S,1310,Pepper,S,207900,207900
81183d9b-2e5e-457c-b9c9-782dffa56c1b,981f3b05-a349-4843-add9-ff1b8cb18391,Pepper / M,CINK-207900-M,1310,Pepper,M,207900,207900
c3334331-746c-45b0-9e31-cf08d0c38854,981f3b05-a349-4843-add9-ff1b8cb18391,Pepper / L,CINK-207900-L,1310,Pepper,L,207900,207900
3bda973b-d72a-43ff-a8ce-92fb5a04dbac,981f3b05-a349-4843-add9-ff1b8cb18391,Pepper / XL,CINK-207900-XL,1310,Pepper,XL,207900,207900
26c3dfbd-c93c-4649-bad6-31085e2396ee,981f3b05-a349-4843-add9-ff1b8cb18391,Pepper / XXL,CINK-207900-XXL,1310,Pepper,XXL,207900,207900
3010cf80-b186-41a1-8975-ad5f4a25db6f,981f3b05-a349-4843-add9-ff1b8cb18391,Black / S,CINK-207913-S,1310,Black,S,207900,207913
667fa38b-e74a-4ff2-8614-472ce6ba6099,981f3b05-a349-4843-add9-ff1b8cb18391,Black / M,CINK-207913-M,1310,Black,M,207900,207913
74a23d74-d472-412c-af66-32d20c3408f5,981f3b05-a349-4843-add9-ff1b8cb18391,Black / L,CINK-207913-L,1310,Black,L,207900,207913
75352e24-e6e3-4d24-906d-13195d0d57b2,981f3b05-a349-4843-add9-ff1b8cb18391,Black / XL,CINK-207913-XL,1310,Black,XL,207900,207913
3464fb74-8ef3-4f6b-b1a6-3be3716afbca,981f3b05-a349-4843-add9-ff1b8cb18391,Black / XXL,CINK-207913-XXL,1310,Black,XXL,207900,207913
d82d75ec-541b-46de-ac34-52c23e93d492,981f3b05-a349-4843-add9-ff1b8cb18391,True Navy / S,CINK-207914-S,1310,True Navy,S,207900,207914
a7f9d3fd-02ee-4ed7-9bd3-5fa759997417,981f3b05-a349-4843-add9-ff1b8cb18391,True Navy / M,CINK-207914-M,1310,True Navy,M,207900,207914
2a8d473d-bb05-41cc-a61e-212fcb7fa0f6,981f3b05-a349-4843-add9-ff1b8cb18391,True Navy / L,CINK-207914-L,1310,True Navy,L,207900,207914
3b493864-5b13-4aee-ae26-38e3494ad196,981f3b05-a349-4843-add9-ff1b8cb18391,True Navy / XL,CINK-207914-XL,1310,True Navy,XL,207900,207914
ba96ff0d-4cb7-49c3-b213-9abce9206f80,981f3b05-a349-4843-add9-ff1b8cb18391,True Navy / XXL,CINK-207914-XXL,1310,True Navy,XXL,207900,207914
3f64f803-d9b1-4761-8ec4-5efc96541d4b,a1b04519-3377-4043-9737-b2b2f341b77b,White / XS,CINK-2118518-XS,740,White,XS,2118500,2118518
9eaa4325-17f9-4ecc-9b6c-10672b4754bf,a1b04519-3377-4043-9737-b2b2f341b77b,White / S,CINK-2118518-S,740,White,S,2118500,2118518
6038422e-5a91-4ebf-9eb6-e125d71cb1c1,a1b04519-3377-4043-9737-b2b2f341b77b,White / M,CINK-2118518-M,740,White,M,2118500,2118518
3e62fbce-4e18-4f7a-9422-262633b69063,a1b04519-3377-4043-9737-b2b2f341b77b,White / L,CINK-2118518-L,740,White,L,2118500,2118518
3b25bd93-5bd9-4824-927f-b6aa1d15d670,a1b04519-3377-4043-9737-b2b2f341b77b,White / XL,CINK-2118518-XL,740,White,XL,2118500,2118518
a3135639-55a1-4523-90b2-c7e60b2c7c73,a1b04519-3377-4043-9737-b2b2f341b77b,Sport Grey / XS,CINK-2118517-XS,740,Sport Grey,XS,2118500,2118517
73d398e7-aafd-47da-9670-6abeb2aa41ab,a1b04519-3377-4043-9737-b2b2f341b77b,Sport Grey / S,CINK-2118517-S,740,Sport Grey,S,2118500,2118517
cc4bc3d9-4d32-4b6e-94a8-e0098182cca3,a1b04519-3377-4043-9737-b2b2f341b77b,Sport Grey / M,CINK-2118517-M,740,Sport Grey,M,2118500,2118517
920387a1-f59e-4c58-876a-29ba11e45621,a1b04519-3377-4043-9737-b2b2f341b77b,Sport Grey / L,CINK-2118517-L,740,Sport Grey,L,2118500,2118517
7faabca0-6ddd-495c-af85-26e97d9ee600,a1b04519-3377-4043-9737-b2b2f341b77b,Sport Grey / XL,CINK-2118517-XL,740,Sport Grey,XL,2118500,2118517
e0053b81-b0e7-48f0-8146-3f1ca9da6286,a1b04519-3377-4043-9737-b2b2f341b77b,Graphite Heather / XS,CINK-2118502-XS,740,Graphite Heather,XS,2118500,2118502
2895745a-159c-42c3-bf3e-70ca8221b7bc,a1b04519-3377-4043-9737-b2b2f341b77b,Graphite Heather / S,CINK-2118502-S,740,Graphite Heather,S,2118500,2118502
ece78e47-d514-4e74-94e2-4e6dc73dd311,a1b04519-3377-4043-9737-b2b2f341b77b,Graphite Heather / M,CINK-2118502-M,740,Graphite Heather,M,2118500,2118502
e4942c4a-89ba-45bd-af9b-3790457ae7d3,a1b04519-3377-4043-9737-b2b2f341b77b,Graphite Heather / L,CINK-2118502-L,740,Graphite Heather,L,2118500,2118502
bab5591c-819d-4e2c-bf11-cbd064082de3,a1b04519-3377-4043-9737-b2b2f341b77b,Graphite Heather / XL,CINK-2118502-XL,740,Graphite Heather,XL,2118500,2118502
f9d6388c-c025-4621-908d-790908341d9c,a1b04519-3377-4043-9737-b2b2f341b77b,Charcoal / XS,CINK-2118501-XS,740,Charcoal,XS,2118500,2118501
9125f55b-fa02-4fef-a597-7b5c7e4ace46,a1b04519-3377-4043-9737-b2b2f341b77b,Charcoal / S,CINK-2118501-S,740,Charcoal,S,2118500,2118501
96dcfd21-520b-4df3-925a-3597a80c2d32,a1b04519-3377-4043-9737-b2b2f341b77b,Charcoal / M,CINK-2118501-M,740,Charcoal,M,2118500,2118501
70022c27-4f0f-443e-a2e3-8d337735ef28,a1b04519-3377-4043-9737-b2b2f341b77b,Charcoal / L,CINK-2118501-L,740,Charcoal,L,2118500,2118501
4f35e180-6848-4021-82b0-a5e974ab4a3a,a1b04519-3377-4043-9737-b2b2f341b77b,Charcoal / XL,CINK-2118501-XL,740,Charcoal,XL,2118500,2118501
52ede8bd-0db5-4e49-a3b6-ce4e6f9da1ca,a1b04519-3377-4043-9737-b2b2f341b77b,Heather Dark Grey / XS,CINK-2118503-XS,740,Heather Dark Grey,XS,2118500,2118503
e0459f5f-0139-4a32-adb1-c6debe849262,a1b04519-3377-4043-9737-b2b2f341b77b,Heather Dark Grey / S,CINK-2118503-S,740,Heather Dark Grey,S,2118500,2118503
701fc26f-0cbf-42c4-869a-c12f1b124653,a1b04519-3377-4043-9737-b2b2f341b77b,Heather Dark Grey / M,CINK-2118503-M,740,Heather Dark Grey,M,2118500,2118503
e2020ccf-6929-468a-bd5d-235a269afc44,a1b04519-3377-4043-9737-b2b2f341b77b,Heather Dark Grey / L,CINK-2118503-L,740,Heather Dark Grey,L,2118500,2118503
eb300d5c-9af1-4c93-a2f7-c6d72108489a,a1b04519-3377-4043-9737-b2b2f341b77b,Heather Dark Grey / XL,CINK-2118503-XL,740,Heather Dark Grey,XL,2118500,2118503
47a0b240-6a60-4a0b-ab04-a6f14f27a2a8,a1b04519-3377-4043-9737-b2b2f341b77b,Black / XS,CINK-2118500-XS,740,Black,XS,2118500,2118500
8c6cf3f9-742c-436b-b1dc-f741159132f1,a1b04519-3377-4043-9737-b2b2f341b77b,Black / S,CINK-2118500-S,740,Black,S,2118500,2118500
f21be141-a57b-4bc3-924d-e5aa38dc4998,a1b04519-3377-4043-9737-b2b2f341b77b,Black / M,CINK-2118500-M,740,Black,M,2118500,2118500
a7afd092-d9fd-485f-8fec-90fb6f900285,a1b04519-3377-4043-9737-b2b2f341b77b,Black / L,CINK-2118500-L,740,Black,L,2118500,2118500
393d9108-a0d0-4882-ba7a-dcc279305802,a1b04519-3377-4043-9737-b2b2f341b77b,Black / XL,CINK-2118500-XL,740,Black,XL,2118500,2118500
c31c042b-1506-4b31-bc3b-506a9e00c7ce,cceb553f-cc4f-413a-adea-3afe9c8b0933,White / YS,CINK-2435615-YS,1920,White,YS,2435600,2435615
46f66620-8abc-474f-a7e9-66afd603ddba,cceb553f-cc4f-413a-adea-3afe9c8b0933,White / YM,CINK-2435615-YM,1920,White,YM,2435600,2435615
5d1ad174-87af-4a8b-a2ba-3183f75cf6a5,cceb553f-cc4f-413a-adea-3afe9c8b0933,White / YL,CINK-2435615-YL,1920,White,YL,2435600,2435615
3de61db6-fca5-4a85-9896-37174dba3346,cceb553f-cc4f-413a-adea-3afe9c8b0933,White / YXL,CINK-2435615-YXL,1920,White,YXL,2435600,2435615
90aff377-c59c-4ffc-9cce-90db82f932ba,cceb553f-cc4f-413a-adea-3afe9c8b0933,White / XS,CINK-2435615-XS,1920,White,XS,2435600,2435615
10af2135-8a70-4a21-a995-8e901a2e2bd4,cceb553f-cc4f-413a-adea-3afe9c8b0933,Vintage White / YS,CINK-2435614-YS,1920,Vintage White,YS,2435600,2435614
4b25b3fb-b8ee-43aa-8de5-969b049bbca2,cceb553f-cc4f-413a-adea-3afe9c8b0933,Vintage White / YM,CINK-2435614-YM,1920,Vintage White,YM,2435600,2435614
9e85bb93-38ff-4573-91ee-62e685e9d863,cceb553f-cc4f-413a-adea-3afe9c8b0933,Vintage White / YL,CINK-2435614-YL,1920,Vintage White,YL,2435600,2435614
0d7b09c9-7ad5-4e1e-9807-3d5dcaa877f1,cceb553f-cc4f-413a-adea-3afe9c8b0933,Vintage White / YXL,CINK-2435614-YXL,1920,Vintage White,YXL,2435600,2435614
b1c52537-deae-499d-917e-c930417ba88a,cceb553f-cc4f-413a-adea-3afe9c8b0933,Vintage White / XS,CINK-2435614-XS,1920,Vintage White,XS,2435600,2435614
e01bf1f3-1a67-4f11-8de0-ff17831522a6,cceb553f-cc4f-413a-adea-3afe9c8b0933,Athletic Heather / YS,CINK-2435600-YS,1920,Athletic Heather,YS,2435600,2435600
b9e29097-439e-46ff-bcf1-66112028716d,cceb553f-cc4f-413a-adea-3afe9c8b0933,Athletic Heather / YM,CINK-2435600-YM,1920,Athletic Heather,YM,2435600,2435600
1c98e9d3-91c3-4de9-919e-7561545996e1,cceb553f-cc4f-413a-adea-3afe9c8b0933,Athletic Heather / YL,CINK-2435600-YL,1920,Athletic Heather,YL,2435600,2435600
a5e39cfa-0011-40f5-a802-2924482e9a52,cceb553f-cc4f-413a-adea-3afe9c8b0933,Athletic Heather / YXL,CINK-2435600-YXL,1920,Athletic Heather,YXL,2435600,2435600
deeea2f5-ada1-4581-9f39-283e2f098d47,cceb553f-cc4f-413a-adea-3afe9c8b0933,Athletic Heather / XS,CINK-2435600-XS,1920,Athletic Heather,XS,2435600,2435600
44551bf6-c603-4079-935d-ca34e588bc85,cceb553f-cc4f-413a-adea-3afe9c8b0933,Dark Grey / YS,CINK-2435602-YS,1920,Dark Grey,YS,2435600,2435602
2e197104-b2b1-4e67-ae87-e92f2505895c,cceb553f-cc4f-413a-adea-3afe9c8b0933,Dark Grey / YM,CINK-2435602-YM,1920,Dark Grey,YM,2435600,2435602
c7447440-7d2d-4fef-93cf-954db2f933c7,cceb553f-cc4f-413a-adea-3afe9c8b0933,Dark Grey / YL,CINK-2435602-YL,1920,Dark Grey,YL,2435600,2435602
c701fa41-b606-4c1f-9c9f-4a3cd71ae258,cceb553f-cc4f-413a-adea-3afe9c8b0933,Dark Grey / YXL,CINK-2435602-YXL,1920,Dark Grey,YXL,2435600,2435602
f276bac0-e5a3-4dda-b9fd-ec338eaaf1bf,cceb553f-cc4f-413a-adea-3afe9c8b0933,Dark Grey / XS,CINK-2435602-XS,1920,Dark Grey,XS,2435600,2435602
64d3c4c1-3934-4a36-9ef7-6379a0e1aa73,cceb553f-cc4f-413a-adea-3afe9c8b0933,Vintage Black / YS,CINK-2435609-YS,1920,Vintage Black,YS,2435600,2435609
602ea80d-75f1-4cf3-a29a-4a7d536b9fd2,cceb553f-cc4f-413a-adea-3afe9c8b0933,Vintage Black / YM,CINK-2435609-YM,1920,Vintage Black,YM,2435600,2435609
e108d123-b012-4533-8136-4fab41e5c75a,cceb553f-cc4f-413a-adea-3afe9c8b0933,Vintage Black / YL,CINK-2435609-YL,1920,Vintage Black,YL,2435600,2435609
6d816bad-a879-445f-af5e-23f1d2d06cd2,cceb553f-cc4f-413a-adea-3afe9c8b0933,Vintage Black / YXL,CINK-2435609-YXL,1920,Vintage Black,YXL,2435600,2435609
ee9be969-17dd-4b92-92b4-e6b60af83303,cceb553f-cc4f-413a-adea-3afe9c8b0933,Vintage Black / XS,CINK-2435609-XS,1920,Vintage Black,XS,2435600,2435609
6f6c598d-3954-48f9-a142-09b30246206a,cceb553f-cc4f-413a-adea-3afe9c8b0933,Black / YS,CINK-2435601-YS,1920,Black,YS,2435600,2435601
4e04c852-09ce-4b1f-b314-cfae755b4939,cceb553f-cc4f-413a-adea-3afe9c8b0933,Black / YM,CINK-2435601-YM,1920,Black,YM,2435600,2435601
78aa4335-8f31-4d6f-af4f-fd76685a0ebf,cceb553f-cc4f-413a-adea-3afe9c8b0933,Black / YL,CINK-2435601-YL,1920,Black,YL,2435600,2435601
d178e8a8-d084-49a6-8dd4-096265e8ca37,cceb553f-cc4f-413a-adea-3afe9c8b0933,Black / YXL,CINK-2435601-YXL,1920,Black,YXL,2435600,2435601
81f6894b-fef4-4370-b685-329327623edf,cceb553f-cc4f-413a-adea-3afe9c8b0933,Black / XS,CINK-2435601-XS,1920,Black,XS,2435600,2435601
88ae5908-ad65-41dd-9de4-11593ccdd637,2129d781-40a0-443a-94aa-6049a982e1d5,Black / S,CINK-1042200-S,1540,Black,S,1042200,1042200
0eaa8179-8d60-4e0a-9d65-96d9da944e01,2129d781-40a0-443a-94aa-6049a982e1d5,Black / M,CINK-1042200-M,1540,Black,M,1042200,1042200
5c965cfd-1510-4df8-b2fe-16dd273660e0,2129d781-40a0-443a-94aa-6049a982e1d5,Black / L,CINK-1042200-L,1540,Black,L,1042200,1042200
5d9e013a-d1fd-4feb-9717-17ddc9efceac,2129d781-40a0-443a-94aa-6049a982e1d5,Black / XL,CINK-1042200-XL,1540,Black,XL,1042200,1042200
69399c69-abf6-4673-a272-8ce3f19c5793,2129d781-40a0-443a-94aa-6049a982e1d5,Black / XXL,CINK-1042200-XXL,1540,Black,XXL,1042200,1042200
f67f7c3c-aece-4b2e-bd82-f4f312dd3945,2129d781-40a0-443a-94aa-6049a982e1d5,Black/Teal / S,CINK-1042201-S,1540,Black/Teal,S,1042200,1042201
eafdda84-48e8-469a-9cd4-39f40f5719d4,2129d781-40a0-443a-94aa-6049a982e1d5,Black/Teal / M,CINK-1042201-M,1540,Black/Teal,M,1042200,1042201
aed1b35f-51b8-4da0-ab82-2d2e8f13de95,2129d781-40a0-443a-94aa-6049a982e1d5,Black/Teal / L,CINK-1042201-L,1540,Black/Teal,L,1042200,1042201
45f82aaa-d32f-4844-99fe-47e53ab8b114,2129d781-40a0-443a-94aa-6049a982e1d5,Black/Teal / XL,CINK-1042201-XL,1540,Black/Teal,XL,1042200,1042201
611b4d47-d594-4d2a-a1b7-bc37ee2b3f3c,2129d781-40a0-443a-94aa-6049a982e1d5,Black/Teal / XXL,CINK-1042201-XXL,1540,Black/Teal,XXL,1042200,1042201
4edf513c-15c6-412d-a02d-ca1653e4a04e,2129d781-40a0-443a-94aa-6049a982e1d5,Black/Red / YXS,CINK-1042202-YXS,1540,Black/Red,YXS,1042200,1042202
79add600-474c-4139-93b1-cb43f2eaa35b,2129d781-40a0-443a-94aa-6049a982e1d5,Black/Red / YS,CINK-1042202-YS,1540,Black/Red,YS,1042200,1042202
7ee17375-7909-43ef-8ab2-3dd2e35a6c84,2129d781-40a0-443a-94aa-6049a982e1d5,Black/Red / YM,CINK-1042202-YM,1540,Black/Red,YM,1042200,1042202
8bb233d8-2539-4bef-a633-bf536fd912db,2129d781-40a0-443a-94aa-6049a982e1d5,Black/Red / YL,CINK-1042202-YL,1540,Black/Red,YL,1042200,1042202
a102db34-5fda-45fe-b262-f3ba9301a7cb,2129d781-40a0-443a-94aa-6049a982e1d5,Black/Red / YXL,CINK-1042202-YXL,1540,Black/Red,YXL,1042200,1042202
68e3f9ee-4f9e-4166-bdf1-e8d0d15c62f8,2129d781-40a0-443a-94aa-6049a982e1d5,Sky Blue / YXS,CINK-1042203-YXS,1540,Sky Blue,YXS,1042200,1042203
1598f49c-7897-48d6-aa5c-217770af7798,2129d781-40a0-443a-94aa-6049a982e1d5,Sky Blue / YS,CINK-1042203-YS,1540,Sky Blue,YS,1042200,1042203
65eb345e-2999-46b2-9b9c-a6ade665adb4,2129d781-40a0-443a-94aa-6049a982e1d5,Sky Blue / YM,CINK-1042203-YM,1540,Sky Blue,YM,1042200,1042203
9c155a6a-c5b0-45fd-bb70-b42aa0a06e98,2129d781-40a0-443a-94aa-6049a982e1d5,Sky Blue / YL,CINK-1042203-YL,1540,Sky Blue,YL,1042200,1042203
aa088050-fb76-4b7f-94eb-8c11b0b8de6e,2129d781-40a0-443a-94aa-6049a982e1d5,Sky Blue / YXL,CINK-1042203-YXL,1540,Sky Blue,YXL,1042200,1042203
05d9a59e-f837-4446-83c7-bec62e3fd1e7,2129d781-40a0-443a-94aa-6049a982e1d5,True Royal / YXS,CINK-1042204-YXS,1540,True Royal,YXS,1042200,1042204
0bc11e9f-6b16-4aa6-9d33-452a9f84788f,2129d781-40a0-443a-94aa-6049a982e1d5,True Royal / YS,CINK-1042204-YS,1540,True Royal,YS,1042200,1042204
e8f9ce1e-42e3-4c35-8394-3d77cba4185b,2129d781-40a0-443a-94aa-6049a982e1d5,True Royal / YM,CINK-1042204-YM,1540,True Royal,YM,1042200,1042204
0ad5c6a9-ddbc-4c8e-a563-08ae44f8a1f9,2129d781-40a0-443a-94aa-6049a982e1d5,True Royal / YL,CINK-1042204-YL,1540,True Royal,YL,1042200,1042204
9ff37936-9c6f-4080-8719-33a23e46ff7d,2129d781-40a0-443a-94aa-6049a982e1d5,True Royal / YXL,CINK-1042204-YXL,1540,True Royal,YXL,1042200,1042204
7d637cf7-5946-4178-9e78-8507e2109138,2129d781-40a0-443a-94aa-6049a982e1d5,Teal / YXS,CINK-1042205-YXS,1540,Teal,YXS,1042200,1042205
38b0aa2a-ccf6-4eeb-9594-6c6187c5eed7,2129d781-40a0-443a-94aa-6049a982e1d5,Teal / YS,CINK-1042205-YS,1540,Teal,YS,1042200,1042205
675d8fec-ff17-4b5f-8389-75951d6891e8,2129d781-40a0-443a-94aa-6049a982e1d5,Teal / YM,CINK-1042205-YM,1540,Teal,YM,1042200,1042205
84b8b611-fcae-48ee-978a-71f15644e2b2,2129d781-40a0-443a-94aa-6049a982e1d5,Teal / YL,CINK-1042205-YL,1540,Teal,YL,1042200,1042205
b807dc5a-9a76-4ad6-972b-e921a42401ea,2129d781-40a0-443a-94aa-6049a982e1d5,Teal / YXL,CINK-1042205-YXL,1540,Teal,YXL,1042200,1042205
fb958ced-f014-4c40-bf0c-c099558c4edc,9ab869b9-aca1-41c6-89f0-31d956016216,White / YS,CINK-172300-YS,1080,White,YS,172300,172300
5d677381-78a1-4c4c-ba14-1e06b4b7a330,9ab869b9-aca1-41c6-89f0-31d956016216,White / YM,CINK-172300-YM,1080,White,YM,172300,172300
69902c8e-1d4c-4c49-8962-86c0b99d3918,9ab869b9-aca1-41c6-89f0-31d956016216,White / YL,CINK-172300-YL,1080,White,YL,172300,172300
7b4b1863-1d6a-4268-8901-6dff92178c30,9ab869b9-aca1-41c6-89f0-31d956016216,White / YXL,CINK-172300-YXL,1080,White,YXL,172300,172300
a4ab974a-e8c3-4eb0-bcf6-495d00a6601e,9ab869b9-aca1-41c6-89f0-31d956016216,White / XS,CINK-172300-XS,1080,White,XS,172300,172300
56775191-5561-4ed5-abec-62d632c6b212,9ab869b9-aca1-41c6-89f0-31d956016216,Black / YS,CINK-172301-YS,1080,Black,YS,172300,172301
2fe5f4ca-23f0-4aa1-9eb5-b55cbc5029e0,9ab869b9-aca1-41c6-89f0-31d956016216,Black / YM,CINK-172301-YM,1080,Black,YM,172300,172301
e9161c58-c813-42cb-8efc-0692e670897b,9ab869b9-aca1-41c6-89f0-31d956016216,Black / YL,CINK-172301-YL,1080,Black,YL,172300,172301
4799d248-c408-4301-adc3-d5f0e4717b1c,9ab869b9-aca1-41c6-89f0-31d956016216,Black / YXL,CINK-172301-YXL,1080,Black,YXL,172300,172301
05d60f30-f7ac-47d9-8ca8-e2c0728b96fe,9ab869b9-aca1-41c6-89f0-31d956016216,Black / XS,CINK-172301-XS,1080,Black,XS,172300,172301
d55079f9-99d0-4da6-b1a1-345893ff3a10,9ab869b9-aca1-41c6-89f0-31d956016216,Charcoal / YS,CINK-172303-YS,1080,Charcoal,YS,172300,172303
90c10be1-dd58-472d-9277-eebc6c9b1a0a,9ab869b9-aca1-41c6-89f0-31d956016216,Charcoal / YM,CINK-172303-YM,1080,Charcoal,YM,172300,172303
aa39b64f-c2ee-4644-a643-437de26503fd,9ab869b9-aca1-41c6-89f0-31d956016216,Charcoal / YL,CINK-172303-YL,1080,Charcoal,YL,172300,172303
574fe5b6-ee4f-492c-94b0-3dfba6c889a5,9ab869b9-aca1-41c6-89f0-31d956016216,Charcoal / YXL,CINK-172303-YXL,1080,Charcoal,YXL,172300,172303
3b63eaa6-29d9-4cfd-9049-732596c368b9,9ab869b9-aca1-41c6-89f0-31d956016216,Charcoal / XS,CINK-172303-XS,1080,Charcoal,XS,172300,172303
3b6feb8e-aab4-4a4e-b37e-ca4f441d3383,9ab869b9-aca1-41c6-89f0-31d956016216,Dark Heather Gray / YS,CINK-172313-YS,1080,Dark Heather Gray,YS,172300,172313
67bd1bad-e632-4b30-8185-24a05685f3ef,9ab869b9-aca1-41c6-89f0-31d956016216,Dark Heather Gray / YM,CINK-172313-YM,1080,Dark Heather Gray,YM,172300,172313
ea147d1d-b5cc-40ac-94fc-9b5f9f8e526d,9ab869b9-aca1-41c6-89f0-31d956016216,Dark Heather Gray / YL,CINK-172313-YL,1080,Dark Heather Gray,YL,172300,172313
327c6e5c-c372-4696-9893-1c6adcacf298,9ab869b9-aca1-41c6-89f0-31d956016216,Dark Heather Gray / YXL,CINK-172313-YXL,1080,Dark Heather Gray,YXL,172300,172313
74d3ad7e-acc9-4d56-9e85-a4c8d5c88ac6,9ab869b9-aca1-41c6-89f0-31d956016216,Dark Heather Gray / XS,CINK-172313-XS,1080,Dark Heather Gray,XS,172300,172313
ad896a32-0333-44ca-a5d1-88493a1c5421,9ab869b9-aca1-41c6-89f0-31d956016216,Stone Gray / XS,CINK-172330-XS,1080,Stone Gray,XS,172300,172330
93a1be04-e689-40e2-9092-f27fce2bbbcd,9ab869b9-aca1-41c6-89f0-31d956016216,Stone Gray / S,CINK-172330-S,1080,Stone Gray,S,172300,172330
578e8302-91bc-4be6-81b1-be9aa4af7b68,9ab869b9-aca1-41c6-89f0-31d956016216,Stone Gray / M,CINK-172330-M,1080,Stone Gray,M,172300,172330
9c9c5fb7-bce6-436b-8b78-d43e0f92aa46,9ab869b9-aca1-41c6-89f0-31d956016216,Stone Gray / L,CINK-172330-L,1080,Stone Gray,L,172300,172330
d0c1eb0f-a9ee-4a69-abd0-04463b329f2d,9ab869b9-aca1-41c6-89f0-31d956016216,Stone Gray / XL,CINK-172330-XL,1080,Stone Gray,XL,172300,172330
c0348cc6-2d39-4f0f-adaf-006b5cc21fa0,9ab869b9-aca1-41c6-89f0-31d956016216,Silk / XS,CINK-172328-XS,1080,Silk,XS,172300,172328
ab7ccade-ae61-423d-8e96-be44a2c16668,9ab869b9-aca1-41c6-89f0-31d956016216,Silk / S,CINK-172328-S,1080,Silk,S,172300,172328
ffbb7218-0508-46f3-8ffc-0937a7fe3d41,9ab869b9-aca1-41c6-89f0-31d956016216,Silk / M,CINK-172328-M,1080,Silk,M,172300,172328
60430ccd-ae71-4837-a6e7-41fbc33b299f,9ab869b9-aca1-41c6-89f0-31d956016216,Silk / L,CINK-172328-L,1080,Silk,L,172300,172328
2b4fb624-c36c-42e1-897b-6a7e6a29e976,9ab869b9-aca1-41c6-89f0-31d956016216,Silk / XL,CINK-172328-XL,1080,Silk,XL,172300,172328
6ea8ade0-3119-4aba-80a6-b659999b36ba,24cab768-28cf-42df-91fc-40d42dd4ba1e,White / YXS,CINK-116200-YXS,815,White,YXS,116200,116200
6eccf38a-0fbc-4401-bd6a-f9611bf0235d,24cab768-28cf-42df-91fc-40d42dd4ba1e,White / YS,CINK-116200-YS,815,White,YS,116200,116200
b3ee2db9-af1c-4267-aa27-ef05090d6425,24cab768-28cf-42df-91fc-40d42dd4ba1e,White / YM,CINK-116200-YM,815,White,YM,116200,116200
dbf11aa4-6874-4dd9-81bd-54f69c9f856e,24cab768-28cf-42df-91fc-40d42dd4ba1e,White / YL,CINK-116200-YL,815,White,YL,116200,116200
54b32d94-fb20-4b25-bd1d-6e27d3755843,24cab768-28cf-42df-91fc-40d42dd4ba1e,White / YXL,CINK-116200-YXL,815,White,YXL,116200,116200
47b9c28b-6423-4cf7-b87c-009fed4f0f64,24cab768-28cf-42df-91fc-40d42dd4ba1e,Natural / S,CINK-116210-S,815,Natural,S,116200,116210
b923dfab-04a1-40cb-9f6a-2f194ee96409,24cab768-28cf-42df-91fc-40d42dd4ba1e,Natural / M,CINK-116210-M,815,Natural,M,116200,116210
b347686b-4dbf-4905-b4e5-0f7485ba02e6,24cab768-28cf-42df-91fc-40d42dd4ba1e,Natural / L,CINK-116210-L,815,Natural,L,116200,116210
f4c9f203-5849-4bc0-98ae-42a88eaa942e,24cab768-28cf-42df-91fc-40d42dd4ba1e,Natural / XL,CINK-116210-XL,815,Natural,XL,116200,116210
22ece8f2-9340-4342-8a3d-5d51f9b76780,24cab768-28cf-42df-91fc-40d42dd4ba1e,Natural / XXL,CINK-116210-XXL,815,Natural,XXL,116200,116210
ebb85cbb-42c2-4e76-9889-c6273f0fc0d5,24cab768-28cf-42df-91fc-40d42dd4ba1e,Black / YXS,CINK-116202-YXS,815,Black,YXS,116200,116202
8f7c88f7-0645-477c-846a-8a585a577a32,24cab768-28cf-42df-91fc-40d42dd4ba1e,Black / YS,CINK-116202-YS,815,Black,YS,116200,116202
0961eb00-fd82-4206-9714-635f9d7beaa7,24cab768-28cf-42df-91fc-40d42dd4ba1e,Black / YM,CINK-116202-YM,815,Black,YM,116200,116202
099f2585-261f-45e4-a808-dbbb71ef2107,24cab768-28cf-42df-91fc-40d42dd4ba1e,Black / YL,CINK-116202-YL,815,Black,YL,116200,116202
2fdb6fca-9097-402e-83cb-1e70cb01c306,24cab768-28cf-42df-91fc-40d42dd4ba1e,Black / YXL,CINK-116202-YXL,815,Black,YXL,116200,116202
7c0fa0c6-a094-4ad0-8c4a-92937dbf4417,24cab768-28cf-42df-91fc-40d42dd4ba1e,Ash / YXS,CINK-116201-YXS,815,Ash,YXS,116200,116201
f556fc4c-7ac1-4938-9dc9-544bd2e07008,24cab768-28cf-42df-91fc-40d42dd4ba1e,Ash / YS,CINK-116201-YS,815,Ash,YS,116200,116201
fe911f1e-875e-4bcd-84fa-feb8b71ace3e,24cab768-28cf-42df-91fc-40d42dd4ba1e,Ash / YM,CINK-116201-YM,815,Ash,YM,116200,116201
18f5b1fc-9092-4739-80e9-7984a553f9a8,24cab768-28cf-42df-91fc-40d42dd4ba1e,Ash / YL,CINK-116201-YL,815,Ash,YL,116200,116201
5625b7d6-1d30-48e4-ba25-dc418547c07a,24cab768-28cf-42df-91fc-40d42dd4ba1e,Ash / YXL,CINK-116201-YXL,815,Ash,YXL,116200,116201
b6322aeb-070c-46e5-92d7-fb7a240a90b6,24cab768-28cf-42df-91fc-40d42dd4ba1e,Light Steel / YXS,CINK-116208-YXS,815,Light Steel,YXS,116200,116208
cfefee2e-55fc-4da2-94cb-b6bb8f973828,24cab768-28cf-42df-91fc-40d42dd4ba1e,Light Steel / YS,CINK-116208-YS,815,Light Steel,YS,116200,116208
871e3771-5245-4f51-8d09-6beb724dce0b,24cab768-28cf-42df-91fc-40d42dd4ba1e,Light Steel / YM,CINK-116208-YM,815,Light Steel,YM,116200,116208
92538a6d-4fbb-4c7a-801f-e7551bd85e3b,24cab768-28cf-42df-91fc-40d42dd4ba1e,Light Steel / YL,CINK-116208-YL,815,Light Steel,YL,116200,116208
ac1c5086-838b-4ef9-8a98-bd7b165fbb63,24cab768-28cf-42df-91fc-40d42dd4ba1e,Light Steel / YXL,CINK-116208-YXL,815,Light Steel,YXL,116200,116208
a369eea7-0cf3-4c23-9a01-a218fc467272,24cab768-28cf-42df-91fc-40d42dd4ba1e,Pebble / S,CINK-116252-S,815,Pebble,S,116200,116252
a8d89492-4ef5-4d1e-ab02-e1e965b8e81f,24cab768-28cf-42df-91fc-40d42dd4ba1e,Pebble / M,CINK-116252-M,815,Pebble,M,116200,116252
731c7729-82dc-40b6-8186-c5ed73399e1d,24cab768-28cf-42df-91fc-40d42dd4ba1e,Pebble / L,CINK-116252-L,815,Pebble,L,116200,116252
3e1561b0-55c3-409b-9d23-faade48cbdaf,24cab768-28cf-42df-91fc-40d42dd4ba1e,Pebble / XL,CINK-116252-XL,815,Pebble,XL,116200,116252
83b7966c-7dc0-49e4-ba8a-adb5b8669f04,24cab768-28cf-42df-91fc-40d42dd4ba1e,Pebble / XXL,CINK-116252-XXL,815,Pebble,XXL,116200,116252
a51ef5db-03a7-481c-a594-de9664bbf1ee,8cf8ed11-44f4-4608-9c12-221da0643ae4,White / YS,CINK-204300-YS,1510,White,YS,204300,204300
6a62fa31-32a0-4849-bddd-a01aaf4a2288,8cf8ed11-44f4-4608-9c12-221da0643ae4,White / YM,CINK-204300-YM,1510,White,YM,204300,204300
f5127b6b-9cdc-4124-ad7d-432941bd1802,8cf8ed11-44f4-4608-9c12-221da0643ae4,White / YL,CINK-204300-YL,1510,White,YL,204300,204300
984c2c92-f68e-4661-9d6d-04890397c7f8,8cf8ed11-44f4-4608-9c12-221da0643ae4,White / S,CINK-204300-S,1510,White,S,204300,204300
9d5357cf-8123-47de-9176-d3eba7cda6fd,8cf8ed11-44f4-4608-9c12-221da0643ae4,White / M,CINK-204300-M,1510,White,M,204300,204300
3d634849-f846-48a8-afb4-aec51831194c,8cf8ed11-44f4-4608-9c12-221da0643ae4,Silver / YS,CINK-204303-YS,1510,Silver,YS,204300,204303
f52013d0-8559-4130-a216-08a7d47af688,8cf8ed11-44f4-4608-9c12-221da0643ae4,Silver / YM,CINK-204303-YM,1510,Silver,YM,204300,204303
8389f83d-977d-46ff-87f4-d148c1ed95fd,8cf8ed11-44f4-4608-9c12-221da0643ae4,Silver / YL,CINK-204303-YL,1510,Silver,YL,204300,204303
35c4a198-b9b9-4d8a-8aae-cf0dff721acf,8cf8ed11-44f4-4608-9c12-221da0643ae4,Silver / S,CINK-204303-S,1510,Silver,S,204300,204303
cb7daff7-bae2-4e6e-81f1-ec6620df96c7,8cf8ed11-44f4-4608-9c12-221da0643ae4,Silver / M,CINK-204303-M,1510,Silver,M,204300,204303
eb070339-d408-43f6-b3b1-82df4421fb81,8cf8ed11-44f4-4608-9c12-221da0643ae4,Grey Concrete Heather / YS,CINK-204324-YS,1510,Grey Concrete Heather,YS,204300,204324
1cc1b443-1954-431b-bf7a-9beaddcbddb8,8cf8ed11-44f4-4608-9c12-221da0643ae4,Grey Concrete Heather / YM,CINK-204324-YM,1510,Grey Concrete Heather,YM,204300,204324
3d24fac4-5269-4cfe-9479-e04a5e4476b0,8cf8ed11-44f4-4608-9c12-221da0643ae4,Grey Concrete Heather / YL,CINK-204324-YL,1510,Grey Concrete Heather,YL,204300,204324
7073201e-4e15-407c-aef2-0ec246e2afff,8cf8ed11-44f4-4608-9c12-221da0643ae4,Grey Concrete Heather / S,CINK-204324-S,1510,Grey Concrete Heather,S,204300,204324
382571a1-732c-4809-8571-a4b22d870b40,8cf8ed11-44f4-4608-9c12-221da0643ae4,Grey Concrete Heather / M,CINK-204324-M,1510,Grey Concrete Heather,M,204300,204324
053a0877-ccf9-4e54-882d-25601baca389,8cf8ed11-44f4-4608-9c12-221da0643ae4,Iron Grey Heather / YS,CINK-204325-YS,1510,Iron Grey Heather,YS,204300,204325
b7ba159f-1dc1-45cf-b46c-71210b4cc86b,8cf8ed11-44f4-4608-9c12-221da0643ae4,Iron Grey Heather / YM,CINK-204325-YM,1510,Iron Grey Heather,YM,204300,204325
06a90433-185d-4dda-9c0d-506249f192ef,8cf8ed11-44f4-4608-9c12-221da0643ae4,Iron Grey Heather / YL,CINK-204325-YL,1510,Iron Grey Heather,YL,204300,204325
03ba15a8-e463-45d8-8008-3180a41dfb9d,8cf8ed11-44f4-4608-9c12-221da0643ae4,Iron Grey Heather / S,CINK-204325-S,1510,Iron Grey Heather,S,204300,204325
84c4db32-9461-4ceb-a4e4-791e7c4538a5,8cf8ed11-44f4-4608-9c12-221da0643ae4,Iron Grey Heather / M,CINK-204325-M,1510,Iron Grey Heather,M,204300,204325
c2e53595-7048-4a0b-ac23-6bd71477dc6a,8cf8ed11-44f4-4608-9c12-221da0643ae4,Iron Grey / YS,CINK-204302-YS,1510,Iron Grey,YS,204300,204302
d0f540b0-9588-4198-bc96-7bcbd09ecbba,8cf8ed11-44f4-4608-9c12-221da0643ae4,Iron Grey / YM,CINK-204302-YM,1510,Iron Grey,YM,204300,204302
6f15ea2d-ba04-4aab-a6ee-62f9b76ae49b,8cf8ed11-44f4-4608-9c12-221da0643ae4,Iron Grey / YL,CINK-204302-YL,1510,Iron Grey,YL,204300,204302
b2a96baf-2c35-4a90-a270-97d5f64a3c4e,8cf8ed11-44f4-4608-9c12-221da0643ae4,Iron Grey / S,CINK-204302-S,1510,Iron Grey,S,204300,204302
e410733c-1778-4f1d-b9d5-3e8aacd632d3,8cf8ed11-44f4-4608-9c12-221da0643ae4,Iron Grey / M,CINK-204302-M,1510,Iron Grey,M,204300,204302
266337a2-db45-4f4f-9c07-15de03883158,8cf8ed11-44f4-4608-9c12-221da0643ae4,Black / YS,CINK-204301-YS,1510,Black,YS,204300,204301
a89f43bf-6810-4017-a220-dc29b381cbd5,8cf8ed11-44f4-4608-9c12-221da0643ae4,Black / YM,CINK-204301-YM,1510,Black,YM,204300,204301
59da2e2c-5196-42cf-b81b-d39dc630b6d1,8cf8ed11-44f4-4608-9c12-221da0643ae4,Black / YL,CINK-204301-YL,1510,Black,YL,204300,204301
0e11319c-5e1a-42e2-a798-ecc10129483c,8cf8ed11-44f4-4608-9c12-221da0643ae4,Black / S,CINK-204301-S,1510,Black,S,204300,204301
5f4fec24-3d9d-40a2-b7f8-693f6d961a5e,8cf8ed11-44f4-4608-9c12-221da0643ae4,Black / M,CINK-204301-M,1510,Black,M,204300,204301
ed8578be-3c78-403c-8fb5-529e407702d4,4f535bed-5199-4b46-8800-63a2d38e6bf5,White / S,CINK-1100-S,820,White,S,1100,1100
ce1bc6be-713c-4eae-a083-317690537069,4f535bed-5199-4b46-8800-63a2d38e6bf5,White / M,CINK-1100-M,820,White,M,1100,1100
a1d6ed23-9625-4bbb-8223-3ce5cd142d92,4f535bed-5199-4b46-8800-63a2d38e6bf5,White / L,CINK-1100-L,820,White,L,1100,1100
30c46035-9e13-4f26-b886-f799577b26cb,4f535bed-5199-4b46-8800-63a2d38e6bf5,White / XL,CINK-1100-XL,820,White,XL,1100,1100
9aac4ec8-da21-4de4-83e4-d79ccd500a49,4f535bed-5199-4b46-8800-63a2d38e6bf5,White / XXL,CINK-1100-XXL,820,White,XXL,1100,1100
06b59196-7453-4941-b1f1-72ce1f333eba,4f535bed-5199-4b46-8800-63a2d38e6bf5,Natural / S,CINK-1101-S,820,Natural,S,1100,1101
9c3ebb84-e416-4256-9f33-4d3414749f2a,4f535bed-5199-4b46-8800-63a2d38e6bf5,Natural / M,CINK-1101-M,820,Natural,M,1100,1101
5393f869-bc62-442a-a1d0-40108990e733,4f535bed-5199-4b46-8800-63a2d38e6bf5,Natural / L,CINK-1101-L,820,Natural,L,1100,1101
620ff6f3-5531-43e5-ab86-321053cfc9a2,4f535bed-5199-4b46-8800-63a2d38e6bf5,Natural / XL,CINK-1101-XL,820,Natural,XL,1100,1101
697ea9bf-fa47-4f8f-82f7-b137aebf6818,4f535bed-5199-4b46-8800-63a2d38e6bf5,Natural / XXL,CINK-1101-XXL,820,Natural,XXL,1100,1101
f2727c85-7866-4c9e-bcef-aab6ab06bb1c,4f535bed-5199-4b46-8800-63a2d38e6bf5,Black / S,CINK-1104-S,820,Black,S,1100,1104
90dc35c4-1c17-4b05-a5c0-a3a520b9e871,4f535bed-5199-4b46-8800-63a2d38e6bf5,Black / M,CINK-1104-M,820,Black,M,1100,1104
7dd869d1-9f0f-4051-9864-b74f72f770ad,4f535bed-5199-4b46-8800-63a2d38e6bf5,Black / L,CINK-1104-L,820,Black,L,1100,1104
a4953ea5-d6dd-41a2-b6c8-3d68f8b2081f,4f535bed-5199-4b46-8800-63a2d38e6bf5,Black / XL,CINK-1104-XL,820,Black,XL,1100,1104
ab5941e8-f10e-4f26-b6bc-653a52868891,4f535bed-5199-4b46-8800-63a2d38e6bf5,Black / XXL,CINK-1104-XXL,820,Black,XXL,1100,1104
c7499687-a049-4eab-b30e-375f3906d352,4f535bed-5199-4b46-8800-63a2d38e6bf5,Charcoal Heather / S,CINK-1133-S,820,Charcoal Heather,S,1100,1133
b0350d97-70f6-48ac-b668-6a0a9bb8db66,4f535bed-5199-4b46-8800-63a2d38e6bf5,Charcoal Heather / M,CINK-1133-M,820,Charcoal Heather,M,1100,1133
852d507d-9442-4a0c-9d11-acadfe21c384,4f535bed-5199-4b46-8800-63a2d38e6bf5,Charcoal Heather / L,CINK-1133-L,820,Charcoal Heather,L,1100,1133
fe97f55c-8993-48f9-b178-02b806d9ac7b,4f535bed-5199-4b46-8800-63a2d38e6bf5,Charcoal Heather / XL,CINK-1133-XL,820,Charcoal Heather,XL,1100,1133
e5efb6bc-c90b-497f-875c-193d5cbdaae9,4f535bed-5199-4b46-8800-63a2d38e6bf5,Charcoal Heather / XXL,CINK-1133-XXL,820,Charcoal Heather,XXL,1100,1133
bf968ebd-bd71-44b5-a219-5481e0a143ec,4f535bed-5199-4b46-8800-63a2d38e6bf5,Smoke Gray / S,CINK-1154-S,820,Smoke Gray,S,1100,1154
69f6db11-4eef-43d3-a708-2208dfeba19b,4f535bed-5199-4b46-8800-63a2d38e6bf5,Smoke Gray / M,CINK-1154-M,820,Smoke Gray,M,1100,1154
8e38e2f1-49a5-4777-a957-a4ed09495487,4f535bed-5199-4b46-8800-63a2d38e6bf5,Smoke Gray / L,CINK-1154-L,820,Smoke Gray,L,1100,1154
c2dd5d25-c1b3-4a3d-a2b9-1637eaf96ae0,4f535bed-5199-4b46-8800-63a2d38e6bf5,Smoke Gray / XL,CINK-1154-XL,820,Smoke Gray,XL,1100,1154
b0c2e51a-57d0-491c-a049-a59ea0115fb8,4f535bed-5199-4b46-8800-63a2d38e6bf5,Smoke Gray / XXL,CINK-1154-XXL,820,Smoke Gray,XXL,1100,1154
b35c9130-37db-444e-9d5b-c9c918fc593a,4f535bed-5199-4b46-8800-63a2d38e6bf5,Oxford Gray / S,CINK-1147-S,820,Oxford Gray,S,1100,1147
42134f83-48c3-4f88-99fa-d885d040ca36,4f535bed-5199-4b46-8800-63a2d38e6bf5,Oxford Gray / M,CINK-1147-M,820,Oxford Gray,M,1100,1147
adc9dcf9-158a-4143-92eb-5aeb521f7e73,4f535bed-5199-4b46-8800-63a2d38e6bf5,Oxford Gray / L,CINK-1147-L,820,Oxford Gray,L,1100,1147
7e8290fc-7958-4c4a-b1c0-db0b7ac3fb7f,4f535bed-5199-4b46-8800-63a2d38e6bf5,Oxford Gray / XL,CINK-1147-XL,820,Oxford Gray,XL,1100,1147
8afeddf4-6555-44a9-9f7a-8e3c329fd150,4f535bed-5199-4b46-8800-63a2d38e6bf5,Oxford Gray / XXL,CINK-1147-XXL,820,Oxford Gray,XXL,1100,1147
71260ec2-b51f-481a-b975-16ba1a81d6b9,5cd5ed28-197d-469a-a6e3-75e83e87d73e,White / YXS,CINK-297300-YXS,820,White,YXS,297300,297300
9fd77400-e688-4af7-8c31-6bb0eea107da,5cd5ed28-197d-469a-a6e3-75e83e87d73e,White / YS,CINK-297300-YS,820,White,YS,297300,297300
d822a317-95b0-4056-8a86-bb70e42433fd,5cd5ed28-197d-469a-a6e3-75e83e87d73e,White / YM,CINK-297300-YM,820,White,YM,297300,297300
ec91a92b-7f5d-4834-96af-7d2fb6dc4cd9,5cd5ed28-197d-469a-a6e3-75e83e87d73e,White / YL,CINK-297300-YL,820,White,YL,297300,297300
31214c9b-1163-48c6-80ab-1bdb37f28f75,5cd5ed28-197d-469a-a6e3-75e83e87d73e,White / YXL,CINK-297300-YXL,820,White,YXL,297300,297300
6e093bb2-f69e-409f-9d0e-c3824238693b,5cd5ed28-197d-469a-a6e3-75e83e87d73e,Ash / YXS,CINK-297301-YXS,820,Ash,YXS,297300,297301
d647eaa5-3918-4710-8a92-6e09b51da9a0,5cd5ed28-197d-469a-a6e3-75e83e87d73e,Ash / YS,CINK-297301-YS,820,Ash,YS,297300,297301
d05d5226-b0c3-4949-a32e-2cdd45b70501,5cd5ed28-197d-469a-a6e3-75e83e87d73e,Ash / YM,CINK-297301-YM,820,Ash,YM,297300,297301
180393b7-a071-48af-8789-b0f1f932d1b2,5cd5ed28-197d-469a-a6e3-75e83e87d73e,Ash / YL,CINK-297301-YL,820,Ash,YL,297300,297301
266f28ed-af62-4f31-90c8-e8fbc37a1468,5cd5ed28-197d-469a-a6e3-75e83e87d73e,Ash / YXL,CINK-297301-YXL,820,Ash,YXL,297300,297301
a9c825f3-eeec-4c4c-bbfd-a39021c19280,5cd5ed28-197d-469a-a6e3-75e83e87d73e,Light Steel / YXS,CINK-297302-YXS,820,Light Steel,YXS,297300,297302
881ed43f-647d-4a09-a86f-9266c19b0f3f,5cd5ed28-197d-469a-a6e3-75e83e87d73e,Light Steel / YS,CINK-297302-YS,820,Light Steel,YS,297300,297302
ebf78e20-5ee3-4f7d-b9d3-277029bf7ba8,5cd5ed28-197d-469a-a6e3-75e83e87d73e,Light Steel / YM,CINK-297302-YM,820,Light Steel,YM,297300,297302
4578cc70-5a91-4e5e-8772-65d10cbdfdea,5cd5ed28-197d-469a-a6e3-75e83e87d73e,Light Steel / YL,CINK-297302-YL,820,Light Steel,YL,297300,297302
bcacd864-62ab-4893-ab1c-fb2d2de14c6a,5cd5ed28-197d-469a-a6e3-75e83e87d73e,Light Steel / YXL,CINK-297302-YXL,820,Light Steel,YXL,297300,297302
cf50c926-2b58-4808-85cd-c8e36e99f726,5cd5ed28-197d-469a-a6e3-75e83e87d73e,Graphite / S,CINK-297344-S,820,Graphite,S,297300,297344
14db6923-9a55-4ae4-87ec-36036f340010,5cd5ed28-197d-469a-a6e3-75e83e87d73e,Graphite / M,CINK-297344-M,820,Graphite,M,297300,297344
d2aa28d8-9904-457f-9e3e-bd90f55ef951,5cd5ed28-197d-469a-a6e3-75e83e87d73e,Graphite / L,CINK-297344-L,820,Graphite,L,297300,297344
354e2c7e-b6ff-4b51-9a7f-218125f6a234,5cd5ed28-197d-469a-a6e3-75e83e87d73e,Graphite / XL,CINK-297344-XL,820,Graphite,XL,297300,297344
db45a955-72e3-41b4-af39-6ae12e67242b,5cd5ed28-197d-469a-a6e3-75e83e87d73e,Graphite / XXL,CINK-297344-XXL,820,Graphite,XXL,297300,297344
855e7a81-c165-4124-b6a9-d9b659c16740,5cd5ed28-197d-469a-a6e3-75e83e87d73e,Oxford Gray / YXS,CINK-297327-YXS,820,Oxford Gray,YXS,297300,297327
e1debcaf-062b-4a14-ad20-ab7ba760b030,5cd5ed28-197d-469a-a6e3-75e83e87d73e,Oxford Gray / YS,CINK-297327-YS,820,Oxford Gray,YS,297300,297327
121ca300-a86a-49b6-bf12-46bff6d4cdbc,5cd5ed28-197d-469a-a6e3-75e83e87d73e,Oxford Gray / YM,CINK-297327-YM,820,Oxford Gray,YM,297300,297327
57eb1da4-e8a7-4fa3-898a-67e30406cc54,5cd5ed28-197d-469a-a6e3-75e83e87d73e,Oxford Gray / YL,CINK-297327-YL,820,Oxford Gray,YL,297300,297327
c61d9a03-ae4a-49ca-b2dc-aa271e2a96c9,5cd5ed28-197d-469a-a6e3-75e83e87d73e,Oxford Gray / YXL,CINK-297327-YXL,820,Oxford Gray,YXL,297300,297327
3a70f62d-bdb8-4fb3-b0bb-bb6dea601b5a,5cd5ed28-197d-469a-a6e3-75e83e87d73e,Charcoal Heather / YXS,CINK-297321-YXS,820,Charcoal Heather,YXS,297300,297321
bffd85a6-9568-45ff-b2eb-0c26a5bd2637,5cd5ed28-197d-469a-a6e3-75e83e87d73e,Charcoal Heather / YS,CINK-297321-YS,820,Charcoal Heather,YS,297300,297321
fa057193-1a4d-4d36-b001-a894397edf85,5cd5ed28-197d-469a-a6e3-75e83e87d73e,Charcoal Heather / YM,CINK-297321-YM,820,Charcoal Heather,YM,297300,297321
409e41bb-d571-4465-be08-2a06e7bb67dd,5cd5ed28-197d-469a-a6e3-75e83e87d73e,Charcoal Heather / YL,CINK-297321-YL,820,Charcoal Heather,YL,297300,297321
23b09b23-faf5-42e8-8aad-bf4b8249802f,5cd5ed28-197d-469a-a6e3-75e83e87d73e,Charcoal Heather / YXL,CINK-297321-YXL,820,Charcoal Heather,YXL,297300,297321
66e5f958-d78e-47f7-adf1-39384822389e,0484a9e5-051a-43a1-a8d3-3da3ec95b38c,White / S,CINK-193600-S,815,White,S,193600,193600
0fd6bc0c-b967-49ab-a98c-8d0153941a57,0484a9e5-051a-43a1-a8d3-3da3ec95b38c,White / M,CINK-193600-M,815,White,M,193600,193600
309b764a-7357-48e3-9f06-1e10bd8e932f,0484a9e5-051a-43a1-a8d3-3da3ec95b38c,White / L,CINK-193600-L,815,White,L,193600,193600
186b6000-ee63-42df-8aea-af512f1164d7,0484a9e5-051a-43a1-a8d3-3da3ec95b38c,White / XL,CINK-193600-XL,815,White,XL,193600,193600
5b173e2a-215d-46ee-b26a-019967fe571f,0484a9e5-051a-43a1-a8d3-3da3ec95b38c,White / XXL,CINK-193600-XXL,815,White,XXL,193600,193600
7966b4e8-e132-4292-9568-b0931896afd2,0484a9e5-051a-43a1-a8d3-3da3ec95b38c,Sports Grey / S,CINK-193602-S,815,Sports Grey,S,193600,193602
533fd9db-6402-42a7-a773-90583e15fdc0,0484a9e5-051a-43a1-a8d3-3da3ec95b38c,Sports Grey / M,CINK-193602-M,815,Sports Grey,M,193600,193602
99a2c999-7a3d-4034-9846-8a7b8838ba31,0484a9e5-051a-43a1-a8d3-3da3ec95b38c,Sports Grey / L,CINK-193602-L,815,Sports Grey,L,193600,193602
433c3963-8d75-49b4-b288-13fe06ecb4ed,0484a9e5-051a-43a1-a8d3-3da3ec95b38c,Sports Grey / XL,CINK-193602-XL,815,Sports Grey,XL,193600,193602
fc38a1ff-4583-4761-acb9-21aead96911f,0484a9e5-051a-43a1-a8d3-3da3ec95b38c,Sports Grey / XXL,CINK-193602-XXL,815,Sports Grey,XXL,193600,193602
558285f0-ba09-432d-8474-8d54521fdc42,0484a9e5-051a-43a1-a8d3-3da3ec95b38c,Graphite Heather / S,CINK-193645-S,815,Graphite Heather,S,193600,193645
eaa295b3-09f7-4b4b-8ce0-4b4dc4fbcad2,0484a9e5-051a-43a1-a8d3-3da3ec95b38c,Graphite Heather / M,CINK-193645-M,815,Graphite Heather,M,193600,193645
db8a9d8e-ad03-4b05-9e59-eea5f10d6b6b,0484a9e5-051a-43a1-a8d3-3da3ec95b38c,Graphite Heather / L,CINK-193645-L,815,Graphite Heather,L,193600,193645
e5fd7537-3de3-4a45-8e25-04da452307d2,0484a9e5-051a-43a1-a8d3-3da3ec95b38c,Graphite Heather / XL,CINK-193645-XL,815,Graphite Heather,XL,193600,193645
8890894c-33f3-4304-b3ec-1071c5b32a67,0484a9e5-051a-43a1-a8d3-3da3ec95b38c,Graphite Heather / XXL,CINK-193645-XXL,815,Graphite Heather,XXL,193600,193645
c4fa59ff-5e72-4e64-b2e6-3b0447c423d8,0484a9e5-051a-43a1-a8d3-3da3ec95b38c,Charcoal / S,CINK-193604-S,815,Charcoal,S,193600,193604
1432bb80-330d-4f7b-9fdc-3be1057868aa,0484a9e5-051a-43a1-a8d3-3da3ec95b38c,Charcoal / M,CINK-193604-M,815,Charcoal,M,193600,193604
67ebabf5-b2c5-4065-af2c-ad1dc79c1e8e,0484a9e5-051a-43a1-a8d3-3da3ec95b38c,Charcoal / L,CINK-193604-L,815,Charcoal,L,193600,193604
cc70d022-9f4c-448b-af8e-a4fa70e871cb,0484a9e5-051a-43a1-a8d3-3da3ec95b38c,Charcoal / XL,CINK-193604-XL,815,Charcoal,XL,193600,193604
190dc7a7-f3be-414f-a3b2-0f8359278567,0484a9e5-051a-43a1-a8d3-3da3ec95b38c,Charcoal / XXL,CINK-193604-XXL,815,Charcoal,XXL,193600,193604
69a3cc78-5b6b-45f7-80f3-9d83ccd4adb2,0484a9e5-051a-43a1-a8d3-3da3ec95b38c,Dark Heather / S,CINK-193632-S,815,Dark Heather,S,193600,193632
89e80769-1831-4352-887c-9fc7341a3531,0484a9e5-051a-43a1-a8d3-3da3ec95b38c,Dark Heather / M,CINK-193632-M,815,Dark Heather,M,193600,193632
2df14494-6c9e-4956-aed6-cc0e0655c9d6,0484a9e5-051a-43a1-a8d3-3da3ec95b38c,Dark Heather / L,CINK-193632-L,815,Dark Heather,L,193600,193632
ac7abc79-3bee-4f2c-8e96-b989a050bc3c,0484a9e5-051a-43a1-a8d3-3da3ec95b38c,Dark Heather / XL,CINK-193632-XL,815,Dark Heather,XL,193600,193632
f80c09c3-d98a-40c3-bc17-890a0a387233,0484a9e5-051a-43a1-a8d3-3da3ec95b38c,Dark Heather / XXL,CINK-193632-XXL,815,Dark Heather,XXL,193600,193632
c91f1a6c-6aea-4b4f-a705-8e0569d0ada3,0484a9e5-051a-43a1-a8d3-3da3ec95b38c,Black / S,CINK-193601-S,815,Black,S,193600,193601
6998aa03-bc08-40fc-9ff6-079c4068486d,0484a9e5-051a-43a1-a8d3-3da3ec95b38c,Black / M,CINK-193601-M,815,Black,M,193600,193601
839f92c4-6fcf-4895-a4b1-86222383c01b,0484a9e5-051a-43a1-a8d3-3da3ec95b38c,Black / L,CINK-193601-L,815,Black,L,193600,193601
f8f14fff-0f18-4561-ba24-305880b3b1d1,0484a9e5-051a-43a1-a8d3-3da3ec95b38c,Black / XL,CINK-193601-XL,815,Black,XL,193600,193601
5f00eead-61b9-455d-9d2d-95c90ffe772e,0484a9e5-051a-43a1-a8d3-3da3ec95b38c,Black / XXL,CINK-193601-XXL,815,Black,XXL,193600,193601
f7ba6c4f-560f-493b-8f36-d787d795999a,7dce98b0-af05-4547-83d5-5d9a12573164,White / XS,CINK-2399927-XS,1470,White,XS,2399900,2399927
0253c1f9-a62a-419b-9798-51d53c7514f6,7dce98b0-af05-4547-83d5-5d9a12573164,White / S,CINK-2399927-S,1470,White,S,2399900,2399927
9043c31b-5b34-4a05-8a6e-86cf531297cd,7dce98b0-af05-4547-83d5-5d9a12573164,White / M,CINK-2399927-M,1470,White,M,2399900,2399927
eb76bf47-0852-495d-90ec-64e4989bae5e,7dce98b0-af05-4547-83d5-5d9a12573164,White / L,CINK-2399927-L,1470,White,L,2399900,2399927
e7b87416-f52e-4b6d-8dbf-ab4e634b3a9f,7dce98b0-af05-4547-83d5-5d9a12573164,White / XL,CINK-2399927-XL,1470,White,XL,2399900,2399927
ef2b769c-15e8-42fa-bb31-6e40a233c406,7dce98b0-af05-4547-83d5-5d9a12573164,Vintage White / XS,CINK-2399909-XS,1470,Vintage White,XS,2399900,2399909
ec923e52-eb99-4e5d-9941-eb47c0452e61,7dce98b0-af05-4547-83d5-5d9a12573164,Vintage White / S,CINK-2399909-S,1470,Vintage White,S,2399900,2399909
7bbe27ab-aee0-46cc-963a-3f14264715fe,7dce98b0-af05-4547-83d5-5d9a12573164,Vintage White / M,CINK-2399909-M,1470,Vintage White,M,2399900,2399909
d769829e-c190-4614-b114-96df275d3abf,7dce98b0-af05-4547-83d5-5d9a12573164,Vintage White / L,CINK-2399909-L,1470,Vintage White,L,2399900,2399909
37a2d20d-9d08-45d9-bcab-a941da9895d8,7dce98b0-af05-4547-83d5-5d9a12573164,Vintage White / XL,CINK-2399909-XL,1470,Vintage White,XL,2399900,2399909
8ae98362-d583-4cc4-8e84-f6f1886769cc,7dce98b0-af05-4547-83d5-5d9a12573164,Washed Thyme / XS,CINK-2399926-XS,1470,Washed Thyme,XS,2399900,2399926
28b34391-1505-48bc-a697-a63c496d8b18,7dce98b0-af05-4547-83d5-5d9a12573164,Washed Thyme / S,CINK-2399926-S,1470,Washed Thyme,S,2399900,2399926
edbbbc51-66de-431b-a24b-bc4a759cdac6,7dce98b0-af05-4547-83d5-5d9a12573164,Washed Thyme / M,CINK-2399926-M,1470,Washed Thyme,M,2399900,2399926
08f7e2fd-3f5a-44bf-bc97-20ce2ff3038c,7dce98b0-af05-4547-83d5-5d9a12573164,Washed Thyme / L,CINK-2399926-L,1470,Washed Thyme,L,2399900,2399926
d32ef728-a2b6-4acd-9a7d-c316a754ae3f,7dce98b0-af05-4547-83d5-5d9a12573164,Washed Thyme / XL,CINK-2399926-XL,1470,Washed Thyme,XL,2399900,2399926
c4bbaae7-06dd-46ce-a03f-36ee361aed49,7dce98b0-af05-4547-83d5-5d9a12573164,Washed Grey / XS,CINK-2399915-XS,1470,Washed Grey,XS,2399900,2399915
563c4298-840c-435f-bc84-806828baf62d,7dce98b0-af05-4547-83d5-5d9a12573164,Washed Grey / S,CINK-2399915-S,1470,Washed Grey,S,2399900,2399915
b5c2a030-2c62-4e5f-afba-a4060768a60a,7dce98b0-af05-4547-83d5-5d9a12573164,Washed Grey / M,CINK-2399915-M,1470,Washed Grey,M,2399900,2399915
fc6137cd-4df8-4fe9-8e9f-5f8063ae970d,7dce98b0-af05-4547-83d5-5d9a12573164,Washed Grey / L,CINK-2399915-L,1470,Washed Grey,L,2399900,2399915
cfb41c19-6ffe-44aa-85c6-f15324fcfb5c,7dce98b0-af05-4547-83d5-5d9a12573164,Washed Grey / XL,CINK-2399915-XL,1470,Washed Grey,XL,2399900,2399915
27e67c87-736b-4618-ac40-2cbb51718d85,7dce98b0-af05-4547-83d5-5d9a12573164,Washed Charcoal / XS,CINK-2399911-XS,1470,Washed Charcoal,XS,2399900,2399911
4925782c-a5b5-4b6e-9b06-93e2917437d1,7dce98b0-af05-4547-83d5-5d9a12573164,Washed Charcoal / S,CINK-2399911-S,1470,Washed Charcoal,S,2399900,2399911
a5f2377f-8caa-4589-ba03-98385f1618a4,7dce98b0-af05-4547-83d5-5d9a12573164,Washed Charcoal / M,CINK-2399911-M,1470,Washed Charcoal,M,2399900,2399911
6a7dc142-3182-446a-b678-374dd8b813fb,7dce98b0-af05-4547-83d5-5d9a12573164,Washed Charcoal / L,CINK-2399911-L,1470,Washed Charcoal,L,2399900,2399911
f324e858-558a-4636-91b5-674aaeb33f9b,7dce98b0-af05-4547-83d5-5d9a12573164,Washed Charcoal / XL,CINK-2399911-XL,1470,Washed Charcoal,XL,2399900,2399911
2dd6df99-6ea1-4732-aa0d-22b735fcc638,7dce98b0-af05-4547-83d5-5d9a12573164,Black / XS,CINK-2399900-XS,1470,Black,XS,2399900,2399900
3db6bc91-39c1-45f3-9285-10153fa752a2,7dce98b0-af05-4547-83d5-5d9a12573164,Black / S,CINK-2399900-S,1470,Black,S,2399900,2399900
dcc5ee56-4b30-41cf-a46b-260863a6d5bd,7dce98b0-af05-4547-83d5-5d9a12573164,Black / M,CINK-2399900-M,1470,Black,M,2399900,2399900
afe1eeaa-066b-465f-bef5-18c402126472,7dce98b0-af05-4547-83d5-5d9a12573164,Black / L,CINK-2399900-L,1470,Black,L,2399900,2399900
0176bfbb-f0c6-41f3-9c05-73b1b6f4869a,7dce98b0-af05-4547-83d5-5d9a12573164,Black / XL,CINK-2399900-XL,1470,Black,XL,2399900,2399900
b2b7ae1d-cd8b-4e50-91bb-926151d243b8,8672babf-e695-457e-8f91-9504976daac5,Black / YS,CINK-201600-YS,1540,Black,YS,201600,201600
ce6f32e5-7bd7-4b39-8618-d87e9b6ecafa,8672babf-e695-457e-8f91-9504976daac5,Black / YM,CINK-201600-YM,1540,Black,YM,201600,201600
d1143e69-7abe-46b4-9297-08baecae824d,8672babf-e695-457e-8f91-9504976daac5,Black / YL,CINK-201600-YL,1540,Black,YL,201600,201600
c72b691a-5c2b-4ff9-8758-d895c71723ca,8672babf-e695-457e-8f91-9504976daac5,Black / S,CINK-201600-S,1540,Black,S,201600,201600
fb37882d-b588-4dc2-bdec-c91a0e3cb543,8672babf-e695-457e-8f91-9504976daac5,Black / M,CINK-201600-M,1540,Black,M,201600,201600
9a294916-927c-4788-99eb-87ee691f4dce,8672babf-e695-457e-8f91-9504976daac5,Silver / YS,CINK-201601-YS,1540,Silver,YS,201600,201601
f3f70a47-55df-400d-806b-94804749b600,8672babf-e695-457e-8f91-9504976daac5,Silver / YM,CINK-201601-YM,1540,Silver,YM,201600,201601
40ac4c00-2a2b-41d8-9278-0d83de4bbfa7,8672babf-e695-457e-8f91-9504976daac5,Silver / YL,CINK-201601-YL,1540,Silver,YL,201600,201601
bd5d5719-3516-4b22-b229-d66ae6ee2191,8672babf-e695-457e-8f91-9504976daac5,Silver / S,CINK-201601-S,1540,Silver,S,201600,201601
4aa58a6e-350b-4bb2-a620-5436eeca44fb,8672babf-e695-457e-8f91-9504976daac5,Silver / M,CINK-201601-M,1540,Silver,M,201600,201601
41fadcac-0dc9-4028-8928-90edcf6fc222,8672babf-e695-457e-8f91-9504976daac5,Navy / YS,CINK-201602-YS,1540,Navy,YS,201600,201602
9d7dd21b-cf8a-4ef6-aef5-1c3e0c7cd3f6,8672babf-e695-457e-8f91-9504976daac5,Navy / YM,CINK-201602-YM,1540,Navy,YM,201600,201602
d790c2c2-2f4d-473e-9b43-053fcaa0b932,8672babf-e695-457e-8f91-9504976daac5,Navy / YL,CINK-201602-YL,1540,Navy,YL,201600,201602
b11deaed-b668-4efb-9248-c45d8777c540,8672babf-e695-457e-8f91-9504976daac5,Navy / S,CINK-201602-S,1540,Navy,S,201600,201602
28791fe4-1356-49aa-a138-c39dd6406405,8672babf-e695-457e-8f91-9504976daac5,Navy / M,CINK-201602-M,1540,Navy,M,201600,201602
4d5340da-2cce-41e5-b359-e252284d0bf7,8672babf-e695-457e-8f91-9504976daac5,Royal / YS,CINK-201603-YS,1540,Royal,YS,201600,201603
1615dd64-dd7b-461b-9d27-3b3547d159c0,8672babf-e695-457e-8f91-9504976daac5,Royal / YM,CINK-201603-YM,1540,Royal,YM,201600,201603
6b8f5c6e-77a8-463d-af75-d695c7182f68,8672babf-e695-457e-8f91-9504976daac5,Royal / YL,CINK-201603-YL,1540,Royal,YL,201600,201603
6bd11bca-1ccd-4b4e-abb1-6ba0bc378e4f,8672babf-e695-457e-8f91-9504976daac5,Royal / S,CINK-201603-S,1540,Royal,S,201600,201603
756bccfb-3675-4c93-8e66-0acc8cd5e6fe,8672babf-e695-457e-8f91-9504976daac5,Royal / M,CINK-201603-M,1540,Royal,M,201600,201603
d62f1d00-7401-4018-9f3c-79dde3204d45,8672babf-e695-457e-8f91-9504976daac5,Columbia Blue / YS,CINK-201614-YS,1540,Columbia Blue,YS,201600,201614
2eb8ee13-c24c-44a1-9e07-f9350509a2eb,8672babf-e695-457e-8f91-9504976daac5,Columbia Blue / YM,CINK-201614-YM,1540,Columbia Blue,YM,201600,201614
0dfd2a12-ef62-4792-8dd2-ab80a90aa534,8672babf-e695-457e-8f91-9504976daac5,Columbia Blue / YL,CINK-201614-YL,1540,Columbia Blue,YL,201600,201614
c294df07-ad4f-4018-8aeb-da18eead127b,8672babf-e695-457e-8f91-9504976daac5,Columbia Blue / S,CINK-201614-S,1540,Columbia Blue,S,201600,201614
4bdb5d6a-d150-425e-bbae-5c74dcceb271,8672babf-e695-457e-8f91-9504976daac5,Columbia Blue / M,CINK-201614-M,1540,Columbia Blue,M,201600,201614
ba78b6b1-af1c-422d-8a05-e5df20ddb738,8672babf-e695-457e-8f91-9504976daac5,Purple / YS,CINK-201604-YS,1540,Purple,YS,201600,201604
c2a1d6f4-dcf2-4d6a-98e6-2b0ce48ed4a6,8672babf-e695-457e-8f91-9504976daac5,Purple / YM,CINK-201604-YM,1540,Purple,YM,201600,201604
4071ad43-a776-4a3c-a964-7c434b76b9e7,8672babf-e695-457e-8f91-9504976daac5,Purple / YL,CINK-201604-YL,1540,Purple,YL,201600,201604
e3673e20-5121-4d16-a6b4-afdcd99829ca,8672babf-e695-457e-8f91-9504976daac5,Purple / S,CINK-201604-S,1540,Purple,S,201600,201604
de4c9a1a-9046-477c-8ce1-e6607142e9bd,8672babf-e695-457e-8f91-9504976daac5,Purple / M,CINK-201604-M,1540,Purple,M,201600,201604
c7156b09-50a3-46cc-9dd0-a41d0895e531,5c1c532e-6908-4fb4-a3ce-89595006352d,White / S,CINK-1567721-S,2220,White,S,1567700,1567721
93319605-a957-4fb4-bded-fe58cac18903,5c1c532e-6908-4fb4-a3ce-89595006352d,White / M,CINK-1567721-M,2220,White,M,1567700,1567721
af5def4f-307b-43a4-b992-9f90704798c7,5c1c532e-6908-4fb4-a3ce-89595006352d,White / L,CINK-1567721-L,2220,White,L,1567700,1567721
2135994f-703e-4a98-9aac-2d46c2ce8661,5c1c532e-6908-4fb4-a3ce-89595006352d,White / XL,CINK-1567721-XL,2220,White,XL,1567700,1567721
5672e4f2-e9de-4ea6-8514-ebd0a3e831de,5c1c532e-6908-4fb4-a3ce-89595006352d,White / XXL,CINK-1567721-XXL,2220,White,XXL,1567700,1567721
a087e95e-68cc-42dc-80a0-606067672b35,5c1c532e-6908-4fb4-a3ce-89595006352d,Navy / S,CINK-1567711-S,2220,Navy,S,1567700,1567711
f49687d2-c583-4ffe-a6b6-00bf97bc99c2,5c1c532e-6908-4fb4-a3ce-89595006352d,Navy / M,CINK-1567711-M,2220,Navy,M,1567700,1567711
03871c7f-6f25-4033-abca-36cc077ade25,5c1c532e-6908-4fb4-a3ce-89595006352d,Navy / L,CINK-1567711-L,2220,Navy,L,1567700,1567711
ed5b7024-cc28-4389-92c4-a71ff447117d,5c1c532e-6908-4fb4-a3ce-89595006352d,Navy / XL,CINK-1567711-XL,2220,Navy,XL,1567700,1567711
dc08a43d-599f-40e3-840c-18cc6f28dd7b,5c1c532e-6908-4fb4-a3ce-89595006352d,Navy / XXL,CINK-1567711-XXL,2220,Navy,XXL,1567700,1567711
13b849dd-0861-435d-9df0-d75265d8462a,5c1c532e-6908-4fb4-a3ce-89595006352d,Sky Blue / S,CINK-1567719-S,2220,Sky Blue,S,1567700,1567719
4acbb84a-8121-4645-b41f-b9508741e852,5c1c532e-6908-4fb4-a3ce-89595006352d,Sky Blue / M,CINK-1567719-M,2220,Sky Blue,M,1567700,1567719
1bd08d84-2fab-4929-a078-1f1d7fdf4fa1,5c1c532e-6908-4fb4-a3ce-89595006352d,Sky Blue / L,CINK-1567719-L,2220,Sky Blue,L,1567700,1567719
2300f6bf-6afe-4ab1-8240-56ac600ddfa7,5c1c532e-6908-4fb4-a3ce-89595006352d,Sky Blue / XL,CINK-1567719-XL,2220,Sky Blue,XL,1567700,1567719
7b202a19-026d-4bb4-b3f4-1292d21542ed,5c1c532e-6908-4fb4-a3ce-89595006352d,Sky Blue / XXL,CINK-1567719-XXL,2220,Sky Blue,XXL,1567700,1567719
93b9adb0-c76a-42c1-b0a7-88b4ddc95cfe,5c1c532e-6908-4fb4-a3ce-89595006352d,Olive / S,CINK-1567712-S,2220,Olive,S,1567700,1567712
81686374-368c-4944-a11e-4b2afe09e1c3,5c1c532e-6908-4fb4-a3ce-89595006352d,Olive / M,CINK-1567712-M,2220,Olive,M,1567700,1567712
2d0c00ca-5272-4c48-97e5-05a846d34dac,5c1c532e-6908-4fb4-a3ce-89595006352d,Olive / L,CINK-1567712-L,2220,Olive,L,1567700,1567712
199b43ea-35dc-4f5c-a330-b7af9053464b,5c1c532e-6908-4fb4-a3ce-89595006352d,Olive / XL,CINK-1567712-XL,2220,Olive,XL,1567700,1567712
3cac5bc0-e71d-4b07-b2b2-fb978c8ae1d7,5c1c532e-6908-4fb4-a3ce-89595006352d,Olive / XXL,CINK-1567712-XXL,2220,Olive,XXL,1567700,1567712
9eb95e27-f4ba-40fc-a342-84342e03ab41,5c1c532e-6908-4fb4-a3ce-89595006352d,Charcoal Grey Heather / S,CINK-1567704-S,2220,Charcoal Grey Heather,S,1567700,1567704
218de117-2f8f-4c05-84c0-bb7f888ae3f5,5c1c532e-6908-4fb4-a3ce-89595006352d,Charcoal Grey Heather / M,CINK-1567704-M,2220,Charcoal Grey Heather,M,1567700,1567704
3dd11743-4b7d-4e11-ada1-4dccf27186d3,5c1c532e-6908-4fb4-a3ce-89595006352d,Charcoal Grey Heather / L,CINK-1567704-L,2220,Charcoal Grey Heather,L,1567700,1567704
09dbda9e-4ef5-4ae4-8c28-be9adc510a02,5c1c532e-6908-4fb4-a3ce-89595006352d,Charcoal Grey Heather / XL,CINK-1567704-XL,2220,Charcoal Grey Heather,XL,1567700,1567704
0c48aceb-f623-4f12-8d44-d4194d40f929,5c1c532e-6908-4fb4-a3ce-89595006352d,Charcoal Grey Heather / XXL,CINK-1567704-XXL,2220,Charcoal Grey Heather,XXL,1567700,1567704
74ab484c-90b5-4a07-826d-af20e91f4614,5c1c532e-6908-4fb4-a3ce-89595006352d,Dark Grey / S,CINK-1567705-S,2220,Dark Grey,S,1567700,1567705
637db347-4b32-4614-accc-c6be789dff40,5c1c532e-6908-4fb4-a3ce-89595006352d,Dark Grey / M,CINK-1567705-M,2220,Dark Grey,M,1567700,1567705
53c2b347-09e5-4cfa-b319-e7af3b55c09c,5c1c532e-6908-4fb4-a3ce-89595006352d,Dark Grey / L,CINK-1567705-L,2220,Dark Grey,L,1567700,1567705
0f7ddefd-6097-4649-a349-88a07897d823,5c1c532e-6908-4fb4-a3ce-89595006352d,Dark Grey / XL,CINK-1567705-XL,2220,Dark Grey,XL,1567700,1567705
8cfd8f21-f71e-4ec9-95d0-9985cad23cb7,5c1c532e-6908-4fb4-a3ce-89595006352d,Dark Grey / XXL,CINK-1567705-XXL,2220,Dark Grey,XXL,1567700,1567705
ad19c77b-14fe-4339-a455-154c4fce2398,d0aba0a3-1f55-427d-959a-3e6f4e463c52,White / XS,CINK-306201-XS,1425,White,XS,306200,306201
7214b4fb-7ee3-40a6-a699-c4b2dbd9189b,d0aba0a3-1f55-427d-959a-3e6f4e463c52,White / S,CINK-306201-S,1425,White,S,306200,306201
8153a06d-db4e-4773-8fa1-941da8ede0a7,d0aba0a3-1f55-427d-959a-3e6f4e463c52,White / M,CINK-306201-M,1425,White,M,306200,306201
36af676e-7eb4-4d3e-aea7-fa20dea0b7eb,d0aba0a3-1f55-427d-959a-3e6f4e463c52,White / L,CINK-306201-L,1425,White,L,306200,306201
4125ba09-80ef-445c-869f-ed955134b038,d0aba0a3-1f55-427d-959a-3e6f4e463c52,White / XL,CINK-306201-XL,1425,White,XL,306200,306201
b5c7b643-611a-44c9-a104-f0f86e00f6f6,d0aba0a3-1f55-427d-959a-3e6f4e463c52,Natural / XS,CINK-306224-XS,1425,Natural,XS,306200,306224
0f7f1722-f001-4e11-8d7a-83206002b32e,d0aba0a3-1f55-427d-959a-3e6f4e463c52,Natural / S,CINK-306224-S,1425,Natural,S,306200,306224
98a31635-6a92-42bf-9e07-16b271e6f316,d0aba0a3-1f55-427d-959a-3e6f4e463c52,Natural / M,CINK-306224-M,1425,Natural,M,306200,306224
926ac582-8a16-4d90-a652-57c9cca2698b,d0aba0a3-1f55-427d-959a-3e6f4e463c52,Natural / L,CINK-306224-L,1425,Natural,L,306200,306224
02821839-5457-4968-8488-3ea869655dab,d0aba0a3-1f55-427d-959a-3e6f4e463c52,Natural / XL,CINK-306224-XL,1425,Natural,XL,306200,306224
0fa95ade-ec8d-497c-89ee-f356f89399ef,d0aba0a3-1f55-427d-959a-3e6f4e463c52,Heathered Grey / XS,CINK-306220-XS,1425,Heathered Grey,XS,306200,306220
ce02a5ba-5241-4110-8374-697f1d0c3d7f,d0aba0a3-1f55-427d-959a-3e6f4e463c52,Heathered Grey / S,CINK-306220-S,1425,Heathered Grey,S,306200,306220
da2697d6-3248-4760-a23b-079c6532d1ad,d0aba0a3-1f55-427d-959a-3e6f4e463c52,Heathered Grey / M,CINK-306220-M,1425,Heathered Grey,M,306200,306220
ed178f13-16d7-4b1f-a931-fa5787b6f00a,d0aba0a3-1f55-427d-959a-3e6f4e463c52,Heathered Grey / L,CINK-306220-L,1425,Heathered Grey,L,306200,306220
566f4034-e125-45a0-957a-3b786a29ba90,d0aba0a3-1f55-427d-959a-3e6f4e463c52,Heathered Grey / XL,CINK-306220-XL,1425,Heathered Grey,XL,306200,306220
635f1056-1de2-4964-a722-3ac7377416fa,d0aba0a3-1f55-427d-959a-3e6f4e463c52,Grey Frost / YXS,CINK-306200-YXS,1425,Grey Frost,YXS,306200,306200
d0e524a0-feb0-4271-a205-080e1880b265,d0aba0a3-1f55-427d-959a-3e6f4e463c52,Grey Frost / YS,CINK-306200-YS,1425,Grey Frost,YS,306200,306200
f3e671d3-48c5-43d6-8e3b-26ede47c9112,d0aba0a3-1f55-427d-959a-3e6f4e463c52,Grey Frost / YM,CINK-306200-YM,1425,Grey Frost,YM,306200,306200
6d4194b6-76a3-4f21-9c47-9311b2dda634,d0aba0a3-1f55-427d-959a-3e6f4e463c52,Grey Frost / YL,CINK-306200-YL,1425,Grey Frost,YL,306200,306200
7a78ddc4-897f-46aa-a546-010291c32dfd,d0aba0a3-1f55-427d-959a-3e6f4e463c52,Grey Frost / XS,CINK-306200-XS,1425,Grey Frost,XS,306200,306200
3854319b-e470-43b9-b27e-ae00ab6d2d64,d0aba0a3-1f55-427d-959a-3e6f4e463c52,Heathered Charcoal / XS,CINK-306213-XS,1425,Heathered Charcoal,XS,306200,306213
deeb4488-d6be-4137-ab2a-ebe745c530b6,d0aba0a3-1f55-427d-959a-3e6f4e463c52,Heathered Charcoal / S,CINK-306213-S,1425,Heathered Charcoal,S,306200,306213
122962e2-8284-4074-afa6-1d1d26949440,d0aba0a3-1f55-427d-959a-3e6f4e463c52,Heathered Charcoal / M,CINK-306213-M,1425,Heathered Charcoal,M,306200,306213
b362ceb9-4311-4912-994b-be205827f740,d0aba0a3-1f55-427d-959a-3e6f4e463c52,Heathered Charcoal / L,CINK-306213-L,1425,Heathered Charcoal,L,306200,306213
a55c2af2-1721-4afc-9829-de44da88af9c,d0aba0a3-1f55-427d-959a-3e6f4e463c52,Heathered Charcoal / XL,CINK-306213-XL,1425,Heathered Charcoal,XL,306200,306213
ff1cf4f1-91ee-4b61-bea7-a3cbacfe2655,d0aba0a3-1f55-427d-959a-3e6f4e463c52,Deepest Grey / XS,CINK-306226-XS,1425,Deepest Grey,XS,306200,306226
0fd7477b-7f98-4da1-a6eb-8d26572a5d4d,d0aba0a3-1f55-427d-959a-3e6f4e463c52,Deepest Grey / S,CINK-306226-S,1425,Deepest Grey,S,306200,306226
c1112b93-0283-4379-b831-5df0f3f25793,d0aba0a3-1f55-427d-959a-3e6f4e463c52,Deepest Grey / M,CINK-306226-M,1425,Deepest Grey,M,306200,306226
66c34e6b-f8af-4867-80ff-759ae98a6adb,d0aba0a3-1f55-427d-959a-3e6f4e463c52,Deepest Grey / L,CINK-306226-L,1425,Deepest Grey,L,306200,306226
bfc8ef81-7df4-478b-8b2c-11e9b121b169,d0aba0a3-1f55-427d-959a-3e6f4e463c52,Deepest Grey / XL,CINK-306226-XL,1425,Deepest Grey,XL,306200,306226
d5178208-ec92-4c53-98fc-8a7962eb3255,35f2cdda-6809-4525-8cc1-01e855781dab,White / S,CINK-99700-S,1405,White,S,99700,99700
b66e494a-e75d-4e02-9ba7-4ff49764970c,35f2cdda-6809-4525-8cc1-01e855781dab,White / M,CINK-99700-M,1405,White,M,99700,99700
409e6c8c-afe3-41df-b2b1-b3ce9f99c1c4,35f2cdda-6809-4525-8cc1-01e855781dab,White / L,CINK-99700-L,1405,White,L,99700,99700
20cb1903-ba73-4718-8268-da16cdd9e057,35f2cdda-6809-4525-8cc1-01e855781dab,White / XL,CINK-99700-XL,1405,White,XL,99700,99700
f9187994-2043-4f53-bf08-d71f3d9b0f57,35f2cdda-6809-4525-8cc1-01e855781dab,White / XXL,CINK-99700-XXL,1405,White,XXL,99700,99700
aedf2f9b-3a52-4d11-804c-0baa1c989798,35f2cdda-6809-4525-8cc1-01e855781dab,Black / S,CINK-99704-S,1405,Black,S,99700,99704
bf7282d7-2976-4677-8026-560271fbfa17,35f2cdda-6809-4525-8cc1-01e855781dab,Black / M,CINK-99704-M,1405,Black,M,99700,99704
bb7d3343-e0b1-4867-993c-35d1f3c83a0f,35f2cdda-6809-4525-8cc1-01e855781dab,Black / L,CINK-99704-L,1405,Black,L,99700,99704
e457ed64-352d-43c1-8ea0-9d06d852d5d2,35f2cdda-6809-4525-8cc1-01e855781dab,Black / XL,CINK-99704-XL,1405,Black,XL,99700,99704
5b65f133-1138-4890-892f-e0f3e3c012de,35f2cdda-6809-4525-8cc1-01e855781dab,Black / XXL,CINK-99704-XXL,1405,Black,XXL,99700,99704
466b9c11-791e-45db-bb26-f531894565b3,35f2cdda-6809-4525-8cc1-01e855781dab,Ash / S,CINK-99702-S,1405,Ash,S,99700,99702
239980a3-d81b-458c-9be7-f4d0f4ddc822,35f2cdda-6809-4525-8cc1-01e855781dab,Ash / M,CINK-99702-M,1405,Ash,M,99700,99702
c8b91499-4417-42e0-a2ef-3216bbd25361,35f2cdda-6809-4525-8cc1-01e855781dab,Ash / L,CINK-99702-L,1405,Ash,L,99700,99702
c03c289d-dab4-4e11-baa6-e3903e1a0662,35f2cdda-6809-4525-8cc1-01e855781dab,Ash / XL,CINK-99702-XL,1405,Ash,XL,99700,99702
41d2af8b-c159-4fdc-abcb-86f5cfb9d025,35f2cdda-6809-4525-8cc1-01e855781dab,Ash / XXL,CINK-99702-XXL,1405,Ash,XXL,99700,99702
bf4b40a6-598a-47be-9c93-66cf08744505,35f2cdda-6809-4525-8cc1-01e855781dab,Sport Grey / S,CINK-99703-S,1405,Sport Grey,S,99700,99703
b06ad1b2-63fd-40bb-a95e-57529a3a3f2f,35f2cdda-6809-4525-8cc1-01e855781dab,Sport Grey / M,CINK-99703-M,1405,Sport Grey,M,99700,99703
760de8e7-eae5-4a95-a051-63909eabc567,35f2cdda-6809-4525-8cc1-01e855781dab,Sport Grey / L,CINK-99703-L,1405,Sport Grey,L,99700,99703
3bfbe1df-9011-4c5f-bb83-3a46126cb50f,35f2cdda-6809-4525-8cc1-01e855781dab,Sport Grey / XL,CINK-99703-XL,1405,Sport Grey,XL,99700,99703
e6d60c76-0b66-45ad-91fb-3ca741521b22,35f2cdda-6809-4525-8cc1-01e855781dab,Sport Grey / XXL,CINK-99703-XXL,1405,Sport Grey,XXL,99700,99703
c132dcab-acd1-4586-ae28-9e885f3159ca,35f2cdda-6809-4525-8cc1-01e855781dab,Charcoal / S,CINK-99718-S,1405,Charcoal,S,99700,99718
a8df62a7-6d63-4c41-82d1-d049608fa0e4,35f2cdda-6809-4525-8cc1-01e855781dab,Charcoal / M,CINK-99718-M,1405,Charcoal,M,99700,99718
993b9a73-52ee-41da-99e9-e0379e254329,35f2cdda-6809-4525-8cc1-01e855781dab,Charcoal / L,CINK-99718-L,1405,Charcoal,L,99700,99718
26435b18-77bb-4df3-835e-60f9b24b81ef,35f2cdda-6809-4525-8cc1-01e855781dab,Charcoal / XL,CINK-99718-XL,1405,Charcoal,XL,99700,99718
aa0ae1ae-3785-4d41-842f-9e8a85aef02d,35f2cdda-6809-4525-8cc1-01e855781dab,Charcoal / XXL,CINK-99718-XXL,1405,Charcoal,XXL,99700,99718
1cdb70c7-a5c5-4df9-873b-010b4b842974,35f2cdda-6809-4525-8cc1-01e855781dab,Navy / S,CINK-99708-S,1405,Navy,S,99700,99708
e8a5d258-d6d7-4013-89ed-3b7ac31ee5fd,35f2cdda-6809-4525-8cc1-01e855781dab,Navy / M,CINK-99708-M,1405,Navy,M,99700,99708
1a6351cc-782d-49e6-9247-bdcbeb884e85,35f2cdda-6809-4525-8cc1-01e855781dab,Navy / L,CINK-99708-L,1405,Navy,L,99700,99708
3e128088-f4e2-4eb6-84bc-a3545eea2d27,35f2cdda-6809-4525-8cc1-01e855781dab,Navy / XL,CINK-99708-XL,1405,Navy,XL,99700,99708
1de700fc-6bbd-4f9a-9468-e2d0a33005a2,35f2cdda-6809-4525-8cc1-01e855781dab,Navy / XXL,CINK-99708-XXL,1405,Navy,XXL,99700,99708
405a6a16-8749-4e3a-99c6-f6cdbfb3c47b,56ce9bfe-a0dd-41b3-a098-4b33010a9230,White / YXS,CINK-1164616-YXS,1490,White,YXS,1164600,1164616
907c00f1-5768-4137-8f74-a4b542cf02ac,56ce9bfe-a0dd-41b3-a098-4b33010a9230,White / YS,CINK-1164616-YS,1490,White,YS,1164600,1164616
be06730e-0038-4b5c-94c3-df2e83891bf9,56ce9bfe-a0dd-41b3-a098-4b33010a9230,White / YM,CINK-1164616-YM,1490,White,YM,1164600,1164616
c72c0aec-202e-47c8-9a92-c624bc56bd84,56ce9bfe-a0dd-41b3-a098-4b33010a9230,White / YL,CINK-1164616-YL,1490,White,YL,1164600,1164616
6c636434-f85b-4ce6-b3f6-4371633f638d,56ce9bfe-a0dd-41b3-a098-4b33010a9230,White / YXL,CINK-1164616-YXL,1490,White,YXL,1164600,1164616
1ec27a43-de79-455e-a375-a3cfe338c9d4,56ce9bfe-a0dd-41b3-a098-4b33010a9230,Ivory / S,CINK-1164669-S,1490,Ivory,S,1164600,1164669
6ec91fd6-eff3-437e-933a-06bd3a70034c,56ce9bfe-a0dd-41b3-a098-4b33010a9230,Ivory / M,CINK-1164669-M,1490,Ivory,M,1164600,1164669
c809e106-1868-451c-976c-d869d9d7a58f,56ce9bfe-a0dd-41b3-a098-4b33010a9230,Ivory / L,CINK-1164669-L,1490,Ivory,L,1164600,1164669
4ca5eb7e-cb79-4aa1-ae24-d719237dae26,56ce9bfe-a0dd-41b3-a098-4b33010a9230,Ivory / XL,CINK-1164669-XL,1490,Ivory,XL,1164600,1164669
10ea2371-a9f5-43f8-8fe6-d5630b741fe1,56ce9bfe-a0dd-41b3-a098-4b33010a9230,Ivory / XXL,CINK-1164669-XXL,1490,Ivory,XXL,1164600,1164669
9d004136-af5f-4ccf-9588-f858333b4ca8,56ce9bfe-a0dd-41b3-a098-4b33010a9230,Granite / YXS,CINK-1164659-YXS,1490,Granite,YXS,1164600,1164659
9fcbdf45-7b46-4e44-a2e8-6ecb904bb70b,56ce9bfe-a0dd-41b3-a098-4b33010a9230,Granite / YS,CINK-1164659-YS,1490,Granite,YS,1164600,1164659
7fd7e319-4b45-4228-bf86-8a5dda50adcb,56ce9bfe-a0dd-41b3-a098-4b33010a9230,Granite / YM,CINK-1164659-YM,1490,Granite,YM,1164600,1164659
eddd9af0-c64c-4fb5-9eb7-825aed69f207,56ce9bfe-a0dd-41b3-a098-4b33010a9230,Granite / YL,CINK-1164659-YL,1490,Granite,YL,1164600,1164659
336898c4-df6a-4be3-820f-b7edc9cae751,56ce9bfe-a0dd-41b3-a098-4b33010a9230,Granite / YXL,CINK-1164659-YXL,1490,Granite,YXL,1164600,1164659
675e0f76-fe3a-4d30-8eca-f1d09d7ae238,56ce9bfe-a0dd-41b3-a098-4b33010a9230,Grey / YXS,CINK-1164601-YXS,1490,Grey,YXS,1164600,1164601
9a96b1fe-4018-41c6-a27c-0b91ff04088c,56ce9bfe-a0dd-41b3-a098-4b33010a9230,Grey / YS,CINK-1164601-YS,1490,Grey,YS,1164600,1164601
b85abdc7-dcc6-45f7-841b-ece00bc60690,56ce9bfe-a0dd-41b3-a098-4b33010a9230,Grey / YM,CINK-1164601-YM,1490,Grey,YM,1164600,1164601
0558d507-839f-4560-9c8a-8cdcf2747b12,56ce9bfe-a0dd-41b3-a098-4b33010a9230,Grey / YL,CINK-1164601-YL,1490,Grey,YL,1164600,1164601
52af6883-76af-4934-80e9-570f26030b2f,56ce9bfe-a0dd-41b3-a098-4b33010a9230,Grey / YXL,CINK-1164601-YXL,1490,Grey,YXL,1164600,1164601
b611252a-981e-4572-828a-a72c6be87317,56ce9bfe-a0dd-41b3-a098-4b33010a9230,Pepper / YXS,CINK-1164600-YXS,1490,Pepper,YXS,1164600,1164600
43db6d82-f126-4ceb-b8fe-0f7616bb8549,56ce9bfe-a0dd-41b3-a098-4b33010a9230,Pepper / YS,CINK-1164600-YS,1490,Pepper,YS,1164600,1164600
d197893e-c74b-47cd-b615-c3cbedd97066,56ce9bfe-a0dd-41b3-a098-4b33010a9230,Pepper / YM,CINK-1164600-YM,1490,Pepper,YM,1164600,1164600
aef46f98-dbf0-4e26-9cd9-46fdca251057,56ce9bfe-a0dd-41b3-a098-4b33010a9230,Pepper / YL,CINK-1164600-YL,1490,Pepper,YL,1164600,1164600
60907c80-1ab6-43fa-bb59-3ca42cdf1562,56ce9bfe-a0dd-41b3-a098-4b33010a9230,Pepper / YXL,CINK-1164600-YXL,1490,Pepper,YXL,1164600,1164600
36e4c751-1f1c-4143-9788-771d2f51f83b,56ce9bfe-a0dd-41b3-a098-4b33010a9230,Graphite / YXS,CINK-1164665-YXS,1490,Graphite,YXS,1164600,1164665
0152c528-c031-4939-ba27-71baa777311b,56ce9bfe-a0dd-41b3-a098-4b33010a9230,Graphite / YS,CINK-1164665-YS,1490,Graphite,YS,1164600,1164665
4046e6d1-6747-466e-bacc-70c10d209391,56ce9bfe-a0dd-41b3-a098-4b33010a9230,Graphite / YM,CINK-1164665-YM,1490,Graphite,YM,1164600,1164665
82abd098-56f1-4d30-a6a0-1c0f3eaaaaf2,56ce9bfe-a0dd-41b3-a098-4b33010a9230,Graphite / YL,CINK-1164665-YL,1490,Graphite,YL,1164600,1164665
72ea9a70-fe82-41c5-b00d-6d3ade60c6d4,56ce9bfe-a0dd-41b3-a098-4b33010a9230,Graphite / YXL,CINK-1164665-YXL,1490,Graphite,YXL,1164600,1164665
379da11c-25b8-480d-a536-a62a85e99cc0,1c1f7029-f2d0-4757-93c3-9541d894df2a,White / LT,CINK-196700-LT,1200,White,LT,196700,196700
5dfa7b86-8051-4ad3-bdbd-ff297e0a38ec,1c1f7029-f2d0-4757-93c3-9541d894df2a,White / XLT,CINK-196700-XLT,1200,White,XLT,196700,196700
be095dad-16e4-4382-949e-7ba2b94cfdd7,1c1f7029-f2d0-4757-93c3-9541d894df2a,White / XXLT,CINK-196700-XXLT,1200,White,XXLT,196700,196700
feba5d6d-2fb8-4a50-89da-d4c85c554788,1c1f7029-f2d0-4757-93c3-9541d894df2a,White / XXXLT,CINK-196700-XXXLT,1200,White,XXXLT,196700,196700
f0d935c2-9c32-49a9-9e5f-0aa5fea5f62d,1c1f7029-f2d0-4757-93c3-9541d894df2a,White / XXXXLT,CINK-196700-XXXXLT,1200,White,XXXXLT,196700,196700
face9c9c-1dfe-4b30-a8a2-cb32594978a7,1c1f7029-f2d0-4757-93c3-9541d894df2a,Ash / LT,CINK-196707-LT,1200,Ash,LT,196700,196707
a587371f-c228-4e0e-b0ef-49a82a27feda,1c1f7029-f2d0-4757-93c3-9541d894df2a,Ash / XLT,CINK-196707-XLT,1200,Ash,XLT,196700,196707
3c62a667-93bb-45d0-96d2-88bf23288649,1c1f7029-f2d0-4757-93c3-9541d894df2a,Ash / XXLT,CINK-196707-XXLT,1200,Ash,XXLT,196700,196707
102fcda0-7808-4a3d-872a-c7d3a4255600,1c1f7029-f2d0-4757-93c3-9541d894df2a,Ash / XXXLT,CINK-196707-XXXLT,1200,Ash,XXXLT,196700,196707
5357d478-f019-4573-aafc-17f36bab9142,1c1f7029-f2d0-4757-93c3-9541d894df2a,Ash / XXXXLT,CINK-196707-XXXXLT,1200,Ash,XXXXLT,196700,196707
4355f6d7-1742-4219-97b8-02e543819d0e,1c1f7029-f2d0-4757-93c3-9541d894df2a,Light Steel / LT,CINK-196701-LT,1200,Light Steel,LT,196700,196701
da2855a7-810d-4e27-83c6-0a8cfb6e6f61,1c1f7029-f2d0-4757-93c3-9541d894df2a,Light Steel / XLT,CINK-196701-XLT,1200,Light Steel,XLT,196700,196701
90e05f19-d7ef-401a-a9d1-2fc8215ee4a1,1c1f7029-f2d0-4757-93c3-9541d894df2a,Light Steel / XXLT,CINK-196701-XXLT,1200,Light Steel,XXLT,196700,196701
88d578a8-c705-44e6-8d82-d6d4a8037b7e,1c1f7029-f2d0-4757-93c3-9541d894df2a,Light Steel / XXXLT,CINK-196701-XXXLT,1200,Light Steel,XXXLT,196700,196701
52f0ee88-3407-41f4-8d17-bcb857ae1573,1c1f7029-f2d0-4757-93c3-9541d894df2a,Light Steel / XXXXLT,CINK-196701-XXXXLT,1200,Light Steel,XXXXLT,196700,196701
b62a936b-ca5c-469c-b1d1-77d2fb22e564,1c1f7029-f2d0-4757-93c3-9541d894df2a,Smoke Grey / LT,CINK-196708-LT,1200,Smoke Grey,LT,196700,196708
670ea204-f60a-41c0-a849-73856456fc5e,1c1f7029-f2d0-4757-93c3-9541d894df2a,Smoke Grey / XLT,CINK-196708-XLT,1200,Smoke Grey,XLT,196700,196708
8157e7fb-fc6f-4748-ab4e-98f9abd2befd,1c1f7029-f2d0-4757-93c3-9541d894df2a,Smoke Grey / XXLT,CINK-196708-XXLT,1200,Smoke Grey,XXLT,196700,196708
4d516b53-b598-4798-ba3a-30607e5aa5d0,1c1f7029-f2d0-4757-93c3-9541d894df2a,Smoke Grey / XXXLT,CINK-196708-XXXLT,1200,Smoke Grey,XXXLT,196700,196708
eccd2dc5-555a-492d-b471-2f2ed352488f,1c1f7029-f2d0-4757-93c3-9541d894df2a,Smoke Grey / XXXXLT,CINK-196708-XXXXLT,1200,Smoke Grey,XXXXLT,196700,196708
0660c4aa-6a45-447a-be27-1fb2f16094f9,1c1f7029-f2d0-4757-93c3-9541d894df2a,Charcoal Heather / LT,CINK-196706-LT,1200,Charcoal Heather,LT,196700,196706
b2007e12-4122-4b98-9e52-a12d5888636d,1c1f7029-f2d0-4757-93c3-9541d894df2a,Charcoal Heather / XLT,CINK-196706-XLT,1200,Charcoal Heather,XLT,196700,196706
9dcc53af-2635-452d-8fea-ffff2582571f,1c1f7029-f2d0-4757-93c3-9541d894df2a,Charcoal Heather / XXLT,CINK-196706-XXLT,1200,Charcoal Heather,XXLT,196700,196706
816ca694-413e-4858-aa00-38e03ff0359a,1c1f7029-f2d0-4757-93c3-9541d894df2a,Charcoal Heather / XXXLT,CINK-196706-XXXLT,1200,Charcoal Heather,XXXLT,196700,196706
91b27929-48e8-450d-8d31-4b4a7b053189,1c1f7029-f2d0-4757-93c3-9541d894df2a,Charcoal Heather / XXXXLT,CINK-196706-XXXXLT,1200,Charcoal Heather,XXXXLT,196700,196706
e5127d4b-6142-41fc-b521-e047b31e5928,1c1f7029-f2d0-4757-93c3-9541d894df2a,Black / LT,CINK-196702-LT,1200,Black,LT,196700,196702
46006c42-8198-451f-9ddc-9bd592dd2c81,1c1f7029-f2d0-4757-93c3-9541d894df2a,Black / XLT,CINK-196702-XLT,1200,Black,XLT,196700,196702
a8070dad-4552-452d-a7f8-68fca8f6f6b4,1c1f7029-f2d0-4757-93c3-9541d894df2a,Black / XXLT,CINK-196702-XXLT,1200,Black,XXLT,196700,196702
f778a835-c4a9-4fdb-a38b-9d032ff72602,1c1f7029-f2d0-4757-93c3-9541d894df2a,Black / XXXLT,CINK-196702-XXXLT,1200,Black,XXXLT,196700,196702
f22e697d-fb8b-4ad0-806b-46a25b762841,1c1f7029-f2d0-4757-93c3-9541d894df2a,Black / XXXXLT,CINK-196702-XXXXLT,1200,Black,XXXXLT,196700,196702
73e84b49-82d0-44d0-8ba5-42ead3a54d14,6d0ab36b-42bf-4c70-8769-f472e5e31497,White / YXS,CINK-176000-YXS,1040,White,YXS,176000,176000
479a6f14-71ab-4af6-94e6-ebb8719d287e,6d0ab36b-42bf-4c70-8769-f472e5e31497,White / YS,CINK-176000-YS,1040,White,YS,176000,176000
596cef9c-7609-40ee-bff1-7610cb0ca36e,6d0ab36b-42bf-4c70-8769-f472e5e31497,White / YM,CINK-176000-YM,1040,White,YM,176000,176000
99a5bf99-4f14-4079-83fe-4ac4ad0e2cc2,6d0ab36b-42bf-4c70-8769-f472e5e31497,White / YL,CINK-176000-YL,1040,White,YL,176000,176000
4a78e222-8889-4b47-9106-540ba73d25c5,6d0ab36b-42bf-4c70-8769-f472e5e31497,White / YXL,CINK-176000-YXL,1040,White,YXL,176000,176000
f80dda45-1eda-422b-90d1-83ff7e869715,6d0ab36b-42bf-4c70-8769-f472e5e31497,Ash / S,CINK-176004-S,1040,Ash,S,176000,176004
3f660eeb-0da5-43cd-bc97-76d90ef50863,6d0ab36b-42bf-4c70-8769-f472e5e31497,Ash / M,CINK-176004-M,1040,Ash,M,176000,176004
36b89128-3eb4-41c2-a61a-3e90e3c5a273,6d0ab36b-42bf-4c70-8769-f472e5e31497,Ash / L,CINK-176004-L,1040,Ash,L,176000,176004
db0c0624-1289-4d85-97c6-3ba52938a3d6,6d0ab36b-42bf-4c70-8769-f472e5e31497,Ash / XL,CINK-176004-XL,1040,Ash,XL,176000,176004
f993f87f-808f-4e74-a5ad-da382904ff37,6d0ab36b-42bf-4c70-8769-f472e5e31497,Ash / XXL,CINK-176004-XXL,1040,Ash,XXL,176000,176004
c4132106-e0ca-4d7b-83cd-c1ac319b0dac,6d0ab36b-42bf-4c70-8769-f472e5e31497,Silverstone Heather / S,CINK-176055-S,1040,Silverstone Heather,S,176000,176055
a3345514-72c8-4091-9cfc-f3fb256223ad,6d0ab36b-42bf-4c70-8769-f472e5e31497,Silverstone Heather / M,CINK-176055-M,1040,Silverstone Heather,M,176000,176055
3703e0a4-e584-4cd9-9f41-1201b62318bd,6d0ab36b-42bf-4c70-8769-f472e5e31497,Silverstone Heather / L,CINK-176055-L,1040,Silverstone Heather,L,176000,176055
e377c84a-1c35-4d35-80a1-dc746df44a39,6d0ab36b-42bf-4c70-8769-f472e5e31497,Silverstone Heather / XL,CINK-176055-XL,1040,Silverstone Heather,XL,176000,176055
207906c9-360d-4e61-8950-e1bc0617190e,6d0ab36b-42bf-4c70-8769-f472e5e31497,Silverstone Heather / XXL,CINK-176055-XXL,1040,Silverstone Heather,XXL,176000,176055
e5936ddd-b5e6-4319-a375-26ebb1eb51e8,6d0ab36b-42bf-4c70-8769-f472e5e31497,Light Steel / YXS,CINK-176003-YXS,1040,Light Steel,YXS,176000,176003
5daeba6f-b339-4f82-bacb-85e48dadc19b,6d0ab36b-42bf-4c70-8769-f472e5e31497,Light Steel / YS,CINK-176003-YS,1040,Light Steel,YS,176000,176003
a46d7ec3-daa4-4cd7-baab-04cfed2007b0,6d0ab36b-42bf-4c70-8769-f472e5e31497,Light Steel / YM,CINK-176003-YM,1040,Light Steel,YM,176000,176003
d438be44-a4b2-4e9f-8e86-5c613ef7d469,6d0ab36b-42bf-4c70-8769-f472e5e31497,Light Steel / YL,CINK-176003-YL,1040,Light Steel,YL,176000,176003
038941df-f6b4-49ea-92a6-efa33be435b7,6d0ab36b-42bf-4c70-8769-f472e5e31497,Light Steel / YXL,CINK-176003-YXL,1040,Light Steel,YXL,176000,176003
3a7609c2-8038-400b-90b5-f44caee0e9d5,6d0ab36b-42bf-4c70-8769-f472e5e31497,Iced Mocha / S,CINK-176059-S,1040,Iced Mocha,S,176000,176059
32232eb4-00d2-415a-82fc-18defa1f1132,6d0ab36b-42bf-4c70-8769-f472e5e31497,Iced Mocha / M,CINK-176059-M,1040,Iced Mocha,M,176000,176059
f3e3a7bd-fe3f-4f04-8423-9788092659cf,6d0ab36b-42bf-4c70-8769-f472e5e31497,Iced Mocha / L,CINK-176059-L,1040,Iced Mocha,L,176000,176059
e9971e8b-4748-4b90-9205-b4785793ca0a,6d0ab36b-42bf-4c70-8769-f472e5e31497,Iced Mocha / XL,CINK-176059-XL,1040,Iced Mocha,XL,176000,176059
0759da1e-c571-4214-8d4e-858c0fafd1f4,6d0ab36b-42bf-4c70-8769-f472e5e31497,Iced Mocha / XXL,CINK-176059-XXL,1040,Iced Mocha,XXL,176000,176059
e53858fc-9b41-42c8-b50d-4a8273f86d33,6d0ab36b-42bf-4c70-8769-f472e5e31497,Smoke Gray / YXS,CINK-176002-YXS,1040,Smoke Gray,YXS,176000,176002
81cef002-a02f-4626-8cd6-62d98ff2ce10,6d0ab36b-42bf-4c70-8769-f472e5e31497,Smoke Gray / YS,CINK-176002-YS,1040,Smoke Gray,YS,176000,176002
c6db293d-04a7-4848-9e26-bbf22f689f6f,6d0ab36b-42bf-4c70-8769-f472e5e31497,Smoke Gray / YM,CINK-176002-YM,1040,Smoke Gray,YM,176000,176002
a3aa074b-2b5e-4633-a73c-2fa424cf7a2e,6d0ab36b-42bf-4c70-8769-f472e5e31497,Smoke Gray / YL,CINK-176002-YL,1040,Smoke Gray,YL,176000,176002
2eec02e6-33f4-4834-b19f-3ded73b1d8c6,6d0ab36b-42bf-4c70-8769-f472e5e31497,Smoke Gray / YXL,CINK-176002-YXL,1040,Smoke Gray,YXL,176000,176002
cb5b4008-5db3-41ef-89d5-0a068d631ecc,cf134597-e2aa-4bc5-aed7-7e612a3f312f,USA Rainbow / YXS,CINK-837200-YXS,1500,USA Rainbow,YXS,837200,837200
62332942-1401-4ef9-8d5d-fe0a9df7cc6f,cf134597-e2aa-4bc5-aed7-7e612a3f312f,USA Rainbow / YS,CINK-837200-YS,1500,USA Rainbow,YS,837200,837200
1dcdd848-c3cc-4fb0-8a1e-2fed83d24f6a,cf134597-e2aa-4bc5-aed7-7e612a3f312f,USA Rainbow / YM,CINK-837200-YM,1500,USA Rainbow,YM,837200,837200
9a757161-3535-4081-980e-9c1d24770293,cf134597-e2aa-4bc5-aed7-7e612a3f312f,USA Rainbow / YL,CINK-837200-YL,1500,USA Rainbow,YL,837200,837200
5d17e91f-46c3-4733-b6d8-52294ed4f548,cf134597-e2aa-4bc5-aed7-7e612a3f312f,USA Rainbow / YXL,CINK-837200-YXL,1500,USA Rainbow,YXL,837200,837200
072ce079-a9ca-4762-bda9-2d3911a409f1,cf134597-e2aa-4bc5-aed7-7e612a3f312f,Black / YXS,CINK-837209-YXS,1500,Black,YXS,837200,837209
9fd27ebe-0652-44ea-a825-353c118238d5,cf134597-e2aa-4bc5-aed7-7e612a3f312f,Black / YS,CINK-837209-YS,1500,Black,YS,837200,837209
174ae3e8-ab0c-467e-ac87-43b7bd093440,cf134597-e2aa-4bc5-aed7-7e612a3f312f,Black / YM,CINK-837209-YM,1500,Black,YM,837200,837209
ac4abcbd-6d5a-4297-a31b-7ed2f210911f,cf134597-e2aa-4bc5-aed7-7e612a3f312f,Black / YL,CINK-837209-YL,1500,Black,YL,837200,837209
65f0c2ad-f595-446e-b423-7bf546333739,cf134597-e2aa-4bc5-aed7-7e612a3f312f,Black / YXL,CINK-837209-YXL,1500,Black,YXL,837200,837209
95f40a08-8ab0-4fe5-91fa-89fa489f7602,cf134597-e2aa-4bc5-aed7-7e612a3f312f,Black Galaxy Spiral / S,CINK-837210-S,1500,Black Galaxy Spiral,S,837200,837210
62328492-5eb1-4a13-b62b-33368f717dcb,cf134597-e2aa-4bc5-aed7-7e612a3f312f,Black Galaxy Spiral / M,CINK-837210-M,1500,Black Galaxy Spiral,M,837200,837210
afbf7d8b-ae59-439b-9d36-8957437ccd51,cf134597-e2aa-4bc5-aed7-7e612a3f312f,Black Galaxy Spiral / L,CINK-837210-L,1500,Black Galaxy Spiral,L,837200,837210
b61e2140-aba6-46bd-9ba9-8ae9e2344500,cf134597-e2aa-4bc5-aed7-7e612a3f312f,Black Galaxy Spiral / XL,CINK-837210-XL,1500,Black Galaxy Spiral,XL,837200,837210
3991dcb9-6ba0-4c4b-8796-e6944a9faf57,cf134597-e2aa-4bc5-aed7-7e612a3f312f,Black Galaxy Spiral / XXL,CINK-837210-XXL,1500,Black Galaxy Spiral,XXL,837200,837210
3063532b-3ff4-4bb3-a8d3-704742c45750,cf134597-e2aa-4bc5-aed7-7e612a3f312f,Pastel Rainbow / YXS,CINK-837201-YXS,1500,Pastel Rainbow,YXS,837200,837201
3073f998-35db-4cbf-b705-f4f50c5dd5fe,cf134597-e2aa-4bc5-aed7-7e612a3f312f,Pastel Rainbow / YS,CINK-837201-YS,1500,Pastel Rainbow,YS,837200,837201
3c8794bb-6f66-4aec-9504-1b786a4a29d4,cf134597-e2aa-4bc5-aed7-7e612a3f312f,Pastel Rainbow / YM,CINK-837201-YM,1500,Pastel Rainbow,YM,837200,837201
1fd76922-f0c6-4147-bc05-3c9eb5789685,cf134597-e2aa-4bc5-aed7-7e612a3f312f,Pastel Rainbow / YL,CINK-837201-YL,1500,Pastel Rainbow,YL,837200,837201
9a5f2b71-4318-423b-b800-7cc64c7b7a66,cf134597-e2aa-4bc5-aed7-7e612a3f312f,Pastel Rainbow / YXL,CINK-837201-YXL,1500,Pastel Rainbow,YXL,837200,837201
34e65067-1877-404b-86c9-66a68daa64f5,cf134597-e2aa-4bc5-aed7-7e612a3f312f,Neon Rainbow / YXS,CINK-837202-YXS,1500,Neon Rainbow,YXS,837200,837202
6e2bf808-0f28-42d7-b0bc-81f702e3d794,cf134597-e2aa-4bc5-aed7-7e612a3f312f,Neon Rainbow / YS,CINK-837202-YS,1500,Neon Rainbow,YS,837200,837202
11bb7a73-408c-43d2-a816-a3f38212a2e1,cf134597-e2aa-4bc5-aed7-7e612a3f312f,Neon Rainbow / YM,CINK-837202-YM,1500,Neon Rainbow,YM,837200,837202
c727315a-bd63-451e-a51a-0cc776611044,cf134597-e2aa-4bc5-aed7-7e612a3f312f,Neon Rainbow / YL,CINK-837202-YL,1500,Neon Rainbow,YL,837200,837202
b91fa8ec-1378-40dc-839a-45d73b393690,cf134597-e2aa-4bc5-aed7-7e612a3f312f,Neon Rainbow / YXL,CINK-837202-YXL,1500,Neon Rainbow,YXL,837200,837202
a0ddfa73-8af9-4a7c-9eb4-b7962e71e616,cf134597-e2aa-4bc5-aed7-7e612a3f312f,Rainbow / YXS,CINK-837203-YXS,1500,Rainbow,YXS,837200,837203
b0cda253-1695-4aed-be07-85dee91e4250,cf134597-e2aa-4bc5-aed7-7e612a3f312f,Rainbow / YS,CINK-837203-YS,1500,Rainbow,YS,837200,837203
310fb826-193c-4e44-aa3b-781a8fa5096e,cf134597-e2aa-4bc5-aed7-7e612a3f312f,Rainbow / YM,CINK-837203-YM,1500,Rainbow,YM,837200,837203
c5d48d0f-c01c-444c-a6de-bd513171c8d1,cf134597-e2aa-4bc5-aed7-7e612a3f312f,Rainbow / YL,CINK-837203-YL,1500,Rainbow,YL,837200,837203
42d58a65-902e-4f43-9ca7-63620209d60a,cf134597-e2aa-4bc5-aed7-7e612a3f312f,Rainbow / YXL,CINK-837203-YXL,1500,Rainbow,YXL,837200,837203
58c80cc8-83c5-4371-a448-a5ae4036a142,924c1a03-3b0a-409d-a932-d3b1c041cc16,White / YS,CINK-337600-YS,1310,White,YS,337600,337600
1dc540f8-9f3a-434d-a837-690d2c7836cc,924c1a03-3b0a-409d-a932-d3b1c041cc16,White / YM,CINK-337600-YM,1310,White,YM,337600,337600
813ac2ac-2fff-429c-b259-7fe248a67c2b,924c1a03-3b0a-409d-a932-d3b1c041cc16,White / YL,CINK-337600-YL,1310,White,YL,337600,337600
8d62dbb8-d071-4991-a533-6c5cea0185fd,924c1a03-3b0a-409d-a932-d3b1c041cc16,White / XS,CINK-337600-XS,1310,White,XS,337600,337600
75ebb8cc-349e-4869-bf02-7bde436b077f,924c1a03-3b0a-409d-a932-d3b1c041cc16,White / S,CINK-337600-S,1310,White,S,337600,337600
9a9b6c47-82e3-46a4-b81c-2ced5f920624,924c1a03-3b0a-409d-a932-d3b1c041cc16,Ash Grey / YS,CINK-337624-YS,1310,Ash Grey,YS,337600,337624
5121f1f5-0470-433a-af71-1e930670c2b2,924c1a03-3b0a-409d-a932-d3b1c041cc16,Ash Grey / YM,CINK-337624-YM,1310,Ash Grey,YM,337600,337624
dc24b5d0-6d65-479a-ad7a-148c9c22cf79,924c1a03-3b0a-409d-a932-d3b1c041cc16,Ash Grey / YL,CINK-337624-YL,1310,Ash Grey,YL,337600,337624
2e1af835-3e2f-45aa-b3f5-7b108c65a8ec,924c1a03-3b0a-409d-a932-d3b1c041cc16,Ash Grey / XS,CINK-337624-XS,1310,Ash Grey,XS,337600,337624
3000030f-46bb-4a4d-95cd-bfa0a80cc0a4,924c1a03-3b0a-409d-a932-d3b1c041cc16,Ash Grey / S,CINK-337624-S,1310,Ash Grey,S,337600,337624
6d14033a-8758-4a86-85f5-024d10bdc06e,924c1a03-3b0a-409d-a932-d3b1c041cc16,New Silver / YS,CINK-337630-YS,1310,New Silver,YS,337600,337630
46c11082-b74e-487b-a725-2b5996a03c33,924c1a03-3b0a-409d-a932-d3b1c041cc16,New Silver / YM,CINK-337630-YM,1310,New Silver,YM,337600,337630
9b91aa42-eee3-4fb4-9ba6-4a74a63f58d1,924c1a03-3b0a-409d-a932-d3b1c041cc16,New Silver / YL,CINK-337630-YL,1310,New Silver,YL,337600,337630
d705aeca-04ad-4bcb-8982-350adf830d18,924c1a03-3b0a-409d-a932-d3b1c041cc16,New Silver / XS,CINK-337630-XS,1310,New Silver,XS,337600,337630
129545c8-99e4-45f4-9c65-5c03d2d78959,924c1a03-3b0a-409d-a932-d3b1c041cc16,New Silver / S,CINK-337630-S,1310,New Silver,S,337600,337630
297b5be2-408b-41e6-916e-968b0bfbdf72,924c1a03-3b0a-409d-a932-d3b1c041cc16,Heather Grey / YS,CINK-337602-YS,1310,Heather Grey,YS,337600,337602
f24b2f75-8b4c-4cc1-aaf1-670a1415bea3,924c1a03-3b0a-409d-a932-d3b1c041cc16,Heather Grey / YM,CINK-337602-YM,1310,Heather Grey,YM,337600,337602
967a8b01-e6c0-47ad-95ff-b565017fcbe9,924c1a03-3b0a-409d-a932-d3b1c041cc16,Heather Grey / YL,CINK-337602-YL,1310,Heather Grey,YL,337600,337602
da81f0f2-69ae-48bd-8d62-cf46c1cc0e65,924c1a03-3b0a-409d-a932-d3b1c041cc16,Heather Grey / XS,CINK-337602-XS,1310,Heather Grey,XS,337600,337602
b1602ad1-224d-4ec7-950d-d11d9a3f9d93,924c1a03-3b0a-409d-a932-d3b1c041cc16,Heather Grey / S,CINK-337602-S,1310,Heather Grey,S,337600,337602
6acccec8-4659-4339-9010-6e8416967904,924c1a03-3b0a-409d-a932-d3b1c041cc16,Asphalt / YS,CINK-337608-YS,1310,Asphalt,YS,337600,337608
2ff19125-f7c4-4b07-b4a8-72fa22fd214b,924c1a03-3b0a-409d-a932-d3b1c041cc16,Asphalt / YM,CINK-337608-YM,1310,Asphalt,YM,337600,337608
57711058-ba0f-4e43-82b8-664cd2448e6e,924c1a03-3b0a-409d-a932-d3b1c041cc16,Asphalt / YL,CINK-337608-YL,1310,Asphalt,YL,337600,337608
9b3d8e21-8ff6-4aa4-842f-71be97c2297a,924c1a03-3b0a-409d-a932-d3b1c041cc16,Asphalt / XS,CINK-337608-XS,1310,Asphalt,XS,337600,337608
d2fc819b-fb08-4c15-b9d5-dee1fd6425a3,924c1a03-3b0a-409d-a932-d3b1c041cc16,Asphalt / S,CINK-337608-S,1310,Asphalt,S,337600,337608
6b387508-2216-4f27-a452-3af020175a65,924c1a03-3b0a-409d-a932-d3b1c041cc16,Heather Asphalt / S,CINK-337661-S,1310,Heather Asphalt,S,337600,337661
38e0d943-b8c0-4eaf-b9eb-3854f54fbc5c,924c1a03-3b0a-409d-a932-d3b1c041cc16,Heather Asphalt / M,CINK-337661-M,1310,Heather Asphalt,M,337600,337661
ce3c142a-eb58-4221-8739-d89edb806ecf,924c1a03-3b0a-409d-a932-d3b1c041cc16,Heather Asphalt / L,CINK-337661-L,1310,Heather Asphalt,L,337600,337661
df9bf440-0c6c-42e4-b293-227617ed620d,924c1a03-3b0a-409d-a932-d3b1c041cc16,Heather Asphalt / XL,CINK-337661-XL,1310,Heather Asphalt,XL,337600,337661
bdeae0d0-8d37-4e4d-954d-ddc6bda4358d,924c1a03-3b0a-409d-a932-d3b1c041cc16,Heather Asphalt / XXL,CINK-337661-XXL,1310,Heather Asphalt,XXL,337600,337661
f44abfde-9630-43a3-9d82-b9c6c3da7297,da41e9af-04f2-450b-b88f-fe0b449e6b61,White / YXS,CINK-645300-YXS,865,White,YXS,645300,645300
c86b1a64-9a43-4280-982d-590e965b74ac,da41e9af-04f2-450b-b88f-fe0b449e6b61,White / YS,CINK-645300-YS,865,White,YS,645300,645300
d421a58f-da85-43a1-aef5-4ee5b5a64137,da41e9af-04f2-450b-b88f-fe0b449e6b61,White / YM,CINK-645300-YM,865,White,YM,645300,645300
c393a3c9-a5ba-4ac2-99af-158f362bd6b5,da41e9af-04f2-450b-b88f-fe0b449e6b61,White / YL,CINK-645300-YL,865,White,YL,645300,645300
e2b05c1b-cac0-4be5-8fd9-3877c13b195c,da41e9af-04f2-450b-b88f-fe0b449e6b61,White / YXL,CINK-645300-YXL,865,White,YXL,645300,645300
73431c10-9a9d-4767-9fdc-fb15043ad020,da41e9af-04f2-450b-b88f-fe0b449e6b61,Ash / YXS,CINK-645301-YXS,865,Ash,YXS,645300,645301
56fbaf95-9e32-4fa1-b8c9-0c6c84f222ab,da41e9af-04f2-450b-b88f-fe0b449e6b61,Ash / YS,CINK-645301-YS,865,Ash,YS,645300,645301
388e78fa-0ffd-4ca1-a046-79c517549a62,da41e9af-04f2-450b-b88f-fe0b449e6b61,Ash / YM,CINK-645301-YM,865,Ash,YM,645300,645301
c58152e1-718a-46ed-9d31-fd6c6a469976,da41e9af-04f2-450b-b88f-fe0b449e6b61,Ash / YL,CINK-645301-YL,865,Ash,YL,645300,645301
b7d15d26-4ec6-40be-96fa-6c73e2b94ce1,da41e9af-04f2-450b-b88f-fe0b449e6b61,Ash / YXL,CINK-645301-YXL,865,Ash,YXL,645300,645301
d02d0715-e3ab-4046-9db9-d7c8d6211b72,da41e9af-04f2-450b-b88f-fe0b449e6b61,Silver / S,CINK-645349-S,865,Silver,S,645300,645349
92365c8f-0e59-4679-acc6-b9598aa6fa28,da41e9af-04f2-450b-b88f-fe0b449e6b61,Silver / M,CINK-645349-M,865,Silver,M,645300,645349
1e045434-daa1-4d15-83ac-b28545c5e083,da41e9af-04f2-450b-b88f-fe0b449e6b61,Silver / L,CINK-645349-L,865,Silver,L,645300,645349
e532b3e8-0f9c-4a53-8c9c-74aa0abd895a,da41e9af-04f2-450b-b88f-fe0b449e6b61,Silver / XL,CINK-645349-XL,865,Silver,XL,645300,645349
9a948792-851f-4e79-b532-dc0acff013ed,da41e9af-04f2-450b-b88f-fe0b449e6b61,Silver / XXL,CINK-645349-XXL,865,Silver,XXL,645300,645349
ec1d1f13-0b3f-490f-bc43-8e4f829f1824,da41e9af-04f2-450b-b88f-fe0b449e6b61,Athletic Heather / YXS,CINK-645302-YXS,865,Athletic Heather,YXS,645300,645302
af3c8f7d-5229-4e34-bc57-c173a0d4d587,da41e9af-04f2-450b-b88f-fe0b449e6b61,Athletic Heather / YS,CINK-645302-YS,865,Athletic Heather,YS,645300,645302
2d4292da-c6eb-4afa-b63d-7f4c547f2697,da41e9af-04f2-450b-b88f-fe0b449e6b61,Athletic Heather / YM,CINK-645302-YM,865,Athletic Heather,YM,645300,645302
6d4f6cfa-c1c2-4a3d-91a1-d0e4591895a8,da41e9af-04f2-450b-b88f-fe0b449e6b61,Athletic Heather / YL,CINK-645302-YL,865,Athletic Heather,YL,645300,645302
f0458cdf-4e1e-4809-9f76-ec840e386511,da41e9af-04f2-450b-b88f-fe0b449e6b61,Athletic Heather / YXL,CINK-645302-YXL,865,Athletic Heather,YXL,645300,645302
97ac3d5f-749e-4457-964c-23fab6db5164,da41e9af-04f2-450b-b88f-fe0b449e6b61,Medium Grey / S,CINK-645303-S,865,Medium Grey,S,645300,645303
79a3f2db-8ecb-4048-8c0d-360672964e46,da41e9af-04f2-450b-b88f-fe0b449e6b61,Medium Grey / M,CINK-645303-M,865,Medium Grey,M,645300,645303
5fce4c2f-accb-44c8-9579-7d744f07b008,da41e9af-04f2-450b-b88f-fe0b449e6b61,Medium Grey / L,CINK-645303-L,865,Medium Grey,L,645300,645303
48761486-0e11-4109-87e6-fc5ceef872a5,da41e9af-04f2-450b-b88f-fe0b449e6b61,Medium Grey / XL,CINK-645303-XL,865,Medium Grey,XL,645300,645303
990eea65-ea3e-47b8-aa3d-a493c1a88ce8,da41e9af-04f2-450b-b88f-fe0b449e6b61,Medium Grey / XXL,CINK-645303-XXL,865,Medium Grey,XXL,645300,645303
8f8be42b-1f58-4dac-a868-9d1a2dce173e,da41e9af-04f2-450b-b88f-fe0b449e6b61,Graphite Heather / YXS,CINK-645346-YXS,865,Graphite Heather,YXS,645300,645346
7c37645e-e49f-4654-a0ed-db3dc25902af,da41e9af-04f2-450b-b88f-fe0b449e6b61,Graphite Heather / YS,CINK-645346-YS,865,Graphite Heather,YS,645300,645346
c9ba0159-f6a1-4341-a407-1c164735ac61,da41e9af-04f2-450b-b88f-fe0b449e6b61,Graphite Heather / YM,CINK-645346-YM,865,Graphite Heather,YM,645300,645346
69f59f83-e0ab-483a-8691-06633d5db46b,da41e9af-04f2-450b-b88f-fe0b449e6b61,Graphite Heather / YL,CINK-645346-YL,865,Graphite Heather,YL,645300,645346
f548504c-e562-4ff8-99f9-b2eafc12c7b9,da41e9af-04f2-450b-b88f-fe0b449e6b61,Graphite Heather / YXL,CINK-645346-YXL,865,Graphite Heather,YXL,645300,645346
37776aca-61ff-44db-b745-898f1fefbc30,e0cfeb1d-32c8-451b-822a-2c5943baca2f,White / XS,CINK-2435715-XS,1315,White,XS,2435700,2435715
f4b3e9ad-cf01-42a6-969b-f8e7c54e2549,e0cfeb1d-32c8-451b-822a-2c5943baca2f,White / S,CINK-2435715-S,1315,White,S,2435700,2435715
901cd55e-960c-4bf5-a92d-3661f1ad360c,e0cfeb1d-32c8-451b-822a-2c5943baca2f,White / M,CINK-2435715-M,1315,White,M,2435700,2435715
f734cd87-af5a-49fd-b547-20c1c5832840,e0cfeb1d-32c8-451b-822a-2c5943baca2f,White / L,CINK-2435715-L,1315,White,L,2435700,2435715
a969e6d7-417e-4be0-806f-6b6d3e0bb5a4,e0cfeb1d-32c8-451b-822a-2c5943baca2f,White / XL,CINK-2435715-XL,1315,White,XL,2435700,2435715
12b99854-0594-4de5-b68a-5ec66d313b8f,e0cfeb1d-32c8-451b-822a-2c5943baca2f,Vintage White / XS,CINK-2435714-XS,1315,Vintage White,XS,2435700,2435714
ace64215-db53-49cb-b623-df3b6ac9c7d8,e0cfeb1d-32c8-451b-822a-2c5943baca2f,Vintage White / S,CINK-2435714-S,1315,Vintage White,S,2435700,2435714
aa025b75-0aa8-4c5d-92a3-ce52fd0d0e5f,e0cfeb1d-32c8-451b-822a-2c5943baca2f,Vintage White / M,CINK-2435714-M,1315,Vintage White,M,2435700,2435714
e889d6a7-9801-4cd6-b005-8934db607c7a,e0cfeb1d-32c8-451b-822a-2c5943baca2f,Vintage White / L,CINK-2435714-L,1315,Vintage White,L,2435700,2435714
d5ec3355-21bb-4df7-9647-71a0a1b3c7fa,e0cfeb1d-32c8-451b-822a-2c5943baca2f,Vintage White / XL,CINK-2435714-XL,1315,Vintage White,XL,2435700,2435714
070c4e8c-1cb8-4d14-9ae1-f289ce98dcca,e0cfeb1d-32c8-451b-822a-2c5943baca2f,Athletic Heather / XS,CINK-2435700-XS,1315,Athletic Heather,XS,2435700,2435700
17fd96df-fd9a-4e63-b5ae-0bb04c3d4716,e0cfeb1d-32c8-451b-822a-2c5943baca2f,Athletic Heather / S,CINK-2435700-S,1315,Athletic Heather,S,2435700,2435700
85118c40-2fe4-4c78-ae31-82c4655c97c3,e0cfeb1d-32c8-451b-822a-2c5943baca2f,Athletic Heather / M,CINK-2435700-M,1315,Athletic Heather,M,2435700,2435700
d8704ffa-d265-49f7-90d0-76c8fb07b88b,e0cfeb1d-32c8-451b-822a-2c5943baca2f,Athletic Heather / L,CINK-2435700-L,1315,Athletic Heather,L,2435700,2435700
a2c90ea9-7155-43c8-830a-aa36aacf97ef,e0cfeb1d-32c8-451b-822a-2c5943baca2f,Athletic Heather / XL,CINK-2435700-XL,1315,Athletic Heather,XL,2435700,2435700
ddb03fa3-b33b-47ad-8ada-0a4c8c43d6da,e0cfeb1d-32c8-451b-822a-2c5943baca2f,Dark Grey / XS,CINK-2435702-XS,1315,Dark Grey,XS,2435700,2435702
c215c89c-f668-4e63-8d62-bbf1cb5a9934,e0cfeb1d-32c8-451b-822a-2c5943baca2f,Dark Grey / S,CINK-2435702-S,1315,Dark Grey,S,2435700,2435702
ffbb07df-cf77-46cf-97b5-168f3f71bc02,e0cfeb1d-32c8-451b-822a-2c5943baca2f,Dark Grey / M,CINK-2435702-M,1315,Dark Grey,M,2435700,2435702
1158c5d9-ea5f-4ec3-bd50-b7fbfe4c7823,e0cfeb1d-32c8-451b-822a-2c5943baca2f,Dark Grey / L,CINK-2435702-L,1315,Dark Grey,L,2435700,2435702
5ed853e5-0556-4664-b337-4cf27f24c881,e0cfeb1d-32c8-451b-822a-2c5943baca2f,Dark Grey / XL,CINK-2435702-XL,1315,Dark Grey,XL,2435700,2435702
c345a334-ecc6-44bf-9a8f-9af74708b3db,e0cfeb1d-32c8-451b-822a-2c5943baca2f,Vintage Black / XS,CINK-2435709-XS,1315,Vintage Black,XS,2435700,2435709
0a90c7e5-ebcb-4865-8b9c-d45a5843a753,e0cfeb1d-32c8-451b-822a-2c5943baca2f,Vintage Black / S,CINK-2435709-S,1315,Vintage Black,S,2435700,2435709
5ebed81c-b8cc-4040-9b09-d9f9aadba870,e0cfeb1d-32c8-451b-822a-2c5943baca2f,Vintage Black / M,CINK-2435709-M,1315,Vintage Black,M,2435700,2435709
9181ac8c-fed6-4525-bd1e-8e91d219878e,e0cfeb1d-32c8-451b-822a-2c5943baca2f,Vintage Black / L,CINK-2435709-L,1315,Vintage Black,L,2435700,2435709
21d6f18f-ffe9-4613-9941-ea3f1a664674,e0cfeb1d-32c8-451b-822a-2c5943baca2f,Vintage Black / XL,CINK-2435709-XL,1315,Vintage Black,XL,2435700,2435709
0b7129c8-f94b-4453-9ee6-5e43af13e3c2,e0cfeb1d-32c8-451b-822a-2c5943baca2f,Black / XS,CINK-2435701-XS,1315,Black,XS,2435700,2435701
141f458b-6fa9-4e99-9d48-b65a2730729b,e0cfeb1d-32c8-451b-822a-2c5943baca2f,Black / S,CINK-2435701-S,1315,Black,S,2435700,2435701
d37f8add-7335-42f4-a1d6-7b55d633a4ee,e0cfeb1d-32c8-451b-822a-2c5943baca2f,Black / M,CINK-2435701-M,1315,Black,M,2435700,2435701
d839e214-b531-4f58-a923-f01eea185bae,e0cfeb1d-32c8-451b-822a-2c5943baca2f,Black / L,CINK-2435701-L,1315,Black,L,2435700,2435701
d30e4ca6-16a1-4801-847c-613137929a1b,e0cfeb1d-32c8-451b-822a-2c5943baca2f,Black / XL,CINK-2435701-XL,1315,Black,XL,2435700,2435701
76089289-8612-4414-9503-c8e3e0708f1c,52b36a5d-7686-42ba-abbd-20691907f36d,White / S,CINK-123900-S,845,White,S,123900,123900
547b1341-695f-455f-860e-64a1126ceffc,52b36a5d-7686-42ba-abbd-20691907f36d,White / M,CINK-123900-M,845,White,M,123900,123900
1d834acf-2f7d-42eb-a78f-17225e43e542,52b36a5d-7686-42ba-abbd-20691907f36d,White / L,CINK-123900-L,845,White,L,123900,123900
09e63dc3-3615-4156-91de-62763943e0f2,52b36a5d-7686-42ba-abbd-20691907f36d,White / XL,CINK-123900-XL,845,White,XL,123900,123900
0b62ea9a-66d7-4ce5-97c9-94468f0b43a2,52b36a5d-7686-42ba-abbd-20691907f36d,White / XXL,CINK-123900-XXL,845,White,XXL,123900,123900
02506c8a-6905-4978-bfd6-41c78a19a9ac,52b36a5d-7686-42ba-abbd-20691907f36d,Ash / S,CINK-123902-S,845,Ash,S,123900,123902
3a160c0a-478e-4d2a-a747-14b2cfb44e9d,52b36a5d-7686-42ba-abbd-20691907f36d,Ash / M,CINK-123902-M,845,Ash,M,123900,123902
4be00e3e-88f7-40b1-9f74-803b61929008,52b36a5d-7686-42ba-abbd-20691907f36d,Ash / L,CINK-123902-L,845,Ash,L,123900,123902
43fe1deb-2f68-4b06-98f8-0d6b906c69f9,52b36a5d-7686-42ba-abbd-20691907f36d,Ash / XL,CINK-123902-XL,845,Ash,XL,123900,123902
ba7db666-de76-4ab7-abf1-42453066cfa0,52b36a5d-7686-42ba-abbd-20691907f36d,Ash / XXL,CINK-123902-XXL,845,Ash,XXL,123900,123902
a1767919-759f-4405-86d7-68b05f070f36,52b36a5d-7686-42ba-abbd-20691907f36d,Athletic Heather / S,CINK-123914-S,845,Athletic Heather,S,123900,123914
13b8f635-f4c9-4a99-abc0-b0dcdd15b6c1,52b36a5d-7686-42ba-abbd-20691907f36d,Athletic Heather / M,CINK-123914-M,845,Athletic Heather,M,123900,123914
cf90da5e-63e1-489c-9c64-370bb9ed2c65,52b36a5d-7686-42ba-abbd-20691907f36d,Athletic Heather / L,CINK-123914-L,845,Athletic Heather,L,123900,123914
c475f314-7eff-4d2b-a7ad-2884b22a45b6,52b36a5d-7686-42ba-abbd-20691907f36d,Athletic Heather / XL,CINK-123914-XL,845,Athletic Heather,XL,123900,123914
af9d7729-d1be-4815-a3f6-082861393cdc,52b36a5d-7686-42ba-abbd-20691907f36d,Athletic Heather / XXL,CINK-123914-XXL,845,Athletic Heather,XXL,123900,123914
2810a60b-82db-4142-b3fc-349c995f3564,52b36a5d-7686-42ba-abbd-20691907f36d,Medium Grey / S,CINK-123940-S,845,Medium Grey,S,123900,123940
f1285e11-058b-4464-a850-3f505d58f57c,52b36a5d-7686-42ba-abbd-20691907f36d,Medium Grey / M,CINK-123940-M,845,Medium Grey,M,123900,123940
756d6007-5442-4175-a6b4-08f8c14ad18b,52b36a5d-7686-42ba-abbd-20691907f36d,Medium Grey / L,CINK-123940-L,845,Medium Grey,L,123900,123940
5e29f019-9c6b-4200-b675-5633bd3fb316,52b36a5d-7686-42ba-abbd-20691907f36d,Medium Grey / XL,CINK-123940-XL,845,Medium Grey,XL,123900,123940
091bff03-a4cf-4fa6-915e-1a90f38b0447,52b36a5d-7686-42ba-abbd-20691907f36d,Medium Grey / XXL,CINK-123940-XXL,845,Medium Grey,XXL,123900,123940
0874e442-46ac-46be-94ea-882439ac1985,52b36a5d-7686-42ba-abbd-20691907f36d,Charcoal / S,CINK-123932-S,845,Charcoal,S,123900,123932
b44ebe1b-b9cc-4aa1-8e11-0ca37620ca47,52b36a5d-7686-42ba-abbd-20691907f36d,Charcoal / M,CINK-123932-M,845,Charcoal,M,123900,123932
c6f77430-ec6d-4800-8343-9350fe13c3c7,52b36a5d-7686-42ba-abbd-20691907f36d,Charcoal / L,CINK-123932-L,845,Charcoal,L,123900,123932
c7183fac-64aa-4e6b-8e06-2089fd438418,52b36a5d-7686-42ba-abbd-20691907f36d,Charcoal / XL,CINK-123932-XL,845,Charcoal,XL,123900,123932
72e535a4-26ba-4871-97a0-8abec5215519,52b36a5d-7686-42ba-abbd-20691907f36d,Charcoal / XXL,CINK-123932-XXL,845,Charcoal,XXL,123900,123932
19a92d31-3ab5-49bc-9fbb-b573b14d848f,52b36a5d-7686-42ba-abbd-20691907f36d,Dark Heather Grey / S,CINK-123949-S,845,Dark Heather Grey,S,123900,123949
1dcfed77-e969-4dc6-96d1-031c0bd96d13,52b36a5d-7686-42ba-abbd-20691907f36d,Dark Heather Grey / M,CINK-123949-M,845,Dark Heather Grey,M,123900,123949
254a0390-f34b-4282-b2df-550750b48129,52b36a5d-7686-42ba-abbd-20691907f36d,Dark Heather Grey / L,CINK-123949-L,845,Dark Heather Grey,L,123900,123949
2fca0b0f-1855-40ef-b292-54be44589b55,52b36a5d-7686-42ba-abbd-20691907f36d,Dark Heather Grey / XL,CINK-123949-XL,845,Dark Heather Grey,XL,123900,123949
90e88a65-ba89-4091-bef1-0798a3ae31b1,52b36a5d-7686-42ba-abbd-20691907f36d,Dark Heather Grey / XXL,CINK-123949-XXL,845,Dark Heather Grey,XXL,123900,123949
1a45fd9c-4360-42a9-b503-a827888714fe,69365801-4b73-40d2-b3ff-2fbf585d06ba,White / S,CINK-1164712-S,1390,White,S,1164700,1164712
0d9dbd92-0dc8-460c-b729-cac6fd0b3ba8,69365801-4b73-40d2-b3ff-2fbf585d06ba,White / M,CINK-1164712-M,1390,White,M,1164700,1164712
1065c057-02a0-4a13-877d-74bc2a3bbf8f,69365801-4b73-40d2-b3ff-2fbf585d06ba,White / L,CINK-1164712-L,1390,White,L,1164700,1164712
45e1a505-2d46-4edd-bd65-275f1e162f61,69365801-4b73-40d2-b3ff-2fbf585d06ba,White / XL,CINK-1164712-XL,1390,White,XL,1164700,1164712
f59eeb9f-1c31-4f3a-a17d-a4dcf18256e2,69365801-4b73-40d2-b3ff-2fbf585d06ba,White / XXL,CINK-1164712-XXL,1390,White,XXL,1164700,1164712
cbcf2d35-97a1-4666-94ef-28b9fe4d9fba,69365801-4b73-40d2-b3ff-2fbf585d06ba,Grey / S,CINK-1164701-S,1390,Grey,S,1164700,1164701
622ea3ad-4daf-41b1-a597-dbd1b66b3737,69365801-4b73-40d2-b3ff-2fbf585d06ba,Grey / M,CINK-1164701-M,1390,Grey,M,1164700,1164701
22dc8b6d-3a08-4bb3-8dfd-d7ebdd41126d,69365801-4b73-40d2-b3ff-2fbf585d06ba,Grey / L,CINK-1164701-L,1390,Grey,L,1164700,1164701
2a6d87b8-8e41-4a1f-b9c0-49fa225d12f3,69365801-4b73-40d2-b3ff-2fbf585d06ba,Grey / XL,CINK-1164701-XL,1390,Grey,XL,1164700,1164701
9763520c-937f-4b98-875a-338e6795d0f1,69365801-4b73-40d2-b3ff-2fbf585d06ba,Grey / XXL,CINK-1164701-XXL,1390,Grey,XXL,1164700,1164701
0b83219d-6bd8-4bfa-aa71-a9a4cd17ad06,69365801-4b73-40d2-b3ff-2fbf585d06ba,Pepper / S,CINK-1164700-S,1390,Pepper,S,1164700,1164700
5d4ff47b-b04e-4a22-bd30-bcc797a24d76,69365801-4b73-40d2-b3ff-2fbf585d06ba,Pepper / M,CINK-1164700-M,1390,Pepper,M,1164700,1164700
10005a96-191e-42e5-ba13-2157ed9c256c,69365801-4b73-40d2-b3ff-2fbf585d06ba,Pepper / L,CINK-1164700-L,1390,Pepper,L,1164700,1164700
65486e3b-50b7-4f3c-96e1-4808bf07038c,69365801-4b73-40d2-b3ff-2fbf585d06ba,Pepper / XL,CINK-1164700-XL,1390,Pepper,XL,1164700,1164700
60946b0c-344e-4dba-a70e-8bfb2cc02eec,69365801-4b73-40d2-b3ff-2fbf585d06ba,Pepper / XXL,CINK-1164700-XXL,1390,Pepper,XXL,1164700,1164700
988883b0-4d38-46ef-b4c2-cba25f7ac618,69365801-4b73-40d2-b3ff-2fbf585d06ba,Black / S,CINK-1164713-S,1390,Black,S,1164700,1164713
39e4daec-b4c6-4f43-9971-02eeaaf2b4f9,69365801-4b73-40d2-b3ff-2fbf585d06ba,Black / M,CINK-1164713-M,1390,Black,M,1164700,1164713
1495f67e-a0c9-4738-a65a-b787b66f9388,69365801-4b73-40d2-b3ff-2fbf585d06ba,Black / L,CINK-1164713-L,1390,Black,L,1164700,1164713
fd053e78-e854-4997-aff9-09859894aeef,69365801-4b73-40d2-b3ff-2fbf585d06ba,Black / XL,CINK-1164713-XL,1390,Black,XL,1164700,1164713
d40eb29c-24dd-40c2-8d51-e19787bc662a,69365801-4b73-40d2-b3ff-2fbf585d06ba,Black / XXL,CINK-1164713-XXL,1390,Black,XXL,1164700,1164713
0650259c-fbeb-4149-a70c-5f4ec0105ca0,69365801-4b73-40d2-b3ff-2fbf585d06ba,Denim / S,CINK-1164703-S,1390,Denim,S,1164700,1164703
889f5f36-271b-40af-8603-3c8908c9300c,69365801-4b73-40d2-b3ff-2fbf585d06ba,Denim / M,CINK-1164703-M,1390,Denim,M,1164700,1164703
7646f3eb-829d-4199-86ad-ba5adb187d6f,69365801-4b73-40d2-b3ff-2fbf585d06ba,Denim / L,CINK-1164703-L,1390,Denim,L,1164700,1164703
134a7879-a01b-45dd-9dde-5c2dcdfbba33,69365801-4b73-40d2-b3ff-2fbf585d06ba,Denim / XL,CINK-1164703-XL,1390,Denim,XL,1164700,1164703
487c6721-9f62-4586-838a-7a8cb2307483,69365801-4b73-40d2-b3ff-2fbf585d06ba,Denim / XXL,CINK-1164703-XXL,1390,Denim,XXL,1164700,1164703
90f99553-1d1d-4065-adb6-e6d2b477c6ac,69365801-4b73-40d2-b3ff-2fbf585d06ba,Blue Jean / S,CINK-1164704-S,1390,Blue Jean,S,1164700,1164704
75843e55-d73e-4ef9-be6c-2ce8f02ddab8,69365801-4b73-40d2-b3ff-2fbf585d06ba,Blue Jean / M,CINK-1164704-M,1390,Blue Jean,M,1164700,1164704
deabab2c-25f0-40c0-8393-cefb757438df,69365801-4b73-40d2-b3ff-2fbf585d06ba,Blue Jean / L,CINK-1164704-L,1390,Blue Jean,L,1164700,1164704
13bd9570-3662-4865-aa7a-53f288578d74,69365801-4b73-40d2-b3ff-2fbf585d06ba,Blue Jean / XL,CINK-1164704-XL,1390,Blue Jean,XL,1164700,1164704
60d4cb35-7455-4e69-b0e2-4264b09c9992,69365801-4b73-40d2-b3ff-2fbf585d06ba,Blue Jean / XXL,CINK-1164704-XXL,1390,Blue Jean,XXL,1164700,1164704
45fdd993-f6b6-4f79-a4d6-eb78d83bd5ed,a66ef917-bc54-4086-9967-c77e1c9cbc31,White / YXS,CINK-169800-YXS,815,White,YXS,169800,169800
7ff965c2-92cc-40e9-8435-7bb5e7de6ba0,a66ef917-bc54-4086-9967-c77e1c9cbc31,White / YS,CINK-169800-YS,815,White,YS,169800,169800
28f9a2e6-fbc9-4d0f-8ddd-5cf31c50e3c2,a66ef917-bc54-4086-9967-c77e1c9cbc31,White / YM,CINK-169800-YM,815,White,YM,169800,169800
73992be5-0788-4cd4-90ce-f804fc033f12,a66ef917-bc54-4086-9967-c77e1c9cbc31,White / YL,CINK-169800-YL,815,White,YL,169800,169800
87b2bdac-d705-4541-9cfb-d14b005de793,a66ef917-bc54-4086-9967-c77e1c9cbc31,White / YXL,CINK-169800-YXL,815,White,YXL,169800,169800
089abd54-7bdc-405a-8e25-f3a43c72c94c,a66ef917-bc54-4086-9967-c77e1c9cbc31,Black / YXS,CINK-169801-YXS,815,Black,YXS,169800,169801
17e23a94-e844-43fd-9c05-9ef6cd76fe87,a66ef917-bc54-4086-9967-c77e1c9cbc31,Black / YS,CINK-169801-YS,815,Black,YS,169800,169801
ff4c314d-9817-4d99-aeed-080e2c971852,a66ef917-bc54-4086-9967-c77e1c9cbc31,Black / YM,CINK-169801-YM,815,Black,YM,169800,169801
8b878968-acf1-473d-9150-55800a626224,a66ef917-bc54-4086-9967-c77e1c9cbc31,Black / YL,CINK-169801-YL,815,Black,YL,169800,169801
c41c1aff-c197-472a-adf9-1e4d558ed030,a66ef917-bc54-4086-9967-c77e1c9cbc31,Black / YXL,CINK-169801-YXL,815,Black,YXL,169800,169801
eb8e10d9-9ec1-41d3-8f66-6f28d17915e8,a66ef917-bc54-4086-9967-c77e1c9cbc31,Light Steel / YXS,CINK-169802-YXS,815,Light Steel,YXS,169800,169802
dfd67cae-e60d-4d59-962f-2e8f5be06f40,a66ef917-bc54-4086-9967-c77e1c9cbc31,Light Steel / YS,CINK-169802-YS,815,Light Steel,YS,169800,169802
2c18984e-15d8-4eaf-9097-aed0f16e8e0a,a66ef917-bc54-4086-9967-c77e1c9cbc31,Light Steel / YM,CINK-169802-YM,815,Light Steel,YM,169800,169802
a266f931-124a-4684-b592-505e96c4e538,a66ef917-bc54-4086-9967-c77e1c9cbc31,Light Steel / YL,CINK-169802-YL,815,Light Steel,YL,169800,169802
db07250a-ea71-435d-9e5a-6131468ec1e1,a66ef917-bc54-4086-9967-c77e1c9cbc31,Light Steel / YXL,CINK-169802-YXL,815,Light Steel,YXL,169800,169802
8d6fd055-d6f0-40d0-8b05-0d938d90f580,a66ef917-bc54-4086-9967-c77e1c9cbc31,Oxford Gray / YXS,CINK-169833-YXS,815,Oxford Gray,YXS,169800,169833
e19b2150-2588-465d-bca8-f35d36b1444c,a66ef917-bc54-4086-9967-c77e1c9cbc31,Oxford Gray / YS,CINK-169833-YS,815,Oxford Gray,YS,169800,169833
1e68fd9c-1e4a-40c2-9d59-d0a19f53cdac,a66ef917-bc54-4086-9967-c77e1c9cbc31,Oxford Gray / YM,CINK-169833-YM,815,Oxford Gray,YM,169800,169833
65ae7655-fbda-4979-9c7d-3bb15a61cfe0,a66ef917-bc54-4086-9967-c77e1c9cbc31,Oxford Gray / YL,CINK-169833-YL,815,Oxford Gray,YL,169800,169833
a78e71a9-4660-43da-bd4b-3aa9215918e5,a66ef917-bc54-4086-9967-c77e1c9cbc31,Oxford Gray / YXL,CINK-169833-YXL,815,Oxford Gray,YXL,169800,169833
4cae3adc-9f74-46f3-831a-8c0e1785c77c,a66ef917-bc54-4086-9967-c77e1c9cbc31,Ash / YXS,CINK-169803-YXS,815,Ash,YXS,169800,169803
54f9d2a7-824a-4087-9c2e-7bdb17ec0377,a66ef917-bc54-4086-9967-c77e1c9cbc31,Ash / YS,CINK-169803-YS,815,Ash,YS,169800,169803
0a0c3745-9fa1-4442-8f0e-2227c6a43d92,a66ef917-bc54-4086-9967-c77e1c9cbc31,Ash / YM,CINK-169803-YM,815,Ash,YM,169800,169803
4f0bdc0a-ff1b-4111-9884-1390619d36a6,a66ef917-bc54-4086-9967-c77e1c9cbc31,Ash / YL,CINK-169803-YL,815,Ash,YL,169800,169803
7162d1bb-6e32-4ebf-9022-9c63ad47bb8d,a66ef917-bc54-4086-9967-c77e1c9cbc31,Ash / YXL,CINK-169803-YXL,815,Ash,YXL,169800,169803
04e5a7e6-0800-4baa-b889-62ae90488724,a66ef917-bc54-4086-9967-c77e1c9cbc31,Charcoal Heather / YXS,CINK-169822-YXS,815,Charcoal Heather,YXS,169800,169822
accd8c23-6ace-4d9f-89c6-5868301b1a0e,a66ef917-bc54-4086-9967-c77e1c9cbc31,Charcoal Heather / YS,CINK-169822-YS,815,Charcoal Heather,YS,169800,169822
a90a7b05-79b9-4bdc-9897-222b1e01616c,a66ef917-bc54-4086-9967-c77e1c9cbc31,Charcoal Heather / YM,CINK-169822-YM,815,Charcoal Heather,YM,169800,169822
32e1af81-b3d9-4fe7-aea9-bcc1f92d627a,a66ef917-bc54-4086-9967-c77e1c9cbc31,Charcoal Heather / YL,CINK-169822-YL,815,Charcoal Heather,YL,169800,169822
66e27c5b-e8fd-4c43-b30c-1fb60ac70c98,a66ef917-bc54-4086-9967-c77e1c9cbc31,Charcoal Heather / YXL,CINK-169822-YXL,815,Charcoal Heather,YXL,169800,169822
0eb121c7-def5-4055-af60-bd371f195097,dbcfae5e-43bd-4a85-8ca4-a1ace8357961,White / Black / XS,CINK-373700-XS,1080,White / Black,XS,373700,373700
b64e1935-25a8-4d64-9f6f-fab2051cd5b5,dbcfae5e-43bd-4a85-8ca4-a1ace8357961,White / Black / S,CINK-373700-S,1080,White / Black,S,373700,373700
81a0dd18-7167-4136-9982-573164bcc251,dbcfae5e-43bd-4a85-8ca4-a1ace8357961,White / Black / M,CINK-373700-M,1080,White / Black,M,373700,373700
9fd98a07-527c-4080-99f8-bb3a500c4884,dbcfae5e-43bd-4a85-8ca4-a1ace8357961,White / Black / L,CINK-373700-L,1080,White / Black,L,373700,373700
993ad760-60d8-4cb8-978d-f35f58573bd1,dbcfae5e-43bd-4a85-8ca4-a1ace8357961,White / Black / XL,CINK-373700-XL,1080,White / Black,XL,373700,373700
0b5e9706-be9c-4653-b8bb-47cde95dd3ea,dbcfae5e-43bd-4a85-8ca4-a1ace8357961,Heather Grey / Black / XS,CINK-373705-XS,1080,Heather Grey / Black,XS,373700,373705
d5faa847-a369-4bef-9745-9d4776e68052,dbcfae5e-43bd-4a85-8ca4-a1ace8357961,Heather Grey / Black / S,CINK-373705-S,1080,Heather Grey / Black,S,373700,373705
8b050928-9d99-4248-be03-ac7c91dffc9f,dbcfae5e-43bd-4a85-8ca4-a1ace8357961,Heather Grey / Black / M,CINK-373705-M,1080,Heather Grey / Black,M,373700,373705
8522c98d-edda-44af-b2c6-2fb0819c5d9d,dbcfae5e-43bd-4a85-8ca4-a1ace8357961,Heather Grey / Black / L,CINK-373705-L,1080,Heather Grey / Black,L,373700,373705
afe6a29f-9a0c-45cf-b413-301dc0284d63,dbcfae5e-43bd-4a85-8ca4-a1ace8357961,Heather Grey / Black / XL,CINK-373705-XL,1080,Heather Grey / Black,XL,373700,373705
fa64627c-0bd8-4d09-9acd-ed1e1f807534,dbcfae5e-43bd-4a85-8ca4-a1ace8357961,Black / Natural / XS,CINK-373706-XS,1080,Black / Natural,XS,373700,373706
3b3f78da-9943-4dc3-82a0-1f3641fc9a73,dbcfae5e-43bd-4a85-8ca4-a1ace8357961,Black / Natural / S,CINK-373706-S,1080,Black / Natural,S,373700,373706
7bdf7387-e8d0-445a-8b7e-84ed35734c06,dbcfae5e-43bd-4a85-8ca4-a1ace8357961,Black / Natural / M,CINK-373706-M,1080,Black / Natural,M,373700,373706
2c6f8feb-3c9c-46dd-8351-acb80a3abea1,dbcfae5e-43bd-4a85-8ca4-a1ace8357961,Black / Natural / L,CINK-373706-L,1080,Black / Natural,L,373700,373706
c7ac9ea0-1e3c-4afa-9867-431c36a21603,dbcfae5e-43bd-4a85-8ca4-a1ace8357961,Black / Natural / XL,CINK-373706-XL,1080,Black / Natural,XL,373700,373706
7bb8ca02-bb57-43df-927a-ba1fce1bd87c,dbcfae5e-43bd-4a85-8ca4-a1ace8357961,Natural / Black / XS,CINK-373701-XS,1080,Natural / Black,XS,373700,373701
5b0ba9b9-ce17-4839-ab3f-9b0c28e8b92b,dbcfae5e-43bd-4a85-8ca4-a1ace8357961,Natural / Black / S,CINK-373701-S,1080,Natural / Black,S,373700,373701
2240ad08-be18-4064-853e-698cfc9b0e81,dbcfae5e-43bd-4a85-8ca4-a1ace8357961,Natural / Black / M,CINK-373701-M,1080,Natural / Black,M,373700,373701
76bd7dcc-cc75-4252-8f19-64bbbfca4257,dbcfae5e-43bd-4a85-8ca4-a1ace8357961,Natural / Black / L,CINK-373701-L,1080,Natural / Black,L,373700,373701
e797df8b-d64b-4e5b-9eb1-5b6b03606005,dbcfae5e-43bd-4a85-8ca4-a1ace8357961,Natural / Black / XL,CINK-373701-XL,1080,Natural / Black,XL,373700,373701
dd5746b3-0760-487c-96bb-bbdf28bf7b07,dbcfae5e-43bd-4a85-8ca4-a1ace8357961,Natural / Midnight Navy / XS,CINK-373702-XS,1080,Natural / Midnight Navy,XS,373700,373702
ae56477e-6f94-465b-8e15-08a99cfb5b89,dbcfae5e-43bd-4a85-8ca4-a1ace8357961,Natural / Midnight Navy / S,CINK-373702-S,1080,Natural / Midnight Navy,S,373700,373702
c208d9da-4696-4e8d-8d22-8c3458c693ad,dbcfae5e-43bd-4a85-8ca4-a1ace8357961,Natural / Midnight Navy / M,CINK-373702-M,1080,Natural / Midnight Navy,M,373700,373702
e773cccb-0145-4d48-b314-e2df54f32f55,dbcfae5e-43bd-4a85-8ca4-a1ace8357961,Natural / Midnight Navy / L,CINK-373702-L,1080,Natural / Midnight Navy,L,373700,373702
fbe66dad-11a0-46a2-8751-876e5d925ffe,dbcfae5e-43bd-4a85-8ca4-a1ace8357961,Natural / Midnight Navy / XL,CINK-373702-XL,1080,Natural / Midnight Navy,XL,373700,373702
21ecee2b-401e-4d37-8d64-e0005246cd71,dbcfae5e-43bd-4a85-8ca4-a1ace8357961,Natural / Forest / XS,CINK-373703-XS,1080,Natural / Forest,XS,373700,373703
c202fb34-767b-42e8-aeb0-e83ae0348bb7,dbcfae5e-43bd-4a85-8ca4-a1ace8357961,Natural / Forest / S,CINK-373703-S,1080,Natural / Forest,S,373700,373703
6c83911e-e942-4de5-9f29-a6aab429f5f6,dbcfae5e-43bd-4a85-8ca4-a1ace8357961,Natural / Forest / M,CINK-373703-M,1080,Natural / Forest,M,373700,373703
f9e47141-2e63-4224-8b9f-f63f599143ad,dbcfae5e-43bd-4a85-8ca4-a1ace8357961,Natural / Forest / L,CINK-373703-L,1080,Natural / Forest,L,373700,373703
def17aa2-67ba-4558-ad8c-e9a7dde25902,dbcfae5e-43bd-4a85-8ca4-a1ace8357961,Natural / Forest / XL,CINK-373703-XL,1080,Natural / Forest,XL,373700,373703
fa450381-4bb5-4ea3-8909-2808b846dbf3,f4a320be-b7e3-4c01-a50c-8988f3d306d3,Faded Black / S,CINK-1724501-S,1725,Faded Black,S,1724500,1724501
2e9008a7-1470-42d2-b68d-b52011ab36ad,f4a320be-b7e3-4c01-a50c-8988f3d306d3,Faded Black / M,CINK-1724501-M,1725,Faded Black,M,1724500,1724501
cbe8f2de-9d86-49e8-9e6b-1170b410adb1,f4a320be-b7e3-4c01-a50c-8988f3d306d3,Faded Black / L,CINK-1724501-L,1725,Faded Black,L,1724500,1724501
371f8af3-75a5-4544-9b8b-93225791a446,f4a320be-b7e3-4c01-a50c-8988f3d306d3,Faded Black / XL,CINK-1724501-XL,1725,Faded Black,XL,1724500,1724501
a689baec-f37d-4827-90f1-4d0d58115a77,f4a320be-b7e3-4c01-a50c-8988f3d306d3,Faded Black / XXL,CINK-1724501-XXL,1725,Faded Black,XXL,1724500,1724501
cc91ea7a-94e6-4bf0-9021-6e825f1123cf,f4a320be-b7e3-4c01-a50c-8988f3d306d3,Faded Navy / S,CINK-1724505-S,1725,Faded Navy,S,1724500,1724505
d1fdc668-1f2c-4db7-981e-24dbb89c852f,f4a320be-b7e3-4c01-a50c-8988f3d306d3,Faded Navy / M,CINK-1724505-M,1725,Faded Navy,M,1724500,1724505
21584b5d-7b5e-440a-a560-a3c9c312d958,f4a320be-b7e3-4c01-a50c-8988f3d306d3,Faded Navy / L,CINK-1724505-L,1725,Faded Navy,L,1724500,1724505
5a0b3e66-a7e1-48a4-9d52-a44c818a2b44,f4a320be-b7e3-4c01-a50c-8988f3d306d3,Faded Navy / XL,CINK-1724505-XL,1725,Faded Navy,XL,1724500,1724505
19a768e3-056c-4219-b4e5-33db40acc49e,f4a320be-b7e3-4c01-a50c-8988f3d306d3,Faded Navy / XXL,CINK-1724505-XXL,1725,Faded Navy,XXL,1724500,1724505
9d154426-f55c-445d-92f6-c80adab77b30,f4a320be-b7e3-4c01-a50c-8988f3d306d3,Faded Cream / S,CINK-1724503-S,1725,Faded Cream,S,1724500,1724503
69afbd42-5138-4934-8a64-e56ba78bce2f,f4a320be-b7e3-4c01-a50c-8988f3d306d3,Faded Cream / M,CINK-1724503-M,1725,Faded Cream,M,1724500,1724503
f6358887-609a-4584-85d1-1b2bf6047bd6,f4a320be-b7e3-4c01-a50c-8988f3d306d3,Faded Cream / L,CINK-1724503-L,1725,Faded Cream,L,1724500,1724503
d785c536-e4f9-4834-a936-97d3c7b300db,f4a320be-b7e3-4c01-a50c-8988f3d306d3,Faded Cream / XL,CINK-1724503-XL,1725,Faded Cream,XL,1724500,1724503
128fabc8-7b9b-40c9-beb5-79951896412b,f4a320be-b7e3-4c01-a50c-8988f3d306d3,Faded Cream / XXL,CINK-1724503-XXL,1725,Faded Cream,XXL,1724500,1724503
8daee02c-d9a2-4724-9236-06c6cfe5727f,f4a320be-b7e3-4c01-a50c-8988f3d306d3,Faded Mustard / S,CINK-1724504-S,1725,Faded Mustard,S,1724500,1724504
830fcccc-5c5d-4100-80f6-6ea991a64a4c,f4a320be-b7e3-4c01-a50c-8988f3d306d3,Faded Mustard / M,CINK-1724504-M,1725,Faded Mustard,M,1724500,1724504
6dc3ddc3-4154-40f2-9f3a-fe7e83a08c90,f4a320be-b7e3-4c01-a50c-8988f3d306d3,Faded Mustard / L,CINK-1724504-L,1725,Faded Mustard,L,1724500,1724504
37dd69c9-9f73-4e3b-9b8e-c58969d01c05,f4a320be-b7e3-4c01-a50c-8988f3d306d3,Faded Mustard / XL,CINK-1724504-XL,1725,Faded Mustard,XL,1724500,1724504
6b79f014-3a83-4c99-8a23-415b337e575d,f4a320be-b7e3-4c01-a50c-8988f3d306d3,Faded Mustard / XXL,CINK-1724504-XXL,1725,Faded Mustard,XXL,1724500,1724504
c6d5652c-e4de-42b8-8536-6ea610076499,f4a320be-b7e3-4c01-a50c-8988f3d306d3,Faded Brown / S,CINK-1724502-S,1725,Faded Brown,S,1724500,1724502
e2019b5a-9afb-4df4-a3f9-31202b40b6f9,f4a320be-b7e3-4c01-a50c-8988f3d306d3,Faded Brown / M,CINK-1724502-M,1725,Faded Brown,M,1724500,1724502
04fc5540-d54e-4c1d-b140-2231a16d5356,f4a320be-b7e3-4c01-a50c-8988f3d306d3,Faded Brown / L,CINK-1724502-L,1725,Faded Brown,L,1724500,1724502
f630e139-bca2-4d2f-b55c-dc2aec026f81,f4a320be-b7e3-4c01-a50c-8988f3d306d3,Faded Brown / XL,CINK-1724502-XL,1725,Faded Brown,XL,1724500,1724502
de5324d1-43b0-46fc-b9df-4d74e41ac8f1,f4a320be-b7e3-4c01-a50c-8988f3d306d3,Faded Brown / XXL,CINK-1724502-XXL,1725,Faded Brown,XXL,1724500,1724502
1906ba8c-27fd-40a2-94f5-033ea359d152,f4a320be-b7e3-4c01-a50c-8988f3d306d3,Faded Army / S,CINK-1724500-S,1725,Faded Army,S,1724500,1724500
589664db-b908-4e12-860b-0a3ba4fdda71,f4a320be-b7e3-4c01-a50c-8988f3d306d3,Faded Army / M,CINK-1724500-M,1725,Faded Army,M,1724500,1724500
60562002-77b3-4592-bac5-9bea1668d636,f4a320be-b7e3-4c01-a50c-8988f3d306d3,Faded Army / L,CINK-1724500-L,1725,Faded Army,L,1724500,1724500
496d7e8e-cb27-4732-a5b2-0779840ee10d,f4a320be-b7e3-4c01-a50c-8988f3d306d3,Faded Army / XL,CINK-1724500-XL,1725,Faded Army,XL,1724500,1724500
17fd5ebb-01b7-4bfb-a76e-ab8e2f2859c5,f4a320be-b7e3-4c01-a50c-8988f3d306d3,Faded Army / XXL,CINK-1724500-XXL,1725,Faded Army,XXL,1724500,1724500
14974914-d9ae-48ea-a9b2-47a517006324,28558fcb-262d-40f6-b7b1-7935bc9dd6eb,White / S,CINK-173100-S,1115,White,S,173100,173100
9e8dc8ef-3466-4901-830b-523eb1e07a45,28558fcb-262d-40f6-b7b1-7935bc9dd6eb,White / M,CINK-173100-M,1115,White,M,173100,173100
84a71226-7266-439c-aebf-8da197fe05ff,28558fcb-262d-40f6-b7b1-7935bc9dd6eb,White / L,CINK-173100-L,1115,White,L,173100,173100
7ee4de22-3c6b-4144-baf2-50469af15cbc,28558fcb-262d-40f6-b7b1-7935bc9dd6eb,White / XL,CINK-173100-XL,1115,White,XL,173100,173100
657ba279-edf4-487b-80ee-87dda9887da7,28558fcb-262d-40f6-b7b1-7935bc9dd6eb,White / XXL,CINK-173100-XXL,1115,White,XXL,173100,173100
69781a9c-f475-45d0-8795-47fdd71056b0,28558fcb-262d-40f6-b7b1-7935bc9dd6eb,Solid White Blend / S,CINK-173127-S,1115,Solid White Blend,S,173100,173127
1fa1d0d9-4bfe-400d-8df8-fa413cdd33bb,28558fcb-262d-40f6-b7b1-7935bc9dd6eb,Solid White Blend / M,CINK-173127-M,1115,Solid White Blend,M,173100,173127
8d6d6e3b-77d4-4e08-ba8b-3c956a4ecdc5,28558fcb-262d-40f6-b7b1-7935bc9dd6eb,Solid White Blend / L,CINK-173127-L,1115,Solid White Blend,L,173100,173127
1b9be3f1-1da3-49db-8525-f243147c74ba,28558fcb-262d-40f6-b7b1-7935bc9dd6eb,Solid White Blend / XL,CINK-173127-XL,1115,Solid White Blend,XL,173100,173127
6a0334fd-1499-4171-b031-25ab3c668bac,28558fcb-262d-40f6-b7b1-7935bc9dd6eb,Solid White Blend / XXL,CINK-173127-XXL,1115,Solid White Blend,XXL,173100,173127
243c380c-0417-4e15-be95-9f214a08ed97,28558fcb-262d-40f6-b7b1-7935bc9dd6eb,Silver / S,CINK-173125-S,1115,Silver,S,173100,173125
839ec0e4-ab6e-4893-bd21-8db588021eb1,28558fcb-262d-40f6-b7b1-7935bc9dd6eb,Silver / M,CINK-173125-M,1115,Silver,M,173100,173125
457ed68d-65e7-4298-b108-9ac84154132d,28558fcb-262d-40f6-b7b1-7935bc9dd6eb,Silver / L,CINK-173125-L,1115,Silver,L,173100,173125
85a382df-5719-4141-a651-21173a07868f,28558fcb-262d-40f6-b7b1-7935bc9dd6eb,Silver / XL,CINK-173125-XL,1115,Silver,XL,173100,173125
eb8bd416-30cd-4e58-a4a5-b04bbe2d18b0,28558fcb-262d-40f6-b7b1-7935bc9dd6eb,Silver / XXL,CINK-173125-XXL,1115,Silver,XXL,173100,173125
d8322a51-a212-47b4-ad34-df5eeeffe852,28558fcb-262d-40f6-b7b1-7935bc9dd6eb,Athletic Heather / S,CINK-173113-S,1115,Athletic Heather,S,173100,173113
e9502919-c9c7-493e-a51a-8f3a1825ec43,28558fcb-262d-40f6-b7b1-7935bc9dd6eb,Athletic Heather / M,CINK-173113-M,1115,Athletic Heather,M,173100,173113
4d369048-c298-4f9f-950a-37c6172d5dc6,28558fcb-262d-40f6-b7b1-7935bc9dd6eb,Athletic Heather / L,CINK-173113-L,1115,Athletic Heather,L,173100,173113
1fc4bd48-3687-4760-ba35-ee39a8194c07,28558fcb-262d-40f6-b7b1-7935bc9dd6eb,Athletic Heather / XL,CINK-173113-XL,1115,Athletic Heather,XL,173100,173113
e42b42de-6458-4e93-945c-d0b97bba9c0d,28558fcb-262d-40f6-b7b1-7935bc9dd6eb,Athletic Heather / XXL,CINK-173113-XXL,1115,Athletic Heather,XXL,173100,173113
49bf8e35-b41a-4e84-a061-cbf3b2288116,28558fcb-262d-40f6-b7b1-7935bc9dd6eb,Asphalt / S,CINK-173112-S,1115,Asphalt,S,173100,173112
055e1c9f-bfe9-48ed-8197-5baf65ef02da,28558fcb-262d-40f6-b7b1-7935bc9dd6eb,Asphalt / M,CINK-173112-M,1115,Asphalt,M,173100,173112
deb12728-0775-4f43-b6b5-aeddfe2c739b,28558fcb-262d-40f6-b7b1-7935bc9dd6eb,Asphalt / L,CINK-173112-L,1115,Asphalt,L,173100,173112
5c69cff4-5529-413a-a20e-242e3f3720fb,28558fcb-262d-40f6-b7b1-7935bc9dd6eb,Asphalt / XL,CINK-173112-XL,1115,Asphalt,XL,173100,173112
3d29c26c-aff4-4dfd-9d10-656c297dce11,28558fcb-262d-40f6-b7b1-7935bc9dd6eb,Asphalt / XXL,CINK-173112-XXL,1115,Asphalt,XXL,173100,173112
4294aeac-aebf-4467-a38b-1773d05fd46f,28558fcb-262d-40f6-b7b1-7935bc9dd6eb,Dark Grey / S,CINK-173120-S,1115,Dark Grey,S,173100,173120
055e4982-abae-41f5-933b-10563ed1c2ed,28558fcb-262d-40f6-b7b1-7935bc9dd6eb,Dark Grey / M,CINK-173120-M,1115,Dark Grey,M,173100,173120
acecd8fd-77c8-4dc2-93bf-2e1ea3d04cc9,28558fcb-262d-40f6-b7b1-7935bc9dd6eb,Dark Grey / L,CINK-173120-L,1115,Dark Grey,L,173100,173120
9b537a13-b3ab-4334-9c3b-d9a03418a5bb,28558fcb-262d-40f6-b7b1-7935bc9dd6eb,Dark Grey / XL,CINK-173120-XL,1115,Dark Grey,XL,173100,173120
6fcd27ce-bbfd-45d5-bc15-e8425164f1d5,28558fcb-262d-40f6-b7b1-7935bc9dd6eb,Dark Grey / XXL,CINK-173120-XXL,1115,Dark Grey,XXL,173100,173120
442a89d4-c76f-4e02-aaa8-a3f55515f1d2,2fe9bab8-a8c6-4ced-aff6-ad0817debe6a,White / YXS,CINK-138800-YXS,790,White,YXS,138800,138800
88ee8d04-2e5d-44cd-b13f-0c40218bd27b,2fe9bab8-a8c6-4ced-aff6-ad0817debe6a,White / YS,CINK-138800-YS,790,White,YS,138800,138800
7a96d0aa-944d-4278-b246-1cae6731f261,2fe9bab8-a8c6-4ced-aff6-ad0817debe6a,White / YM,CINK-138800-YM,790,White,YM,138800,138800
568aa3fb-9916-4437-b6a1-1459277e1fda,2fe9bab8-a8c6-4ced-aff6-ad0817debe6a,White / YL,CINK-138800-YL,790,White,YL,138800,138800
3202acd4-c24c-46ee-a2bd-66fd7f067c80,2fe9bab8-a8c6-4ced-aff6-ad0817debe6a,White / YXL,CINK-138800-YXL,790,White,YXL,138800,138800
f5a3c6f9-9334-4a27-8db3-36fd7ea646b2,2fe9bab8-a8c6-4ced-aff6-ad0817debe6a,Black / YXS,CINK-138802-YXS,790,Black,YXS,138800,138802
9f5f91bf-e847-4417-83fa-62672bcb5626,2fe9bab8-a8c6-4ced-aff6-ad0817debe6a,Black / YS,CINK-138802-YS,790,Black,YS,138800,138802
89893eb1-5187-4ab3-a569-a9431aafe0a3,2fe9bab8-a8c6-4ced-aff6-ad0817debe6a,Black / YM,CINK-138802-YM,790,Black,YM,138800,138802
b991dd42-7666-49e5-b5f0-279bdc9eddd4,2fe9bab8-a8c6-4ced-aff6-ad0817debe6a,Black / YL,CINK-138802-YL,790,Black,YL,138800,138802
322196a0-f012-4c0c-8319-4bc38e3bf743,2fe9bab8-a8c6-4ced-aff6-ad0817debe6a,Black / YXL,CINK-138802-YXL,790,Black,YXL,138800,138802
fab13d8e-53be-4f4c-b477-02c4d71a630b,2fe9bab8-a8c6-4ced-aff6-ad0817debe6a,Black Heather / YXS,CINK-138846-YXS,790,Black Heather,YXS,138800,138846
2c81ecc5-fa7b-484f-beb1-97bcf6b1e2ef,2fe9bab8-a8c6-4ced-aff6-ad0817debe6a,Black Heather / YS,CINK-138846-YS,790,Black Heather,YS,138800,138846
5dd6d2a5-fee9-4380-94e2-5e9396c86c08,2fe9bab8-a8c6-4ced-aff6-ad0817debe6a,Black Heather / YM,CINK-138846-YM,790,Black Heather,YM,138800,138846
6465bb86-ae0f-4353-bcd1-730ccf44a087,2fe9bab8-a8c6-4ced-aff6-ad0817debe6a,Black Heather / YL,CINK-138846-YL,790,Black Heather,YL,138800,138846
a67cbc4f-ff4a-43b9-add7-a45b57be218d,2fe9bab8-a8c6-4ced-aff6-ad0817debe6a,Black Heather / YXL,CINK-138846-YXL,790,Black Heather,YXL,138800,138846
ec049ebf-1d66-4bd6-91b0-2d820ecec75c,2fe9bab8-a8c6-4ced-aff6-ad0817debe6a,Charcoal Grey / YXS,CINK-138856-YXS,790,Charcoal Grey,YXS,138800,138856
079fca75-93bf-43c3-92ed-7fbe47276af7,2fe9bab8-a8c6-4ced-aff6-ad0817debe6a,Charcoal Grey / YS,CINK-138856-YS,790,Charcoal Grey,YS,138800,138856
19c7840f-aacb-432a-bada-b722a5a5259b,2fe9bab8-a8c6-4ced-aff6-ad0817debe6a,Charcoal Grey / YM,CINK-138856-YM,790,Charcoal Grey,YM,138800,138856
3c19163b-be3a-48b3-a542-87425a3cf647,2fe9bab8-a8c6-4ced-aff6-ad0817debe6a,Charcoal Grey / YL,CINK-138856-YL,790,Charcoal Grey,YL,138800,138856
db3ae916-4a77-49b6-ad8f-e561d3ed3fb9,2fe9bab8-a8c6-4ced-aff6-ad0817debe6a,Charcoal Grey / YXL,CINK-138856-YXL,790,Charcoal Grey,YXL,138800,138856
a24a4d56-6fc3-4f59-9019-d554ca3a2bca,2fe9bab8-a8c6-4ced-aff6-ad0817debe6a,Oxford / YXS,CINK-138804-YXS,790,Oxford,YXS,138800,138804
ce00f3ac-6f9a-4bf3-8c00-68bc1e511bf9,2fe9bab8-a8c6-4ced-aff6-ad0817debe6a,Oxford / YS,CINK-138804-YS,790,Oxford,YS,138800,138804
78bdac4c-d31c-4e7c-ace9-846f331aa113,2fe9bab8-a8c6-4ced-aff6-ad0817debe6a,Oxford / YM,CINK-138804-YM,790,Oxford,YM,138800,138804
20c1118a-7c20-4fe5-9b59-40de8e16247c,2fe9bab8-a8c6-4ced-aff6-ad0817debe6a,Oxford / YL,CINK-138804-YL,790,Oxford,YL,138800,138804
9e594903-5a5d-448e-b013-407d1de26ebb,2fe9bab8-a8c6-4ced-aff6-ad0817debe6a,Oxford / YXL,CINK-138804-YXL,790,Oxford,YXL,138800,138804
4001f478-ca57-4983-80b0-13d36c558185,2fe9bab8-a8c6-4ced-aff6-ad0817debe6a,Athletic Heather / YXS,CINK-138864-YXS,790,Athletic Heather,YXS,138800,138864
f95261a2-2430-4dd1-9348-74cf5ab9b766,2fe9bab8-a8c6-4ced-aff6-ad0817debe6a,Athletic Heather / YS,CINK-138864-YS,790,Athletic Heather,YS,138800,138864
cf51519d-f2ab-4d11-9196-7a22000821e3,2fe9bab8-a8c6-4ced-aff6-ad0817debe6a,Athletic Heather / YM,CINK-138864-YM,790,Athletic Heather,YM,138800,138864
596c0e4e-8155-4339-91e1-a024d34ac3e5,2fe9bab8-a8c6-4ced-aff6-ad0817debe6a,Athletic Heather / YL,CINK-138864-YL,790,Athletic Heather,YL,138800,138864
48a1d311-41b4-4b14-9ccc-0eb9b988c08c,2fe9bab8-a8c6-4ced-aff6-ad0817debe6a,Athletic Heather / YXL,CINK-138864-YXL,790,Athletic Heather,YXL,138800,138864
ea50c20f-8883-4f2b-9935-475d17494858,66bf6d36-74fd-455a-b029-203e97259b77,White / YXS,CINK-1678200-YXS,750,White,YXS,1678200,1678200
7d54086b-e2f2-4ab1-86c7-a056290871fc,66bf6d36-74fd-455a-b029-203e97259b77,White / YS,CINK-1678200-YS,750,White,YS,1678200,1678200
7422bd7a-4ddc-4198-b843-8a614f9eea25,66bf6d36-74fd-455a-b029-203e97259b77,White / YM,CINK-1678200-YM,750,White,YM,1678200,1678200
e78ddfff-b079-4848-bf0b-bdf4861c7ec6,66bf6d36-74fd-455a-b029-203e97259b77,White / YL,CINK-1678200-YL,750,White,YL,1678200,1678200
c3b04605-4a09-4c3f-af94-96b421bfb128,66bf6d36-74fd-455a-b029-203e97259b77,White / YXL,CINK-1678200-YXL,750,White,YXL,1678200,1678200
b565a173-fd9f-4e8c-8a41-8c6e2e9e8a15,66bf6d36-74fd-455a-b029-203e97259b77,Natural / S,CINK-1678219-S,750,Natural,S,1678200,1678219
a25c6da3-8dd4-4d89-bb0d-1df24b9b81b1,66bf6d36-74fd-455a-b029-203e97259b77,Natural / M,CINK-1678219-M,750,Natural,M,1678200,1678219
c39bd7c2-3be9-44b7-a095-abaca180422a,66bf6d36-74fd-455a-b029-203e97259b77,Natural / L,CINK-1678219-L,750,Natural,L,1678200,1678219
f46e17e9-9922-417d-a5c8-6c41d074b572,66bf6d36-74fd-455a-b029-203e97259b77,Natural / XL,CINK-1678219-XL,750,Natural,XL,1678200,1678219
bb08115e-28f0-49dd-89d7-bed0f4cd8607,66bf6d36-74fd-455a-b029-203e97259b77,Natural / XXL,CINK-1678219-XXL,750,Natural,XXL,1678200,1678219
837d773f-04c6-471d-b1a9-e3cd88695001,66bf6d36-74fd-455a-b029-203e97259b77,Black / YXS,CINK-1678204-YXS,750,Black,YXS,1678200,1678204
57be44c6-f2a3-4902-af16-753a0a19910d,66bf6d36-74fd-455a-b029-203e97259b77,Black / YS,CINK-1678204-YS,750,Black,YS,1678200,1678204
a8e868cc-e0cf-452a-904a-bf0a98543c27,66bf6d36-74fd-455a-b029-203e97259b77,Black / YM,CINK-1678204-YM,750,Black,YM,1678200,1678204
ae14410e-c181-4507-a5b7-a04205cfc80d,66bf6d36-74fd-455a-b029-203e97259b77,Black / YL,CINK-1678204-YL,750,Black,YL,1678200,1678204
6a458980-ea90-4a4e-9353-8862a6888100,66bf6d36-74fd-455a-b029-203e97259b77,Black / YXL,CINK-1678204-YXL,750,Black,YXL,1678200,1678204
f765c067-10b0-478c-806e-8fd6e33fbbfb,66bf6d36-74fd-455a-b029-203e97259b77,Charcoal / YXS,CINK-1678233-YXS,750,Charcoal,YXS,1678200,1678233
e35533a4-1be1-4e18-b70e-08653364b19b,66bf6d36-74fd-455a-b029-203e97259b77,Charcoal / YS,CINK-1678233-YS,750,Charcoal,YS,1678200,1678233
8cb5f6ce-74bb-4b43-b585-86076a24c74e,66bf6d36-74fd-455a-b029-203e97259b77,Charcoal / YM,CINK-1678233-YM,750,Charcoal,YM,1678200,1678233
7643fa84-89d1-4b5f-9b0c-1b5675995bee,66bf6d36-74fd-455a-b029-203e97259b77,Charcoal / YL,CINK-1678233-YL,750,Charcoal,YL,1678200,1678233
e54f1bde-c908-46fa-a9fc-bcd4e334c6df,66bf6d36-74fd-455a-b029-203e97259b77,Charcoal / YXL,CINK-1678233-YXL,750,Charcoal,YXL,1678200,1678233
7477c348-e330-40a6-9d9b-7b064cf5071b,66bf6d36-74fd-455a-b029-203e97259b77,Dark Heather / S,CINK-1678250-S,750,Dark Heather,S,1678200,1678250
868aa656-1bb9-458d-a69e-89cd9a2f04b4,66bf6d36-74fd-455a-b029-203e97259b77,Dark Heather / M,CINK-1678250-M,750,Dark Heather,M,1678200,1678250
947f6353-88cd-43f6-a54c-e0727a0ee6e0,66bf6d36-74fd-455a-b029-203e97259b77,Dark Heather / L,CINK-1678250-L,750,Dark Heather,L,1678200,1678250
c67d4795-31d6-4b2a-997d-d24489575527,66bf6d36-74fd-455a-b029-203e97259b77,Dark Heather / XL,CINK-1678250-XL,750,Dark Heather,XL,1678200,1678250
8feb88ae-cff7-42e1-acb0-cd6ef03290da,66bf6d36-74fd-455a-b029-203e97259b77,Dark Heather / XXL,CINK-1678250-XXL,750,Dark Heather,XXL,1678200,1678250
eb8df42c-8bed-4d75-a3f7-4a67e2bc7d33,66bf6d36-74fd-455a-b029-203e97259b77,Sports Grey / YXS,CINK-1678232-YXS,750,Sports Grey,YXS,1678200,1678232
17cd572d-7bf3-4953-97b7-190d2551a8db,66bf6d36-74fd-455a-b029-203e97259b77,Sports Grey / YS,CINK-1678232-YS,750,Sports Grey,YS,1678200,1678232
884b63c1-7bed-4d44-9b83-e584be6f9a6f,66bf6d36-74fd-455a-b029-203e97259b77,Sports Grey / YM,CINK-1678232-YM,750,Sports Grey,YM,1678200,1678232
d6be3d66-6d5f-43a6-b2cc-d146d8344403,66bf6d36-74fd-455a-b029-203e97259b77,Sports Grey / YL,CINK-1678232-YL,750,Sports Grey,YL,1678200,1678232
1c68d6f7-c43d-4a9a-b1ec-7bfc760631cb,66bf6d36-74fd-455a-b029-203e97259b77,Sports Grey / YXL,CINK-1678232-YXL,750,Sports Grey,YXL,1678200,1678232
1f68a6d4-7a48-45f0-9de8-6a9a8c7ef4f9,b92d394b-47d1-4df9-b7f7-76ead412db49,White / YXS,CINK-1567900-YXS,1470,White,YXS,1567900,1567900
aba65655-4c72-4462-ba6f-12095f59d5ca,b92d394b-47d1-4df9-b7f7-76ead412db49,White / YS,CINK-1567900-YS,1470,White,YS,1567900,1567900
48839314-1a3a-42d1-bfe4-de0a764bc121,b92d394b-47d1-4df9-b7f7-76ead412db49,White / YM,CINK-1567900-YM,1470,White,YM,1567900,1567900
f6c37794-09b5-4bd5-8fb1-2c17ba9256a3,b92d394b-47d1-4df9-b7f7-76ead412db49,White / YL,CINK-1567900-YL,1470,White,YL,1567900,1567900
8174d5f2-921b-4ba1-acdc-212c5313c0b6,b92d394b-47d1-4df9-b7f7-76ead412db49,White / YXL,CINK-1567900-YXL,1470,White,YXL,1567900,1567900
98c167ae-71bc-4f8e-8a08-e079570cc12e,b92d394b-47d1-4df9-b7f7-76ead412db49,Graphite Heather / YXS,CINK-1567907-YXS,1470,Graphite Heather,YXS,1567900,1567907
d57367fa-7eff-4176-92cd-4d65afd50d6b,b92d394b-47d1-4df9-b7f7-76ead412db49,Graphite Heather / YS,CINK-1567907-YS,1470,Graphite Heather,YS,1567900,1567907
21647d23-785b-482d-96c2-b9d07e4df315,b92d394b-47d1-4df9-b7f7-76ead412db49,Graphite Heather / YM,CINK-1567907-YM,1470,Graphite Heather,YM,1567900,1567907
3b575879-1eb6-49fe-b698-1f7483c51891,b92d394b-47d1-4df9-b7f7-76ead412db49,Graphite Heather / YL,CINK-1567907-YL,1470,Graphite Heather,YL,1567900,1567907
2c9a908c-16ba-40ba-9f86-41ee71262929,b92d394b-47d1-4df9-b7f7-76ead412db49,Graphite Heather / YXL,CINK-1567907-YXL,1470,Graphite Heather,YXL,1567900,1567907
561f9dd7-55f5-4403-9cdd-e5487dfb4c51,b92d394b-47d1-4df9-b7f7-76ead412db49,Coal Grey / S,CINK-1567920-S,1470,Coal Grey,S,1567900,1567920
afe1c58a-d89b-4704-85d0-08564d390363,b92d394b-47d1-4df9-b7f7-76ead412db49,Coal Grey / M,CINK-1567920-M,1470,Coal Grey,M,1567900,1567920
f151205d-3ba1-4aaf-812b-648845328a2f,b92d394b-47d1-4df9-b7f7-76ead412db49,Coal Grey / L,CINK-1567920-L,1470,Coal Grey,L,1567900,1567920
2594675a-e4ba-459b-95db-0225aa32dd54,b92d394b-47d1-4df9-b7f7-76ead412db49,Coal Grey / XL,CINK-1567920-XL,1470,Coal Grey,XL,1567900,1567920
942705bb-c9cd-4174-bffb-3271d5ea274f,b92d394b-47d1-4df9-b7f7-76ead412db49,Coal Grey / XXL,CINK-1567920-XXL,1470,Coal Grey,XXL,1567900,1567920
08e1462a-5ecd-4b89-b4cf-f3a4beb339dd,b92d394b-47d1-4df9-b7f7-76ead412db49,Black Heather / YXS,CINK-1567915-YXS,1470,Black Heather,YXS,1567900,1567915
c9551c08-d3ff-4179-8c51-38ecc32920ab,b92d394b-47d1-4df9-b7f7-76ead412db49,Black Heather / YS,CINK-1567915-YS,1470,Black Heather,YS,1567900,1567915
3264169e-9f2d-44ad-8232-8489e00b59da,b92d394b-47d1-4df9-b7f7-76ead412db49,Black Heather / YM,CINK-1567915-YM,1470,Black Heather,YM,1567900,1567915
46ebcb04-82d3-4406-8d6d-b16130719a01,b92d394b-47d1-4df9-b7f7-76ead412db49,Black Heather / YL,CINK-1567915-YL,1470,Black Heather,YL,1567900,1567915
94bc550c-d2b9-402e-9756-bd14c1cee75e,b92d394b-47d1-4df9-b7f7-76ead412db49,Black Heather / YXL,CINK-1567915-YXL,1470,Black Heather,YXL,1567900,1567915
e1985888-c554-48de-a628-66d2657739b4,b92d394b-47d1-4df9-b7f7-76ead412db49,Black / YXS,CINK-1567914-YXS,1470,Black,YXS,1567900,1567914
ec13c78a-4b70-41f5-a31b-c2c385453c85,b92d394b-47d1-4df9-b7f7-76ead412db49,Black / YS,CINK-1567914-YS,1470,Black,YS,1567900,1567914
08b181c8-14a2-4dfe-9324-84bcd68fcf62,b92d394b-47d1-4df9-b7f7-76ead412db49,Black / YM,CINK-1567914-YM,1470,Black,YM,1567900,1567914
369d28e6-b540-4d01-b870-357041acc23b,b92d394b-47d1-4df9-b7f7-76ead412db49,Black / YL,CINK-1567914-YL,1470,Black,YL,1567900,1567914
2be207ec-1fae-4d8a-805f-f99bac6e16f5,b92d394b-47d1-4df9-b7f7-76ead412db49,Black / YXL,CINK-1567914-YXL,1470,Black,YXL,1567900,1567914
27848806-4e21-43b1-9568-26e26704e3a4,b92d394b-47d1-4df9-b7f7-76ead412db49,Deep Navy / YXS,CINK-1567910-YXS,1470,Deep Navy,YXS,1567900,1567910
23c50126-39c7-4fcc-a1ef-db96c9231b66,b92d394b-47d1-4df9-b7f7-76ead412db49,Deep Navy / YS,CINK-1567910-YS,1470,Deep Navy,YS,1567900,1567910
fb056e13-0973-4d55-b14a-e83bb8138b05,b92d394b-47d1-4df9-b7f7-76ead412db49,Deep Navy / YM,CINK-1567910-YM,1470,Deep Navy,YM,1567900,1567910
d0ca41a6-a760-4e76-b8d3-a812fc4dd8b8,b92d394b-47d1-4df9-b7f7-76ead412db49,Deep Navy / YL,CINK-1567910-YL,1470,Deep Navy,YL,1567900,1567910
4e747d93-4eee-4c5c-b734-2d13cbde97d4,b92d394b-47d1-4df9-b7f7-76ead412db49,Deep Navy / YXL,CINK-1567910-YXL,1470,Deep Navy,YXL,1567900,1567910
741ef170-8b3f-4fda-84c5-f7a396ccfd6c,62f9c935-5ead-4f36-8721-7636dbf56395,Heather Grey / S,CINK-389800-S,4295,Heather Grey,S,389800,389800
cd75ed77-23ab-48f5-a041-20080e817189,62f9c935-5ead-4f36-8721-7636dbf56395,Heather Grey / M,CINK-389800-M,4295,Heather Grey,M,389800,389800
5e9ff66c-a192-4181-a50b-59fbe531e220,62f9c935-5ead-4f36-8721-7636dbf56395,Heather Grey / L,CINK-389800-L,4295,Heather Grey,L,389800,389800
6b5207f5-9e04-46e5-a759-21d6022607b9,62f9c935-5ead-4f36-8721-7636dbf56395,Heather Grey / XL,CINK-389800-XL,4295,Heather Grey,XL,389800,389800
0b8c2df9-ad8b-4273-8c97-95a0307ba5bd,62f9c935-5ead-4f36-8721-7636dbf56395,Heather Grey / XXL,CINK-389800-XXL,4295,Heather Grey,XXL,389800,389800
7a5e2a29-7a5a-4c86-a824-f22dc06044c6,62f9c935-5ead-4f36-8721-7636dbf56395,Carbon Heather / S,CINK-389807-S,4295,Carbon Heather,S,389800,389807
8be67e97-d8f3-4d3d-987a-7ceaed5abb05,62f9c935-5ead-4f36-8721-7636dbf56395,Carbon Heather / M,CINK-389807-M,4295,Carbon Heather,M,389800,389807
fd819047-d1dd-4f74-a01e-27aa8761dc36,62f9c935-5ead-4f36-8721-7636dbf56395,Carbon Heather / L,CINK-389807-L,4295,Carbon Heather,L,389800,389807
821e9d8b-c431-448f-93b4-83fd411a4e89,62f9c935-5ead-4f36-8721-7636dbf56395,Carbon Heather / XL,CINK-389807-XL,4295,Carbon Heather,XL,389800,389807
2fc1dd1d-4e81-42a8-a859-8a1c6912cc3e,62f9c935-5ead-4f36-8721-7636dbf56395,Carbon Heather / XXL,CINK-389807-XXL,4295,Carbon Heather,XXL,389800,389807
e1a643a2-7726-4e48-baf4-b668002eee9e,62f9c935-5ead-4f36-8721-7636dbf56395,Black / S,CINK-389802-S,4295,Black,S,389800,389802
9dbdc92f-a756-45c6-8b17-9635d367ace4,62f9c935-5ead-4f36-8721-7636dbf56395,Black / M,CINK-389802-M,4295,Black,M,389800,389802
4b3d91ac-5528-4519-8e9f-adba2fd08658,62f9c935-5ead-4f36-8721-7636dbf56395,Black / L,CINK-389802-L,4295,Black,L,389800,389802
ab89ce8f-2e22-46c9-803d-ef125763c530,62f9c935-5ead-4f36-8721-7636dbf56395,Black / XL,CINK-389802-XL,4295,Black,XL,389800,389802
de9cba48-c3f2-4820-81f7-0e4db6733787,62f9c935-5ead-4f36-8721-7636dbf56395,Black / XXL,CINK-389802-XXL,4295,Black,XXL,389800,389802
ee3cce0a-2583-4496-b01a-238ff8cd5d07,62f9c935-5ead-4f36-8721-7636dbf56395,Navy / S,CINK-389803-S,4295,Navy,S,389800,389803
db09bc1d-ee23-4a3f-b62c-dc38adf805d9,62f9c935-5ead-4f36-8721-7636dbf56395,Navy / M,CINK-389803-M,4295,Navy,M,389800,389803
7ec8196b-428f-4f92-bde2-cbe8e77fe3c3,62f9c935-5ead-4f36-8721-7636dbf56395,Navy / L,CINK-389803-L,4295,Navy,L,389800,389803
72de31b6-4da1-4e18-8150-0f40685901d4,62f9c935-5ead-4f36-8721-7636dbf56395,Navy / XL,CINK-389803-XL,4295,Navy,XL,389800,389803
fd7aa873-1787-462c-ab0f-3588def39119,62f9c935-5ead-4f36-8721-7636dbf56395,Navy / XXL,CINK-389803-XXL,4295,Navy,XXL,389800,389803
f3fdc405-09f7-4b66-9e2b-8e5db9188fef,62f9c935-5ead-4f36-8721-7636dbf56395,Bluestone / S,CINK-389804-S,4295,Bluestone,S,389800,389804
2f2f1ff0-7c80-45c8-95d4-f1bf29027793,62f9c935-5ead-4f36-8721-7636dbf56395,Bluestone / M,CINK-389804-M,4295,Bluestone,M,389800,389804
d4d95648-488f-4552-af3c-8e571a3cde92,62f9c935-5ead-4f36-8721-7636dbf56395,Bluestone / L,CINK-389804-L,4295,Bluestone,L,389800,389804
835f0049-868b-4d89-a943-87731bb247d9,62f9c935-5ead-4f36-8721-7636dbf56395,Bluestone / XL,CINK-389804-XL,4295,Bluestone,XL,389800,389804
7a163723-9861-4c2f-b13c-0626a68015fb,62f9c935-5ead-4f36-8721-7636dbf56395,Bluestone / XXL,CINK-389804-XXL,4295,Bluestone,XXL,389800,389804
6bb4b472-871c-457d-8296-d5665fed20db,62f9c935-5ead-4f36-8721-7636dbf56395,Lakeshore / S,CINK-389815-S,4295,Lakeshore,S,389800,389815
066e9468-bcae-48e4-a68b-9d6d33a5606b,62f9c935-5ead-4f36-8721-7636dbf56395,Lakeshore / M,CINK-389815-M,4295,Lakeshore,M,389800,389815
895c9510-7371-4f18-870c-6bf647e8025b,62f9c935-5ead-4f36-8721-7636dbf56395,Lakeshore / L,CINK-389815-L,4295,Lakeshore,L,389800,389815
c626adaf-c578-4829-b186-0d3e7365194f,62f9c935-5ead-4f36-8721-7636dbf56395,Lakeshore / XL,CINK-389815-XL,4295,Lakeshore,XL,389800,389815
bde8b8db-e8cf-49dd-9e44-31b9c5575bbc,62f9c935-5ead-4f36-8721-7636dbf56395,Lakeshore / XXL,CINK-389815-XXL,4295,Lakeshore,XXL,389800,389815
76286cfb-0c43-43c1-9065-d454b03674d5,2f4458ad-7652-45c4-ab76-6131ee329d03,White / S,CINK-336100-S,1510,White,S,336100,336100
b044a573-f3a5-4fc4-a03f-ae861dddc431,2f4458ad-7652-45c4-ab76-6131ee329d03,White / M,CINK-336100-M,1510,White,M,336100,336100
5076ed7c-1b53-4fa5-ba74-b1e865dd4095,2f4458ad-7652-45c4-ab76-6131ee329d03,White / L,CINK-336100-L,1510,White,L,336100,336100
fed37ae8-af9a-403f-97cd-c8390f36177c,2f4458ad-7652-45c4-ab76-6131ee329d03,White / XL,CINK-336100-XL,1510,White,XL,336100,336100
245743a7-a147-49df-83c8-0eeea2c13626,2f4458ad-7652-45c4-ab76-6131ee329d03,White / XXL,CINK-336100-XXL,1510,White,XXL,336100,336100
36316b8e-3773-497f-95aa-7d4143131b80,2f4458ad-7652-45c4-ab76-6131ee329d03,Silver Grey / S,CINK-336101-S,1510,Silver Grey,S,336100,336101
1fe46349-f7f5-4375-a06d-ef4bf5864645,2f4458ad-7652-45c4-ab76-6131ee329d03,Silver Grey / M,CINK-336101-M,1510,Silver Grey,M,336100,336101
35f4ff4a-9ec4-4a57-ad33-ae1e55127e1b,2f4458ad-7652-45c4-ab76-6131ee329d03,Silver Grey / L,CINK-336101-L,1510,Silver Grey,L,336100,336101
5a0cac9b-77d3-44aa-8827-ba07e5df860f,2f4458ad-7652-45c4-ab76-6131ee329d03,Silver Grey / XL,CINK-336101-XL,1510,Silver Grey,XL,336100,336101
fe6babc8-da32-4abc-b6b1-05489e5f9eb8,2f4458ad-7652-45c4-ab76-6131ee329d03,Silver Grey / XXL,CINK-336101-XXL,1510,Silver Grey,XXL,336100,336101
c71e9c5a-b156-4049-983b-93c9891e0590,2f4458ad-7652-45c4-ab76-6131ee329d03,Oxford Grey / S,CINK-336102-S,1510,Oxford Grey,S,336100,336102
89720cff-449e-4be5-aada-38fabd35cbe9,2f4458ad-7652-45c4-ab76-6131ee329d03,Oxford Grey / M,CINK-336102-M,1510,Oxford Grey,M,336100,336102
48a08744-ea1b-48c3-8d59-a2fccbd15f77,2f4458ad-7652-45c4-ab76-6131ee329d03,Oxford Grey / L,CINK-336102-L,1510,Oxford Grey,L,336100,336102
abb32086-9574-48a7-b2bd-0663f136a7ba,2f4458ad-7652-45c4-ab76-6131ee329d03,Oxford Grey / XL,CINK-336102-XL,1510,Oxford Grey,XL,336100,336102
e380557e-6af1-449a-88d1-c6f535e9e837,2f4458ad-7652-45c4-ab76-6131ee329d03,Oxford Grey / XXL,CINK-336102-XXL,1510,Oxford Grey,XXL,336100,336102
020985fb-5be0-4224-9d1a-31e087b8c8f4,2f4458ad-7652-45c4-ab76-6131ee329d03,Black / S,CINK-336103-S,1510,Black,S,336100,336103
4e6b70d8-649d-413b-9f40-b513f1ea55bc,2f4458ad-7652-45c4-ab76-6131ee329d03,Black / M,CINK-336103-M,1510,Black,M,336100,336103
cfb0fc8b-1850-457d-b006-08ebbf10be3b,2f4458ad-7652-45c4-ab76-6131ee329d03,Black / L,CINK-336103-L,1510,Black,L,336100,336103
a6e6ebe4-6acd-451c-851e-a101dc3079da,2f4458ad-7652-45c4-ab76-6131ee329d03,Black / XL,CINK-336103-XL,1510,Black,XL,336100,336103
bb412fcb-9849-4f7c-8be2-b5d6d84c79d6,2f4458ad-7652-45c4-ab76-6131ee329d03,Black / XXL,CINK-336103-XXL,1510,Black,XXL,336100,336103
8807dbc0-0e73-4b09-8a4d-91c35575ba1d,2f4458ad-7652-45c4-ab76-6131ee329d03,Navy / S,CINK-336104-S,1510,Navy,S,336100,336104
460ebccd-4d63-488d-aa02-1ce3d3c26920,2f4458ad-7652-45c4-ab76-6131ee329d03,Navy / M,CINK-336104-M,1510,Navy,M,336100,336104
3cdd7d38-6ee2-4382-8c37-ba69bdaa1317,2f4458ad-7652-45c4-ab76-6131ee329d03,Navy / L,CINK-336104-L,1510,Navy,L,336100,336104
2dc67d00-acd8-4640-bbc6-5263c1580a6c,2f4458ad-7652-45c4-ab76-6131ee329d03,Navy / XL,CINK-336104-XL,1510,Navy,XL,336100,336104
dc9c6776-ceb7-4ca7-91e6-5c2b4f1fc295,2f4458ad-7652-45c4-ab76-6131ee329d03,Navy / XXL,CINK-336104-XXL,1510,Navy,XXL,336100,336104
277be362-c778-46f0-8eed-58c41aae49aa,2f4458ad-7652-45c4-ab76-6131ee329d03,Fresh Olive / S,CINK-336106-S,1510,Fresh Olive,S,336100,336106
176836dc-b968-4f36-b71b-d9db2fc89a5b,2f4458ad-7652-45c4-ab76-6131ee329d03,Fresh Olive / M,CINK-336106-M,1510,Fresh Olive,M,336100,336106
bc70a892-7ea1-4412-ba55-2e0c9da86d8a,2f4458ad-7652-45c4-ab76-6131ee329d03,Fresh Olive / L,CINK-336106-L,1510,Fresh Olive,L,336100,336106
dbe72465-6323-47f9-9ef9-686db76f62a7,2f4458ad-7652-45c4-ab76-6131ee329d03,Fresh Olive / XL,CINK-336106-XL,1510,Fresh Olive,XL,336100,336106
18599c85-1c43-450c-ad52-92db1e1b6ee6,2f4458ad-7652-45c4-ab76-6131ee329d03,Fresh Olive / XXL,CINK-336106-XXL,1510,Fresh Olive,XXL,336100,336106
52ab1376-b9ee-4f0b-bf60-923f24a3118d,00a6549e-d0a8-4bc9-8e7c-9fa1f4def3e0,White / YS,CINK-1021000-YS,1405,White,YS,1021000,1021000
43b3d281-47a8-44a5-827b-97ce24fd15ad,00a6549e-d0a8-4bc9-8e7c-9fa1f4def3e0,White / YM,CINK-1021000-YM,1405,White,YM,1021000,1021000
d6090afc-72aa-4d7a-ac3a-fddbfe7d2978,00a6549e-d0a8-4bc9-8e7c-9fa1f4def3e0,White / YL,CINK-1021000-YL,1405,White,YL,1021000,1021000
d904ed75-deb2-488a-8f0f-c5ea4c9e2bde,00a6549e-d0a8-4bc9-8e7c-9fa1f4def3e0,White / YXL,CINK-1021000-YXL,1405,White,YXL,1021000,1021000
03a4e112-8d12-449d-bd81-6523c5d50f6e,00a6549e-d0a8-4bc9-8e7c-9fa1f4def3e0,White / XS,CINK-1021000-XS,1405,White,XS,1021000,1021000
3683f759-58a6-4966-8146-ab2dae794461,00a6549e-d0a8-4bc9-8e7c-9fa1f4def3e0,Ring Spun Sport Grey / S,CINK-1021020-S,1405,Ring Spun Sport Grey,S,1021000,1021020
8c310f57-3391-49ae-84c7-90224a8e6dd3,00a6549e-d0a8-4bc9-8e7c-9fa1f4def3e0,Ring Spun Sport Grey / M,CINK-1021020-M,1405,Ring Spun Sport Grey,M,1021000,1021020
263fe558-0331-473d-9931-161a83b84b61,00a6549e-d0a8-4bc9-8e7c-9fa1f4def3e0,Ring Spun Sport Grey / L,CINK-1021020-L,1405,Ring Spun Sport Grey,L,1021000,1021020
3cc70789-c511-4635-bf6d-7d865856b14e,00a6549e-d0a8-4bc9-8e7c-9fa1f4def3e0,Ring Spun Sport Grey / XL,CINK-1021020-XL,1405,Ring Spun Sport Grey,XL,1021000,1021020
c470e6f4-acfc-4143-9e4c-00fb2056b943,00a6549e-d0a8-4bc9-8e7c-9fa1f4def3e0,Ring Spun Sport Grey / XXL,CINK-1021020-XXL,1405,Ring Spun Sport Grey,XXL,1021000,1021020
041fb9ec-857d-440e-9e2b-2cb70b4154d9,00a6549e-d0a8-4bc9-8e7c-9fa1f4def3e0,Cement / YS,CINK-1021001-YS,1405,Cement,YS,1021000,1021001
6ff8ebad-53dd-4dcc-a3f6-73e50f577102,00a6549e-d0a8-4bc9-8e7c-9fa1f4def3e0,Cement / YM,CINK-1021001-YM,1405,Cement,YM,1021000,1021001
e158a262-6653-49f5-ba34-b25646a077bc,00a6549e-d0a8-4bc9-8e7c-9fa1f4def3e0,Cement / YL,CINK-1021001-YL,1405,Cement,YL,1021000,1021001
47755286-bbcd-4e01-94ea-0986e2146b6b,00a6549e-d0a8-4bc9-8e7c-9fa1f4def3e0,Cement / YXL,CINK-1021001-YXL,1405,Cement,YXL,1021000,1021001
1a259122-262d-47d8-84d5-7a83d0f224da,00a6549e-d0a8-4bc9-8e7c-9fa1f4def3e0,Cement / S,CINK-1021001-S,1405,Cement,S,1021000,1021001
20c9a488-16fa-4686-bb9a-5db40293c314,00a6549e-d0a8-4bc9-8e7c-9fa1f4def3e0,Gunmetal / S,CINK-1021002-S,1405,Gunmetal,S,1021000,1021002
1fae065c-fcf9-48bd-9cdb-32878a49ad97,00a6549e-d0a8-4bc9-8e7c-9fa1f4def3e0,Gunmetal / M,CINK-1021002-M,1405,Gunmetal,M,1021000,1021002
f3510f2c-3eba-493d-994f-5d2efab8825d,00a6549e-d0a8-4bc9-8e7c-9fa1f4def3e0,Gunmetal / L,CINK-1021002-L,1405,Gunmetal,L,1021000,1021002
903ac2c3-36e9-48f7-a759-6e76536c1b7f,00a6549e-d0a8-4bc9-8e7c-9fa1f4def3e0,Gunmetal / XL,CINK-1021002-XL,1405,Gunmetal,XL,1021000,1021002
d3421aa7-ffed-4df9-8ce1-6ecf8baa8f26,00a6549e-d0a8-4bc9-8e7c-9fa1f4def3e0,Gunmetal / XXL,CINK-1021002-XXL,1405,Gunmetal,XXL,1021000,1021002
ed94a167-862b-436b-bc94-f8fb5de4d528,00a6549e-d0a8-4bc9-8e7c-9fa1f4def3e0,Pitch Black Mist / YS,CINK-1021004-YS,1405,Pitch Black Mist,YS,1021000,1021004
ad69b262-aa68-43c1-bda7-a1f0bf4b0908,00a6549e-d0a8-4bc9-8e7c-9fa1f4def3e0,Pitch Black Mist / YM,CINK-1021004-YM,1405,Pitch Black Mist,YM,1021000,1021004
e5bc0c8e-a761-4af9-9774-6dcf02d3dd69,00a6549e-d0a8-4bc9-8e7c-9fa1f4def3e0,Pitch Black Mist / YL,CINK-1021004-YL,1405,Pitch Black Mist,YL,1021000,1021004
bf8dda84-a1e2-410b-98b6-ba847d505f84,00a6549e-d0a8-4bc9-8e7c-9fa1f4def3e0,Pitch Black Mist / YXL,CINK-1021004-YXL,1405,Pitch Black Mist,YXL,1021000,1021004
eec84cbc-1f01-4e2c-906a-f16f383a4102,00a6549e-d0a8-4bc9-8e7c-9fa1f4def3e0,Pitch Black Mist / S,CINK-1021004-S,1405,Pitch Black Mist,S,1021000,1021004
33b37835-0500-4c7b-8610-78b841603aa8,00a6549e-d0a8-4bc9-8e7c-9fa1f4def3e0,Pitch Black / YS,CINK-1021003-YS,1405,Pitch Black,YS,1021000,1021003
34d216ba-5792-4203-b6e2-f04faebbc692,00a6549e-d0a8-4bc9-8e7c-9fa1f4def3e0,Pitch Black / YM,CINK-1021003-YM,1405,Pitch Black,YM,1021000,1021003
64b1cea4-6752-463c-a5ea-4efd7e81fcdf,00a6549e-d0a8-4bc9-8e7c-9fa1f4def3e0,Pitch Black / YL,CINK-1021003-YL,1405,Pitch Black,YL,1021000,1021003
6fb707c2-b630-48eb-94c4-c74b6dd38aa8,00a6549e-d0a8-4bc9-8e7c-9fa1f4def3e0,Pitch Black / YXL,CINK-1021003-YXL,1405,Pitch Black,YXL,1021000,1021003
8bdca1a3-bb6b-4fb9-9a46-dd3b93091385,00a6549e-d0a8-4bc9-8e7c-9fa1f4def3e0,Pitch Black / XS,CINK-1021003-XS,1405,Pitch Black,XS,1021000,1021003
497017ef-f598-4954-9199-a9152ef6192d,28cbc374-a107-4216-b236-873e21258bf7,White / XXS,CINK-1798132-XXS,1315,White,XXS,1798100,1798132
65de8c91-1a3b-4ad5-966d-faac93648bc2,28cbc374-a107-4216-b236-873e21258bf7,White / XS,CINK-1798132-XS,1315,White,XS,1798100,1798132
ff53338a-5999-45e5-b911-1cd2b7602df9,28cbc374-a107-4216-b236-873e21258bf7,White / S,CINK-1798132-S,1315,White,S,1798100,1798132
54e4ad2b-5e07-4ce4-be40-d9acc6333de4,28cbc374-a107-4216-b236-873e21258bf7,White / M,CINK-1798132-M,1315,White,M,1798100,1798132
ea717bd2-81bb-4722-8f82-4e7ff2004bae,28cbc374-a107-4216-b236-873e21258bf7,White / L,CINK-1798132-L,1315,White,L,1798100,1798132
8f05d347-45fa-4900-9a15-a2412a39a2be,28cbc374-a107-4216-b236-873e21258bf7,Off White / XXS,CINK-1798124-XXS,1315,Off White,XXS,1798100,1798124
cf582a44-b11e-44c0-8452-bff273a8a29d,28cbc374-a107-4216-b236-873e21258bf7,Off White / XS,CINK-1798124-XS,1315,Off White,XS,1798100,1798124
fbfeba9b-87e5-4de1-b4fe-ba9b9dd4d67a,28cbc374-a107-4216-b236-873e21258bf7,Off White / S,CINK-1798124-S,1315,Off White,S,1798100,1798124
eb11176f-14d4-49d0-a1bf-0762eb6fd237,28cbc374-a107-4216-b236-873e21258bf7,Off White / M,CINK-1798124-M,1315,Off White,M,1798100,1798124
d5acabe2-f5b7-4fde-8b76-83f743f71793,28cbc374-a107-4216-b236-873e21258bf7,Off White / L,CINK-1798124-L,1315,Off White,L,1798100,1798124
bd5762ff-87de-436a-adfc-fd22d492e2ba,28cbc374-a107-4216-b236-873e21258bf7,Eco Heather / XXS,CINK-1798112-XXS,1315,Eco Heather,XXS,1798100,1798112
c3439a23-4ccd-4221-a86b-c11dcd07e49a,28cbc374-a107-4216-b236-873e21258bf7,Eco Heather / XS,CINK-1798112-XS,1315,Eco Heather,XS,1798100,1798112
f7326d99-6a92-4f10-bf19-5430b801d746,28cbc374-a107-4216-b236-873e21258bf7,Eco Heather / S,CINK-1798112-S,1315,Eco Heather,S,1798100,1798112
36bb79df-6863-465d-ad17-1b4a880ac4d6,28cbc374-a107-4216-b236-873e21258bf7,Eco Heather / M,CINK-1798112-M,1315,Eco Heather,M,1798100,1798112
e510a4ec-1942-4478-ad76-9efdbe505f87,28cbc374-a107-4216-b236-873e21258bf7,Eco Heather / L,CINK-1798112-L,1315,Eco Heather,L,1798100,1798112
aace8a3e-0886-4dc9-b7de-f49bdcd72bfc,28cbc374-a107-4216-b236-873e21258bf7,Natural Raw / XXS,CINK-1798122-XXS,1315,Natural Raw,XXS,1798100,1798122
e6a27901-7348-4947-9048-320d8fe3a2ae,28cbc374-a107-4216-b236-873e21258bf7,Natural Raw / XS,CINK-1798122-XS,1315,Natural Raw,XS,1798100,1798122
906ab420-3c62-49d7-9d6a-d161bc7e1f28,28cbc374-a107-4216-b236-873e21258bf7,Natural Raw / S,CINK-1798122-S,1315,Natural Raw,S,1798100,1798122
894b4ea6-3f65-4599-9355-44a300989544,28cbc374-a107-4216-b236-873e21258bf7,Natural Raw / M,CINK-1798122-M,1315,Natural Raw,M,1798100,1798122
5874aa2b-418f-4519-9c1c-45a8510afcf8,28cbc374-a107-4216-b236-873e21258bf7,Natural Raw / L,CINK-1798122-L,1315,Natural Raw,L,1798100,1798122
2a1b227b-c599-4257-b309-44645b04a62c,28cbc374-a107-4216-b236-873e21258bf7,Cool Heather Grey / XXS,CINK-1798108-XXS,1315,Cool Heather Grey,XXS,1798100,1798108
686da60e-04cf-4ba6-b63d-6275bb5f503a,28cbc374-a107-4216-b236-873e21258bf7,Cool Heather Grey / XS,CINK-1798108-XS,1315,Cool Heather Grey,XS,1798100,1798108
0fa2bc77-b2db-4480-a490-1e02be227b7b,28cbc374-a107-4216-b236-873e21258bf7,Cool Heather Grey / S,CINK-1798108-S,1315,Cool Heather Grey,S,1798100,1798108
6625c7a1-2d6a-4c39-80da-5dc520c5f0de,28cbc374-a107-4216-b236-873e21258bf7,Cool Heather Grey / M,CINK-1798108-M,1315,Cool Heather Grey,M,1798100,1798108
2e1d1aac-07a7-401c-895b-571c39f293a0,28cbc374-a107-4216-b236-873e21258bf7,Cool Heather Grey / L,CINK-1798108-L,1315,Cool Heather Grey,L,1798100,1798108
4f0ee57a-571c-4ade-a750-be3489622fe7,28cbc374-a107-4216-b236-873e21258bf7,Heather Grey / XXS,CINK-1798115-XXS,1315,Heather Grey,XXS,1798100,1798115
239bd3b4-d736-407e-813d-3ff65c2f724b,28cbc374-a107-4216-b236-873e21258bf7,Heather Grey / XS,CINK-1798115-XS,1315,Heather Grey,XS,1798100,1798115
1071c29a-14ba-4c8f-93f6-b95348c84d0d,28cbc374-a107-4216-b236-873e21258bf7,Heather Grey / S,CINK-1798115-S,1315,Heather Grey,S,1798100,1798115
40adfb47-9e27-45ee-a48e-c92510e6988f,28cbc374-a107-4216-b236-873e21258bf7,Heather Grey / M,CINK-1798115-M,1315,Heather Grey,M,1798100,1798115
746341ae-8d22-4513-b780-358aaee7caf7,28cbc374-a107-4216-b236-873e21258bf7,Heather Grey / L,CINK-1798115-L,1315,Heather Grey,L,1798100,1798115
8887db2a-e028-4426-8cbe-c4e8f542440e,bee48167-4d7d-4064-9a58-aab1bea0e493,White / YXS,CINK-172100-YXS,1100,White,YXS,172100,172100
52ef90be-e873-4a37-9c75-2f1dae517a24,bee48167-4d7d-4064-9a58-aab1bea0e493,White / YS,CINK-172100-YS,1100,White,YS,172100,172100
3a833e99-08e2-4932-bfea-b63634edc0e7,bee48167-4d7d-4064-9a58-aab1bea0e493,White / YM,CINK-172100-YM,1100,White,YM,172100,172100
bbec845c-4d5c-4576-82f0-732c7f678346,bee48167-4d7d-4064-9a58-aab1bea0e493,White / YL,CINK-172100-YL,1100,White,YL,172100,172100
0c8d93ce-9e1a-4bbd-893a-4dc50edaee4c,bee48167-4d7d-4064-9a58-aab1bea0e493,White / XS,CINK-172100-XS,1100,White,XS,172100,172100
bd466013-52ef-43bf-8f36-dabb4c9413be,bee48167-4d7d-4064-9a58-aab1bea0e493,Light Grey / YXS,CINK-172104-YXS,1100,Light Grey,YXS,172100,172104
931231b1-5782-495e-9a9a-b4a4a925180c,bee48167-4d7d-4064-9a58-aab1bea0e493,Light Grey / YS,CINK-172104-YS,1100,Light Grey,YS,172100,172104
48548a03-c06a-4ae8-a39b-16abaacef11f,bee48167-4d7d-4064-9a58-aab1bea0e493,Light Grey / YM,CINK-172104-YM,1100,Light Grey,YM,172100,172104
6862435f-7e21-433a-a2c9-45da1bb57459,bee48167-4d7d-4064-9a58-aab1bea0e493,Light Grey / YL,CINK-172104-YL,1100,Light Grey,YL,172100,172104
b20e0631-b31c-489c-9f07-caea16c0e33a,bee48167-4d7d-4064-9a58-aab1bea0e493,Light Grey / XS,CINK-172104-XS,1100,Light Grey,XS,172100,172104
e5a45432-c9e7-4866-aac4-e71fb9b1e6b2,bee48167-4d7d-4064-9a58-aab1bea0e493,Heather Grey / YXS,CINK-172101-YXS,1100,Heather Grey,YXS,172100,172101
1b3a06a1-ba6c-4aac-89cf-5b67a4ce5b64,bee48167-4d7d-4064-9a58-aab1bea0e493,Heather Grey / YS,CINK-172101-YS,1100,Heather Grey,YS,172100,172101
3f75f02c-1fa2-46f8-8794-6b8dc938b966,bee48167-4d7d-4064-9a58-aab1bea0e493,Heather Grey / YM,CINK-172101-YM,1100,Heather Grey,YM,172100,172101
863d3955-9616-4913-b8ae-eeb22ca3fce0,bee48167-4d7d-4064-9a58-aab1bea0e493,Heather Grey / YL,CINK-172101-YL,1100,Heather Grey,YL,172100,172101
84fe4051-87be-4bba-9dcc-c9d77c85a231,bee48167-4d7d-4064-9a58-aab1bea0e493,Heather Grey / XS,CINK-172101-XS,1100,Heather Grey,XS,172100,172101
8e2c980b-6422-4739-a9b8-09cc4198b4e0,bee48167-4d7d-4064-9a58-aab1bea0e493,Warm Grey / XS,CINK-172114-XS,1100,Warm Grey,XS,172100,172114
e7ee3317-a0f7-407e-a016-8e2604d4de5e,bee48167-4d7d-4064-9a58-aab1bea0e493,Warm Grey / S,CINK-172114-S,1100,Warm Grey,S,172100,172114
bbbe175f-bcb4-459a-8c8c-7fe33347a151,bee48167-4d7d-4064-9a58-aab1bea0e493,Warm Grey / M,CINK-172114-M,1100,Warm Grey,M,172100,172114
9381f51a-ca73-46f0-a0b7-3aaa14ed8a07,bee48167-4d7d-4064-9a58-aab1bea0e493,Warm Grey / L,CINK-172114-L,1100,Warm Grey,L,172100,172114
6d14b6aa-ed08-4d40-97c1-32ce99faf873,bee48167-4d7d-4064-9a58-aab1bea0e493,Warm Grey / XL,CINK-172114-XL,1100,Warm Grey,XL,172100,172114
5098a228-d0fd-44f9-b98f-aa5958887172,bee48167-4d7d-4064-9a58-aab1bea0e493,Heavy Metal / YXS,CINK-172103-YXS,1100,Heavy Metal,YXS,172100,172103
7dc3f2e3-3d5c-4841-9503-b9826ab05bdc,bee48167-4d7d-4064-9a58-aab1bea0e493,Heavy Metal / YS,CINK-172103-YS,1100,Heavy Metal,YS,172100,172103
a988e368-af52-4608-ae6c-b2c46b476d28,bee48167-4d7d-4064-9a58-aab1bea0e493,Heavy Metal / YM,CINK-172103-YM,1100,Heavy Metal,YM,172100,172103
e998971c-37d7-4ff1-bcad-df03ab3beac6,bee48167-4d7d-4064-9a58-aab1bea0e493,Heavy Metal / YL,CINK-172103-YL,1100,Heavy Metal,YL,172100,172103
4cf76f91-4cb8-422d-a0ef-35c92f32caaf,bee48167-4d7d-4064-9a58-aab1bea0e493,Heavy Metal / XS,CINK-172103-XS,1100,Heavy Metal,XS,172100,172103
0b44daab-92e1-4732-8319-b97117978289,bee48167-4d7d-4064-9a58-aab1bea0e493,Graphite Black / XS,CINK-172133-XS,1100,Graphite Black,XS,172100,172133
46f2611d-3c2f-4f53-b20a-3aea206bd1ab,bee48167-4d7d-4064-9a58-aab1bea0e493,Graphite Black / S,CINK-172133-S,1100,Graphite Black,S,172100,172133
7dec7eeb-9d3f-4e40-9ee0-63941c1cf829,bee48167-4d7d-4064-9a58-aab1bea0e493,Graphite Black / M,CINK-172133-M,1100,Graphite Black,M,172100,172133
322f1b8f-7594-436d-8ca6-bbc7ec54e81c,bee48167-4d7d-4064-9a58-aab1bea0e493,Graphite Black / L,CINK-172133-L,1100,Graphite Black,L,172100,172133
d0b810aa-2f3d-4b04-add4-4a1db600f3a9,bee48167-4d7d-4064-9a58-aab1bea0e493,Graphite Black / XL,CINK-172133-XL,1100,Graphite Black,XL,172100,172133
77131dd6-9f31-4287-acdf-8948f2ad5d82,a3cf64b9-70e0-489a-98af-fccb31154610,White / S,CINK-204500-S,1240,White,S,204500,204500
9ea2fdab-9420-40b5-8893-282f5b8d0dee,a3cf64b9-70e0-489a-98af-fccb31154610,White / M,CINK-204500-M,1240,White,M,204500,204500
f830cc7c-63cd-4457-a8e4-d05d880793fe,a3cf64b9-70e0-489a-98af-fccb31154610,White / L,CINK-204500-L,1240,White,L,204500,204500
32170178-06cc-42ab-926c-c75a51d0dea6,a3cf64b9-70e0-489a-98af-fccb31154610,White / XL,CINK-204500-XL,1240,White,XL,204500,204500
8e0652d8-5618-4045-b2c2-f22622b40034,a3cf64b9-70e0-489a-98af-fccb31154610,White / XXL,CINK-204500-XXL,1240,White,XXL,204500,204500
576c0d60-041a-47b4-a0d2-5cfca9ae9109,a3cf64b9-70e0-489a-98af-fccb31154610,Black / S,CINK-204501-S,1240,Black,S,204500,204501
e6ef2d53-ec5a-4e04-a78d-1da4a2e77daa,a3cf64b9-70e0-489a-98af-fccb31154610,Black / M,CINK-204501-M,1240,Black,M,204500,204501
0170a4ce-ff0d-4aff-ba91-60c3be9b0f1b,a3cf64b9-70e0-489a-98af-fccb31154610,Black / L,CINK-204501-L,1240,Black,L,204500,204501
486815d9-6c3a-48ee-a257-e6a822e7b0e4,a3cf64b9-70e0-489a-98af-fccb31154610,Black / XL,CINK-204501-XL,1240,Black,XL,204500,204501
cd505a22-b495-40e7-966c-e39ad06a68e3,a3cf64b9-70e0-489a-98af-fccb31154610,Black / XXL,CINK-204501-XXL,1240,Black,XXL,204500,204501
66d33739-d07d-4b1c-a19c-98b61c1420ba,a3cf64b9-70e0-489a-98af-fccb31154610,Graphite / S,CINK-204502-S,1240,Graphite,S,204500,204502
cdfab69f-8a9b-41a2-8afe-d365eaf4f791,a3cf64b9-70e0-489a-98af-fccb31154610,Graphite / M,CINK-204502-M,1240,Graphite,M,204500,204502
bf370374-752a-4abf-8da2-a06f1a839427,a3cf64b9-70e0-489a-98af-fccb31154610,Graphite / L,CINK-204502-L,1240,Graphite,L,204500,204502
63ece28d-c476-45be-9beb-290de599486e,a3cf64b9-70e0-489a-98af-fccb31154610,Graphite / XL,CINK-204502-XL,1240,Graphite,XL,204500,204502
c08fbff5-0bd7-4ece-8704-ed006a46ffc0,a3cf64b9-70e0-489a-98af-fccb31154610,Graphite / XXL,CINK-204502-XXL,1240,Graphite,XXL,204500,204502
9999b9bc-91fe-4fc2-a372-d4cfa1b23403,a3cf64b9-70e0-489a-98af-fccb31154610,Navy / S,CINK-204503-S,1240,Navy,S,204500,204503
e5d35e77-873c-416a-a909-a7712681857a,a3cf64b9-70e0-489a-98af-fccb31154610,Navy / M,CINK-204503-M,1240,Navy,M,204500,204503
8634bdcc-5dcf-4179-9ca6-a32f657e1abc,a3cf64b9-70e0-489a-98af-fccb31154610,Navy / L,CINK-204503-L,1240,Navy,L,204500,204503
14c83d9c-a054-4b3c-815e-3e9cc1581dee,a3cf64b9-70e0-489a-98af-fccb31154610,Navy / XL,CINK-204503-XL,1240,Navy,XL,204500,204503
be56097a-09a7-4a15-a5fd-e7f427e0f745,a3cf64b9-70e0-489a-98af-fccb31154610,Navy / XXL,CINK-204503-XXL,1240,Navy,XXL,204500,204503
19fb929c-ae4e-40be-9a5d-ac93b58cd587,a3cf64b9-70e0-489a-98af-fccb31154610,Deep Royal / S,CINK-204504-S,1240,Deep Royal,S,204500,204504
9124759e-9296-4225-94b6-1b6cd2f02b42,a3cf64b9-70e0-489a-98af-fccb31154610,Deep Royal / M,CINK-204504-M,1240,Deep Royal,M,204500,204504
c78b7c97-bd58-417c-bf48-a6dd0e64b8cd,a3cf64b9-70e0-489a-98af-fccb31154610,Deep Royal / L,CINK-204504-L,1240,Deep Royal,L,204500,204504
45283d61-3024-458c-8fe0-80bfc4146ab8,a3cf64b9-70e0-489a-98af-fccb31154610,Deep Royal / XL,CINK-204504-XL,1240,Deep Royal,XL,204500,204504
15258568-c892-4e30-b3ff-b198f8e342ca,a3cf64b9-70e0-489a-98af-fccb31154610,Deep Royal / XXL,CINK-204504-XXL,1240,Deep Royal,XXL,204500,204504
4a1ca04c-14b8-4cf1-8017-acb3c263fb29,a3cf64b9-70e0-489a-98af-fccb31154610,Light Blue / S,CINK-204505-S,1240,Light Blue,S,204500,204505
08347ba8-7366-4594-8446-7e9f581d5fcc,a3cf64b9-70e0-489a-98af-fccb31154610,Light Blue / M,CINK-204505-M,1240,Light Blue,M,204500,204505
f6ad20bd-ef3f-4762-91c4-5d4c7e22856c,a3cf64b9-70e0-489a-98af-fccb31154610,Light Blue / L,CINK-204505-L,1240,Light Blue,L,204500,204505
eb10ecfd-12a9-4f00-b695-ec9a9a9dc0e1,a3cf64b9-70e0-489a-98af-fccb31154610,Light Blue / XL,CINK-204505-XL,1240,Light Blue,XL,204500,204505
e5a45518-9354-4bba-a2a9-352488e1c42b,a3cf64b9-70e0-489a-98af-fccb31154610,Light Blue / XXL,CINK-204505-XXL,1240,Light Blue,XXL,204500,204505
f35c75b2-892a-445d-8092-cf982ded100d,ace7a9dc-5891-49bf-ad5b-bc887baf10dc,White / XS,CINK-176800-XS,1420,White,XS,176800,176800
338a876d-3740-4fde-a0e4-63882fd20c3d,ace7a9dc-5891-49bf-ad5b-bc887baf10dc,White / S,CINK-176800-S,1420,White,S,176800,176800
dbbe89bf-5dae-4888-a7b7-7c341d5887f3,ace7a9dc-5891-49bf-ad5b-bc887baf10dc,White / M,CINK-176800-M,1420,White,M,176800,176800
b99ca073-ce17-4899-a7fd-1cb411d12b95,ace7a9dc-5891-49bf-ad5b-bc887baf10dc,White / L,CINK-176800-L,1420,White,L,176800,176800
97cc838c-6e11-4ab1-be70-c99bbc6e474a,ace7a9dc-5891-49bf-ad5b-bc887baf10dc,White / XL,CINK-176800-XL,1420,White,XL,176800,176800
236935ac-4cdf-43cc-b4db-3b99f3c22963,ace7a9dc-5891-49bf-ad5b-bc887baf10dc,Black / XS,CINK-176801-XS,1420,Black,XS,176800,176801
87464233-c9a8-466a-8e86-1c1050372d44,ace7a9dc-5891-49bf-ad5b-bc887baf10dc,Black / S,CINK-176801-S,1420,Black,S,176800,176801
c5bec9cf-0198-4300-9183-519db3042832,ace7a9dc-5891-49bf-ad5b-bc887baf10dc,Black / M,CINK-176801-M,1420,Black,M,176800,176801
43e6ba81-6f25-4bca-876d-febe16701964,ace7a9dc-5891-49bf-ad5b-bc887baf10dc,Black / L,CINK-176801-L,1420,Black,L,176800,176801
8b95beb3-53a8-46e9-9f7d-6bd0a02cf824,ace7a9dc-5891-49bf-ad5b-bc887baf10dc,Black / XL,CINK-176801-XL,1420,Black,XL,176800,176801
d67a2aa8-dec2-4e68-8553-666b3f6081e8,ace7a9dc-5891-49bf-ad5b-bc887baf10dc,Dark Heather / S,CINK-176806-S,1420,Dark Heather,S,176800,176806
72fbbeca-5baf-40d3-a533-2b06828c9064,ace7a9dc-5891-49bf-ad5b-bc887baf10dc,Dark Heather / M,CINK-176806-M,1420,Dark Heather,M,176800,176806
98bb7079-3863-4084-ab59-43149f09bcd7,ace7a9dc-5891-49bf-ad5b-bc887baf10dc,Dark Heather / L,CINK-176806-L,1420,Dark Heather,L,176800,176806
1e48162d-aa9e-4a8b-a5ed-c9b4dfab8e70,ace7a9dc-5891-49bf-ad5b-bc887baf10dc,Dark Heather / XL,CINK-176806-XL,1420,Dark Heather,XL,176800,176806
1545a9c9-73dc-4925-8064-92c55a0d75af,ace7a9dc-5891-49bf-ad5b-bc887baf10dc,Dark Heather / XXL,CINK-176806-XXL,1420,Dark Heather,XXL,176800,176806
adf07292-ba70-45c0-bdd7-5d897bb505fb,ace7a9dc-5891-49bf-ad5b-bc887baf10dc,Sports Grey / S,CINK-176802-S,1420,Sports Grey,S,176800,176802
0fa05fda-661b-4556-878a-3f0bdaf9a60c,ace7a9dc-5891-49bf-ad5b-bc887baf10dc,Sports Grey / M,CINK-176802-M,1420,Sports Grey,M,176800,176802
37094bd4-da17-42f5-acc6-3332c96cb79a,ace7a9dc-5891-49bf-ad5b-bc887baf10dc,Sports Grey / L,CINK-176802-L,1420,Sports Grey,L,176800,176802
66f4be5b-99a5-473d-9c79-388f552bec2d,ace7a9dc-5891-49bf-ad5b-bc887baf10dc,Sports Grey / XL,CINK-176802-XL,1420,Sports Grey,XL,176800,176802
82e3e800-2ed5-4f24-ac3f-ebef57bac1a4,ace7a9dc-5891-49bf-ad5b-bc887baf10dc,Sports Grey / XXL,CINK-176802-XXL,1420,Sports Grey,XXL,176800,176802
b941d2ce-7ae5-494e-a700-350787f850e0,ace7a9dc-5891-49bf-ad5b-bc887baf10dc,Charcoal / S,CINK-176803-S,1420,Charcoal,S,176800,176803
3724c08b-fd89-4826-aa67-a142c6610100,ace7a9dc-5891-49bf-ad5b-bc887baf10dc,Charcoal / M,CINK-176803-M,1420,Charcoal,M,176800,176803
cb338214-d754-4c61-84df-9fc56ba5e902,ace7a9dc-5891-49bf-ad5b-bc887baf10dc,Charcoal / L,CINK-176803-L,1420,Charcoal,L,176800,176803
a434069c-9a42-4967-aef9-6faed0ce3adf,ace7a9dc-5891-49bf-ad5b-bc887baf10dc,Charcoal / XL,CINK-176803-XL,1420,Charcoal,XL,176800,176803
d7517da3-5540-43ac-9a4d-89a5c007b988,ace7a9dc-5891-49bf-ad5b-bc887baf10dc,Charcoal / XXL,CINK-176803-XXL,1420,Charcoal,XXL,176800,176803
a1c36e37-f9ab-49e3-a4d7-b09131e277ef,ace7a9dc-5891-49bf-ad5b-bc887baf10dc,Navy / S,CINK-176804-S,1420,Navy,S,176800,176804
a01e1cf6-5798-4897-8b97-6d20566813ee,ace7a9dc-5891-49bf-ad5b-bc887baf10dc,Navy / M,CINK-176804-M,1420,Navy,M,176800,176804
ebf50f72-e080-461b-b5a8-5d0975203b75,ace7a9dc-5891-49bf-ad5b-bc887baf10dc,Navy / L,CINK-176804-L,1420,Navy,L,176800,176804
249e562c-9f33-4a3b-bc8a-93b714494876,ace7a9dc-5891-49bf-ad5b-bc887baf10dc,Navy / XL,CINK-176804-XL,1420,Navy,XL,176800,176804
826fb293-719e-4b35-ba3f-e103d335708d,ace7a9dc-5891-49bf-ad5b-bc887baf10dc,Navy / XXL,CINK-176804-XXL,1420,Navy,XXL,176800,176804
981aeaa1-65b2-433a-8107-d46f11c66007,f3819a6a-f7f2-4422-86de-09eb490b8138,White / XS,CINK-647800-XS,1180,White,XS,647800,647800
a5199440-dd28-4d8c-8ce7-e8037a672767,f3819a6a-f7f2-4422-86de-09eb490b8138,White / S,CINK-647800-S,1180,White,S,647800,647800
466cef86-d131-45fe-a185-f67be121d076,f3819a6a-f7f2-4422-86de-09eb490b8138,White / M,CINK-647800-M,1180,White,M,647800,647800
a6d397d8-4f68-4d43-ad6b-91c2860b9f57,f3819a6a-f7f2-4422-86de-09eb490b8138,White / L,CINK-647800-L,1180,White,L,647800,647800
8cb952a7-47b1-4962-bd9b-b4d194828c2f,f3819a6a-f7f2-4422-86de-09eb490b8138,White / XL,CINK-647800-XL,1180,White,XL,647800,647800
d7b022f3-bfa2-4e41-81ff-366e916c1c58,f3819a6a-f7f2-4422-86de-09eb490b8138,Athletic Heather / XS,CINK-647802-XS,1180,Athletic Heather,XS,647800,647802
e4c8ac00-75a3-4ce1-8674-a0b8c82e11e5,f3819a6a-f7f2-4422-86de-09eb490b8138,Athletic Heather / S,CINK-647802-S,1180,Athletic Heather,S,647800,647802
f3cd1ed0-d56f-480f-a819-ff6921eff349,f3819a6a-f7f2-4422-86de-09eb490b8138,Athletic Heather / M,CINK-647802-M,1180,Athletic Heather,M,647800,647802
3a7b4ab1-a7f8-4f29-8d00-1a24af854ccb,f3819a6a-f7f2-4422-86de-09eb490b8138,Athletic Heather / L,CINK-647802-L,1180,Athletic Heather,L,647800,647802
6f3eb869-9f10-443c-bd69-cd6d92912bd5,f3819a6a-f7f2-4422-86de-09eb490b8138,Athletic Heather / XL,CINK-647802-XL,1180,Athletic Heather,XL,647800,647802
998e37ba-3dde-41c3-a711-c1b3ecea53db,f3819a6a-f7f2-4422-86de-09eb490b8138,Dark Heather Grey / XS,CINK-647803-XS,1180,Dark Heather Grey,XS,647800,647803
8224bf7e-431f-47cf-be72-58199cd91bf0,f3819a6a-f7f2-4422-86de-09eb490b8138,Dark Heather Grey / S,CINK-647803-S,1180,Dark Heather Grey,S,647800,647803
9faf0f48-73d9-4fa2-ba40-289e9207887b,f3819a6a-f7f2-4422-86de-09eb490b8138,Dark Heather Grey / M,CINK-647803-M,1180,Dark Heather Grey,M,647800,647803
4e473b83-172b-4fa3-9df0-6349f100231c,f3819a6a-f7f2-4422-86de-09eb490b8138,Dark Heather Grey / L,CINK-647803-L,1180,Dark Heather Grey,L,647800,647803
c779dacf-8631-4828-bf83-16862ba6ceb6,f3819a6a-f7f2-4422-86de-09eb490b8138,Dark Heather Grey / XL,CINK-647803-XL,1180,Dark Heather Grey,XL,647800,647803
0103ad6f-9c56-4696-9ad1-a5b1d6ccdda1,f3819a6a-f7f2-4422-86de-09eb490b8138,Jet Black / XS,CINK-647801-XS,1180,Jet Black,XS,647800,647801
2e22acb3-3b35-443a-b9e5-97c812b87c2d,f3819a6a-f7f2-4422-86de-09eb490b8138,Jet Black / S,CINK-647801-S,1180,Jet Black,S,647800,647801
5c3758d0-a1d7-4949-a7c9-67d1786c3990,f3819a6a-f7f2-4422-86de-09eb490b8138,Jet Black / M,CINK-647801-M,1180,Jet Black,M,647800,647801
8dac2a7f-d8e4-4ee7-8f85-aa94df614bdf,f3819a6a-f7f2-4422-86de-09eb490b8138,Jet Black / L,CINK-647801-L,1180,Jet Black,L,647800,647801
5588e232-9b25-48ef-85da-3b63d52a3fe4,f3819a6a-f7f2-4422-86de-09eb490b8138,Jet Black / XL,CINK-647801-XL,1180,Jet Black,XL,647800,647801
4f82edd2-b673-47b1-a908-c2ce4ef85fbc,f3819a6a-f7f2-4422-86de-09eb490b8138,Team Navy / XS,CINK-647806-XS,1180,Team Navy,XS,647800,647806
256c417c-5d37-4d56-a5c8-77d3324e6b96,f3819a6a-f7f2-4422-86de-09eb490b8138,Team Navy / S,CINK-647806-S,1180,Team Navy,S,647800,647806
d28c1fce-f288-4b3d-abc5-b455cf5da02e,f3819a6a-f7f2-4422-86de-09eb490b8138,Team Navy / M,CINK-647806-M,1180,Team Navy,M,647800,647806
5920cf30-48c8-44c1-9160-b15893059857,f3819a6a-f7f2-4422-86de-09eb490b8138,Team Navy / L,CINK-647806-L,1180,Team Navy,L,647800,647806
ee4ad3b0-c845-47f4-b7fa-38e8401accf7,f3819a6a-f7f2-4422-86de-09eb490b8138,Team Navy / XL,CINK-647806-XL,1180,Team Navy,XL,647800,647806
b53532c9-8249-4934-860f-1cd72a96e3c6,f3819a6a-f7f2-4422-86de-09eb490b8138,True Royal / XS,CINK-647809-XS,1180,True Royal,XS,647800,647809
577b0e91-c401-460d-81a4-9a74c7897f5b,f3819a6a-f7f2-4422-86de-09eb490b8138,True Royal / S,CINK-647809-S,1180,True Royal,S,647800,647809
aef8cedb-502e-424f-ba55-8cc2af75f610,f3819a6a-f7f2-4422-86de-09eb490b8138,True Royal / M,CINK-647809-M,1180,True Royal,M,647800,647809
1f21092e-d633-4097-9fe6-ecd8281844aa,f3819a6a-f7f2-4422-86de-09eb490b8138,True Royal / L,CINK-647809-L,1180,True Royal,L,647800,647809
0590bdbc-8dd7-4383-a074-d0dfa98326aa,f3819a6a-f7f2-4422-86de-09eb490b8138,True Royal / XL,CINK-647809-XL,1180,True Royal,XL,647800,647809
