id,product_id,variant_id,url,alt_text,is_primary
8dbd7eb0-c9f6-4798-abc7-1604521caffc,d99a4eac-1eee-4274-9bf8-e41c59f3b3de,,https://storage.googleapis.com/print-482914-images/products/gildan-softstyle-jersey-t-shirt/176100_front.png,Gildan Softstyle Jersey T-shirt - White - front,true
e1b2834b-f14b-407c-aa23-becc14d7c11e,d99a4eac-1eee-4274-9bf8-e41c59f3b3de,,https://storage.googleapis.com/print-482914-images/products/gildan-softstyle-jersey-t-shirt/176100_back.png,Gildan Softstyle Jersey T-shirt - White - back,false
06002cdd-815e-40a2-a6df-740834bd0f09,d99a4eac-1eee-4274-9bf8-e41c59f3b3de,,https://mms-images.out.customink.com/mms/images/catalog/colors/176100/views/alt/left_large.png,Gildan Softstyle Jersey T-shirt - White - left,false
26ac8775-2518-46a0-8081-b3ab84d8b46b,d99a4eac-1eee-4274-9bf8-e41c59f3b3de,,https://mms-images.out.customink.com/mms/images/catalog/colors/176100/views/alt/right_large.png,Gildan Softstyle Jersey T-shirt - White - right,false
0d1825af-e746-4fbe-bd70-5490808c663d,d99a4eac-1eee-4274-9bf8-e41c59f3b3de,,https://storage.googleapis.com/print-482914-images/products/gildan-softstyle-jersey-t-shirt/176168_front.png,Gildan Softstyle Jersey T-shirt - Ice Grey - front,false
dee78fd5-3960-4ddd-98dd-685464935cdb,d99a4eac-1eee-4274-9bf8-e41c59f3b3de,,https://storage.googleapis.com/print-482914-images/products/gildan-softstyle-jersey-t-shirt/176168_back.png,Gildan Softstyle Jersey T-shirt - Ice Grey - back,false
a88b11ab-942b-4bd5-a867-e850874cb223,d99a4eac-1eee-4274-9bf8-e41c59f3b3de,,https://mms-images.out.customink.com/mms/images/catalog/colors/176168/views/alt/left_large.png,Gildan Softstyle Jersey T-shirt - Ice Grey - left,false
eafa62d8-2442-4e02-b829-ac51de710675,d99a4eac-1eee-4274-9bf8-e41c59f3b3de,,https://mms-images.out.customink.com/mms/images/catalog/colors/176168/views/alt/right_large.png,Gildan Softstyle Jersey T-shirt - Ice Grey - right,false
31454907-003d-4131-999c-4eaeb82d44e2,d99a4eac-1eee-4274-9bf8-e41c59f3b3de,,https://storage.googleapis.com/print-482914-images/products/gildan-softstyle-jersey-t-shirt/176102_front.png,Gildan Softstyle Jersey T-shirt - Sport Grey - front,false
586d5c65-7b7b-407c-a1a2-467876ca9591,d99a4eac-1eee-4274-9bf8-e41c59f3b3de,,https://storage.googleapis.com/print-482914-images/products/gildan-softstyle-jersey-t-shirt/176102_back.png,Gildan Softstyle Jersey T-shirt - Sport Grey - back,false
9ae4ef47-89ff-413f-b644-3005ec1582aa,d99a4eac-1eee-4274-9bf8-e41c59f3b3de,,https://mms-images.out.customink.com/mms/images/catalog/colors/176102/views/alt/left_large.png,Gildan Softstyle Jersey T-shirt - Sport Grey - left,false
cc72f3e2-bac2-4c16-bd3a-1183b2718fa4,d99a4eac-1eee-4274-9bf8-e41c59f3b3de,,https://mms-images.out.customink.com/mms/images/catalog/colors/176102/views/alt/right_large.png,Gildan Softstyle Jersey T-shirt - Sport Grey - right,false
3899947a-7513-4cc2-b6f0-f3f630e1d6c7,d99a4eac-1eee-4274-9bf8-e41c59f3b3de,,https://storage.googleapis.com/print-482914-images/products/gildan-softstyle-jersey-t-shirt/176147_front.png,Gildan Softstyle Jersey T-shirt - Graphite Heather - front,false
df33001a-a274-4b09-b1f9-730264bfe257,d99a4eac-1eee-4274-9bf8-e41c59f3b3de,,https://storage.googleapis.com/print-482914-images/products/gildan-softstyle-jersey-t-shirt/176147_back.png,Gildan Softstyle Jersey T-shirt - Graphite Heather - back,false
b49760dd-09d5-4ad6-8d15-ba73530cb4a4,d99a4eac-1eee-4274-9bf8-e41c59f3b3de,,https://mms-images.out.customink.com/mms/images/catalog/colors/176147/views/alt/left_large.png,Gildan Softstyle Jersey T-shirt - Graphite Heather - left,false
48d34337-1c46-4b2d-abd5-e8f8e95278bd,d99a4eac-1eee-4274-9bf8-e41c59f3b3de,,https://mms-images.out.customink.com/mms/images/catalog/colors/176147/views/alt/right_large.png,Gildan Softstyle Jersey T-shirt - Graphite Heather - right,false
79d87dd4-6e9b-470e-8d5b-e7bccc030e46,d99a4eac-1eee-4274-9bf8-e41c59f3b3de,,https://storage.googleapis.com/print-482914-images/products/gildan-softstyle-jersey-t-shirt/176177_front.png,Gildan Softstyle Jersey T-shirt - Heather Dark Grey - front,false
82d4ceef-d687-4634-95db-ade47f1b3c41,d99a4eac-1eee-4274-9bf8-e41c59f3b3de,,https://storage.googleapis.com/print-482914-images/products/gildan-softstyle-jersey-t-shirt/176177_back.png,Gildan Softstyle Jersey T-shirt - Heather Dark Grey - back,false
ffaba89e-72db-4e76-a933-2db3d3d4b5ef,d99a4eac-1eee-4274-9bf8-e41c59f3b3de,,https://mms-images.out.customink.com/mms/images/catalog/colors/176177/views/alt/left_large.png,Gildan Softstyle Jersey T-shirt - Heather Dark Grey - left,false
95f66b75-a2ec-4629-8aad-f0a931323fbc,d99a4eac-1eee-4274-9bf8-e41c59f3b3de,,https://mms-images.out.customink.com/mms/images/catalog/colors/176177/views/alt/right_large.png,Gildan Softstyle Jersey T-shirt - Heather Dark Grey - right,false
e6195818-468a-4e05-be80-780da66f21e4,d99a4eac-1eee-4274-9bf8-e41c59f3b3de,,https://storage.googleapis.com/print-482914-images/products/gildan-softstyle-jersey-t-shirt/176126_front.png,Gildan Softstyle Jersey T-shirt - Dark Heather - front,false
00f58319-384c-4c67-851f-a9d2811d5c8b,d99a4eac-1eee-4274-9bf8-e41c59f3b3de,,https://storage.googleapis.com/print-482914-images/products/gildan-softstyle-jersey-t-shirt/176126_back.png,Gildan Softstyle Jersey T-shirt - Dark Heather - back,false
0fbb5af8-c937-48eb-8775-5b1c3b8c2c7c,d99a4eac-1eee-4274-9bf8-e41c59f3b3de,,https://mms-images.out.customink.com/mms/images/catalog/colors/176126/views/alt/left_large.png,Gildan Softstyle Jersey T-shirt - Dark Heather - left,false
067b23d8-467d-4d45-8011-3a3429cc3a8c,d99a4eac-1eee-4274-9bf8-e41c59f3b3de,,https://mms-images.out.customink.com/mms/images/catalog/colors/176126/views/alt/right_large.png,Gildan Softstyle Jersey T-shirt - Dark Heather - right,false
5a06f883-8e96-4442-834a-506544a40024,edaf278e-7539-48be-b7be-fdb0d06b9032,,https://storage.googleapis.com/print-482914-images/products/bella-canvas-jersey-t-shirt/124200_front.png,Bella + Canvas Jersey T-shirt - White - front,true
4b6c51f8-3f22-4ade-81dd-945aee18c543,edaf278e-7539-48be-b7be-fdb0d06b9032,,https://storage.googleapis.com/print-482914-images/products/bella-canvas-jersey-t-shirt/124200_back.png,Bella + Canvas Jersey T-shirt - White - back,false
00e5d880-2f06-40d9-bc7f-8fcde3f22e7d,edaf278e-7539-48be-b7be-fdb0d06b9032,,https://mms-images.out.customink.com/mms/images/catalog/colors/124200/views/alt/left_large.png,Bella + Canvas Jersey T-shirt - White - left,false
d04786a9-fce2-4b3e-8e67-9225a1a0afbd,edaf278e-7539-48be-b7be-fdb0d06b9032,,https://mms-images.out.customink.com/mms/images/catalog/colors/124200/views/alt/right_large.png,Bella + Canvas Jersey T-shirt - White - right,false
f6d6b725-b22f-495c-9218-f92bbf3844f5,edaf278e-7539-48be-b7be-fdb0d06b9032,,https://storage.googleapis.com/print-482914-images/products/bella-canvas-jersey-t-shirt/50124242_front.png,Bella + Canvas Jersey T-shirt - Solid White Blend - front,false
e7d8cadc-71b1-4c28-9ed2-a634e10f9fc2,edaf278e-7539-48be-b7be-fdb0d06b9032,,https://storage.googleapis.com/print-482914-images/products/bella-canvas-jersey-t-shirt/50124242_back.png,Bella + Canvas Jersey T-shirt - Solid White Blend - back,false
f267df06-ac3b-4df8-b870-059aeabe0a25,edaf278e-7539-48be-b7be-fdb0d06b9032,,https://mms-images.out.customink.com/mms/images/catalog/colors/50124242/views/alt/left_large.png,Bella + Canvas Jersey T-shirt - Solid White Blend - left,false
dae9758d-7c43-4a83-b59e-f21615631d1f,edaf278e-7539-48be-b7be-fdb0d06b9032,,https://mms-images.out.customink.com/mms/images/catalog/colors/50124242/views/alt/right_large.png,Bella + Canvas Jersey T-shirt - Solid White Blend - right,false
0b014c67-8d53-4532-bf36-8282d552507f,edaf278e-7539-48be-b7be-fdb0d06b9032,,https://storage.googleapis.com/print-482914-images/products/bella-canvas-jersey-t-shirt/50124211_front.png,Bella + Canvas Jersey T-shirt - Vintage White - front,false
c2223c3f-b083-4e6e-9434-e246a17ff698,edaf278e-7539-48be-b7be-fdb0d06b9032,,https://storage.googleapis.com/print-482914-images/products/bella-canvas-jersey-t-shirt/50124211_back.png,Bella + Canvas Jersey T-shirt - Vintage White - back,false
235abb74-fd6e-411d-8c8d-80af20e212f8,edaf278e-7539-48be-b7be-fdb0d06b9032,,https://mms-images.out.customink.com/mms/images/catalog/colors/50124211/views/alt/left_large.png,Bella + Canvas Jersey T-shirt - Vintage White - left,false
2e384e3c-735b-4a8e-b7a7-8ccc3f66e8aa,edaf278e-7539-48be-b7be-fdb0d06b9032,,https://mms-images.out.customink.com/mms/images/catalog/colors/50124211/views/alt/right_large.png,Bella + Canvas Jersey T-shirt - Vintage White - right,false
187a2795-a504-4bdf-914c-bb2411761642,edaf278e-7539-48be-b7be-fdb0d06b9032,,https://storage.googleapis.com/print-482914-images/products/bella-canvas-jersey-t-shirt/50124226_front.png,Bella + Canvas Jersey T-shirt - Heather Cement - front,false
327a0add-a18d-4b90-b9d0-7f5a2a1b1a93,edaf278e-7539-48be-b7be-fdb0d06b9032,,https://storage.googleapis.com/print-482914-images/products/bella-canvas-jersey-t-shirt/50124226_back.png,Bella + Canvas Jersey T-shirt - Heather Cement - back,false
15337956-067e-45ff-b7fa-5e925e77cb0d,edaf278e-7539-48be-b7be-fdb0d06b9032,,https://mms-images.out.customink.com/mms/images/catalog/colors/50124226/views/alt/left_large.png,Bella + Canvas Jersey T-shirt - Heather Cement - left,false
feea428b-4cfe-46dc-aaed-faab4896bc4e,edaf278e-7539-48be-b7be-fdb0d06b9032,,https://mms-images.out.customink.com/mms/images/catalog/colors/50124226/views/alt/right_large.png,Bella + Canvas Jersey T-shirt - Heather Cement - right,false
2462e430-1ca5-463d-a9c0-b515ee640ca8,edaf278e-7539-48be-b7be-fdb0d06b9032,,https://storage.googleapis.com/print-482914-images/products/bella-canvas-jersey-t-shirt/124222_front.png,Bella + Canvas Jersey T-shirt - Silver - front,false
9f8e69a3-2d99-479a-afec-dec51840c443,edaf278e-7539-48be-b7be-fdb0d06b9032,,https://storage.googleapis.com/print-482914-images/products/bella-canvas-jersey-t-shirt/124222_back.png,Bella + Canvas Jersey T-shirt - Silver - back,false
5a39055f-c978-45b7-bb7c-63a39be422ed,edaf278e-7539-48be-b7be-fdb0d06b9032,,https://mms-images.out.customink.com/mms/images/catalog/colors/124222/views/alt/left_large.png,Bella + Canvas Jersey T-shirt - Silver - left,false
b8bdaac8-8133-4566-aeff-e46912dc40c9,edaf278e-7539-48be-b7be-fdb0d06b9032,,https://mms-images.out.customink.com/mms/images/catalog/colors/124222/views/alt/right_large.png,Bella + Canvas Jersey T-shirt - Silver - right,false
11d366cd-65cd-43e6-82fc-393c7a1c9cd9,edaf278e-7539-48be-b7be-fdb0d06b9032,,https://storage.googleapis.com/print-482914-images/products/bella-canvas-jersey-t-shirt/124235_front.png,Bella + Canvas Jersey T-shirt - Ash - front,false
2dfaf56e-3ef3-4610-bd43-db5b51d08430,edaf278e-7539-48be-b7be-fdb0d06b9032,,https://storage.googleapis.com/print-482914-images/products/bella-canvas-jersey-t-shirt/124235_back.png,Bella + Canvas Jersey T-shirt - Ash - back,false
50ddc852-c159-4928-87c5-0032d9188d72,edaf278e-7539-48be-b7be-fdb0d06b9032,,https://mms-images.out.customink.com/mms/images/catalog/colors/124235/views/alt/left_large.png,Bella + Canvas Jersey T-shirt - Ash - left,false
283cd530-6578-41e1-b959-ac016927c5e9,edaf278e-7539-48be-b7be-fdb0d06b9032,,https://mms-images.out.customink.com/mms/images/catalog/colors/124235/views/alt/right_large.png,Bella + Canvas Jersey T-shirt - Ash - right,false
7ecb39ee-1f6e-4855-ad46-676edb0854d2,2a691d8c-0966-44ab-8ca5-a66488f70f8b,,https://storage.googleapis.com/print-482914-images/products/comfort-colors-100percent-cotton-t-shirt/175816_front.png,Comfort Colors 100% Cotton T-shirt - White - front,false
dbc82162-15d6-4d81-b5aa-807d4c249f9c,2a691d8c-0966-44ab-8ca5-a66488f70f8b,,https://storage.googleapis.com/print-482914-images/products/comfort-colors-100percent-cotton-t-shirt/175816_back.png,Comfort Colors 100% Cotton T-shirt - White - back,false
c5a1c00f-c7ce-462b-924d-277390aa1b05,2a691d8c-0966-44ab-8ca5-a66488f70f8b,,https://mms-images.out.customink.com/mms/images/catalog/colors/175816/views/alt/left_large.png,Comfort Colors 100% Cotton T-shirt - White - left,false
1db33640-fef9-4e33-9006-67d91063df3f,2a691d8c-0966-44ab-8ca5-a66488f70f8b,,https://mms-images.out.customink.com/mms/images/catalog/colors/175816/views/alt/right_large.png,Comfort Colors 100% Cotton T-shirt - White - right,false
d842cf59-e1d8-43cf-82f7-d828ba9837d5,2a691d8c-0966-44ab-8ca5-a66488f70f8b,,https://storage.googleapis.com/print-482914-images/products/comfort-colors-100percent-cotton-t-shirt/175870_front.png,Comfort Colors 100% Cotton T-shirt - Ivory - front,false
49da0f6d-d2af-4918-ae91-80fa30d769ca,2a691d8c-0966-44ab-8ca5-a66488f70f8b,,https://storage.googleapis.com/print-482914-images/products/comfort-colors-100percent-cotton-t-shirt/175870_back.png,Comfort Colors 100% Cotton T-shirt - Ivory - back,false
e302edf5-9751-4cc6-b787-10d53212d831,2a691d8c-0966-44ab-8ca5-a66488f70f8b,,https://mms-images.out.customink.com/mms/images/catalog/colors/175870/views/alt/left_large.png,Comfort Colors 100% Cotton T-shirt - Ivory - left,false
8898b465-26ca-4be2-b3da-1b74e109bb92,2a691d8c-0966-44ab-8ca5-a66488f70f8b,,https://mms-images.out.customink.com/mms/images/catalog/colors/175870/views/alt/right_large.png,Comfort Colors 100% Cotton T-shirt - Ivory - right,false
07b1a311-f805-45ff-a9ea-ff0bfba78e2f,2a691d8c-0966-44ab-8ca5-a66488f70f8b,,https://storage.googleapis.com/print-482914-images/products/comfort-colors-100percent-cotton-t-shirt/175859_front.png,Comfort Colors 100% Cotton T-shirt - Granite - front,false
73d938fd-7e5f-467b-bd27-3321d309ce82,2a691d8c-0966-44ab-8ca5-a66488f70f8b,,https://storage.googleapis.com/print-482914-images/products/comfort-colors-100percent-cotton-t-shirt/175859_back.png,Comfort Colors 100% Cotton T-shirt - Granite - back,false
799ef044-7fb1-4808-a42c-8cb229b2cb9d,2a691d8c-0966-44ab-8ca5-a66488f70f8b,,https://mms-images.out.customink.com/mms/images/catalog/colors/175859/views/alt/left_large.png,Comfort Colors 100% Cotton T-shirt - Granite - left,false
bbaa3ac3-9962-456b-ab7e-5569d9a481e6,2a691d8c-0966-44ab-8ca5-a66488f70f8b,,https://mms-images.out.customink.com/mms/images/catalog/colors/175859/views/alt/right_large.png,Comfort Colors 100% Cotton T-shirt - Granite - right,false
02a5e208-dacd-4fe7-af0e-8f13f6a49bf7,2a691d8c-0966-44ab-8ca5-a66488f70f8b,,https://storage.googleapis.com/print-482914-images/products/comfort-colors-100percent-cotton-t-shirt/175801_front.png,Comfort Colors 100% Cotton T-shirt - Grey - front,false
1ea19251-34cb-40ea-8919-6ae1b29e611c,2a691d8c-0966-44ab-8ca5-a66488f70f8b,,https://storage.googleapis.com/print-482914-images/products/comfort-colors-100percent-cotton-t-shirt/175801_back.png,Comfort Colors 100% Cotton T-shirt - Grey - back,false
fe4e6f5e-2816-45d3-9813-0df45f67f74a,2a691d8c-0966-44ab-8ca5-a66488f70f8b,,https://mms-images.out.customink.com/mms/images/catalog/colors/175801/views/alt/left_large.png,Comfort Colors 100% Cotton T-shirt - Grey - left,false
42d13512-219a-452d-b38f-45140495ca7d,2a691d8c-0966-44ab-8ca5-a66488f70f8b,,https://mms-images.out.customink.com/mms/images/catalog/colors/175801/views/alt/right_large.png,Comfort Colors 100% Cotton T-shirt - Grey - right,false
ec388c64-1e99-4d8f-a157-08cc94e9f7f3,2a691d8c-0966-44ab-8ca5-a66488f70f8b,,https://storage.googleapis.com/print-482914-images/products/comfort-colors-100percent-cotton-t-shirt/175800_front.png,Comfort Colors 100% Cotton T-shirt - Pepper - front,true
9a81d9c6-2236-473f-b4ca-fa5b4b02d8e8,2a691d8c-0966-44ab-8ca5-a66488f70f8b,,https://storage.googleapis.com/print-482914-images/products/comfort-colors-100percent-cotton-t-shirt/175800_back.png,Comfort Colors 100% Cotton T-shirt - Pepper - back,false
88dc5a76-8c7e-40f1-b89b-8359d8a84a07,2a691d8c-0966-44ab-8ca5-a66488f70f8b,,https://mms-images.out.customink.com/mms/images/catalog/colors/175800/views/alt/left_large.png,Comfort Colors 100% Cotton T-shirt - Pepper - left,false
76c437fe-aae0-4eba-8610-4d0d4d7cadd8,2a691d8c-0966-44ab-8ca5-a66488f70f8b,,https://mms-images.out.customink.com/mms/images/catalog/colors/175800/views/alt/right_large.png,Comfort Colors 100% Cotton T-shirt - Pepper - right,false
3aa66e22-8fba-4861-9271-3b19db6b111a,2a691d8c-0966-44ab-8ca5-a66488f70f8b,,https://storage.googleapis.com/print-482914-images/products/comfort-colors-100percent-cotton-t-shirt/175866_front.png,Comfort Colors 100% Cotton T-shirt - Graphite - front,false
f47d22f1-1efc-4573-8388-041ac78b173d,2a691d8c-0966-44ab-8ca5-a66488f70f8b,,https://storage.googleapis.com/print-482914-images/products/comfort-colors-100percent-cotton-t-shirt/175866_back.png,Comfort Colors 100% Cotton T-shirt - Graphite - back,false
7a4e5c2c-74c2-4739-8268-0f5dcefab2f4,2a691d8c-0966-44ab-8ca5-a66488f70f8b,,https://mms-images.out.customink.com/mms/images/catalog/colors/175866/views/alt/left_large.png,Comfort Colors 100% Cotton T-shirt - Graphite - left,false
eee09f53-fd94-43a7-bd3e-c42622fb10f5,2a691d8c-0966-44ab-8ca5-a66488f70f8b,,https://mms-images.out.customink.com/mms/images/catalog/colors/175866/views/alt/right_large.png,Comfort Colors 100% Cotton T-shirt - Graphite - right,false
72ddc446-d59d-4ca4-9dae-ab6b4354311f,ab5fce87-c5b1-45e3-9c7d-2aebb348f12d,,https://storage.googleapis.com/print-482914-images/products/bella-canvas-tri-blend-t-shirt/242027_front.png,Bella + Canvas Tri-Blend T-shirt - Solid White Tri-Blend - front,false
34b4a823-83a3-4045-a73d-3e60a7a60f5c,ab5fce87-c5b1-45e3-9c7d-2aebb348f12d,,https://storage.googleapis.com/print-482914-images/products/bella-canvas-tri-blend-t-shirt/242027_back.png,Bella + Canvas Tri-Blend T-shirt - Solid White Tri-Blend - back,false
42f0da9f-5614-4ec3-8706-aa833f8d0bc5,ab5fce87-c5b1-45e3-9c7d-2aebb348f12d,,https://mms-images.out.customink.com/mms/images/catalog/colors/242027/views/alt/left_large.png,Bella + Canvas Tri-Blend T-shirt - Solid White Tri-Blend - left,false
021744ac-43c6-47fc-b7fc-8c5fddf688a3,ab5fce87-c5b1-45e3-9c7d-2aebb348f12d,,https://mms-images.out.customink.com/mms/images/catalog/colors/242027/views/alt/right_large.png,Bella + Canvas Tri-Blend T-shirt - Solid White Tri-Blend - right,false
2ef36a76-cd05-482e-8f69-ce83b60d66e3,ab5fce87-c5b1-45e3-9c7d-2aebb348f12d,,https://storage.googleapis.com/print-482914-images/products/bella-canvas-tri-blend-t-shirt/242000_front.png,Bella + Canvas Tri-Blend T-shirt - White Fleck Tri-Blend - front,true
566b5f3e-9789-44c7-a015-889bba85c836,ab5fce87-c5b1-45e3-9c7d-2aebb348f12d,,https://storage.googleapis.com/print-482914-images/products/bella-canvas-tri-blend-t-shirt/242000_back.png,Bella + Canvas Tri-Blend T-shirt - White Fleck Tri-Blend - back,false
49e12867-0724-422a-8f66-f3986e4b8d70,ab5fce87-c5b1-45e3-9c7d-2aebb348f12d,,https://mms-images.out.customink.com/mms/images/catalog/colors/242000/views/alt/left_large.png,Bella + Canvas Tri-Blend T-shirt - White Fleck Tri-Blend - left,false
90371322-feee-496b-ba5c-e44cbdcce1a1,ab5fce87-c5b1-45e3-9c7d-2aebb348f12d,,https://mms-images.out.customink.com/mms/images/catalog/colors/242000/views/alt/right_large.png,Bella + Canvas Tri-Blend T-shirt - White Fleck Tri-Blend - right,false
dbd586c4-78f2-40f9-96c3-86ca6448ed1e,ab5fce87-c5b1-45e3-9c7d-2aebb348f12d,,https://storage.googleapis.com/print-482914-images/products/bella-canvas-tri-blend-t-shirt/242048_front.png,Bella + Canvas Tri-Blend T-shirt - Cement Tri-Blend - front,false
dd3fb77f-4c22-4eea-81c7-abd7a4814201,ab5fce87-c5b1-45e3-9c7d-2aebb348f12d,,https://storage.googleapis.com/print-482914-images/products/bella-canvas-tri-blend-t-shirt/242048_back.png,Bella + Canvas Tri-Blend T-shirt - Cement Tri-Blend - back,false
d8d34cec-1350-40d7-90a4-9403ac3df9fc,ab5fce87-c5b1-45e3-9c7d-2aebb348f12d,,https://mms-images.out.customink.com/mms/images/catalog/colors/242048/views/alt/left_large.png,Bella + Canvas Tri-Blend T-shirt - Cement Tri-Blend - left,false
101aa257-9a88-433a-bb21-333ae5873ae5,ab5fce87-c5b1-45e3-9c7d-2aebb348f12d,,https://mms-images.out.customink.com/mms/images/catalog/colors/242048/views/alt/right_large.png,Bella + Canvas Tri-Blend T-shirt - Cement Tri-Blend - right,false
ddf1c549-0be1-474a-abff-785a4c72e5d3,ab5fce87-c5b1-45e3-9c7d-2aebb348f12d,,https://storage.googleapis.com/print-482914-images/products/bella-canvas-tri-blend-t-shirt/242005_front.png,Bella + Canvas Tri-Blend T-shirt - Oatmeal Tri-Blend - front,false
89d563d8-d02d-49cf-b29a-77a15265f58d,ab5fce87-c5b1-45e3-9c7d-2aebb348f12d,,https://storage.googleapis.com/print-482914-images/products/bella-canvas-tri-blend-t-shirt/242005_back.png,Bella + Canvas Tri-Blend T-shirt - Oatmeal Tri-Blend - back,false
60afd5a2-ae9c-4e90-8d6e-9e59afdd4fe0,ab5fce87-c5b1-45e3-9c7d-2aebb348f12d,,https://mms-images.out.customink.com/mms/images/catalog/colors/242005/views/alt/left_large.png,Bella + Canvas Tri-Blend T-shirt - Oatmeal Tri-Blend - left,false
54c40e98-bd54-4f32-b789-5338b49d5f88,ab5fce87-c5b1-45e3-9c7d-2aebb348f12d,,https://mms-images.out.customink.com/mms/images/catalog/colors/242005/views/alt/right_large.png,Bella + Canvas Tri-Blend T-shirt - Oatmeal Tri-Blend - right,false
f2637f6d-a458-4819-8056-f1af8b9ba025,ab5fce87-c5b1-45e3-9c7d-2aebb348f12d,,https://storage.googleapis.com/print-482914-images/products/bella-canvas-tri-blend-t-shirt/242004_front.png,Bella + Canvas Tri-Blend T-shirt - Athletic Grey Tri-Blend - front,false
79f990df-621d-414f-bef1-3b640b5f3c3d,ab5fce87-c5b1-45e3-9c7d-2aebb348f12d,,https://storage.googleapis.com/print-482914-images/products/bella-canvas-tri-blend-t-shirt/242004_back.png,Bella + Canvas Tri-Blend T-shirt - Athletic Grey Tri-Blend - back,false
3e14f21d-ccba-4683-a7cb-c2b91da5aa62,ab5fce87-c5b1-45e3-9c7d-2aebb348f12d,,https://mms-images.out.customink.com/mms/images/catalog/colors/242004/views/alt/left_large.png,Bella + Canvas Tri-Blend T-shirt - Athletic Grey Tri-Blend - left,false
6d7a1f6d-b9b7-440a-98af-0a00a27f5156,ab5fce87-c5b1-45e3-9c7d-2aebb348f12d,,https://mms-images.out.customink.com/mms/images/catalog/colors/242004/views/alt/right_large.png,Bella + Canvas Tri-Blend T-shirt - Athletic Grey Tri-Blend - right,false
c7e8799b-cc24-4802-a76a-03778cf3a590,ab5fce87-c5b1-45e3-9c7d-2aebb348f12d,,https://storage.googleapis.com/print-482914-images/products/bella-canvas-tri-blend-t-shirt/242053_front.png,Bella + Canvas Tri-Blend T-shirt - Solid Silver Tri-Blend - front,false
d96e9617-e4e5-4192-9873-7930d77bd6c5,ab5fce87-c5b1-45e3-9c7d-2aebb348f12d,,https://storage.googleapis.com/print-482914-images/products/bella-canvas-tri-blend-t-shirt/242053_back.png,Bella + Canvas Tri-Blend T-shirt - Solid Silver Tri-Blend - back,false
a0f9e4bc-4a84-4e2f-ad21-66761801c7ea,ab5fce87-c5b1-45e3-9c7d-2aebb348f12d,,https://mms-images.out.customink.com/mms/images/catalog/colors/242053/views/alt/left_large.png,Bella + Canvas Tri-Blend T-shirt - Solid Silver Tri-Blend - left,false
988fa5a7-51f3-410a-93a3-1083b4687097,ab5fce87-c5b1-45e3-9c7d-2aebb348f12d,,https://mms-images.out.customink.com/mms/images/catalog/colors/242053/views/alt/right_large.png,Bella + Canvas Tri-Blend T-shirt - Solid Silver Tri-Blend - right,false
36c38706-0e41-47fb-98f4-10b32350b7d6,9e2667dd-7707-49c4-9174-6eff15a9ea0b,,https://storage.googleapis.com/print-482914-images/products/gildan-ultra-cotton-t-shirt/4600_front.png,Gildan Ultra Cotton T-shirt - White - front,true
2cdcf20b-3a4d-43ac-b733-5d141d48332b,9e2667dd-7707-49c4-9174-6eff15a9ea0b,,https://storage.googleapis.com/print-482914-images/products/gildan-ultra-cotton-t-shirt/4600_back.png,Gildan Ultra Cotton T-shirt - White - back,false
3ae86f53-ff76-4e1a-955b-b26ff044f5e1,9e2667dd-7707-49c4-9174-6eff15a9ea0b,,https://mms-images.out.customink.com/mms/images/catalog/colors/4600/views/alt/left_large.png,Gildan Ultra Cotton T-shirt - White - left,false
8e82c809-2855-4ebc-b9e7-7726b35ba584,9e2667dd-7707-49c4-9174-6eff15a9ea0b,,https://mms-images.out.customink.com/mms/images/catalog/colors/4600/views/alt/right_large.png,Gildan Ultra Cotton T-shirt - White - right,false
985e3890-634d-4d18-82d5-3c2bb4198c0a,9e2667dd-7707-49c4-9174-6eff15a9ea0b,,https://storage.googleapis.com/print-482914-images/products/gildan-ultra-cotton-t-shirt/4619_front.png,Gildan Ultra Cotton T-shirt - Natural - front,false
bc5f5418-ad93-492d-9ca8-f062bdc04e7b,9e2667dd-7707-49c4-9174-6eff15a9ea0b,,https://storage.googleapis.com/print-482914-images/products/gildan-ultra-cotton-t-shirt/4619_back.png,Gildan Ultra Cotton T-shirt - Natural - back,false
6f0c6a17-2608-49dd-85e8-423eb21a9364,9e2667dd-7707-49c4-9174-6eff15a9ea0b,,https://mms-images.out.customink.com/mms/images/catalog/colors/4619/views/alt/left_large.png,Gildan Ultra Cotton T-shirt - Natural - left,false
01f2cce2-106c-455f-9899-4384b1f8ea94,9e2667dd-7707-49c4-9174-6eff15a9ea0b,,https://mms-images.out.customink.com/mms/images/catalog/colors/4619/views/alt/right_large.png,Gildan Ultra Cotton T-shirt - Natural - right,false
cf45b998-4150-4ab6-8e61-590c847c49c1,9e2667dd-7707-49c4-9174-6eff15a9ea0b,,https://storage.googleapis.com/print-482914-images/products/gildan-ultra-cotton-t-shirt/4604_front.png,Gildan Ultra Cotton T-shirt - Black - front,false
dafda620-358f-4975-8d2d-679b2e3204dd,9e2667dd-7707-49c4-9174-6eff15a9ea0b,,https://storage.googleapis.com/print-482914-images/products/gildan-ultra-cotton-t-shirt/4604_back.png,Gildan Ultra Cotton T-shirt - Black - back,false
d0130be4-ffce-477c-9bd4-f9f35111e4ac,9e2667dd-7707-49c4-9174-6eff15a9ea0b,,https://mms-images.out.customink.com/mms/images/catalog/colors/4604/views/alt/left_large.png,Gildan Ultra Cotton T-shirt - Black - left,false
83d58d1b-de56-47bc-bb0d-12ea2cd42b0f,9e2667dd-7707-49c4-9174-6eff15a9ea0b,,https://mms-images.out.customink.com/mms/images/catalog/colors/4604/views/alt/right_large.png,Gildan Ultra Cotton T-shirt - Black - right,false
df49443a-4d03-4374-87fe-a3bdb07a9221,9e2667dd-7707-49c4-9174-6eff15a9ea0b,,https://storage.googleapis.com/print-482914-images/products/gildan-ultra-cotton-t-shirt/4633_front.png,Gildan Ultra Cotton T-shirt - Charcoal - front,false
1667fad3-f71e-4c3a-9c98-c68d02a09143,9e2667dd-7707-49c4-9174-6eff15a9ea0b,,https://storage.googleapis.com/print-482914-images/products/gildan-ultra-cotton-t-shirt/4633_back.png,Gildan Ultra Cotton T-shirt - Charcoal - back,false
94bfda35-6485-4de9-80ba-78c8d17d8f4f,9e2667dd-7707-49c4-9174-6eff15a9ea0b,,https://mms-images.out.customink.com/mms/images/catalog/colors/4633/views/alt/left_large.png,Gildan Ultra Cotton T-shirt - Charcoal - left,false
a853d834-62e2-44e5-a3b2-abbc775c1017,9e2667dd-7707-49c4-9174-6eff15a9ea0b,,https://mms-images.out.customink.com/mms/images/catalog/colors/4633/views/alt/right_large.png,Gildan Ultra Cotton T-shirt - Charcoal - right,false
8b28027e-6ad7-45f8-aa45-f2d0b3a790bb,9e2667dd-7707-49c4-9174-6eff15a9ea0b,,https://storage.googleapis.com/print-482914-images/products/gildan-ultra-cotton-t-shirt/4657_front.png,Gildan Ultra Cotton T-shirt - Dark Heather - front,false
7b0c0df0-730f-4e08-b103-c39a6f4ef645,9e2667dd-7707-49c4-9174-6eff15a9ea0b,,https://storage.googleapis.com/print-482914-images/products/gildan-ultra-cotton-t-shirt/4657_back.png,Gildan Ultra Cotton T-shirt - Dark Heather - back,false
a9c2499f-1763-4647-b2bb-4c6bc54baa3c,9e2667dd-7707-49c4-9174-6eff15a9ea0b,,https://mms-images.out.customink.com/mms/images/catalog/colors/4657/views/alt/left_large.png,Gildan Ultra Cotton T-shirt - Dark Heather - left,false
387e57f9-059d-4985-be77-c1ef98198ac2,9e2667dd-7707-49c4-9174-6eff15a9ea0b,,https://mms-images.out.customink.com/mms/images/catalog/colors/4657/views/alt/right_large.png,Gildan Ultra Cotton T-shirt - Dark Heather - right,false
a0d2009b-e093-43a5-98ea-d7c06e71f90b,9e2667dd-7707-49c4-9174-6eff15a9ea0b,,https://storage.googleapis.com/print-482914-images/products/gildan-ultra-cotton-t-shirt/4632_front.png,Gildan Ultra Cotton T-shirt - Sports Grey - front,false
9114d85f-6b64-4e70-beee-d06667be0588,9e2667dd-7707-49c4-9174-6eff15a9ea0b,,https://storage.googleapis.com/print-482914-images/products/gildan-ultra-cotton-t-shirt/4632_back.png,Gildan Ultra Cotton T-shirt - Sports Grey - back,false
9a6b4f81-4ee1-4604-9822-3089e05e2fa0,9e2667dd-7707-49c4-9174-6eff15a9ea0b,,https://mms-images.out.customink.com/mms/images/catalog/colors/4632/views/alt/left_large.png,Gildan Ultra Cotton T-shirt - Sports Grey - left,false
91f3b483-b8b1-46b8-b882-2f3e8c570b79,9e2667dd-7707-49c4-9174-6eff15a9ea0b,,https://mms-images.out.customink.com/mms/images/catalog/colors/4632/views/alt/right_large.png,Gildan Ultra Cotton T-shirt - Sports Grey - right,false
3da8e2c9-15db-4b76-bd83-ad95d3ac566c,4574d41b-aa11-4739-a24b-ecc5ec9b205f,,https://storage.googleapis.com/print-482914-images/products/allpro-interlock-upf-50-performance-shirt/1790628_front.png,AllPro Interlock UPF 50 Performance Shirt - White - front,false
9507b34a-6bd0-4533-9193-8b7ef65bca08,4574d41b-aa11-4739-a24b-ecc5ec9b205f,,https://storage.googleapis.com/print-482914-images/products/allpro-interlock-upf-50-performance-shirt/1790628_back.png,AllPro Interlock UPF 50 Performance Shirt - White - back,false
934586e2-59cb-4942-8856-49309f3c3424,4574d41b-aa11-4739-a24b-ecc5ec9b205f,,https://mms-images.out.customink.com/mms/images/catalog/colors/1790628/views/alt/left_large.png,AllPro Interlock UPF 50 Performance Shirt - White - left,false
8377f0cf-f97e-4335-b4ad-710297a5034c,4574d41b-aa11-4739-a24b-ecc5ec9b205f,,https://mms-images.out.customink.com/mms/images/catalog/colors/1790628/views/alt/right_large.png,AllPro Interlock UPF 50 Performance Shirt - White - right,false
5738ff0d-7bc8-462c-9836-3f36f72965bd,4574d41b-aa11-4739-a24b-ecc5ec9b205f,,https://storage.googleapis.com/print-482914-images/products/allpro-interlock-upf-50-performance-shirt/1790612_front.png,AllPro Interlock UPF 50 Performance Shirt - Heather Steel - front,false
98cbd76f-d5fe-45ff-8762-030e1397345a,4574d41b-aa11-4739-a24b-ecc5ec9b205f,,https://storage.googleapis.com/print-482914-images/products/allpro-interlock-upf-50-performance-shirt/1790612_back.png,AllPro Interlock UPF 50 Performance Shirt - Heather Steel - back,false
1d7ed628-2f3e-413d-89b8-0d9657b94760,4574d41b-aa11-4739-a24b-ecc5ec9b205f,,https://mms-images.out.customink.com/mms/images/catalog/colors/1790612/views/alt/left_large.png,AllPro Interlock UPF 50 Performance Shirt - Heather Steel - left,false
c1851fef-7878-4835-b161-108ce4ad882f,4574d41b-aa11-4739-a24b-ecc5ec9b205f,,https://mms-images.out.customink.com/mms/images/catalog/colors/1790612/views/alt/right_large.png,AllPro Interlock UPF 50 Performance Shirt - Heather Steel - right,false
9eada87d-4532-4f00-85a3-cf2690b24ed9,4574d41b-aa11-4739-a24b-ecc5ec9b205f,,https://storage.googleapis.com/print-482914-images/products/allpro-interlock-upf-50-performance-shirt/1790608_front.png,AllPro Interlock UPF 50 Performance Shirt - Greystone - front,false
690f6f11-d116-4c68-afc7-18b2f08bcd78,4574d41b-aa11-4739-a24b-ecc5ec9b205f,,https://storage.googleapis.com/print-482914-images/products/allpro-interlock-upf-50-performance-shirt/1790608_back.png,AllPro Interlock UPF 50 Performance Shirt - Greystone - back,false
d5caba92-b9d6-4c97-9e94-1b84646ecba6,4574d41b-aa11-4739-a24b-ecc5ec9b205f,,https://mms-images.out.customink.com/mms/images/catalog/colors/1790608/views/alt/left_large.png,AllPro Interlock UPF 50 Performance Shirt - Greystone - left,false
467eb404-d6dd-40b9-b9a9-a39f0e985921,4574d41b-aa11-4739-a24b-ecc5ec9b205f,,https://mms-images.out.customink.com/mms/images/catalog/colors/1790608/views/alt/right_large.png,AllPro Interlock UPF 50 Performance Shirt - Greystone - right,false
46900202-5aef-40b4-822e-659178fc1de9,4574d41b-aa11-4739-a24b-ecc5ec9b205f,,https://storage.googleapis.com/print-482914-images/products/allpro-interlock-upf-50-performance-shirt/1790609_front.png,AllPro Interlock UPF 50 Performance Shirt - Heather Granite - front,false
02f1085d-99ea-4b80-9898-73db9b75884d,4574d41b-aa11-4739-a24b-ecc5ec9b205f,,https://storage.googleapis.com/print-482914-images/products/allpro-interlock-upf-50-performance-shirt/1790609_back.png,AllPro Interlock UPF 50 Performance Shirt - Heather Granite - back,false
32328244-2765-4e3d-9246-8adc89f57ad6,4574d41b-aa11-4739-a24b-ecc5ec9b205f,,https://mms-images.out.customink.com/mms/images/catalog/colors/1790609/views/alt/left_large.png,AllPro Interlock UPF 50 Performance Shirt - Heather Granite - left,false
6ac53731-38d2-463f-ab60-551a13a00944,4574d41b-aa11-4739-a24b-ecc5ec9b205f,,https://mms-images.out.customink.com/mms/images/catalog/colors/1790609/views/alt/right_large.png,AllPro Interlock UPF 50 Performance Shirt - Heather Granite - right,false
5f7277ce-4203-4c06-b37d-a29739633794,4574d41b-aa11-4739-a24b-ecc5ec9b205f,,https://storage.googleapis.com/print-482914-images/products/allpro-interlock-upf-50-performance-shirt/1790604_front.png,AllPro Interlock UPF 50 Performance Shirt - Charcoal - front,false
f80fd106-cd80-422f-9e2f-1586b3b8f6ef,4574d41b-aa11-4739-a24b-ecc5ec9b205f,,https://storage.googleapis.com/print-482914-images/products/allpro-interlock-upf-50-performance-shirt/1790604_back.png,AllPro Interlock UPF 50 Performance Shirt - Charcoal - back,false
357a4054-2b8b-4bf7-9531-2b9060116631,4574d41b-aa11-4739-a24b-ecc5ec9b205f,,https://mms-images.out.customink.com/mms/images/catalog/colors/1790604/views/alt/left_large.png,AllPro Interlock UPF 50 Performance Shirt - Charcoal - left,false
106a66ad-4ace-4c35-964a-e02fd681ff69,4574d41b-aa11-4739-a24b-ecc5ec9b205f,,https://mms-images.out.customink.com/mms/images/catalog/colors/1790604/views/alt/right_large.png,AllPro Interlock UPF 50 Performance Shirt - Charcoal - right,false
90a15425-f267-41d6-ac34-067938103691,4574d41b-aa11-4739-a24b-ecc5ec9b205f,,https://storage.googleapis.com/print-482914-images/products/allpro-interlock-upf-50-performance-shirt/1790626_front.png,AllPro Interlock UPF 50 Performance Shirt - Smoke - front,false
ff657200-76f8-4e28-b98b-dea3ab37cf75,4574d41b-aa11-4739-a24b-ecc5ec9b205f,,https://storage.googleapis.com/print-482914-images/products/allpro-interlock-upf-50-performance-shirt/1790626_back.png,AllPro Interlock UPF 50 Performance Shirt - Smoke - back,false
ea1fdb73-437c-4198-a926-f17498acdb71,4574d41b-aa11-4739-a24b-ecc5ec9b205f,,https://mms-images.out.customink.com/mms/images/catalog/colors/1790626/views/alt/left_large.png,AllPro Interlock UPF 50 Performance Shirt - Smoke - left,false
6ccaedcd-7eac-4133-b0f2-7cc99b3822dc,4574d41b-aa11-4739-a24b-ecc5ec9b205f,,https://mms-images.out.customink.com/mms/images/catalog/colors/1790626/views/alt/right_large.png,AllPro Interlock UPF 50 Performance Shirt - Smoke - right,false
25c78636-c298-4a76-9150-66421e93c15c,e8eace8a-458c-4ea5-b044-bb3614db776d,,https://storage.googleapis.com/print-482914-images/products/gildan-100percent-cotton-t-shirt/4100_front.png,Gildan 100% Cotton T-shirt - White - front,true
93abc045-26d3-4d18-8c97-6291d23ab5ce,e8eace8a-458c-4ea5-b044-bb3614db776d,,https://storage.googleapis.com/print-482914-images/products/gildan-100percent-cotton-t-shirt/4100_back.png,Gildan 100% Cotton T-shirt - White - back,false
cbf75536-bc61-4bff-be59-3a5c5fd4c1da,e8eace8a-458c-4ea5-b044-bb3614db776d,,https://mms-images.out.customink.com/mms/images/catalog/colors/4100/views/alt/left_large.png,Gildan 100% Cotton T-shirt - White - left,false
efbc7797-0600-49a4-a872-be2a060af182,e8eace8a-458c-4ea5-b044-bb3614db776d,,https://mms-images.out.customink.com/mms/images/catalog/colors/4100/views/alt/right_large.png,Gildan 100% Cotton T-shirt - White - right,false
311f1376-f3f3-47b1-8d89-22c92fc49de5,e8eace8a-458c-4ea5-b044-bb3614db776d,,https://storage.googleapis.com/print-482914-images/products/gildan-100percent-cotton-t-shirt/4120_front.png,Gildan 100% Cotton T-shirt - Ash - front,false
01108d47-ea5b-4a69-82b2-6fb0b2534868,e8eace8a-458c-4ea5-b044-bb3614db776d,,https://storage.googleapis.com/print-482914-images/products/gildan-100percent-cotton-t-shirt/4120_back.png,Gildan 100% Cotton T-shirt - Ash - back,false
68204be6-e9e7-40fd-8c4c-84ae44ca2b9b,e8eace8a-458c-4ea5-b044-bb3614db776d,,https://mms-images.out.customink.com/mms/images/catalog/colors/4120/views/alt/left_large.png,Gildan 100% Cotton T-shirt - Ash - left,false
66105163-28bd-4ead-a075-0b1d468fa4d9,e8eace8a-458c-4ea5-b044-bb3614db776d,,https://mms-images.out.customink.com/mms/images/catalog/colors/4120/views/alt/right_large.png,Gildan 100% Cotton T-shirt - Ash - right,false
1342a1f0-31f9-4568-b46f-ed8441d78744,e8eace8a-458c-4ea5-b044-bb3614db776d,,https://storage.googleapis.com/print-482914-images/products/gildan-100percent-cotton-t-shirt/4162_front.png,Gildan 100% Cotton T-shirt - Ice Grey - front,false
75ca0ca6-bf48-4adf-aad2-1129ad8c3365,e8eace8a-458c-4ea5-b044-bb3614db776d,,https://storage.googleapis.com/print-482914-images/products/gildan-100percent-cotton-t-shirt/4162_back.png,Gildan 100% Cotton T-shirt - Ice Grey - back,false
3a58051c-ae2b-437c-bc1f-396a353640bf,e8eace8a-458c-4ea5-b044-bb3614db776d,,https://mms-images.out.customink.com/mms/images/catalog/colors/4162/views/alt/left_large.png,Gildan 100% Cotton T-shirt - Ice Grey - left,false
1a9fb64b-3f12-45d8-8928-8d2e76d03d3d,e8eace8a-458c-4ea5-b044-bb3614db776d,,https://mms-images.out.customink.com/mms/images/catalog/colors/4162/views/alt/right_large.png,Gildan 100% Cotton T-shirt - Ice Grey - right,false
6bfb6b9a-1bc2-453c-8523-00559d66242d,e8eace8a-458c-4ea5-b044-bb3614db776d,,https://storage.googleapis.com/print-482914-images/products/gildan-100percent-cotton-t-shirt/4101_front.png,Gildan 100% Cotton T-shirt - Sports Grey - front,false
97f13fac-b1de-4d73-abaa-e6c4af2243f9,e8eace8a-458c-4ea5-b044-bb3614db776d,,https://storage.googleapis.com/print-482914-images/products/gildan-100percent-cotton-t-shirt/4101_back.png,Gildan 100% Cotton T-shirt - Sports Grey - back,false
bbe4d6ed-4f56-49f5-9db4-b352709962be,e8eace8a-458c-4ea5-b044-bb3614db776d,,https://mms-images.out.customink.com/mms/images/catalog/colors/4101/views/alt/left_large.png,Gildan 100% Cotton T-shirt - Sports Grey - left,false
d594d61b-ab9c-4062-92e4-c26b5304d847,e8eace8a-458c-4ea5-b044-bb3614db776d,,https://mms-images.out.customink.com/mms/images/catalog/colors/4101/views/alt/right_large.png,Gildan 100% Cotton T-shirt - Sports Grey - right,false
97db0c3a-bdb8-4056-9b65-3d37c98fdb5c,e8eace8a-458c-4ea5-b044-bb3614db776d,,https://storage.googleapis.com/print-482914-images/products/gildan-100percent-cotton-t-shirt/4151_front.png,Gildan 100% Cotton T-shirt - Gravel - front,false
af42c49c-be62-4bf0-8192-72addecc5da7,e8eace8a-458c-4ea5-b044-bb3614db776d,,https://storage.googleapis.com/print-482914-images/products/gildan-100percent-cotton-t-shirt/4151_back.png,Gildan 100% Cotton T-shirt - Gravel - back,false
b4f83fb9-2293-49c3-b0d0-afbd57b3758a,e8eace8a-458c-4ea5-b044-bb3614db776d,,https://mms-images.out.customink.com/mms/images/catalog/colors/4151/views/alt/left_large.png,Gildan 100% Cotton T-shirt - Gravel - left,false
736b2021-436a-4c64-b187-be5cc84b98a3,e8eace8a-458c-4ea5-b044-bb3614db776d,,https://mms-images.out.customink.com/mms/images/catalog/colors/4151/views/alt/right_large.png,Gildan 100% Cotton T-shirt - Gravel - right,false
dd326214-c5e7-4cda-9c39-9844d82db6c6,e8eace8a-458c-4ea5-b044-bb3614db776d,,https://storage.googleapis.com/print-482914-images/products/gildan-100percent-cotton-t-shirt/4177_front.png,Gildan 100% Cotton T-shirt - Graphite Heather - front,false
188fe125-91b3-46bf-b36a-176b36f32104,e8eace8a-458c-4ea5-b044-bb3614db776d,,https://storage.googleapis.com/print-482914-images/products/gildan-100percent-cotton-t-shirt/4177_back.png,Gildan 100% Cotton T-shirt - Graphite Heather - back,false
64c57b2b-b1f9-44a1-8e9d-a0cbc373bb64,e8eace8a-458c-4ea5-b044-bb3614db776d,,https://mms-images.out.customink.com/mms/images/catalog/colors/4177/views/alt/left_large.png,Gildan 100% Cotton T-shirt - Graphite Heather - left,false
1c7da5a4-22d9-4b2c-abfb-c8e2b8cb2fdc,e8eace8a-458c-4ea5-b044-bb3614db776d,,https://mms-images.out.customink.com/mms/images/catalog/colors/4177/views/alt/right_large.png,Gildan 100% Cotton T-shirt - Graphite Heather - right,false
abd5246c-665e-4d0f-941d-285ed47a016f,c8427c68-d857-4290-8d9f-c91ddfb62aa6,,https://storage.googleapis.com/print-482914-images/products/next-level-tri-blend-t-shirt/186916_front.png,Next Level Tri-Blend T-shirt - Solid White - front,false
36af3f02-f40d-408d-a849-f338b5511a23,c8427c68-d857-4290-8d9f-c91ddfb62aa6,,https://storage.googleapis.com/print-482914-images/products/next-level-tri-blend-t-shirt/186916_back.png,Next Level Tri-Blend T-shirt - Solid White - back,false
e46753a1-b3b3-4344-91c0-65cdfadc7184,c8427c68-d857-4290-8d9f-c91ddfb62aa6,,https://mms-images.out.customink.com/mms/images/catalog/colors/186916/views/alt/left_large.png,Next Level Tri-Blend T-shirt - Solid White - left,false
7f0daf68-156b-4e52-ac87-8602f86b4c72,c8427c68-d857-4290-8d9f-c91ddfb62aa6,,https://mms-images.out.customink.com/mms/images/catalog/colors/186916/views/alt/right_large.png,Next Level Tri-Blend T-shirt - Solid White - right,false
294eceaf-6066-4fb4-91d9-59d29321ffe9,c8427c68-d857-4290-8d9f-c91ddfb62aa6,,https://storage.googleapis.com/print-482914-images/products/next-level-tri-blend-t-shirt/186900_front.png,Next Level Tri-Blend T-shirt - Heather White - front,true
2213518a-bf80-440f-84cc-becc17217f33,c8427c68-d857-4290-8d9f-c91ddfb62aa6,,https://storage.googleapis.com/print-482914-images/products/next-level-tri-blend-t-shirt/186900_back.png,Next Level Tri-Blend T-shirt - Heather White - back,false
3bb7a7a4-cc2a-46a5-aae9-edbee68ba40e,c8427c68-d857-4290-8d9f-c91ddfb62aa6,,https://mms-images.out.customink.com/mms/images/catalog/colors/186900/views/alt/left_large.png,Next Level Tri-Blend T-shirt - Heather White - left,false
741bfa13-6249-4475-b975-bff42c443342,c8427c68-d857-4290-8d9f-c91ddfb62aa6,,https://mms-images.out.customink.com/mms/images/catalog/colors/186900/views/alt/right_large.png,Next Level Tri-Blend T-shirt - Heather White - right,false
6e7d3106-ec6e-4552-ae78-d0d87cc64736,c8427c68-d857-4290-8d9f-c91ddfb62aa6,,https://storage.googleapis.com/print-482914-images/products/next-level-tri-blend-t-shirt/186901_front.png,Next Level Tri-Blend T-shirt - Premium Heather - front,false
e810e553-4672-4749-a96c-71a503cdb45e,c8427c68-d857-4290-8d9f-c91ddfb62aa6,,https://storage.googleapis.com/print-482914-images/products/next-level-tri-blend-t-shirt/186901_back.png,Next Level Tri-Blend T-shirt - Premium Heather - back,false
93762fe9-667d-4290-a8da-39d16b1378c2,c8427c68-d857-4290-8d9f-c91ddfb62aa6,,https://mms-images.out.customink.com/mms/images/catalog/colors/186901/views/alt/left_large.png,Next Level Tri-Blend T-shirt - Premium Heather - left,false
2aeadfe7-134e-4e14-bc86-6f1686506601,c8427c68-d857-4290-8d9f-c91ddfb62aa6,,https://mms-images.out.customink.com/mms/images/catalog/colors/186901/views/alt/right_large.png,Next Level Tri-Blend T-shirt - Premium Heather - right,false
dd2a7116-9603-4e8d-9110-ffdc42b1b63b,c8427c68-d857-4290-8d9f-c91ddfb62aa6,,https://storage.googleapis.com/print-482914-images/products/next-level-tri-blend-t-shirt/186904_front.png,Next Level Tri-Blend T-shirt - Venetian Grey - front,false
4583db7a-03d7-4086-aeb5-62e901e5a674,c8427c68-d857-4290-8d9f-c91ddfb62aa6,,https://storage.googleapis.com/print-482914-images/products/next-level-tri-blend-t-shirt/186904_back.png,Next Level Tri-Blend T-shirt - Venetian Grey - back,false
461f5751-45b6-4e68-b26e-aae74d3c1dcc,c8427c68-d857-4290-8d9f-c91ddfb62aa6,,https://mms-images.out.customink.com/mms/images/catalog/colors/186904/views/alt/left_large.png,Next Level Tri-Blend T-shirt - Venetian Grey - left,false
65e72975-e542-4106-beef-163781327617,c8427c68-d857-4290-8d9f-c91ddfb62aa6,,https://mms-images.out.customink.com/mms/images/catalog/colors/186904/views/alt/right_large.png,Next Level Tri-Blend T-shirt - Venetian Grey - right,false
cbae3fb3-80ca-455c-a1c1-62ec8b87c96a,c8427c68-d857-4290-8d9f-c91ddfb62aa6,,https://storage.googleapis.com/print-482914-images/products/next-level-tri-blend-t-shirt/186919_front.png,Next Level Tri-Blend T-shirt - Vintage Heavy Metal - front,false
97611005-b8be-42bf-b7fa-35c6fc7b5fc1,c8427c68-d857-4290-8d9f-c91ddfb62aa6,,https://storage.googleapis.com/print-482914-images/products/next-level-tri-blend-t-shirt/186919_back.png,Next Level Tri-Blend T-shirt - Vintage Heavy Metal - back,false
be415ca6-ec86-485a-bd76-4af663bc612f,c8427c68-d857-4290-8d9f-c91ddfb62aa6,,https://mms-images.out.customink.com/mms/images/catalog/colors/186919/views/alt/left_large.png,Next Level Tri-Blend T-shirt - Vintage Heavy Metal - left,false
20866d0c-6d87-4146-b2ea-b08ec5e24d12,c8427c68-d857-4290-8d9f-c91ddfb62aa6,,https://mms-images.out.customink.com/mms/images/catalog/colors/186919/views/alt/right_large.png,Next Level Tri-Blend T-shirt - Vintage Heavy Metal - right,false
b91812f0-2359-4de0-aa0b-cc644e0cb204,c8427c68-d857-4290-8d9f-c91ddfb62aa6,,https://storage.googleapis.com/print-482914-images/products/next-level-tri-blend-t-shirt/186902_front.png,Next Level Tri-Blend T-shirt - Vintage Black - front,false
cf1a91b9-dd8a-44ea-a2a6-b2d8162e64cd,c8427c68-d857-4290-8d9f-c91ddfb62aa6,,https://storage.googleapis.com/print-482914-images/products/next-level-tri-blend-t-shirt/186902_back.png,Next Level Tri-Blend T-shirt - Vintage Black - back,false
31457e9e-ed9b-405d-868a-26a088c664cf,c8427c68-d857-4290-8d9f-c91ddfb62aa6,,https://mms-images.out.customink.com/mms/images/catalog/colors/186902/views/alt/left_large.png,Next Level Tri-Blend T-shirt - Vintage Black - left,false
9e7d6c74-6d24-4566-932f-37666c2fefd2,c8427c68-d857-4290-8d9f-c91ddfb62aa6,,https://mms-images.out.customink.com/mms/images/catalog/colors/186902/views/alt/right_large.png,Next Level Tri-Blend T-shirt - Vintage Black - right,false
c260f4b1-92cc-493b-92f2-bc9afe4fe99f,231fc0cb-a445-4f34-b741-f0dc82b56a41,,https://storage.googleapis.com/print-482914-images/products/gildan-dryblend-5050-t-shirt/4900_front.png,Gildan DryBlend 50/50 T-shirt - White - front,true
af91e74c-7627-472d-81d4-1e212e27ca22,231fc0cb-a445-4f34-b741-f0dc82b56a41,,https://storage.googleapis.com/print-482914-images/products/gildan-dryblend-5050-t-shirt/4900_back.png,Gildan DryBlend 50/50 T-shirt - White - back,false
87e4a4d8-67ea-4d7c-884b-0de0ef6063b7,231fc0cb-a445-4f34-b741-f0dc82b56a41,,https://mms-images.out.customink.com/mms/images/catalog/colors/4900/views/alt/left_large.png,Gildan DryBlend 50/50 T-shirt - White - left,false
616ca371-d85f-47bb-a4b2-315d02abe61c,231fc0cb-a445-4f34-b741-f0dc82b56a41,,https://mms-images.out.customink.com/mms/images/catalog/colors/4900/views/alt/right_large.png,Gildan DryBlend 50/50 T-shirt - White - right,false
75576336-c9ea-4a4f-be60-f90866526244,231fc0cb-a445-4f34-b741-f0dc82b56a41,,https://storage.googleapis.com/print-482914-images/products/gildan-dryblend-5050-t-shirt/4904_front.png,Gildan DryBlend 50/50 T-shirt - Black - front,false
04567b8e-befb-41d4-8a6e-f328d482387c,231fc0cb-a445-4f34-b741-f0dc82b56a41,,https://storage.googleapis.com/print-482914-images/products/gildan-dryblend-5050-t-shirt/4904_back.png,Gildan DryBlend 50/50 T-shirt - Black - back,false
bcd28eff-2af5-4d00-bc97-43de35199592,231fc0cb-a445-4f34-b741-f0dc82b56a41,,https://mms-images.out.customink.com/mms/images/catalog/colors/4904/views/alt/left_large.png,Gildan DryBlend 50/50 T-shirt - Black - left,false
ed557279-05be-48f4-b1b5-bd7b3c626f39,231fc0cb-a445-4f34-b741-f0dc82b56a41,,https://mms-images.out.customink.com/mms/images/catalog/colors/4904/views/alt/right_large.png,Gildan DryBlend 50/50 T-shirt - Black - right,false
565e078a-8617-445c-8cb5-056a3341ae58,231fc0cb-a445-4f34-b741-f0dc82b56a41,,https://storage.googleapis.com/print-482914-images/products/gildan-dryblend-5050-t-shirt/4932_front.png,Gildan DryBlend 50/50 T-shirt - Dark Heather - front,false
a9cd04c0-7890-40ef-90ed-e8e00580f4ad,231fc0cb-a445-4f34-b741-f0dc82b56a41,,https://storage.googleapis.com/print-482914-images/products/gildan-dryblend-5050-t-shirt/4932_back.png,Gildan DryBlend 50/50 T-shirt - Dark Heather - back,false
06f341c4-5abc-4dce-a2b8-9dbf7e68b8a9,231fc0cb-a445-4f34-b741-f0dc82b56a41,,https://mms-images.out.customink.com/mms/images/catalog/colors/4932/views/alt/left_large.png,Gildan DryBlend 50/50 T-shirt - Dark Heather - left,false
58d3553a-0fad-4934-8560-fcd1d1950eab,231fc0cb-a445-4f34-b741-f0dc82b56a41,,https://mms-images.out.customink.com/mms/images/catalog/colors/4932/views/alt/right_large.png,Gildan DryBlend 50/50 T-shirt - Dark Heather - right,false
225414c9-67fd-4f22-9a53-1b10a79929d3,231fc0cb-a445-4f34-b741-f0dc82b56a41,,https://storage.googleapis.com/print-482914-images/products/gildan-dryblend-5050-t-shirt/4937_front.png,Gildan DryBlend 50/50 T-shirt - Graphite Heather - front,false
e63d5282-bbf7-47d7-a13f-2b55c19a3a42,231fc0cb-a445-4f34-b741-f0dc82b56a41,,https://storage.googleapis.com/print-482914-images/products/gildan-dryblend-5050-t-shirt/4937_back.png,Gildan DryBlend 50/50 T-shirt - Graphite Heather - back,false
e148b3d7-b9cd-461f-b84e-480f07e951f8,231fc0cb-a445-4f34-b741-f0dc82b56a41,,https://mms-images.out.customink.com/mms/images/catalog/colors/4937/views/alt/left_large.png,Gildan DryBlend 50/50 T-shirt - Graphite Heather - left,false
7df03e1c-38d8-497b-bbf3-ece71b7881d4,231fc0cb-a445-4f34-b741-f0dc82b56a41,,https://mms-images.out.customink.com/mms/images/catalog/colors/4937/views/alt/right_large.png,Gildan DryBlend 50/50 T-shirt - Graphite Heather - right,false
9a3d8397-2242-469b-8c3f-317d9f002308,231fc0cb-a445-4f34-b741-f0dc82b56a41,,https://storage.googleapis.com/print-482914-images/products/gildan-dryblend-5050-t-shirt/4938_front.png,Gildan DryBlend 50/50 T-shirt - Gravel - front,false
bbb36424-86c7-482b-8aa8-864a42fd0c01,231fc0cb-a445-4f34-b741-f0dc82b56a41,,https://storage.googleapis.com/print-482914-images/products/gildan-dryblend-5050-t-shirt/4938_back.png,Gildan DryBlend 50/50 T-shirt - Gravel - back,false
d143e4ed-db14-4b04-b2da-286151c35076,231fc0cb-a445-4f34-b741-f0dc82b56a41,,https://mms-images.out.customink.com/mms/images/catalog/colors/4938/views/alt/left_large.png,Gildan DryBlend 50/50 T-shirt - Gravel - left,false
d8819cf6-9cac-4d4b-95ba-a88423fe5c96,231fc0cb-a445-4f34-b741-f0dc82b56a41,,https://mms-images.out.customink.com/mms/images/catalog/colors/4938/views/alt/right_large.png,Gildan DryBlend 50/50 T-shirt - Gravel - right,false
0d6a77ef-c5a1-4e02-a088-2dab4c237bb4,231fc0cb-a445-4f34-b741-f0dc82b56a41,,https://storage.googleapis.com/print-482914-images/products/gildan-dryblend-5050-t-shirt/4908_front.png,Gildan DryBlend 50/50 T-shirt - Sport Grey - front,false
d3af39af-df86-4509-8e3a-ed62379a59a9,231fc0cb-a445-4f34-b741-f0dc82b56a41,,https://storage.googleapis.com/print-482914-images/products/gildan-dryblend-5050-t-shirt/4908_back.png,Gildan DryBlend 50/50 T-shirt - Sport Grey - back,false
67e53583-747c-4ccb-8093-1d940e43647b,231fc0cb-a445-4f34-b741-f0dc82b56a41,,https://mms-images.out.customink.com/mms/images/catalog/colors/4908/views/alt/left_large.png,Gildan DryBlend 50/50 T-shirt - Sport Grey - left,false
6b9681cd-e18e-4217-b74f-28ab62b7ca14,231fc0cb-a445-4f34-b741-f0dc82b56a41,,https://mms-images.out.customink.com/mms/images/catalog/colors/4908/views/alt/right_large.png,Gildan DryBlend 50/50 T-shirt - Sport Grey - right,false
0aa21b0d-0007-4a1c-9558-49f2ffa11543,981f3b05-a349-4843-add9-ff1b8cb18391,,https://storage.googleapis.com/print-482914-images/products/comfort-colors-100percent-cotton-pocket-t-shirt/207912_front.png,Comfort Colors 100% Cotton Pocket T-shirt - White - front,false
1d7b1cf6-14ab-499a-b34d-d00cac65ce39,981f3b05-a349-4843-add9-ff1b8cb18391,,https://storage.googleapis.com/print-482914-images/products/comfort-colors-100percent-cotton-pocket-t-shirt/207912_back.png,Comfort Colors 100% Cotton Pocket T-shirt - White - back,false
96f89e00-2505-4f9d-8c6f-e954fe5273b8,981f3b05-a349-4843-add9-ff1b8cb18391,,https://mms-images.out.customink.com/mms/images/catalog/colors/207912/views/alt/left_large.png,Comfort Colors 100% Cotton Pocket T-shirt - White - left,false
ecf80d19-86fb-4870-a7ea-ddb6f1dcad28,981f3b05-a349-4843-add9-ff1b8cb18391,,https://mms-images.out.customink.com/mms/images/catalog/colors/207912/views/alt/right_large.png,Comfort Colors 100% Cotton Pocket T-shirt - White - right,false
09ea5645-aff7-4e2a-a3d0-3b1bccf033f8,981f3b05-a349-4843-add9-ff1b8cb18391,,https://storage.googleapis.com/print-482914-images/products/comfort-colors-100percent-cotton-pocket-t-shirt/207901_front.png,Comfort Colors 100% Cotton Pocket T-shirt - Grey - front,false
538eed0f-a3ff-41a4-ba23-10b5c863dbfa,981f3b05-a349-4843-add9-ff1b8cb18391,,https://storage.googleapis.com/print-482914-images/products/comfort-colors-100percent-cotton-pocket-t-shirt/207901_back.png,Comfort Colors 100% Cotton Pocket T-shirt - Grey - back,false
5ea5f28c-4cd2-4f80-96f3-73177331567e,981f3b05-a349-4843-add9-ff1b8cb18391,,https://mms-images.out.customink.com/mms/images/catalog/colors/207901/views/alt/left_large.png,Comfort Colors 100% Cotton Pocket T-shirt - Grey - left,false
37969e71-013a-4112-8515-e384032a88dc,981f3b05-a349-4843-add9-ff1b8cb18391,,https://mms-images.out.customink.com/mms/images/catalog/colors/207901/views/alt/right_large.png,Comfort Colors 100% Cotton Pocket T-shirt - Grey - right,false
d432e7c4-b477-481b-998d-21d7e5b5b0bf,981f3b05-a349-4843-add9-ff1b8cb18391,,https://storage.googleapis.com/print-482914-images/products/comfort-colors-100percent-cotton-pocket-t-shirt/207937_front.png,Comfort Colors 100% Cotton Pocket T-shirt - Granite - front,false
1e4a915e-7568-45ac-ab7c-07693826c472,981f3b05-a349-4843-add9-ff1b8cb18391,,https://storage.googleapis.com/print-482914-images/products/comfort-colors-100percent-cotton-pocket-t-shirt/207937_back.png,Comfort Colors 100% Cotton Pocket T-shirt - Granite - back,false
a91ac864-b131-41c7-a6e6-6f3528920ec1,981f3b05-a349-4843-add9-ff1b8cb18391,,https://mms-images.out.customink.com/mms/images/catalog/colors/207937/views/alt/left_large.png,Comfort Colors 100% Cotton Pocket T-shirt - Granite - left,false
7feec65e-9f07-4fd9-86de-21e9703418f9,981f3b05-a349-4843-add9-ff1b8cb18391,,https://mms-images.out.customink.com/mms/images/catalog/colors/207937/views/alt/right_large.png,Comfort Colors 100% Cotton Pocket T-shirt - Granite - right,false
b7670423-805d-4fb7-b034-1ab41f3bb548,981f3b05-a349-4843-add9-ff1b8cb18391,,https://storage.googleapis.com/print-482914-images/products/comfort-colors-100percent-cotton-pocket-t-shirt/207900_front.png,Comfort Colors 100% Cotton Pocket T-shirt - Pepper - front,true
ff00c0ba-114e-4a62-8c07-689d741e663a,981f3b05-a349-4843-add9-ff1b8cb18391,,https://storage.googleapis.com/print-482914-images/products/comfort-colors-100percent-cotton-pocket-t-shirt/207900_back.png,Comfort Colors 100% Cotton Pocket T-shirt - Pepper - back,false
5219fb56-63ff-47cc-a975-8e18767bcca6,981f3b05-a349-4843-add9-ff1b8cb18391,,https://mms-images.out.customink.com/mms/images/catalog/colors/207900/views/alt/left_large.png,Comfort Colors 100% Cotton Pocket T-shirt - Pepper - left,false
52f6d1b2-d7a0-4b78-99a9-2cf1518a0017,981f3b05-a349-4843-add9-ff1b8cb18391,,https://mms-images.out.customink.com/mms/images/catalog/colors/207900/views/alt/right_large.png,Comfort Colors 100% Cotton Pocket T-shirt - Pepper - right,false
fd6e6597-1989-4604-b8d3-b8d65ec02bab,981f3b05-a349-4843-add9-ff1b8cb18391,,https://storage.googleapis.com/print-482914-images/products/comfort-colors-100percent-cotton-pocket-t-shirt/207913_front.png,Comfort Colors 100% Cotton Pocket T-shirt - Black - front,false
4b1cbc04-898c-4b31-b9f9-34ccc9dd54ba,981f3b05-a349-4843-add9-ff1b8cb18391,,https://storage.googleapis.com/print-482914-images/products/comfort-colors-100percent-cotton-pocket-t-shirt/207913_back.png,Comfort Colors 100% Cotton Pocket T-shirt - Black - back,false
01ccfd2a-c102-497e-a628-a2dc0a7cf1d3,981f3b05-a349-4843-add9-ff1b8cb18391,,https://mms-images.out.customink.com/mms/images/catalog/colors/207913/views/alt/left_large.png,Comfort Colors 100% Cotton Pocket T-shirt - Black - left,false
5c1b32df-b77b-43bf-b797-4d8ed0e3c2d1,981f3b05-a349-4843-add9-ff1b8cb18391,,https://mms-images.out.customink.com/mms/images/catalog/colors/207913/views/alt/right_large.png,Comfort Colors 100% Cotton Pocket T-shirt - Black - right,false
e866e7dd-dfea-42f8-8f7b-a0802b6054e7,981f3b05-a349-4843-add9-ff1b8cb18391,,https://storage.googleapis.com/print-482914-images/products/comfort-colors-100percent-cotton-pocket-t-shirt/207914_front.png,Comfort Colors 100% Cotton Pocket T-shirt - True Navy - front,false
bcdd69ff-45aa-4b63-9522-072e1539e231,981f3b05-a349-4843-add9-ff1b8cb18391,,https://storage.googleapis.com/print-482914-images/products/comfort-colors-100percent-cotton-pocket-t-shirt/207914_back.png,Comfort Colors 100% Cotton Pocket T-shirt - True Navy - back,false
bf753a31-bf08-4afa-b4db-b5a076055134,981f3b05-a349-4843-add9-ff1b8cb18391,,https://mms-images.out.customink.com/mms/images/catalog/colors/207914/views/alt/left_large.png,Comfort Colors 100% Cotton Pocket T-shirt - True Navy - left,false
b7be1fd5-fcef-4a5f-a9ea-a374b925eddb,981f3b05-a349-4843-add9-ff1b8cb18391,,https://mms-images.out.customink.com/mms/images/catalog/colors/207914/views/alt/right_large.png,Comfort Colors 100% Cotton Pocket T-shirt - True Navy - right,false
0a74eaf8-e774-4d7b-8fba-c4f6554b6e35,a1b04519-3377-4043-9737-b2b2f341b77b,,https://storage.googleapis.com/print-482914-images/products/gildan-lightweight-cotton-t-shirt/2118518_front.png,Gildan Lightweight Cotton T-shirt - White - front,false
2bfb018a-e610-4606-b050-fdb0ab8eabf8,a1b04519-3377-4043-9737-b2b2f341b77b,,https://storage.googleapis.com/print-482914-images/products/gildan-lightweight-cotton-t-shirt/2118518_back.png,Gildan Lightweight Cotton T-shirt - White - back,false
d3bde279-e007-462f-a33c-0d9cbf3d932b,a1b04519-3377-4043-9737-b2b2f341b77b,,https://mms-images.out.customink.com/mms/images/catalog/colors/2118518/views/alt/left_large.png,Gildan Lightweight Cotton T-shirt - White - left,false
cbeb28a8-d3a4-4296-9b7e-6dad88aa047e,a1b04519-3377-4043-9737-b2b2f341b77b,,https://mms-images.out.customink.com/mms/images/catalog/colors/2118518/views/alt/right_large.png,Gildan Lightweight Cotton T-shirt - White - right,false
6d3dabb1-06f2-4f0c-b006-2f108328ffe9,a1b04519-3377-4043-9737-b2b2f341b77b,,https://storage.googleapis.com/print-482914-images/products/gildan-lightweight-cotton-t-shirt/2118517_front.png,Gildan Lightweight Cotton T-shirt - Sport Grey - front,false
8178b814-a2b5-441b-8752-9b546da1e5b0,a1b04519-3377-4043-9737-b2b2f341b77b,,https://storage.googleapis.com/print-482914-images/products/gildan-lightweight-cotton-t-shirt/2118517_back.png,Gildan Lightweight Cotton T-shirt - Sport Grey - back,false
dfa46cc5-78fb-4ce1-b169-b394dda27609,a1b04519-3377-4043-9737-b2b2f341b77b,,https://mms-images.out.customink.com/mms/images/catalog/colors/2118517/views/alt/left_large.png,Gildan Lightweight Cotton T-shirt - Sport Grey - left,false
2f6883db-055f-4131-a402-0805da8ca42d,a1b04519-3377-4043-9737-b2b2f341b77b,,https://mms-images.out.customink.com/mms/images/catalog/colors/2118517/views/alt/right_large.png,Gildan Lightweight Cotton T-shirt - Sport Grey - right,false
4fb3e2ef-5cfc-4565-ac69-86dec31f9e70,a1b04519-3377-4043-9737-b2b2f341b77b,,https://storage.googleapis.com/print-482914-images/products/gildan-lightweight-cotton-t-shirt/2118502_front.png,Gildan Lightweight Cotton T-shirt - Graphite Heather - front,false
ad6401bb-b709-4121-b37b-a6219a4d3d04,a1b04519-3377-4043-9737-b2b2f341b77b,,https://storage.googleapis.com/print-482914-images/products/gildan-lightweight-cotton-t-shirt/2118502_back.png,Gildan Lightweight Cotton T-shirt - Graphite Heather - back,false
7a18af1f-349b-472a-b62e-61e0b14ff802,a1b04519-3377-4043-9737-b2b2f341b77b,,https://mms-images.out.customink.com/mms/images/catalog/colors/2118502/views/alt/left_large.png,Gildan Lightweight Cotton T-shirt - Graphite Heather - left,false
ae7e2eac-cbc6-4855-8042-df6804bdc56c,a1b04519-3377-4043-9737-b2b2f341b77b,,https://mms-images.out.customink.com/mms/images/catalog/colors/2118502/views/alt/right_large.png,Gildan Lightweight Cotton T-shirt - Graphite Heather - right,false
dcbfe928-93f0-432b-b262-011a5656aa65,a1b04519-3377-4043-9737-b2b2f341b77b,,https://storage.googleapis.com/print-482914-images/products/gildan-lightweight-cotton-t-shirt/2118501_front.png,Gildan Lightweight Cotton T-shirt - Charcoal - front,false
4647dea3-200d-402f-93fc-0826ef2e4b9f,a1b04519-3377-4043-9737-b2b2f341b77b,,https://storage.googleapis.com/print-482914-images/products/gildan-lightweight-cotton-t-shirt/2118501_back.png,Gildan Lightweight Cotton T-shirt - Charcoal - back,false
3d0d1b5f-98e2-4f91-bf85-d6b91bf85917,a1b04519-3377-4043-9737-b2b2f341b77b,,https://mms-images.out.customink.com/mms/images/catalog/colors/2118501/views/alt/left_large.png,Gildan Lightweight Cotton T-shirt - Charcoal - left,false
435fb772-5925-44c2-931e-41c89df1ac2b,a1b04519-3377-4043-9737-b2b2f341b77b,,https://mms-images.out.customink.com/mms/images/catalog/colors/2118501/views/alt/right_large.png,Gildan Lightweight Cotton T-shirt - Charcoal - right,false
99ec35e8-63dd-4df8-b76c-07da896a22b6,a1b04519-3377-4043-9737-b2b2f341b77b,,https://storage.googleapis.com/print-482914-images/products/gildan-lightweight-cotton-t-shirt/2118503_front.png,Gildan Lightweight Cotton T-shirt - Heather Dark Grey - front,false
5ef1ba9e-a103-4ed6-a609-0db7521bdc6a,a1b04519-3377-4043-9737-b2b2f341b77b,,https://storage.googleapis.com/print-482914-images/products/gildan-lightweight-cotton-t-shirt/2118503_back.png,Gildan Lightweight Cotton T-shirt - Heather Dark Grey - back,false
642a4791-cb53-4fac-842a-4376d96f79b5,a1b04519-3377-4043-9737-b2b2f341b77b,,https://mms-images.out.customink.com/mms/images/catalog/colors/2118503/views/alt/left_large.png,Gildan Lightweight Cotton T-shirt - Heather Dark Grey - left,false
81bb26bc-7b87-4405-ab06-7704a9ef9362,a1b04519-3377-4043-9737-b2b2f341b77b,,https://mms-images.out.customink.com/mms/images/catalog/colors/2118503/views/alt/right_large.png,Gildan Lightweight Cotton T-shirt - Heather Dark Grey - right,false
99e4e557-80d0-4ada-8750-ea1c487546be,a1b04519-3377-4043-9737-b2b2f341b77b,,https://storage.googleapis.com/print-482914-images/products/gildan-lightweight-cotton-t-shirt/2118500_front.png,Gildan Lightweight Cotton T-shirt - Black - front,true
9d1d508b-cd80-465c-9f8d-9ea14b34e5f6,a1b04519-3377-4043-9737-b2b2f341b77b,,https://storage.googleapis.com/print-482914-images/products/gildan-lightweight-cotton-t-shirt/2118500_back.png,Gildan Lightweight Cotton T-shirt - Black - back,false
914b67f9-5bf6-4757-8aa2-13f7f3f079d4,a1b04519-3377-4043-9737-b2b2f341b77b,,https://mms-images.out.customink.com/mms/images/catalog/colors/2118500/views/alt/left_large.png,Gildan Lightweight Cotton T-shirt - Black - left,false
acf1bbf0-034f-43bf-a057-7d8ce66d389a,a1b04519-3377-4043-9737-b2b2f341b77b,,https://mms-images.out.customink.com/mms/images/catalog/colors/2118500/views/alt/right_large.png,Gildan Lightweight Cotton T-shirt - Black - right,false
06d5b1a7-21ee-43c7-a40b-377d6dd3254e,cceb553f-cc4f-413a-adea-3afe9c8b0933,,https://storage.googleapis.com/print-482914-images/products/bella-canvas-drop-shoulder-heavyweight-t-shirt/2435615_front.png,Bella + Canvas Drop Shoulder Heavyweight T-shirt - White - front,false
921e15b0-bd9a-4f7a-80a9-01cb1c783108,cceb553f-cc4f-413a-adea-3afe9c8b0933,,https://storage.googleapis.com/print-482914-images/products/bella-canvas-drop-shoulder-heavyweight-t-shirt/2435615_back.png,Bella + Canvas Drop Shoulder Heavyweight T-shirt - White - back,false
0c7b5715-aeb8-492c-ab81-d24599b30ec4,cceb553f-cc4f-413a-adea-3afe9c8b0933,,https://mms-images.out.customink.com/mms/images/catalog/colors/2435615/views/alt/left_large.png,Bella + Canvas Drop Shoulder Heavyweight T-shirt - White - left,false
55b67953-e180-46f2-aa30-39a468f6d236,cceb553f-cc4f-413a-adea-3afe9c8b0933,,https://mms-images.out.customink.com/mms/images/catalog/colors/2435615/views/alt/right_large.png,Bella + Canvas Drop Shoulder Heavyweight T-shirt - White - right,false
2b9f973d-e6db-448d-a254-c5bd69d93418,cceb553f-cc4f-413a-adea-3afe9c8b0933,,https://storage.googleapis.com/print-482914-images/products/bella-canvas-drop-shoulder-heavyweight-t-shirt/2435614_front.png,Bella + Canvas Drop Shoulder Heavyweight T-shirt - Vintage White - front,false
51f1a13a-f32f-4493-94ef-e77de1aed4fb,cceb553f-cc4f-413a-adea-3afe9c8b0933,,https://storage.googleapis.com/print-482914-images/products/bella-canvas-drop-shoulder-heavyweight-t-shirt/2435614_back.png,Bella + Canvas Drop Shoulder Heavyweight T-shirt - Vintage White - back,false
f5f33b7b-6bd9-45fc-b3f5-ef33a9927413,cceb553f-cc4f-413a-adea-3afe9c8b0933,,https://mms-images.out.customink.com/mms/images/catalog/colors/2435614/views/alt/left_large.png,Bella + Canvas Drop Shoulder Heavyweight T-shirt - Vintage White - left,false
f3e5b690-f30b-4157-97c2-b1251a85b638,cceb553f-cc4f-413a-adea-3afe9c8b0933,,https://mms-images.out.customink.com/mms/images/catalog/colors/2435614/views/alt/right_large.png,Bella + Canvas Drop Shoulder Heavyweight T-shirt - Vintage White - right,false
1861f452-83de-4ec6-93ca-5a68d8d2d8e7,cceb553f-cc4f-413a-adea-3afe9c8b0933,,https://storage.googleapis.com/print-482914-images/products/bella-canvas-drop-shoulder-heavyweight-t-shirt/2435600_front.png,Bella + Canvas Drop Shoulder Heavyweight T-shirt - Athletic Heather - front,true
580afc17-97a7-4a55-a8e6-536bc1ece0a9,cceb553f-cc4f-413a-adea-3afe9c8b0933,,https://storage.googleapis.com/print-482914-images/products/bella-canvas-drop-shoulder-heavyweight-t-shirt/2435600_back.png,Bella + Canvas Drop Shoulder Heavyweight T-shirt - Athletic Heather - back,false
0faa2b6a-3ce9-4171-94c1-0214fbfbf9df,cceb553f-cc4f-413a-adea-3afe9c8b0933,,https://mms-images.out.customink.com/mms/images/catalog/colors/2435600/views/alt/left_large.png,Bella + Canvas Drop Shoulder Heavyweight T-shirt - Athletic Heather - left,false
2b064027-1525-49ba-96af-f632c9e5d43a,cceb553f-cc4f-413a-adea-3afe9c8b0933,,https://mms-images.out.customink.com/mms/images/catalog/colors/2435600/views/alt/right_large.png,Bella + Canvas Drop Shoulder Heavyweight T-shirt - Athletic Heather - right,false
177758c5-fd44-40b4-9490-f402e363e9f4,cceb553f-cc4f-413a-adea-3afe9c8b0933,,https://storage.googleapis.com/print-482914-images/products/bella-canvas-drop-shoulder-heavyweight-t-shirt/2435602_front.png,Bella + Canvas Drop Shoulder Heavyweight T-shirt - Dark Grey - front,false
774a7014-bb25-40d8-a035-4f474bafc486,cceb553f-cc4f-413a-adea-3afe9c8b0933,,https://storage.googleapis.com/print-482914-images/products/bella-canvas-drop-shoulder-heavyweight-t-shirt/2435602_back.png,Bella + Canvas Drop Shoulder Heavyweight T-shirt - Dark Grey - back,false
f6ebe6aa-6084-4353-bd5a-48ea5af7bafc,cceb553f-cc4f-413a-adea-3afe9c8b0933,,https://mms-images.out.customink.com/mms/images/catalog/colors/2435602/views/alt/left_large.png,Bella + Canvas Drop Shoulder Heavyweight T-shirt - Dark Grey - left,false
94c7a22a-26cf-4518-8e88-729893b53e1a,cceb553f-cc4f-413a-adea-3afe9c8b0933,,https://mms-images.out.customink.com/mms/images/catalog/colors/2435602/views/alt/right_large.png,Bella + Canvas Drop Shoulder Heavyweight T-shirt - Dark Grey - right,false
6d5c45e4-a7f1-4658-8512-b2cf4236be21,cceb553f-cc4f-413a-adea-3afe9c8b0933,,https://storage.googleapis.com/print-482914-images/products/bella-canvas-drop-shoulder-heavyweight-t-shirt/2435609_front.png,Bella + Canvas Drop Shoulder Heavyweight T-shirt - Vintage Black - front,false
62b40c90-e974-40a0-821a-7779e69670d4,cceb553f-cc4f-413a-adea-3afe9c8b0933,,https://storage.googleapis.com/print-482914-images/products/bella-canvas-drop-shoulder-heavyweight-t-shirt/2435609_back.png,Bella + Canvas Drop Shoulder Heavyweight T-shirt - Vintage Black - back,false
a6526e82-e647-4e74-aaeb-32b11463d216,cceb553f-cc4f-413a-adea-3afe9c8b0933,,https://mms-images.out.customink.com/mms/images/catalog/colors/2435609/views/alt/left_large.png,Bella + Canvas Drop Shoulder Heavyweight T-shirt - Vintage Black - left,false
10bc46d0-96f2-4b0a-abf7-45cd23a058eb,cceb553f-cc4f-413a-adea-3afe9c8b0933,,https://mms-images.out.customink.com/mms/images/catalog/colors/2435609/views/alt/right_large.png,Bella + Canvas Drop Shoulder Heavyweight T-shirt - Vintage Black - right,false
577e0d5b-df32-4e24-96b2-3d8d518000e0,cceb553f-cc4f-413a-adea-3afe9c8b0933,,https://storage.googleapis.com/print-482914-images/products/bella-canvas-drop-shoulder-heavyweight-t-shirt/2435601_front.png,Bella + Canvas Drop Shoulder Heavyweight T-shirt - Black - front,false
eccd4c07-215b-4b46-80cf-1df25dd81d3a,cceb553f-cc4f-413a-adea-3afe9c8b0933,,https://storage.googleapis.com/print-482914-images/products/bella-canvas-drop-shoulder-heavyweight-t-shirt/2435601_back.png,Bella + Canvas Drop Shoulder Heavyweight T-shirt - Black - back,false
be54fd31-d66c-4430-a882-36c41c355c46,cceb553f-cc4f-413a-adea-3afe9c8b0933,,https://mms-images.out.customink.com/mms/images/catalog/colors/2435601/views/alt/left_large.png,Bella + Canvas Drop Shoulder Heavyweight T-shirt - Black - left,false
371c5ce5-11f8-4350-8884-55111932f128,cceb553f-cc4f-413a-adea-3afe9c8b0933,,https://mms-images.out.customink.com/mms/images/catalog/colors/2435601/views/alt/right_large.png,Bella + Canvas Drop Shoulder Heavyweight T-shirt - Black - right,false
26d0a9e3-82ed-4648-802e-d6e1259e64d4,2129d781-40a0-443a-94aa-6049a982e1d5,,https://storage.googleapis.com/print-482914-images/products/port-and-company-crystal-100percent-cotton-tie-dye-t-shirt/1042200_front.png,Port & Company Crystal 100% Cotton Tie-Dye T-shirt - Black - front,true
c341959e-aa7a-4f34-8ca4-9cfcd6658751,2129d781-40a0-443a-94aa-6049a982e1d5,,https://storage.googleapis.com/print-482914-images/products/port-and-company-crystal-100percent-cotton-tie-dye-t-shirt/1042200_back.png,Port & Company Crystal 100% Cotton Tie-Dye T-shirt - Black - back,false
c8db8f94-ee42-49bd-9a9a-374626af85db,2129d781-40a0-443a-94aa-6049a982e1d5,,https://mms-images.out.customink.com/mms/images/catalog/colors/1042200/views/alt/left_large.png,Port & Company Crystal 100% Cotton Tie-Dye T-shirt - Black - left,false
4df6b702-2516-4d95-8efa-4e71a816f46d,2129d781-40a0-443a-94aa-6049a982e1d5,,https://mms-images.out.customink.com/mms/images/catalog/colors/1042200/views/alt/right_large.png,Port & Company Crystal 100% Cotton Tie-Dye T-shirt - Black - right,false
8d2b4164-8237-4578-b8cb-4ddb93020809,2129d781-40a0-443a-94aa-6049a982e1d5,,https://storage.googleapis.com/print-482914-images/products/port-and-company-crystal-100percent-cotton-tie-dye-t-shirt/1042201_front.png,Port & Company Crystal 100% Cotton Tie-Dye T-shirt - Black/Teal - front,false
08073095-56bd-45d1-ac90-1f592c5c1eef,2129d781-40a0-443a-94aa-6049a982e1d5,,https://storage.googleapis.com/print-482914-images/products/port-and-company-crystal-100percent-cotton-tie-dye-t-shirt/1042201_back.png,Port & Company Crystal 100% Cotton Tie-Dye T-shirt - Black/Teal - back,false
047f7697-cab8-4bcc-a9fa-4384c4971789,2129d781-40a0-443a-94aa-6049a982e1d5,,https://mms-images.out.customink.com/mms/images/catalog/colors/1042201/views/alt/left_large.png,Port & Company Crystal 100% Cotton Tie-Dye T-shirt - Black/Teal - left,false
3479c073-cba4-4806-a85f-a3ab7921e696,2129d781-40a0-443a-94aa-6049a982e1d5,,https://mms-images.out.customink.com/mms/images/catalog/colors/1042201/views/alt/right_large.png,Port & Company Crystal 100% Cotton Tie-Dye T-shirt - Black/Teal - right,false
09ac0114-8f08-4af6-b7b7-6e6f7e6c7b96,2129d781-40a0-443a-94aa-6049a982e1d5,,https://storage.googleapis.com/print-482914-images/products/port-and-company-crystal-100percent-cotton-tie-dye-t-shirt/1042202_front.png,Port & Company Crystal 100% Cotton Tie-Dye T-shirt - Black/Red - front,false
ffcf5b4d-df8c-4e9b-b2ee-24d251842846,2129d781-40a0-443a-94aa-6049a982e1d5,,https://storage.googleapis.com/print-482914-images/products/port-and-company-crystal-100percent-cotton-tie-dye-t-shirt/1042202_back.png,Port & Company Crystal 100% Cotton Tie-Dye T-shirt - Black/Red - back,false
c441d66b-87d7-4944-8db8-fdfc1746aebe,2129d781-40a0-443a-94aa-6049a982e1d5,,https://mms-images.out.customink.com/mms/images/catalog/colors/1042202/views/alt/left_large.png,Port & Company Crystal 100% Cotton Tie-Dye T-shirt - Black/Red - left,false
04c1219b-8ee5-46b5-9157-a07e242d16ad,2129d781-40a0-443a-94aa-6049a982e1d5,,https://mms-images.out.customink.com/mms/images/catalog/colors/1042202/views/alt/right_large.png,Port & Company Crystal 100% Cotton Tie-Dye T-shirt - Black/Red - right,false
400935f2-bbc8-4cbb-b746-dc4e848af1de,2129d781-40a0-443a-94aa-6049a982e1d5,,https://storage.googleapis.com/print-482914-images/products/port-and-company-crystal-100percent-cotton-tie-dye-t-shirt/1042203_front.png,Port & Company Crystal 100% Cotton Tie-Dye T-shirt - Sky Blue - front,false
06678048-7fb1-465c-bdba-578cbf88b05c,2129d781-40a0-443a-94aa-6049a982e1d5,,https://storage.googleapis.com/print-482914-images/products/port-and-company-crystal-100percent-cotton-tie-dye-t-shirt/1042203_back.png,Port & Company Crystal 100% Cotton Tie-Dye T-shirt - Sky Blue - back,false
a1075567-7daf-4d34-bea4-ce7e7894d2b7,2129d781-40a0-443a-94aa-6049a982e1d5,,https://mms-images.out.customink.com/mms/images/catalog/colors/1042203/views/alt/left_large.png,Port & Company Crystal 100% Cotton Tie-Dye T-shirt - Sky Blue - left,false
a1074d9e-8b95-49f3-93cd-c0f0b4fd1981,2129d781-40a0-443a-94aa-6049a982e1d5,,https://mms-images.out.customink.com/mms/images/catalog/colors/1042203/views/alt/right_large.png,Port & Company Crystal 100% Cotton Tie-Dye T-shirt - Sky Blue - right,false
10f3df2a-1f84-4803-9a78-b6e273a76746,2129d781-40a0-443a-94aa-6049a982e1d5,,https://storage.googleapis.com/print-482914-images/products/port-and-company-crystal-100percent-cotton-tie-dye-t-shirt/1042204_front.png,Port & Company Crystal 100% Cotton Tie-Dye T-shirt - True Royal - front,false
a6f4f6c5-fe8e-4b59-a47f-65709d3575f2,2129d781-40a0-443a-94aa-6049a982e1d5,,https://storage.googleapis.com/print-482914-images/products/port-and-company-crystal-100percent-cotton-tie-dye-t-shirt/1042204_back.png,Port & Company Crystal 100% Cotton Tie-Dye T-shirt - True Royal - back,false
2e9b522e-6aa0-4757-8a62-f2750a9a35ed,2129d781-40a0-443a-94aa-6049a982e1d5,,https://mms-images.out.customink.com/mms/images/catalog/colors/1042204/views/alt/left_large.png,Port & Company Crystal 100% Cotton Tie-Dye T-shirt - True Royal - left,false
81339508-9446-4610-bfee-2aa3143bdf5a,2129d781-40a0-443a-94aa-6049a982e1d5,,https://mms-images.out.customink.com/mms/images/catalog/colors/1042204/views/alt/right_large.png,Port & Company Crystal 100% Cotton Tie-Dye T-shirt - True Royal - right,false
26722538-9b84-4ce8-9ad6-0175822fe193,2129d781-40a0-443a-94aa-6049a982e1d5,,https://storage.googleapis.com/print-482914-images/products/port-and-company-crystal-100percent-cotton-tie-dye-t-shirt/1042205_front.png,Port & Company Crystal 100% Cotton Tie-Dye T-shirt - Teal - front,false
0e77b10f-d5ff-48e1-a2ec-087d5ea76e9a,2129d781-40a0-443a-94aa-6049a982e1d5,,https://storage.googleapis.com/print-482914-images/products/port-and-company-crystal-100percent-cotton-tie-dye-t-shirt/1042205_back.png,Port & Company Crystal 100% Cotton Tie-Dye T-shirt - Teal - back,false
96e4a2fd-e172-48ae-9648-33fa86ed2a98,2129d781-40a0-443a-94aa-6049a982e1d5,,https://mms-images.out.customink.com/mms/images/catalog/colors/1042205/views/alt/left_large.png,Port & Company Crystal 100% Cotton Tie-Dye T-shirt - Teal - left,false
e0625a94-a2f8-480c-9602-776a36781bc8,2129d781-40a0-443a-94aa-6049a982e1d5,,https://mms-images.out.customink.com/mms/images/catalog/colors/1042205/views/alt/right_large.png,Port & Company Crystal 100% Cotton Tie-Dye T-shirt - Teal - right,false
660dc11d-b618-43a2-981c-0b3e3c243bb2,9ab869b9-aca1-41c6-89f0-31d956016216,,https://storage.googleapis.com/print-482914-images/products/next-level-jersey-blend-t-shirt/172300_front.png,Next Level Jersey Blend T-shirt - White - front,true
9fccc138-a676-439e-adc7-a586fca75fbf,9ab869b9-aca1-41c6-89f0-31d956016216,,https://storage.googleapis.com/print-482914-images/products/next-level-jersey-blend-t-shirt/172300_back.png,Next Level Jersey Blend T-shirt - White - back,false
25f9d630-6dbf-4f25-a3d3-338bd3b5e345,9ab869b9-aca1-41c6-89f0-31d956016216,,https://mms-images.out.customink.com/mms/images/catalog/colors/172300/views/alt/left_large.png,Next Level Jersey Blend T-shirt - White - left,false
7c12eb26-18db-4c47-addf-dc5f0efc283c,9ab869b9-aca1-41c6-89f0-31d956016216,,https://mms-images.out.customink.com/mms/images/catalog/colors/172300/views/alt/right_large.png,Next Level Jersey Blend T-shirt - White - right,false
c731e252-4049-4a17-a52d-384f8d0b988c,9ab869b9-aca1-41c6-89f0-31d956016216,,https://storage.googleapis.com/print-482914-images/products/next-level-jersey-blend-t-shirt/172301_front.png,Next Level Jersey Blend T-shirt - Black - front,false
6f53064a-195b-4c65-acbc-f9bc99a610c0,9ab869b9-aca1-41c6-89f0-31d956016216,,https://storage.googleapis.com/print-482914-images/products/next-level-jersey-blend-t-shirt/172301_back.png,Next Level Jersey Blend T-shirt - Black - back,false
70cfc489-41d1-467f-bd46-c04780bf5b60,9ab869b9-aca1-41c6-89f0-31d956016216,,https://mms-images.out.customink.com/mms/images/catalog/colors/172301/views/alt/left_large.png,Next Level Jersey Blend T-shirt - Black - left,false
9a37ab94-b65e-4a4f-a755-f37eb16cdc8b,9ab869b9-aca1-41c6-89f0-31d956016216,,https://mms-images.out.customink.com/mms/images/catalog/colors/172301/views/alt/right_large.png,Next Level Jersey Blend T-shirt - Black - right,false
79269f1d-85f6-4e61-a1df-ab9b75f5cd1c,9ab869b9-aca1-41c6-89f0-31d956016216,,https://storage.googleapis.com/print-482914-images/products/next-level-jersey-blend-t-shirt/172303_front.png,Next Level Jersey Blend T-shirt - Charcoal - front,false
2fd52d70-2f2b-4d31-a4ed-f6c7246a0440,9ab869b9-aca1-41c6-89f0-31d956016216,,https://storage.googleapis.com/print-482914-images/products/next-level-jersey-blend-t-shirt/172303_back.png,Next Level Jersey Blend T-shirt - Charcoal - back,false
2cf71109-fa27-4818-a8a6-a5d8b16555e9,9ab869b9-aca1-41c6-89f0-31d956016216,,https://mms-images.out.customink.com/mms/images/catalog/colors/172303/views/alt/left_large.png,Next Level Jersey Blend T-shirt - Charcoal - left,false
a0a0a67a-7798-4737-90fc-d049f7887231,9ab869b9-aca1-41c6-89f0-31d956016216,,https://mms-images.out.customink.com/mms/images/catalog/colors/172303/views/alt/right_large.png,Next Level Jersey Blend T-shirt - Charcoal - right,false
81c69b21-f512-45a3-93f3-1248778f773e,9ab869b9-aca1-41c6-89f0-31d956016216,,https://storage.googleapis.com/print-482914-images/products/next-level-jersey-blend-t-shirt/172313_front.png,Next Level Jersey Blend T-shirt - Dark Heather Gray - front,false
48d1b9ab-24fd-43da-a838-758dfb7a8663,9ab869b9-aca1-41c6-89f0-31d956016216,,https://storage.googleapis.com/print-482914-images/products/next-level-jersey-blend-t-shirt/172313_back.png,Next Level Jersey Blend T-shirt - Dark Heather Gray - back,false
4a8762fc-8fcf-4aa9-a0da-900521c4b591,9ab869b9-aca1-41c6-89f0-31d956016216,,https://mms-images.out.customink.com/mms/images/catalog/colors/172313/views/alt/left_large.png,Next Level Jersey Blend T-shirt - Dark Heather Gray - left,false
1fcae05e-ec8e-4125-b72b-37632bbabe08,9ab869b9-aca1-41c6-89f0-31d956016216,,https://mms-images.out.customink.com/mms/images/catalog/colors/172313/views/alt/right_large.png,Next Level Jersey Blend T-shirt - Dark Heather Gray - right,false
2745342d-4828-4a1a-bda3-8710ed7a89c0,9ab869b9-aca1-41c6-89f0-31d956016216,,https://storage.googleapis.com/print-482914-images/products/next-level-jersey-blend-t-shirt/172330_front.png,Next Level Jersey Blend T-shirt - Stone Gray - front,false
7f7ae2a1-4afe-4521-8465-04f75f9b761d,9ab869b9-aca1-41c6-89f0-31d956016216,,https://storage.googleapis.com/print-482914-images/products/next-level-jersey-blend-t-shirt/172330_back.png,Next Level Jersey Blend T-shirt - Stone Gray - back,false
51a8a4e6-e713-4ede-b2a0-6b6df03f6888,9ab869b9-aca1-41c6-89f0-31d956016216,,https://mms-images.out.customink.com/mms/images/catalog/colors/172330/views/alt/left_large.png,Next Level Jersey Blend T-shirt - Stone Gray - left,false
62eec811-90db-4cec-8a0f-09c92dc417b7,9ab869b9-aca1-41c6-89f0-31d956016216,,https://mms-images.out.customink.com/mms/images/catalog/colors/172330/views/alt/right_large.png,Next Level Jersey Blend T-shirt - Stone Gray - right,false
32f7eb35-7c65-478f-be54-56d7b38682e6,9ab869b9-aca1-41c6-89f0-31d956016216,,https://storage.googleapis.com/print-482914-images/products/next-level-jersey-blend-t-shirt/172328_front.png,Next Level Jersey Blend T-shirt - Silk - front,false
a078fc6a-978a-445d-af60-f99904ebaaf3,9ab869b9-aca1-41c6-89f0-31d956016216,,https://storage.googleapis.com/print-482914-images/products/next-level-jersey-blend-t-shirt/172328_back.png,Next Level Jersey Blend T-shirt - Silk - back,false
4a86e47d-55f5-4d7e-8aab-d0c89c13aac6,9ab869b9-aca1-41c6-89f0-31d956016216,,https://mms-images.out.customink.com/mms/images/catalog/colors/172328/views/alt/left_large.png,Next Level Jersey Blend T-shirt - Silk - left,false
f32e725d-76c4-4a47-a855-d3e9f25461b7,9ab869b9-aca1-41c6-89f0-31d956016216,,https://mms-images.out.customink.com/mms/images/catalog/colors/172328/views/alt/right_large.png,Next Level Jersey Blend T-shirt - Silk - right,false
f0ee148b-7da1-4778-982d-aaa5b0c8b6c6,24cab768-28cf-42df-91fc-40d42dd4ba1e,,https://storage.googleapis.com/print-482914-images/products/hanes-authentic-t-shirt/116200_front.png,Hanes Authentic T-shirt - White - front,true
d8e15f9a-a038-4528-b559-0534281b8085,24cab768-28cf-42df-91fc-40d42dd4ba1e,,https://storage.googleapis.com/print-482914-images/products/hanes-authentic-t-shirt/116200_back.png,Hanes Authentic T-shirt - White - back,false
d965ae36-7c27-4833-b687-3f5da08dcf4e,24cab768-28cf-42df-91fc-40d42dd4ba1e,,https://mms-images.out.customink.com/mms/images/catalog/colors/116200/views/alt/left_large.png,Hanes Authentic T-shirt - White - left,false
177c38cd-b8fa-4889-a6c2-f04854b95343,24cab768-28cf-42df-91fc-40d42dd4ba1e,,https://mms-images.out.customink.com/mms/images/catalog/colors/116200/views/alt/right_large.png,Hanes Authentic T-shirt - White - right,false
a45edb60-fb3b-4f28-ba46-f204cd33521a,24cab768-28cf-42df-91fc-40d42dd4ba1e,,https://storage.googleapis.com/print-482914-images/products/hanes-authentic-t-shirt/116210_front.png,Hanes Authentic T-shirt - Natural - front,false
908dbd25-44ee-49b1-b989-04eb1e2cc15c,24cab768-28cf-42df-91fc-40d42dd4ba1e,,https://storage.googleapis.com/print-482914-images/products/hanes-authentic-t-shirt/116210_back.png,Hanes Authentic T-shirt - Natural - back,false
5407c1b9-34d5-4551-a5fa-e78dea92e9d6,24cab768-28cf-42df-91fc-40d42dd4ba1e,,https://mms-images.out.customink.com/mms/images/catalog/colors/116210/views/alt/left_large.png,Hanes Authentic T-shirt - Natural - left,false
640eedb8-703a-49b9-9873-6428a7c33daf,24cab768-28cf-42df-91fc-40d42dd4ba1e,,https://mms-images.out.customink.com/mms/images/catalog/colors/116210/views/alt/right_large.png,Hanes Authentic T-shirt - Natural - right,false
baf81e34-da67-41fe-941a-148d3d8f7bd0,24cab768-28cf-42df-91fc-40d42dd4ba1e,,https://storage.googleapis.com/print-482914-images/products/hanes-authentic-t-shirt/116202_front.png,Hanes Authentic T-shirt - Black - front,false
bda4d63c-a658-4e41-9dad-f34946a3f0e6,24cab768-28cf-42df-91fc-40d42dd4ba1e,,https://storage.googleapis.com/print-482914-images/products/hanes-authentic-t-shirt/116202_back.png,Hanes Authentic T-shirt - Black - back,false
9a89e5cd-178b-4767-9835-cb2c85ac1c1f,24cab768-28cf-42df-91fc-40d42dd4ba1e,,https://mms-images.out.customink.com/mms/images/catalog/colors/116202/views/alt/left_large.png,Hanes Authentic T-shirt - Black - left,false
ff4c75d9-86dd-4d9d-9dd9-67cb4b00e56d,24cab768-28cf-42df-91fc-40d42dd4ba1e,,https://mms-images.out.customink.com/mms/images/catalog/colors/116202/views/alt/right_large.png,Hanes Authentic T-shirt - Black - right,false
0467d134-45ed-4d20-96d7-1ae55cbb5c97,24cab768-28cf-42df-91fc-40d42dd4ba1e,,https://storage.googleapis.com/print-482914-images/products/hanes-authentic-t-shirt/116201_front.png,Hanes Authentic T-shirt - Ash - front,false
5302b31d-2afd-4b7c-b045-db467341a7e8,24cab768-28cf-42df-91fc-40d42dd4ba1e,,https://storage.googleapis.com/print-482914-images/products/hanes-authentic-t-shirt/116201_back.png,Hanes Authentic T-shirt - Ash - back,false
c29bbaf6-cb58-44dd-b0ac-af16f8513f6d,24cab768-28cf-42df-91fc-40d42dd4ba1e,,https://mms-images.out.customink.com/mms/images/catalog/colors/116201/views/alt/left_large.png,Hanes Authentic T-shirt - Ash - left,false
79b11566-1d06-497c-a7e2-6c927b870b07,24cab768-28cf-42df-91fc-40d42dd4ba1e,,https://mms-images.out.customink.com/mms/images/catalog/colors/116201/views/alt/right_large.png,Hanes Authentic T-shirt - Ash - right,false
f3151618-895a-4724-a3fd-9436892da247,24cab768-28cf-42df-91fc-40d42dd4ba1e,,https://storage.googleapis.com/print-482914-images/products/hanes-authentic-t-shirt/116208_front.png,Hanes Authentic T-shirt - Light Steel - front,false
143726ac-4423-4d5f-b276-424f04714e30,24cab768-28cf-42df-91fc-40d42dd4ba1e,,https://storage.googleapis.com/print-482914-images/products/hanes-authentic-t-shirt/116208_back.png,Hanes Authentic T-shirt - Light Steel - back,false
6f598f62-41fd-4a71-9f06-a3fab3e6a4a4,24cab768-28cf-42df-91fc-40d42dd4ba1e,,https://mms-images.out.customink.com/mms/images/catalog/colors/116208/views/alt/left_large.png,Hanes Authentic T-shirt - Light Steel - left,false
71a48df2-bf47-42cd-a4a3-684a07d5ca8e,24cab768-28cf-42df-91fc-40d42dd4ba1e,,https://mms-images.out.customink.com/mms/images/catalog/colors/116208/views/alt/right_large.png,Hanes Authentic T-shirt - Light Steel - right,false
5111e402-a699-4d40-a20e-d79e6bd7d21f,24cab768-28cf-42df-91fc-40d42dd4ba1e,,https://storage.googleapis.com/print-482914-images/products/hanes-authentic-t-shirt/116252_front.png,Hanes Authentic T-shirt - Pebble - front,false
514daa08-8747-40b6-ad15-d12711749af5,24cab768-28cf-42df-91fc-40d42dd4ba1e,,https://storage.googleapis.com/print-482914-images/products/hanes-authentic-t-shirt/116252_back.png,Hanes Authentic T-shirt - Pebble - back,false
de1341a9-b182-4f84-ad79-7b08dcc563fc,24cab768-28cf-42df-91fc-40d42dd4ba1e,,https://mms-images.out.customink.com/mms/images/catalog/colors/116252/views/alt/left_large.png,Hanes Authentic T-shirt - Pebble - left,false
2c407603-92a1-49d4-816b-391368f590ea,24cab768-28cf-42df-91fc-40d42dd4ba1e,,https://mms-images.out.customink.com/mms/images/catalog/colors/116252/views/alt/right_large.png,Hanes Authentic T-shirt - Pebble - right,false
41b9c384-be6d-43af-ac21-fbf2d551f174,8cf8ed11-44f4-4608-9c12-221da0643ae4,,https://storage.googleapis.com/print-482914-images/products/sport-tek-competitor-performance-shirt/204300_front.png,Sport-Tek Competitor Performance Shirt - White - front,true
f464ffda-ffc8-4be5-bc82-6f61830e8fa1,8cf8ed11-44f4-4608-9c12-221da0643ae4,,https://storage.googleapis.com/print-482914-images/products/sport-tek-competitor-performance-shirt/204300_back.png,Sport-Tek Competitor Performance Shirt - White - back,false
d5cca4af-dccf-452b-9773-63db5fcfae0b,8cf8ed11-44f4-4608-9c12-221da0643ae4,,https://mms-images.out.customink.com/mms/images/catalog/colors/204300/views/alt/left_large.png,Sport-Tek Competitor Performance Shirt - White - left,false
9e145d44-e600-49b1-ac65-4191653d176d,8cf8ed11-44f4-4608-9c12-221da0643ae4,,https://mms-images.out.customink.com/mms/images/catalog/colors/204300/views/alt/right_large.png,Sport-Tek Competitor Performance Shirt - White - right,false
5dfefdcf-0562-4a74-a220-b9f03036afd4,8cf8ed11-44f4-4608-9c12-221da0643ae4,,https://storage.googleapis.com/print-482914-images/products/sport-tek-competitor-performance-shirt/204303_front.png,Sport-Tek Competitor Performance Shirt - Silver - front,false
8cbc9736-e300-46cb-9125-fc58f22b75e6,8cf8ed11-44f4-4608-9c12-221da0643ae4,,https://storage.googleapis.com/print-482914-images/products/sport-tek-competitor-performance-shirt/204303_back.png,Sport-Tek Competitor Performance Shirt - Silver - back,false
a30f65da-fadb-4d23-8978-4bb93e964b84,8cf8ed11-44f4-4608-9c12-221da0643ae4,,https://mms-images.out.customink.com/mms/images/catalog/colors/204303/views/alt/left_large.png,Sport-Tek Competitor Performance Shirt - Silver - left,false
f7df8728-5f0c-4f19-8887-7b1c51671e36,8cf8ed11-44f4-4608-9c12-221da0643ae4,,https://mms-images.out.customink.com/mms/images/catalog/colors/204303/views/alt/right_large.png,Sport-Tek Competitor Performance Shirt - Silver - right,false
4e51c19c-fcd5-4168-8c48-801b5231ab4a,8cf8ed11-44f4-4608-9c12-221da0643ae4,,https://storage.googleapis.com/print-482914-images/products/sport-tek-competitor-performance-shirt/204324_front.png,Sport-Tek Competitor Performance Shirt - Grey Concrete Heather - front,false
5e080ae8-e94a-4a32-9096-24c1c5961fca,8cf8ed11-44f4-4608-9c12-221da0643ae4,,https://storage.googleapis.com/print-482914-images/products/sport-tek-competitor-performance-shirt/204324_back.png,Sport-Tek Competitor Performance Shirt - Grey Concrete Heather - back,false
9398d223-b026-4534-b503-227e8f35595b,8cf8ed11-44f4-4608-9c12-221da0643ae4,,https://mms-images.out.customink.com/mms/images/catalog/colors/204324/views/alt/left_large.png,Sport-Tek Competitor Performance Shirt - Grey Concrete Heather - left,false
2e073af6-e9bc-45e7-b062-f8a8ca425914,8cf8ed11-44f4-4608-9c12-221da0643ae4,,https://mms-images.out.customink.com/mms/images/catalog/colors/204324/views/alt/right_large.png,Sport-Tek Competitor Performance Shirt - Grey Concrete Heather - right,false
da849efe-12c1-4897-bb36-c1d0af341b3f,8cf8ed11-44f4-4608-9c12-221da0643ae4,,https://storage.googleapis.com/print-482914-images/products/sport-tek-competitor-performance-shirt/204325_front.png,Sport-Tek Competitor Performance Shirt - Iron Grey Heather - front,false
ea75286a-1f93-436d-9c84-fd6e80ec9cd5,8cf8ed11-44f4-4608-9c12-221da0643ae4,,https://storage.googleapis.com/print-482914-images/products/sport-tek-competitor-performance-shirt/204325_back.png,Sport-Tek Competitor Performance Shirt - Iron Grey Heather - back,false
2685f13f-0b56-46f8-8dfa-6449c1f357bf,8cf8ed11-44f4-4608-9c12-221da0643ae4,,https://mms-images.out.customink.com/mms/images/catalog/colors/204325/views/alt/left_large.png,Sport-Tek Competitor Performance Shirt - Iron Grey Heather - left,false
5d0fedb2-0004-4714-a9c5-48983c206f5e,8cf8ed11-44f4-4608-9c12-221da0643ae4,,https://mms-images.out.customink.com/mms/images/catalog/colors/204325/views/alt/right_large.png,Sport-Tek Competitor Performance Shirt - Iron Grey Heather - right,false
b5325d6b-256b-4612-9b09-f14d42331e73,8cf8ed11-44f4-4608-9c12-221da0643ae4,,https://storage.googleapis.com/print-482914-images/products/sport-tek-competitor-performance-shirt/204302_front.png,Sport-Tek Competitor Performance Shirt - Iron Grey - front,false
a1d6196c-7eda-4521-b5a5-b2214af54187,8cf8ed11-44f4-4608-9c12-221da0643ae4,,https://storage.googleapis.com/print-482914-images/products/sport-tek-competitor-performance-shirt/204302_back.png,Sport-Tek Competitor Performance Shirt - Iron Grey - back,false
6dfe97e4-2656-49b9-aaa9-5896fc26eba3,8cf8ed11-44f4-4608-9c12-221da0643ae4,,https://mms-images.out.customink.com/mms/images/catalog/colors/204302/views/alt/left_large.png,Sport-Tek Competitor Performance Shirt - Iron Grey - left,false
c4385b48-2ffc-4577-b5ee-1a70f2d567a3,8cf8ed11-44f4-4608-9c12-221da0643ae4,,https://mms-images.out.customink.com/mms/images/catalog/colors/204302/views/alt/right_large.png,Sport-Tek Competitor Performance Shirt - Iron Grey - right,false
08744298-97f5-4bd9-9a68-48495f525a30,8cf8ed11-44f4-4608-9c12-221da0643ae4,,https://storage.googleapis.com/print-482914-images/products/sport-tek-competitor-performance-shirt/204301_front.png,Sport-Tek Competitor Performance Shirt - Black - front,false
76752280-77fd-4204-a2ca-0ded7e280517,8cf8ed11-44f4-4608-9c12-221da0643ae4,,https://storage.googleapis.com/print-482914-images/products/sport-tek-competitor-performance-shirt/204301_back.png,Sport-Tek Competitor Performance Shirt - Black - back,false
c3860972-6491-45ec-aeb2-aca10f79106e,8cf8ed11-44f4-4608-9c12-221da0643ae4,,https://mms-images.out.customink.com/mms/images/catalog/colors/204301/views/alt/left_large.png,Sport-Tek Competitor Performance Shirt - Black - left,false
8d10fbfd-5dae-4c09-a588-48b1f405e550,8cf8ed11-44f4-4608-9c12-221da0643ae4,,https://mms-images.out.customink.com/mms/images/catalog/colors/204301/views/alt/right_large.png,Sport-Tek Competitor Performance Shirt - Black - right,false
cea1c3c5-6b3f-4c3e-9dbf-0992bbfd4915,4f535bed-5199-4b46-8800-63a2d38e6bf5,,https://storage.googleapis.com/print-482914-images/products/hanes-beefy-t-crewneck-t-shirt/1100_front.png,Hanes Beefy-T Crewneck T-shirt - White - front,true
8ecc1b9d-80f3-49f3-b821-afdf7936d6fc,4f535bed-5199-4b46-8800-63a2d38e6bf5,,https://storage.googleapis.com/print-482914-images/products/hanes-beefy-t-crewneck-t-shirt/1100_back.png,Hanes Beefy-T Crewneck T-shirt - White - back,false
4e44ee43-59b7-4809-b6c5-75841d97b828,4f535bed-5199-4b46-8800-63a2d38e6bf5,,https://mms-images.out.customink.com/mms/images/catalog/colors/1100/views/alt/left_large.png,Hanes Beefy-T Crewneck T-shirt - White - left,false
3141a72c-1563-4e37-b58f-f198d4c5666e,4f535bed-5199-4b46-8800-63a2d38e6bf5,,https://mms-images.out.customink.com/mms/images/catalog/colors/1100/views/alt/right_large.png,Hanes Beefy-T Crewneck T-shirt - White - right,false
a36f5061-d816-4bd0-94b3-3ebbf150750a,4f535bed-5199-4b46-8800-63a2d38e6bf5,,https://storage.googleapis.com/print-482914-images/products/hanes-beefy-t-crewneck-t-shirt/1101_front.png,Hanes Beefy-T Crewneck T-shirt - Natural - front,false
ac967a3c-80d8-4cad-b4d6-ce3fa0ff4713,4f535bed-5199-4b46-8800-63a2d38e6bf5,,https://storage.googleapis.com/print-482914-images/products/hanes-beefy-t-crewneck-t-shirt/1101_back.png,Hanes Beefy-T Crewneck T-shirt - Natural - back,false
3ede6508-1f5f-4fce-a15c-028e9a9a9187,4f535bed-5199-4b46-8800-63a2d38e6bf5,,https://mms-images.out.customink.com/mms/images/catalog/colors/1101/views/alt/left_large.png,Hanes Beefy-T Crewneck T-shirt - Natural - left,false
440f67d1-edb2-4da2-aef6-c8db912ff9aa,4f535bed-5199-4b46-8800-63a2d38e6bf5,,https://mms-images.out.customink.com/mms/images/catalog/colors/1101/views/alt/right_large.png,Hanes Beefy-T Crewneck T-shirt - Natural - right,false
b02ed1cc-48dc-4805-9836-daaa704d5867,4f535bed-5199-4b46-8800-63a2d38e6bf5,,https://storage.googleapis.com/print-482914-images/products/hanes-beefy-t-crewneck-t-shirt/1104_front.png,Hanes Beefy-T Crewneck T-shirt - Black - front,false
5557e0d1-f8b8-4a53-80b7-472db0958a29,4f535bed-5199-4b46-8800-63a2d38e6bf5,,https://storage.googleapis.com/print-482914-images/products/hanes-beefy-t-crewneck-t-shirt/1104_back.png,Hanes Beefy-T Crewneck T-shirt - Black - back,false
dff3b5ed-bb3e-4a3e-a23e-75cb0673f345,4f535bed-5199-4b46-8800-63a2d38e6bf5,,https://mms-images.out.customink.com/mms/images/catalog/colors/1104/views/alt/left_large.png,Hanes Beefy-T Crewneck T-shirt - Black - left,false
35bb38cf-be37-47f6-9e55-fd124cd1a394,4f535bed-5199-4b46-8800-63a2d38e6bf5,,https://mms-images.out.customink.com/mms/images/catalog/colors/1104/views/alt/right_large.png,Hanes Beefy-T Crewneck T-shirt - Black - right,false
1415adeb-e102-4986-a7b7-954063bf72a8,4f535bed-5199-4b46-8800-63a2d38e6bf5,,https://storage.googleapis.com/print-482914-images/products/hanes-beefy-t-crewneck-t-shirt/1133_front.png,Hanes Beefy-T Crewneck T-shirt - Charcoal Heather - front,false
5e24e862-e65d-41d4-828f-6ea86dd75930,4f535bed-5199-4b46-8800-63a2d38e6bf5,,https://storage.googleapis.com/print-482914-images/products/hanes-beefy-t-crewneck-t-shirt/1133_back.png,Hanes Beefy-T Crewneck T-shirt - Charcoal Heather - back,false
6e7b22b3-32e8-4078-b22d-cceda436e128,4f535bed-5199-4b46-8800-63a2d38e6bf5,,https://mms-images.out.customink.com/mms/images/catalog/colors/1133/views/alt/left_large.png,Hanes Beefy-T Crewneck T-shirt - Charcoal Heather - left,false
cbf3a0fb-9172-4c3f-8526-08c76f2e8b75,4f535bed-5199-4b46-8800-63a2d38e6bf5,,https://mms-images.out.customink.com/mms/images/catalog/colors/1133/views/alt/right_large.png,Hanes Beefy-T Crewneck T-shirt - Charcoal Heather - right,false
950679a8-5b63-469a-8cca-8e41e1ef5477,4f535bed-5199-4b46-8800-63a2d38e6bf5,,https://storage.googleapis.com/print-482914-images/products/hanes-beefy-t-crewneck-t-shirt/1154_front.png,Hanes Beefy-T Crewneck T-shirt - Smoke Gray - front,false
2aab68e9-ccc6-4a2b-87cd-cfc7ea8484d6,4f535bed-5199-4b46-8800-63a2d38e6bf5,,https://storage.googleapis.com/print-482914-images/products/hanes-beefy-t-crewneck-t-shirt/1154_back.png,Hanes Beefy-T Crewneck T-shirt - Smoke Gray - back,false
aa4f3da8-ea4f-4562-9e43-8f6361af9239,4f535bed-5199-4b46-8800-63a2d38e6bf5,,https://mms-images.out.customink.com/mms/images/catalog/colors/1154/views/alt/left_large.png,Hanes Beefy-T Crewneck T-shirt - Smoke Gray - left,false
14371a1e-7d08-4185-90ff-036acc550131,4f535bed-5199-4b46-8800-63a2d38e6bf5,,https://mms-images.out.customink.com/mms/images/catalog/colors/1154/views/alt/right_large.png,Hanes Beefy-T Crewneck T-shirt - Smoke Gray - right,false
c7cdcfcd-6504-49ee-8ee5-f75fa4eaea28,4f535bed-5199-4b46-8800-63a2d38e6bf5,,https://storage.googleapis.com/print-482914-images/products/hanes-beefy-t-crewneck-t-shirt/1147_front.png,Hanes Beefy-T Crewneck T-shirt - Oxford Gray - front,false
905e5502-2b21-4409-88dc-7a0ecb7a2315,4f535bed-5199-4b46-8800-63a2d38e6bf5,,https://storage.googleapis.com/print-482914-images/products/hanes-beefy-t-crewneck-t-shirt/1147_back.png,Hanes Beefy-T Crewneck T-shirt - Oxford Gray - back,false
3268c970-225a-4936-a223-0963b6cf7c05,4f535bed-5199-4b46-8800-63a2d38e6bf5,,https://mms-images.out.customink.com/mms/images/catalog/colors/1147/views/alt/left_large.png,Hanes Beefy-T Crewneck T-shirt - Oxford Gray - left,false
cb7e13c6-db7f-4496-9395-70d3425d8616,4f535bed-5199-4b46-8800-63a2d38e6bf5,,https://mms-images.out.customink.com/mms/images/catalog/colors/1147/views/alt/right_large.png,Hanes Beefy-T Crewneck T-shirt - Oxford Gray - right,false
65202fa9-d4fa-46fa-becb-f05860598a89,5cd5ed28-197d-469a-a6e3-75e83e87d73e,,https://storage.googleapis.com/print-482914-images/products/hanes-essential-t-crewneck-t-shirt/297300_front.png,Hanes Essential-T Crewneck T-shirt - White - front,true
97880c29-3284-4cd8-b8ca-724fbd07579f,5cd5ed28-197d-469a-a6e3-75e83e87d73e,,https://storage.googleapis.com/print-482914-images/products/hanes-essential-t-crewneck-t-shirt/297300_back.png,Hanes Essential-T Crewneck T-shirt - White - back,false
18af810d-6cb2-49c4-b7c3-ea92a6ff64a7,5cd5ed28-197d-469a-a6e3-75e83e87d73e,,https://mms-images.out.customink.com/mms/images/catalog/colors/297300/views/alt/left_large.png,Hanes Essential-T Crewneck T-shirt - White - left,false
1a768985-b65e-45e3-b3f6-f0de07762434,5cd5ed28-197d-469a-a6e3-75e83e87d73e,,https://mms-images.out.customink.com/mms/images/catalog/colors/297300/views/alt/right_large.png,Hanes Essential-T Crewneck T-shirt - White - right,false
d3e65cbf-3a5d-4984-84d8-2c33f52b65a1,5cd5ed28-197d-469a-a6e3-75e83e87d73e,,https://storage.googleapis.com/print-482914-images/products/hanes-essential-t-crewneck-t-shirt/297301_front.png,Hanes Essential-T Crewneck T-shirt - Ash - front,false
58e57e0f-9a48-4c00-a4f7-45440e2cbed8,5cd5ed28-197d-469a-a6e3-75e83e87d73e,,https://storage.googleapis.com/print-482914-images/products/hanes-essential-t-crewneck-t-shirt/297301_back.png,Hanes Essential-T Crewneck T-shirt - Ash - back,false
5d9da06a-812e-4546-85f2-fdf3b220ae5c,5cd5ed28-197d-469a-a6e3-75e83e87d73e,,https://mms-images.out.customink.com/mms/images/catalog/colors/297301/views/alt/left_large.png,Hanes Essential-T Crewneck T-shirt - Ash - left,false
4e15d13e-126b-4961-a85f-07b5916c6c1e,5cd5ed28-197d-469a-a6e3-75e83e87d73e,,https://mms-images.out.customink.com/mms/images/catalog/colors/297301/views/alt/right_large.png,Hanes Essential-T Crewneck T-shirt - Ash - right,false
9df7c07d-351f-4bf6-9b45-53d2396c8013,5cd5ed28-197d-469a-a6e3-75e83e87d73e,,https://storage.googleapis.com/print-482914-images/products/hanes-essential-t-crewneck-t-shirt/297302_front.png,Hanes Essential-T Crewneck T-shirt - Light Steel - front,false
563ae1a1-3ec0-4b45-a337-8ab7accb8d15,5cd5ed28-197d-469a-a6e3-75e83e87d73e,,https://storage.googleapis.com/print-482914-images/products/hanes-essential-t-crewneck-t-shirt/297302_back.png,Hanes Essential-T Crewneck T-shirt - Light Steel - back,false
903fdce8-de97-4fdc-9de1-2214ce670985,5cd5ed28-197d-469a-a6e3-75e83e87d73e,,https://mms-images.out.customink.com/mms/images/catalog/colors/297302/views/alt/left_large.png,Hanes Essential-T Crewneck T-shirt - Light Steel - left,false
166b9590-5592-47a2-a72d-63bd8dac2311,5cd5ed28-197d-469a-a6e3-75e83e87d73e,,https://mms-images.out.customink.com/mms/images/catalog/colors/297302/views/alt/right_large.png,Hanes Essential-T Crewneck T-shirt - Light Steel - right,false
8b3cd9cb-04dc-4895-a0b4-f8e77a558e2e,5cd5ed28-197d-469a-a6e3-75e83e87d73e,,https://storage.googleapis.com/print-482914-images/products/hanes-essential-t-crewneck-t-shirt/297344_front.png,Hanes Essential-T Crewneck T-shirt - Graphite - front,false
43ecbf17-c061-4bf7-990a-6ae3c703623e,5cd5ed28-197d-469a-a6e3-75e83e87d73e,,https://storage.googleapis.com/print-482914-images/products/hanes-essential-t-crewneck-t-shirt/297344_back.png,Hanes Essential-T Crewneck T-shirt - Graphite - back,false
f4085cad-d242-4479-9611-7a90920cad53,5cd5ed28-197d-469a-a6e3-75e83e87d73e,,https://mms-images.out.customink.com/mms/images/catalog/colors/297344/views/alt/left_large.png,Hanes Essential-T Crewneck T-shirt - Graphite - left,false
7e6c2810-d378-4eae-9c8b-c1a8d215baf2,5cd5ed28-197d-469a-a6e3-75e83e87d73e,,https://mms-images.out.customink.com/mms/images/catalog/colors/297344/views/alt/right_large.png,Hanes Essential-T Crewneck T-shirt - Graphite - right,false
2c98c4cd-72aa-4571-abfd-8ae395a6a6e0,5cd5ed28-197d-469a-a6e3-75e83e87d73e,,https://storage.googleapis.com/print-482914-images/products/hanes-essential-t-crewneck-t-shirt/297327_front.png,Hanes Essential-T Crewneck T-shirt - Oxford Gray - front,false
39c653c0-ab4c-4c06-b988-8b246ebc13bc,5cd5ed28-197d-469a-a6e3-75e83e87d73e,,https://storage.googleapis.com/print-482914-images/products/hanes-essential-t-crewneck-t-shirt/297327_back.png,Hanes Essential-T Crewneck T-shirt - Oxford Gray - back,false
2d9a446c-a526-4a12-9a4d-201cdb10b4f0,5cd5ed28-197d-469a-a6e3-75e83e87d73e,,https://mms-images.out.customink.com/mms/images/catalog/colors/297327/views/alt/left_large.png,Hanes Essential-T Crewneck T-shirt - Oxford Gray - left,false
d928a9ab-bf97-48d5-94c1-897e826974d4,5cd5ed28-197d-469a-a6e3-75e83e87d73e,,https://mms-images.out.customink.com/mms/images/catalog/colors/297327/views/alt/right_large.png,Hanes Essential-T Crewneck T-shirt - Oxford Gray - right,false
f970f4e5-433b-4006-80a8-0c0d4d70be66,5cd5ed28-197d-469a-a6e3-75e83e87d73e,,https://storage.googleapis.com/print-482914-images/products/hanes-essential-t-crewneck-t-shirt/297321_front.png,Hanes Essential-T Crewneck T-shirt - Charcoal Heather - front,false
455e64bb-534c-405f-8afa-f49c61bb9554,5cd5ed28-197d-469a-a6e3-75e83e87d73e,,https://storage.googleapis.com/print-482914-images/products/hanes-essential-t-crewneck-t-shirt/297321_back.png,Hanes Essential-T Crewneck T-shirt - Charcoal Heather - back,false
9d0fb9f8-b5fc-429d-81fd-24c4db8412b9,5cd5ed28-197d-469a-a6e3-75e83e87d73e,,https://mms-images.out.customink.com/mms/images/catalog/colors/297321/views/alt/left_large.png,Hanes Essential-T Crewneck T-shirt - Charcoal Heather - left,false
95463c74-c0be-4a21-8b5f-fbc4aaff4e2f,5cd5ed28-197d-469a-a6e3-75e83e87d73e,,https://mms-images.out.customink.com/mms/images/catalog/colors/297321/views/alt/right_large.png,Hanes Essential-T Crewneck T-shirt - Charcoal Heather - right,false
63d10c88-9e76-4159-9856-a93ae918d182,0484a9e5-051a-43a1-a8d3-3da3ec95b38c,,https://storage.googleapis.com/print-482914-images/products/gildan-womens-100percent-cotton-t-shirt/193600_front.png,Gildan Women's 100% Cotton T-shirt - White - front,true
50e7d7d6-737f-4648-8c90-17c822862283,0484a9e5-051a-43a1-a8d3-3da3ec95b38c,,https://storage.googleapis.com/print-482914-images/products/gildan-womens-100percent-cotton-t-shirt/193600_back.png,Gildan Women's 100% Cotton T-shirt - White - back,false
efba57d4-9e56-4ee3-8327-b40725bcc61c,0484a9e5-051a-43a1-a8d3-3da3ec95b38c,,https://mms-images.out.customink.com/mms/images/catalog/colors/193600/views/alt/left_large.png,Gildan Women's 100% Cotton T-shirt - White - left,false
f1b308d4-b37e-4caa-880f-9e0c32f0bcdd,0484a9e5-051a-43a1-a8d3-3da3ec95b38c,,https://mms-images.out.customink.com/mms/images/catalog/colors/193600/views/alt/right_large.png,Gildan Women's 100% Cotton T-shirt - White - right,false
6a1771f9-ca4d-42aa-b27f-80e6a6183f5a,0484a9e5-051a-43a1-a8d3-3da3ec95b38c,,https://storage.googleapis.com/print-482914-images/products/gildan-womens-100percent-cotton-t-shirt/193602_front.png,Gildan Women's 100% Cotton T-shirt - Sports Grey - front,false
92fd0aaa-1a36-4b6a-8a0d-6116e2a28c4d,0484a9e5-051a-43a1-a8d3-3da3ec95b38c,,https://storage.googleapis.com/print-482914-images/products/gildan-womens-100percent-cotton-t-shirt/193602_back.png,Gildan Women's 100% Cotton T-shirt - Sports Grey - back,false
8823272b-c457-47ec-be21-615737026408,0484a9e5-051a-43a1-a8d3-3da3ec95b38c,,https://mms-images.out.customink.com/mms/images/catalog/colors/193602/views/alt/left_large.png,Gildan Women's 100% Cotton T-shirt - Sports Grey - left,false
882075d1-e550-469b-a225-3d7f67aab5a3,0484a9e5-051a-43a1-a8d3-3da3ec95b38c,,https://mms-images.out.customink.com/mms/images/catalog/colors/193602/views/alt/right_large.png,Gildan Women's 100% Cotton T-shirt - Sports Grey - right,false
be002e24-161a-491e-b635-6cff2604de22,0484a9e5-051a-43a1-a8d3-3da3ec95b38c,,https://storage.googleapis.com/print-482914-images/products/gildan-womens-100percent-cotton-t-shirt/193645_front.png,Gildan Women's 100% Cotton T-shirt - Graphite Heather - front,false
c2a2e09e-d985-46bf-89c4-9668e2a26b6e,0484a9e5-051a-43a1-a8d3-3da3ec95b38c,,https://storage.googleapis.com/print-482914-images/products/gildan-womens-100percent-cotton-t-shirt/193645_back.png,Gildan Women's 100% Cotton T-shirt - Graphite Heather - back,false
37cf969c-d275-4b29-ab0e-c8fb45c014b5,0484a9e5-051a-43a1-a8d3-3da3ec95b38c,,https://mms-images.out.customink.com/mms/images/catalog/colors/193645/views/alt/left_large.png,Gildan Women's 100% Cotton T-shirt - Graphite Heather - left,false
a8cdcd13-23d8-48d0-97e9-add8902eec35,0484a9e5-051a-43a1-a8d3-3da3ec95b38c,,https://mms-images.out.customink.com/mms/images/catalog/colors/193645/views/alt/right_large.png,Gildan Women's 100% Cotton T-shirt - Graphite Heather - right,false
63259ec3-2424-4ac2-9235-0455621a3810,0484a9e5-051a-43a1-a8d3-3da3ec95b38c,,https://storage.googleapis.com/print-482914-images/products/gildan-womens-100percent-cotton-t-shirt/193604_front.png,Gildan Women's 100% Cotton T-shirt - Charcoal - front,false
5293c3c9-5ef7-496c-98dc-d34d1956d2ae,0484a9e5-051a-43a1-a8d3-3da3ec95b38c,,https://storage.googleapis.com/print-482914-images/products/gildan-womens-100percent-cotton-t-shirt/193604_back.png,Gildan Women's 100% Cotton T-shirt - Charcoal - back,false
4f4385a0-583a-465c-beb1-3b6e9194ed92,0484a9e5-051a-43a1-a8d3-3da3ec95b38c,,https://mms-images.out.customink.com/mms/images/catalog/colors/193604/views/alt/left_large.png,Gildan Women's 100% Cotton T-shirt - Charcoal - left,false
de12ea38-f559-4030-a92a-65ae3deb9d62,0484a9e5-051a-43a1-a8d3-3da3ec95b38c,,https://mms-images.out.customink.com/mms/images/catalog/colors/193604/views/alt/right_large.png,Gildan Women's 100% Cotton T-shirt - Charcoal - right,false
e49846f5-2f5b-4720-b423-75bc444d797b,0484a9e5-051a-43a1-a8d3-3da3ec95b38c,,https://storage.googleapis.com/print-482914-images/products/gildan-womens-100percent-cotton-t-shirt/193632_front.png,Gildan Women's 100% Cotton T-shirt - Dark Heather - front,false
462b2adb-1c95-4aea-a25d-b951f63946b9,0484a9e5-051a-43a1-a8d3-3da3ec95b38c,,https://storage.googleapis.com/print-482914-images/products/gildan-womens-100percent-cotton-t-shirt/193632_back.png,Gildan Women's 100% Cotton T-shirt - Dark Heather - back,false
b1881ff2-c9d7-4a07-ab9a-8de22abd28b5,0484a9e5-051a-43a1-a8d3-3da3ec95b38c,,https://mms-images.out.customink.com/mms/images/catalog/colors/193632/views/alt/left_large.png,Gildan Women's 100% Cotton T-shirt - Dark Heather - left,false
492e2649-0e2c-472d-bdd1-5116ba239625,0484a9e5-051a-43a1-a8d3-3da3ec95b38c,,https://mms-images.out.customink.com/mms/images/catalog/colors/193632/views/alt/right_large.png,Gildan Women's 100% Cotton T-shirt - Dark Heather - right,false
7898002c-06c6-46d6-9ac0-0bba53dee8a6,0484a9e5-051a-43a1-a8d3-3da3ec95b38c,,https://storage.googleapis.com/print-482914-images/products/gildan-womens-100percent-cotton-t-shirt/193601_front.png,Gildan Women's 100% Cotton T-shirt - Black - front,false
642df92c-4c8c-41a7-a7db-b846739b2eb7,0484a9e5-051a-43a1-a8d3-3da3ec95b38c,,https://storage.googleapis.com/print-482914-images/products/gildan-womens-100percent-cotton-t-shirt/193601_back.png,Gildan Women's 100% Cotton T-shirt - Black - back,false
47f796d4-bcaa-457e-a798-ba93c7d0116b,0484a9e5-051a-43a1-a8d3-3da3ec95b38c,,https://mms-images.out.customink.com/mms/images/catalog/colors/193601/views/alt/left_large.png,Gildan Women's 100% Cotton T-shirt - Black - left,false
801409c0-9b4a-40d5-b654-026e846c0ea4,0484a9e5-051a-43a1-a8d3-3da3ec95b38c,,https://mms-images.out.customink.com/mms/images/catalog/colors/193601/views/alt/right_large.png,Gildan Women's 100% Cotton T-shirt - Black - right,false
b1d97098-9db0-4586-aaef-9ade97fcae6e,7dce98b0-af05-4547-83d5-5d9a12573164,,https://storage.googleapis.com/print-482914-images/products/bella-canvas-heavyweight-garment-dyed-t-shirt/2399927_front.png,Bella + Canvas Heavyweight Garment Dyed T-shirt - White - front,false
1579af11-bf21-4bb3-a71f-3865f80d52fb,7dce98b0-af05-4547-83d5-5d9a12573164,,https://storage.googleapis.com/print-482914-images/products/bella-canvas-heavyweight-garment-dyed-t-shirt/2399927_back.png,Bella + Canvas Heavyweight Garment Dyed T-shirt - White - back,false
b37a267a-e5b4-4688-b59b-e21693c36b36,7dce98b0-af05-4547-83d5-5d9a12573164,,https://mms-images.out.customink.com/mms/images/catalog/colors/2399927/views/alt/left_large.png,Bella + Canvas Heavyweight Garment Dyed T-shirt - White - left,false
98eb6aca-3bc2-4c7c-9a75-8dc6206f5f73,7dce98b0-af05-4547-83d5-5d9a12573164,,https://mms-images.out.customink.com/mms/images/catalog/colors/2399927/views/alt/right_large.png,Bella + Canvas Heavyweight Garment Dyed T-shirt - White - right,false
b72d60ed-1ff8-4807-80d3-e4376e3e0ff3,7dce98b0-af05-4547-83d5-5d9a12573164,,https://storage.googleapis.com/print-482914-images/products/bella-canvas-heavyweight-garment-dyed-t-shirt/2399909_front.png,Bella + Canvas Heavyweight Garment Dyed T-shirt - Vintage White - front,false
08fcb56d-f0b9-4510-8009-e0f7038cb245,7dce98b0-af05-4547-83d5-5d9a12573164,,https://storage.googleapis.com/print-482914-images/products/bella-canvas-heavyweight-garment-dyed-t-shirt/2399909_back.png,Bella + Canvas Heavyweight Garment Dyed T-shirt - Vintage White - back,false
15b2ca1a-4f2a-409d-96c4-c60ed9be6a63,7dce98b0-af05-4547-83d5-5d9a12573164,,https://mms-images.out.customink.com/mms/images/catalog/colors/2399909/views/alt/left_large.png,Bella + Canvas Heavyweight Garment Dyed T-shirt - Vintage White - left,false
6c95c9a5-d60c-47df-82b4-92cc2e028bac,7dce98b0-af05-4547-83d5-5d9a12573164,,https://mms-images.out.customink.com/mms/images/catalog/colors/2399909/views/alt/right_large.png,Bella + Canvas Heavyweight Garment Dyed T-shirt - Vintage White - right,false
f0eea863-5b5a-4e44-bed2-e4cfb86d8ec5,7dce98b0-af05-4547-83d5-5d9a12573164,,https://storage.googleapis.com/print-482914-images/products/bella-canvas-heavyweight-garment-dyed-t-shirt/2399926_front.png,Bella + Canvas Heavyweight Garment Dyed T-shirt - Washed Thyme - front,false
ff217d4e-1b9f-457d-bbe9-c6077e0f9420,7dce98b0-af05-4547-83d5-5d9a12573164,,https://storage.googleapis.com/print-482914-images/products/bella-canvas-heavyweight-garment-dyed-t-shirt/2399926_back.png,Bella + Canvas Heavyweight Garment Dyed T-shirt - Washed Thyme - back,false
d7ecf367-70be-4095-89f4-193e3e5f1835,7dce98b0-af05-4547-83d5-5d9a12573164,,https://mms-images.out.customink.com/mms/images/catalog/colors/2399926/views/alt/left_large.png,Bella + Canvas Heavyweight Garment Dyed T-shirt - Washed Thyme - left,false
15bddf91-e9e6-41cc-a214-cb6a8e473ce9,7dce98b0-af05-4547-83d5-5d9a12573164,,https://mms-images.out.customink.com/mms/images/catalog/colors/2399926/views/alt/right_large.png,Bella + Canvas Heavyweight Garment Dyed T-shirt - Washed Thyme - right,false
d9efe6a0-d6e9-4ad9-b724-a82b28f5a648,7dce98b0-af05-4547-83d5-5d9a12573164,,https://storage.googleapis.com/print-482914-images/products/bella-canvas-heavyweight-garment-dyed-t-shirt/2399915_front.png,Bella + Canvas Heavyweight Garment Dyed T-shirt - Washed Grey - front,false
118c53e2-2843-4c98-8e14-f52a09483311,7dce98b0-af05-4547-83d5-5d9a12573164,,https://storage.googleapis.com/print-482914-images/products/bella-canvas-heavyweight-garment-dyed-t-shirt/2399915_back.png,Bella + Canvas Heavyweight Garment Dyed T-shirt - Washed Grey - back,false
eb355ecc-b023-4bc0-88d6-30906dab8f8a,7dce98b0-af05-4547-83d5-5d9a12573164,,https://mms-images.out.customink.com/mms/images/catalog/colors/2399915/views/alt/left_large.png,Bella + Canvas Heavyweight Garment Dyed T-shirt - Washed Grey - left,false
0837b33d-b22f-48d3-8761-92724756e64c,7dce98b0-af05-4547-83d5-5d9a12573164,,https://mms-images.out.customink.com/mms/images/catalog/colors/2399915/views/alt/right_large.png,Bella + Canvas Heavyweight Garment Dyed T-shirt - Washed Grey - right,false
c2d4b58d-d68a-4246-9fb9-c246c1bced86,7dce98b0-af05-4547-83d5-5d9a12573164,,https://storage.googleapis.com/print-482914-images/products/bella-canvas-heavyweight-garment-dyed-t-shirt/2399911_front.png,Bella + Canvas Heavyweight Garment Dyed T-shirt - Washed Charcoal - front,false
99d53460-d3e0-4b36-869b-eb6d562b4f59,7dce98b0-af05-4547-83d5-5d9a12573164,,https://storage.googleapis.com/print-482914-images/products/bella-canvas-heavyweight-garment-dyed-t-shirt/2399911_back.png,Bella + Canvas Heavyweight Garment Dyed T-shirt - Washed Charcoal - back,false
7b49b36c-bba3-495a-8e11-9b875e3ee921,7dce98b0-af05-4547-83d5-5d9a12573164,,https://mms-images.out.customink.com/mms/images/catalog/colors/2399911/views/alt/left_large.png,Bella + Canvas Heavyweight Garment Dyed T-shirt - Washed Charcoal - left,false
c041c861-85bd-46f4-8ef8-88fbdf2276cb,7dce98b0-af05-4547-83d5-5d9a12573164,,https://mms-images.out.customink.com/mms/images/catalog/colors/2399911/views/alt/right_large.png,Bella + Canvas Heavyweight Garment Dyed T-shirt - Washed Charcoal - right,false
8b10bb38-1b46-4f64-b267-8c61abf5c375,7dce98b0-af05-4547-83d5-5d9a12573164,,https://storage.googleapis.com/print-482914-images/products/bella-canvas-heavyweight-garment-dyed-t-shirt/2399900_front.png,Bella + Canvas Heavyweight Garment Dyed T-shirt - Black - front,true
9303b2cd-aa9e-4e2d-b6ba-fec8a4a525b3,7dce98b0-af05-4547-83d5-5d9a12573164,,https://storage.googleapis.com/print-482914-images/products/bella-canvas-heavyweight-garment-dyed-t-shirt/2399900_back.png,Bella + Canvas Heavyweight Garment Dyed T-shirt - Black - back,false
cbca2973-7c4b-4535-a472-c59f64029901,7dce98b0-af05-4547-83d5-5d9a12573164,,https://mms-images.out.customink.com/mms/images/catalog/colors/2399900/views/alt/left_large.png,Bella + Canvas Heavyweight Garment Dyed T-shirt - Black - left,false
99c57ba8-7afd-4029-8473-dad97b096ebb,7dce98b0-af05-4547-83d5-5d9a12573164,,https://mms-images.out.customink.com/mms/images/catalog/colors/2399900/views/alt/right_large.png,Bella + Canvas Heavyweight Garment Dyed T-shirt - Black - right,false
cf76d08d-4560-4901-9ed4-5b7b697cddb8,8672babf-e695-457e-8f91-9504976daac5,,https://storage.googleapis.com/print-482914-images/products/dyenomite-100percent-cotton-tonal-tie-dye-t-shirt/201600_front.png,Dyenomite 100% Cotton Tonal Tie-Dye T-shirt - Black - front,true
6f37ba99-92da-4616-8436-b77cc0f1a6bc,8672babf-e695-457e-8f91-9504976daac5,,https://storage.googleapis.com/print-482914-images/products/dyenomite-100percent-cotton-tonal-tie-dye-t-shirt/201600_back.png,Dyenomite 100% Cotton Tonal Tie-Dye T-shirt - Black - back,false
cb1dce94-77f7-4cd9-9937-e500311af874,8672babf-e695-457e-8f91-9504976daac5,,https://mms-images.out.customink.com/mms/images/catalog/colors/201600/views/alt/left_large.png,Dyenomite 100% Cotton Tonal Tie-Dye T-shirt - Black - left,false
557a2937-b5ad-448e-9a42-893f162ff39a,8672babf-e695-457e-8f91-9504976daac5,,https://mms-images.out.customink.com/mms/images/catalog/colors/201600/views/alt/right_large.png,Dyenomite 100% Cotton Tonal Tie-Dye T-shirt - Black - right,false
daa72c20-8a4d-4a8b-b465-10257ea0ff9c,8672babf-e695-457e-8f91-9504976daac5,,https://storage.googleapis.com/print-482914-images/products/dyenomite-100percent-cotton-tonal-tie-dye-t-shirt/201601_front.png,Dyenomite 100% Cotton Tonal Tie-Dye T-shirt - Silver - front,false
2ec37b95-b5c0-412f-860a-e8fbf3b60243,8672babf-e695-457e-8f91-9504976daac5,,https://storage.googleapis.com/print-482914-images/products/dyenomite-100percent-cotton-tonal-tie-dye-t-shirt/201601_back.png,Dyenomite 100% Cotton Tonal Tie-Dye T-shirt - Silver - back,false
d4d82179-fe12-4e6f-b420-28251c135023,8672babf-e695-457e-8f91-9504976daac5,,https://mms-images.out.customink.com/mms/images/catalog/colors/201601/views/alt/left_large.png,Dyenomite 100% Cotton Tonal Tie-Dye T-shirt - Silver - left,false
7fe1144e-6829-4b61-ae01-42fd03338d99,8672babf-e695-457e-8f91-9504976daac5,,https://mms-images.out.customink.com/mms/images/catalog/colors/201601/views/alt/right_large.png,Dyenomite 100% Cotton Tonal Tie-Dye T-shirt - Silver - right,false
4ba9bed2-f822-4769-9d3a-5c2cc75003da,8672babf-e695-457e-8f91-9504976daac5,,https://storage.googleapis.com/print-482914-images/products/dyenomite-100percent-cotton-tonal-tie-dye-t-shirt/201602_front.png,Dyenomite 100% Cotton Tonal Tie-Dye T-shirt - Navy - front,false
884324e2-a769-4f0e-a64d-2134841e3c58,8672babf-e695-457e-8f91-9504976daac5,,https://storage.googleapis.com/print-482914-images/products/dyenomite-100percent-cotton-tonal-tie-dye-t-shirt/201602_back.png,Dyenomite 100% Cotton Tonal Tie-Dye T-shirt - Navy - back,false
ea0c91af-77b7-49de-9c94-d15330676fc7,8672babf-e695-457e-8f91-9504976daac5,,https://mms-images.out.customink.com/mms/images/catalog/colors/201602/views/alt/left_large.png,Dyenomite 100% Cotton Tonal Tie-Dye T-shirt - Navy - left,false
fd438c73-5a61-4c00-ada9-83388b6d74fc,8672babf-e695-457e-8f91-9504976daac5,,https://mms-images.out.customink.com/mms/images/catalog/colors/201602/views/alt/right_large.png,Dyenomite 100% Cotton Tonal Tie-Dye T-shirt - Navy - right,false
f58bee23-bd72-4893-8147-1f278657d5a8,8672babf-e695-457e-8f91-9504976daac5,,https://storage.googleapis.com/print-482914-images/products/dyenomite-100percent-cotton-tonal-tie-dye-t-shirt/201603_front.png,Dyenomite 100% Cotton Tonal Tie-Dye T-shirt - Royal - front,false
7c0ec0cd-d098-47e6-8a78-c4c9a81e6f74,8672babf-e695-457e-8f91-9504976daac5,,https://storage.googleapis.com/print-482914-images/products/dyenomite-100percent-cotton-tonal-tie-dye-t-shirt/201603_back.png,Dyenomite 100% Cotton Tonal Tie-Dye T-shirt - Royal - back,false
f4ef3fc2-1fb2-40b4-8831-0a8b8a2ac55d,8672babf-e695-457e-8f91-9504976daac5,,https://mms-images.out.customink.com/mms/images/catalog/colors/201603/views/alt/left_large.png,Dyenomite 100% Cotton Tonal Tie-Dye T-shirt - Royal - left,false
22f0cc1d-cf8f-4b64-8afb-92f229954120,8672babf-e695-457e-8f91-9504976daac5,,https://mms-images.out.customink.com/mms/images/catalog/colors/201603/views/alt/right_large.png,Dyenomite 100% Cotton Tonal Tie-Dye T-shirt - Royal - right,false
77865503-96fe-42c7-b5b3-e19b8cc9c9d7,8672babf-e695-457e-8f91-9504976daac5,,https://storage.googleapis.com/print-482914-images/products/dyenomite-100percent-cotton-tonal-tie-dye-t-shirt/201614_front.png,Dyenomite 100% Cotton Tonal Tie-Dye T-shirt - Columbia Blue - front,false
53d85905-a316-4b57-96c9-0120150ab88e,8672babf-e695-457e-8f91-9504976daac5,,https://storage.googleapis.com/print-482914-images/products/dyenomite-100percent-cotton-tonal-tie-dye-t-shirt/201614_back.png,Dyenomite 100% Cotton Tonal Tie-Dye T-shirt - Columbia Blue - back,false
266146ff-fa55-4369-a27e-88a7ced034c1,8672babf-e695-457e-8f91-9504976daac5,,https://mms-images.out.customink.com/mms/images/catalog/colors/201614/views/alt/left_large.png,Dyenomite 100% Cotton Tonal Tie-Dye T-shirt - Columbia Blue - left,false
31d08791-126e-43c7-a85c-5cb8fb333aa4,8672babf-e695-457e-8f91-9504976daac5,,https://mms-images.out.customink.com/mms/images/catalog/colors/201614/views/alt/right_large.png,Dyenomite 100% Cotton Tonal Tie-Dye T-shirt - Columbia Blue - right,false
5cf2d74b-8ea8-459d-95b6-ac1a34a22c70,8672babf-e695-457e-8f91-9504976daac5,,https://storage.googleapis.com/print-482914-images/products/dyenomite-100percent-cotton-tonal-tie-dye-t-shirt/201604_front.png,Dyenomite 100% Cotton Tonal Tie-Dye T-shirt - Purple - front,false
e2726815-9524-4e9e-9c51-ff9bbd2fb489,8672babf-e695-457e-8f91-9504976daac5,,https://storage.googleapis.com/print-482914-images/products/dyenomite-100percent-cotton-tonal-tie-dye-t-shirt/201604_back.png,Dyenomite 100% Cotton Tonal Tie-Dye T-shirt - Purple - back,false
0e3157bc-c457-4660-95f4-11be189f1db3,8672babf-e695-457e-8f91-9504976daac5,,https://mms-images.out.customink.com/mms/images/catalog/colors/201604/views/alt/left_large.png,Dyenomite 100% Cotton Tonal Tie-Dye T-shirt - Purple - left,false
9ea1c900-81e7-48cb-be78-2865d4853758,8672babf-e695-457e-8f91-9504976daac5,,https://mms-images.out.customink.com/mms/images/catalog/colors/201604/views/alt/right_large.png,Dyenomite 100% Cotton Tonal Tie-Dye T-shirt - Purple - right,false
3b809cec-341c-4668-b2a6-bb42d1e342c7,5c1c532e-6908-4fb4-a3ce-89595006352d,,https://storage.googleapis.com/print-482914-images/products/shaka-wear-max-100percent-cotton-heavyweight-crewneck-t-shirt/1567721_front.png,Shaka Wear Max 100% Cotton Heavyweight Crewneck T-shirt - White - front,false
20a44499-8f02-400c-a46e-7a663660f5d0,5c1c532e-6908-4fb4-a3ce-89595006352d,,https://storage.googleapis.com/print-482914-images/products/shaka-wear-max-100percent-cotton-heavyweight-crewneck-t-shirt/1567721_back.png,Shaka Wear Max 100% Cotton Heavyweight Crewneck T-shirt - White - back,false
45ffb342-4f44-4200-9527-a61b12599a29,5c1c532e-6908-4fb4-a3ce-89595006352d,,https://mms-images.out.customink.com/mms/images/catalog/colors/1567721/views/alt/left_large.png,Shaka Wear Max 100% Cotton Heavyweight Crewneck T-shirt - White - left,false
eeb7ba5f-17fc-4055-b68e-b8b0a0b709e6,5c1c532e-6908-4fb4-a3ce-89595006352d,,https://mms-images.out.customink.com/mms/images/catalog/colors/1567721/views/alt/right_large.png,Shaka Wear Max 100% Cotton Heavyweight Crewneck T-shirt - White - right,false
48485f40-a89c-4c5e-b735-22a38af69d73,5c1c532e-6908-4fb4-a3ce-89595006352d,,https://storage.googleapis.com/print-482914-images/products/shaka-wear-max-100percent-cotton-heavyweight-crewneck-t-shirt/1567711_front.png,Shaka Wear Max 100% Cotton Heavyweight Crewneck T-shirt - Navy - front,false
185919ae-d47e-43bb-811a-9e2adbe8c979,5c1c532e-6908-4fb4-a3ce-89595006352d,,https://storage.googleapis.com/print-482914-images/products/shaka-wear-max-100percent-cotton-heavyweight-crewneck-t-shirt/1567711_back.png,Shaka Wear Max 100% Cotton Heavyweight Crewneck T-shirt - Navy - back,false
1a308884-fb6d-4375-bc14-a892049667ea,5c1c532e-6908-4fb4-a3ce-89595006352d,,https://mms-images.out.customink.com/mms/images/catalog/colors/1567711/views/alt/left_large.png,Shaka Wear Max 100% Cotton Heavyweight Crewneck T-shirt - Navy - left,false
b1eaf4fe-7f97-4a15-9fd1-81cfa295baad,5c1c532e-6908-4fb4-a3ce-89595006352d,,https://mms-images.out.customink.com/mms/images/catalog/colors/1567711/views/alt/right_large.png,Shaka Wear Max 100% Cotton Heavyweight Crewneck T-shirt - Navy - right,false
61265094-bec7-455a-93f4-d6407329a655,5c1c532e-6908-4fb4-a3ce-89595006352d,,https://storage.googleapis.com/print-482914-images/products/shaka-wear-max-100percent-cotton-heavyweight-crewneck-t-shirt/1567719_front.png,Shaka Wear Max 100% Cotton Heavyweight Crewneck T-shirt - Sky Blue - front,false
78c35d0b-2b41-49d7-8754-086467bec9f0,5c1c532e-6908-4fb4-a3ce-89595006352d,,https://storage.googleapis.com/print-482914-images/products/shaka-wear-max-100percent-cotton-heavyweight-crewneck-t-shirt/1567719_back.png,Shaka Wear Max 100% Cotton Heavyweight Crewneck T-shirt - Sky Blue - back,false
49e8a32e-ddd9-4e93-b9d9-b6ddc0aeffa5,5c1c532e-6908-4fb4-a3ce-89595006352d,,https://mms-images.out.customink.com/mms/images/catalog/colors/1567719/views/alt/left_large.png,Shaka Wear Max 100% Cotton Heavyweight Crewneck T-shirt - Sky Blue - left,false
4bbf9f15-b356-419e-8d41-3c20908a5e6f,5c1c532e-6908-4fb4-a3ce-89595006352d,,https://mms-images.out.customink.com/mms/images/catalog/colors/1567719/views/alt/right_large.png,Shaka Wear Max 100% Cotton Heavyweight Crewneck T-shirt - Sky Blue - right,false
619b5a23-9d25-4c23-8f1b-0d5365a3ee32,5c1c532e-6908-4fb4-a3ce-89595006352d,,https://storage.googleapis.com/print-482914-images/products/shaka-wear-max-100percent-cotton-heavyweight-crewneck-t-shirt/1567712_front.png,Shaka Wear Max 100% Cotton Heavyweight Crewneck T-shirt - Olive - front,false
8c9b3057-224a-4783-810e-8c830c666c23,5c1c532e-6908-4fb4-a3ce-89595006352d,,https://storage.googleapis.com/print-482914-images/products/shaka-wear-max-100percent-cotton-heavyweight-crewneck-t-shirt/1567712_back.png,Shaka Wear Max 100% Cotton Heavyweight Crewneck T-shirt - Olive - back,false
c33f14db-fc56-45da-8f10-634d97de7b72,5c1c532e-6908-4fb4-a3ce-89595006352d,,https://mms-images.out.customink.com/mms/images/catalog/colors/1567712/views/alt/left_large.png,Shaka Wear Max 100% Cotton Heavyweight Crewneck T-shirt - Olive - left,false
a1525b05-a7ef-47fb-b4e7-dae1c9674dac,5c1c532e-6908-4fb4-a3ce-89595006352d,,https://mms-images.out.customink.com/mms/images/catalog/colors/1567712/views/alt/right_large.png,Shaka Wear Max 100% Cotton Heavyweight Crewneck T-shirt - Olive - right,false
f40967a5-1bcc-4a05-bab0-9856c9625688,5c1c532e-6908-4fb4-a3ce-89595006352d,,https://storage.googleapis.com/print-482914-images/products/shaka-wear-max-100percent-cotton-heavyweight-crewneck-t-shirt/1567704_front.png,Shaka Wear Max 100% Cotton Heavyweight Crewneck T-shirt - Charcoal Grey Heather - front,false
1ce11f3e-9cb9-4310-aa86-de87b5c723c8,5c1c532e-6908-4fb4-a3ce-89595006352d,,https://storage.googleapis.com/print-482914-images/products/shaka-wear-max-100percent-cotton-heavyweight-crewneck-t-shirt/1567704_back.png,Shaka Wear Max 100% Cotton Heavyweight Crewneck T-shirt - Charcoal Grey Heather - back,false
64c4a42c-b360-4863-8092-0973f5eda3d2,5c1c532e-6908-4fb4-a3ce-89595006352d,,https://mms-images.out.customink.com/mms/images/catalog/colors/1567704/views/alt/left_large.png,Shaka Wear Max 100% Cotton Heavyweight Crewneck T-shirt - Charcoal Grey Heather - left,false
a5758c0a-df45-4ba3-b416-256824b53fd9,5c1c532e-6908-4fb4-a3ce-89595006352d,,https://mms-images.out.customink.com/mms/images/catalog/colors/1567704/views/alt/right_large.png,Shaka Wear Max 100% Cotton Heavyweight Crewneck T-shirt - Charcoal Grey Heather - right,false
12d80e8f-8a68-4ead-bf16-0416daa5e877,5c1c532e-6908-4fb4-a3ce-89595006352d,,https://storage.googleapis.com/print-482914-images/products/shaka-wear-max-100percent-cotton-heavyweight-crewneck-t-shirt/1567705_front.png,Shaka Wear Max 100% Cotton Heavyweight Crewneck T-shirt - Dark Grey - front,false
ada98ae9-906a-4af6-978e-1156de58f178,5c1c532e-6908-4fb4-a3ce-89595006352d,,https://storage.googleapis.com/print-482914-images/products/shaka-wear-max-100percent-cotton-heavyweight-crewneck-t-shirt/1567705_back.png,Shaka Wear Max 100% Cotton Heavyweight Crewneck T-shirt - Dark Grey - back,false
5586ae4d-63e7-43cd-856e-9ad40fffe99e,5c1c532e-6908-4fb4-a3ce-89595006352d,,https://mms-images.out.customink.com/mms/images/catalog/colors/1567705/views/alt/left_large.png,Shaka Wear Max 100% Cotton Heavyweight Crewneck T-shirt - Dark Grey - left,false
00fcaa1d-da17-45ad-b817-4f9f73c6a18a,5c1c532e-6908-4fb4-a3ce-89595006352d,,https://mms-images.out.customink.com/mms/images/catalog/colors/1567705/views/alt/right_large.png,Shaka Wear Max 100% Cotton Heavyweight Crewneck T-shirt - Dark Grey - right,false
ec2bca1e-8929-4af5-a413-427556dc2036,d0aba0a3-1f55-427d-959a-3e6f4e463c52,,https://storage.googleapis.com/print-482914-images/products/district-tri-blend-t-shirt/306201_front.png,District Tri-Blend T-shirt - White - front,false
941b3e01-4873-4537-96ba-393ca2b90196,d0aba0a3-1f55-427d-959a-3e6f4e463c52,,https://storage.googleapis.com/print-482914-images/products/district-tri-blend-t-shirt/306201_back.png,District Tri-Blend T-shirt - White - back,false
a1facb7a-51c4-4675-bd9a-74f83d92c011,d0aba0a3-1f55-427d-959a-3e6f4e463c52,,https://mms-images.out.customink.com/mms/images/catalog/colors/306201/views/alt/left_large.png,District Tri-Blend T-shirt - White - left,false
9167bbcc-3d60-401c-97bd-16cef136a148,d0aba0a3-1f55-427d-959a-3e6f4e463c52,,https://mms-images.out.customink.com/mms/images/catalog/colors/306201/views/alt/right_large.png,District Tri-Blend T-shirt - White - right,false
0a405e5d-6234-4c21-a24d-01130bae8f3d,d0aba0a3-1f55-427d-959a-3e6f4e463c52,,https://storage.googleapis.com/print-482914-images/products/district-tri-blend-t-shirt/306224_front.png,District Tri-Blend T-shirt - Natural - front,false
060ab904-827f-4900-ada5-e77a11d32698,d0aba0a3-1f55-427d-959a-3e6f4e463c52,,https://storage.googleapis.com/print-482914-images/products/district-tri-blend-t-shirt/306224_back.png,District Tri-Blend T-shirt - Natural - back,false
917bd88b-a400-466b-8368-c4942f01de37,d0aba0a3-1f55-427d-959a-3e6f4e463c52,,https://mms-images.out.customink.com/mms/images/catalog/colors/306224/views/alt/left_large.png,District Tri-Blend T-shirt - Natural - left,false
423427ba-7780-456b-a7f3-479443efaaf4,d0aba0a3-1f55-427d-959a-3e6f4e463c52,,https://mms-images.out.customink.com/mms/images/catalog/colors/306224/views/alt/right_large.png,District Tri-Blend T-shirt - Natural - right,false
ca5d833a-688c-4bfc-b955-a4a5e9f4f16a,d0aba0a3-1f55-427d-959a-3e6f4e463c52,,https://storage.googleapis.com/print-482914-images/products/district-tri-blend-t-shirt/306220_front.png,District Tri-Blend T-shirt - Heathered Grey - front,false
115605df-94d0-40a0-bde9-ad2ebe7ceecd,d0aba0a3-1f55-427d-959a-3e6f4e463c52,,https://storage.googleapis.com/print-482914-images/products/district-tri-blend-t-shirt/306220_back.png,District Tri-Blend T-shirt - Heathered Grey - back,false
dcd02f79-b844-4648-86f2-7d64e1715141,d0aba0a3-1f55-427d-959a-3e6f4e463c52,,https://mms-images.out.customink.com/mms/images/catalog/colors/306220/views/alt/left_large.png,District Tri-Blend T-shirt - Heathered Grey - left,false
619fd145-f14b-473c-8ff0-997ab2555085,d0aba0a3-1f55-427d-959a-3e6f4e463c52,,https://mms-images.out.customink.com/mms/images/catalog/colors/306220/views/alt/right_large.png,District Tri-Blend T-shirt - Heathered Grey - right,false
32d2c70d-6ee1-4f23-a747-b4f33efa0a0a,d0aba0a3-1f55-427d-959a-3e6f4e463c52,,https://storage.googleapis.com/print-482914-images/products/district-tri-blend-t-shirt/306200_front.png,District Tri-Blend T-shirt - Grey Frost - front,true
4e0acb25-a3ee-4aab-bf23-fc1ecbd9f853,d0aba0a3-1f55-427d-959a-3e6f4e463c52,,https://storage.googleapis.com/print-482914-images/products/district-tri-blend-t-shirt/306200_back.png,District Tri-Blend T-shirt - Grey Frost - back,false
97798ebc-55a3-4dcf-afe5-0a42d7f0e796,d0aba0a3-1f55-427d-959a-3e6f4e463c52,,https://mms-images.out.customink.com/mms/images/catalog/colors/306200/views/alt/left_large.png,District Tri-Blend T-shirt - Grey Frost - left,false
5c7997f6-2f9c-4ed2-8537-0729620e3ed9,d0aba0a3-1f55-427d-959a-3e6f4e463c52,,https://mms-images.out.customink.com/mms/images/catalog/colors/306200/views/alt/right_large.png,District Tri-Blend T-shirt - Grey Frost - right,false
0fa5f62c-ef0d-4c2a-b3ab-6eece8f0ebea,d0aba0a3-1f55-427d-959a-3e6f4e463c52,,https://storage.googleapis.com/print-482914-images/products/district-tri-blend-t-shirt/306213_front.png,District Tri-Blend T-shirt - Heathered Charcoal - front,false
0361a754-43f9-47a7-ad5f-d67e3a2d1fca,d0aba0a3-1f55-427d-959a-3e6f4e463c52,,https://storage.googleapis.com/print-482914-images/products/district-tri-blend-t-shirt/306213_back.png,District Tri-Blend T-shirt - Heathered Charcoal - back,false
a7f1599b-afa7-40e2-95b5-cd40e4b1b91c,d0aba0a3-1f55-427d-959a-3e6f4e463c52,,https://mms-images.out.customink.com/mms/images/catalog/colors/306213/views/alt/left_large.png,District Tri-Blend T-shirt - Heathered Charcoal - left,false
fe755e7a-1c8a-488e-81ec-89d56f31f122,d0aba0a3-1f55-427d-959a-3e6f4e463c52,,https://mms-images.out.customink.com/mms/images/catalog/colors/306213/views/alt/right_large.png,District Tri-Blend T-shirt - Heathered Charcoal - right,false
febeecd6-2d52-484b-903e-0cdb8ba0968f,d0aba0a3-1f55-427d-959a-3e6f4e463c52,,https://storage.googleapis.com/print-482914-images/products/district-tri-blend-t-shirt/306226_front.png,District Tri-Blend T-shirt - Deepest Grey - front,false
b5756470-a008-4d67-8368-0c0696ae6f0e,d0aba0a3-1f55-427d-959a-3e6f4e463c52,,https://storage.googleapis.com/print-482914-images/products/district-tri-blend-t-shirt/306226_back.png,District Tri-Blend T-shirt - Deepest Grey - back,false
929222c3-bd6c-4735-8e53-da7b5a7555d4,d0aba0a3-1f55-427d-959a-3e6f4e463c52,,https://mms-images.out.customink.com/mms/images/catalog/colors/306226/views/alt/left_large.png,District Tri-Blend T-shirt - Deepest Grey - left,false
d400d40b-d69a-46ac-9c3c-3fd8a1a7d3b7,d0aba0a3-1f55-427d-959a-3e6f4e463c52,,https://mms-images.out.customink.com/mms/images/catalog/colors/306226/views/alt/right_large.png,District Tri-Blend T-shirt - Deepest Grey - right,false
7eccfedc-5f2c-4613-8518-61b8a66f0d9a,35f2cdda-6809-4525-8cc1-01e855781dab,,https://storage.googleapis.com/print-482914-images/products/gildan-ultra-cotton-pocket-t-shirt/99700_front.png,Gildan Ultra Cotton Pocket T-shirt - White - front,true
3995d967-255e-43cf-869e-0840021b4fbf,35f2cdda-6809-4525-8cc1-01e855781dab,,https://storage.googleapis.com/print-482914-images/products/gildan-ultra-cotton-pocket-t-shirt/99700_back.png,Gildan Ultra Cotton Pocket T-shirt - White - back,false
10c38b8c-9963-4b50-bd8e-6c41512d3e98,35f2cdda-6809-4525-8cc1-01e855781dab,,https://mms-images.out.customink.com/mms/images/catalog/colors/99700/views/alt/left_large.png,Gildan Ultra Cotton Pocket T-shirt - White - left,false
8f51cfe2-1eb0-47b6-86af-fc91bf31cbd3,35f2cdda-6809-4525-8cc1-01e855781dab,,https://mms-images.out.customink.com/mms/images/catalog/colors/99700/views/alt/right_large.png,Gildan Ultra Cotton Pocket T-shirt - White - right,false
41a87089-6760-4fbf-a731-83a136e1a61b,35f2cdda-6809-4525-8cc1-01e855781dab,,https://storage.googleapis.com/print-482914-images/products/gildan-ultra-cotton-pocket-t-shirt/99704_front.png,Gildan Ultra Cotton Pocket T-shirt - Black - front,false
b67a1a88-2060-48cc-8703-3a9e0837ff18,35f2cdda-6809-4525-8cc1-01e855781dab,,https://storage.googleapis.com/print-482914-images/products/gildan-ultra-cotton-pocket-t-shirt/99704_back.png,Gildan Ultra Cotton Pocket T-shirt - Black - back,false
815ef558-b8cf-49c1-9632-93f30057aa5b,35f2cdda-6809-4525-8cc1-01e855781dab,,https://mms-images.out.customink.com/mms/images/catalog/colors/99704/views/alt/left_large.png,Gildan Ultra Cotton Pocket T-shirt - Black - left,false
7c7c9bd9-5f16-4b6f-899b-e57fd149c665,35f2cdda-6809-4525-8cc1-01e855781dab,,https://mms-images.out.customink.com/mms/images/catalog/colors/99704/views/alt/right_large.png,Gildan Ultra Cotton Pocket T-shirt - Black - right,false
0c82abf6-cd50-401f-b8dc-6d5773911bdd,35f2cdda-6809-4525-8cc1-01e855781dab,,https://storage.googleapis.com/print-482914-images/products/gildan-ultra-cotton-pocket-t-shirt/99702_front.png,Gildan Ultra Cotton Pocket T-shirt - Ash - front,false
d99c8692-f651-4368-bde4-492b612a8d92,35f2cdda-6809-4525-8cc1-01e855781dab,,https://storage.googleapis.com/print-482914-images/products/gildan-ultra-cotton-pocket-t-shirt/99702_back.png,Gildan Ultra Cotton Pocket T-shirt - Ash - back,false
37d25d2c-7270-4ee7-a126-d4ec18539742,35f2cdda-6809-4525-8cc1-01e855781dab,,https://mms-images.out.customink.com/mms/images/catalog/colors/99702/views/alt/left_large.png,Gildan Ultra Cotton Pocket T-shirt - Ash - left,false
d0c07b02-4efb-4b25-b03b-9b7ef28f6098,35f2cdda-6809-4525-8cc1-01e855781dab,,https://mms-images.out.customink.com/mms/images/catalog/colors/99702/views/alt/right_large.png,Gildan Ultra Cotton Pocket T-shirt - Ash - right,false
8ca7ddc6-abef-4962-9a3c-0d879403e90e,35f2cdda-6809-4525-8cc1-01e855781dab,,https://storage.googleapis.com/print-482914-images/products/gildan-ultra-cotton-pocket-t-shirt/99703_front.png,Gildan Ultra Cotton Pocket T-shirt - Sport Grey - front,false
6380238f-8b66-489f-ab39-46911605014a,35f2cdda-6809-4525-8cc1-01e855781dab,,https://storage.googleapis.com/print-482914-images/products/gildan-ultra-cotton-pocket-t-shirt/99703_back.png,Gildan Ultra Cotton Pocket T-shirt - Sport Grey - back,false
665d25c1-c545-4aa2-960f-01c25c26c683,35f2cdda-6809-4525-8cc1-01e855781dab,,https://mms-images.out.customink.com/mms/images/catalog/colors/99703/views/alt/left_large.png,Gildan Ultra Cotton Pocket T-shirt - Sport Grey - left,false
d125baa1-01f8-42c9-9e36-57341827a62c,35f2cdda-6809-4525-8cc1-01e855781dab,,https://mms-images.out.customink.com/mms/images/catalog/colors/99703/views/alt/right_large.png,Gildan Ultra Cotton Pocket T-shirt - Sport Grey - right,false
0fdc6530-f203-4c52-80ee-ba20fdcdf699,35f2cdda-6809-4525-8cc1-01e855781dab,,https://storage.googleapis.com/print-482914-images/products/gildan-ultra-cotton-pocket-t-shirt/99718_front.png,Gildan Ultra Cotton Pocket T-shirt - Charcoal - front,false
637cd5c0-33ef-46f1-98c3-a3cb14a5ba6e,35f2cdda-6809-4525-8cc1-01e855781dab,,https://storage.googleapis.com/print-482914-images/products/gildan-ultra-cotton-pocket-t-shirt/99718_back.png,Gildan Ultra Cotton Pocket T-shirt - Charcoal - back,false
ee02cccc-937b-4b85-9eef-cbf507380077,35f2cdda-6809-4525-8cc1-01e855781dab,,https://mms-images.out.customink.com/mms/images/catalog/colors/99718/views/alt/left_large.png,Gildan Ultra Cotton Pocket T-shirt - Charcoal - left,false
fb215096-d71f-4348-9220-0294f5d1ec61,35f2cdda-6809-4525-8cc1-01e855781dab,,https://mms-images.out.customink.com/mms/images/catalog/colors/99718/views/alt/right_large.png,Gildan Ultra Cotton Pocket T-shirt - Charcoal - right,false
e662b155-7e86-4560-9ff7-b1e805c1c62c,35f2cdda-6809-4525-8cc1-01e855781dab,,https://storage.googleapis.com/print-482914-images/products/gildan-ultra-cotton-pocket-t-shirt/99708_front.png,Gildan Ultra Cotton Pocket T-shirt - Navy - front,false
b17c594c-ecf4-4dc4-8829-d415dcc3845e,35f2cdda-6809-4525-8cc1-01e855781dab,,https://storage.googleapis.com/print-482914-images/products/gildan-ultra-cotton-pocket-t-shirt/99708_back.png,Gildan Ultra Cotton Pocket T-shirt - Navy - back,false
b1012470-9a57-454d-b22e-6b412e94b96c,35f2cdda-6809-4525-8cc1-01e855781dab,,https://mms-images.out.customink.com/mms/images/catalog/colors/99708/views/alt/left_large.png,Gildan Ultra Cotton Pocket T-shirt - Navy - left,false
e1b5f2e0-9eba-4b0b-888a-d736255c378d,35f2cdda-6809-4525-8cc1-01e855781dab,,https://mms-images.out.customink.com/mms/images/catalog/colors/99708/views/alt/right_large.png,Gildan Ultra Cotton Pocket T-shirt - Navy - right,false
2b980f6a-8976-43f1-b632-cd0b75c520ac,56ce9bfe-a0dd-41b3-a098-4b33010a9230,,https://storage.googleapis.com/print-482914-images/products/comfort-colors-100percent-cotton-t-shirt-embroidered/1164616_front.png,Comfort Colors 100% Cotton T-shirt - Embroidered - White - front,false
bd8d0351-51a8-4d8a-a262-456cb4a0b933,56ce9bfe-a0dd-41b3-a098-4b33010a9230,,https://storage.googleapis.com/print-482914-images/products/comfort-colors-100percent-cotton-t-shirt-embroidered/1164616_back.png,Comfort Colors 100% Cotton T-shirt - Embroidered - White - back,false
d5dc00c5-bc76-4d8b-9907-5d8326bb4d12,56ce9bfe-a0dd-41b3-a098-4b33010a9230,,https://mms-images.out.customink.com/mms/images/catalog/colors/1164616/views/alt/left_large.png,Comfort Colors 100% Cotton T-shirt - Embroidered - White - left,false
eabf0c31-a6f9-4498-adfe-7a9e1aa0ad5e,56ce9bfe-a0dd-41b3-a098-4b33010a9230,,https://mms-images.out.customink.com/mms/images/catalog/colors/1164616/views/alt/right_large.png,Comfort Colors 100% Cotton T-shirt - Embroidered - White - right,false
9e6dfa3b-057a-4a79-8c28-ef6c208d2e2f,56ce9bfe-a0dd-41b3-a098-4b33010a9230,,https://storage.googleapis.com/print-482914-images/products/comfort-colors-100percent-cotton-t-shirt-embroidered/1164669_front.png,Comfort Colors 100% Cotton T-shirt - Embroidered - Ivory - front,false
87f789dd-55df-4a64-bc11-f1759d37befb,56ce9bfe-a0dd-41b3-a098-4b33010a9230,,https://storage.googleapis.com/print-482914-images/products/comfort-colors-100percent-cotton-t-shirt-embroidered/1164669_back.png,Comfort Colors 100% Cotton T-shirt - Embroidered - Ivory - back,false
7c16f7d8-ab6c-402d-8a9a-3909a834c302,56ce9bfe-a0dd-41b3-a098-4b33010a9230,,https://mms-images.out.customink.com/mms/images/catalog/colors/1164669/views/alt/left_large.png,Comfort Colors 100% Cotton T-shirt - Embroidered - Ivory - left,false
2ae007b2-1170-464b-b4bf-410de438dd7a,56ce9bfe-a0dd-41b3-a098-4b33010a9230,,https://mms-images.out.customink.com/mms/images/catalog/colors/1164669/views/alt/right_large.png,Comfort Colors 100% Cotton T-shirt - Embroidered - Ivory - right,false
0e774734-59e1-48f2-80fe-4c43bbcd8e36,56ce9bfe-a0dd-41b3-a098-4b33010a9230,,https://storage.googleapis.com/print-482914-images/products/comfort-colors-100percent-cotton-t-shirt-embroidered/1164659_front.png,Comfort Colors 100% Cotton T-shirt - Embroidered - Granite - front,false
9d3e5207-361a-41be-8890-559e41e10aa3,56ce9bfe-a0dd-41b3-a098-4b33010a9230,,https://storage.googleapis.com/print-482914-images/products/comfort-colors-100percent-cotton-t-shirt-embroidered/1164659_back.png,Comfort Colors 100% Cotton T-shirt - Embroidered - Granite - back,false
db899f24-15e0-4d06-8a97-00db7b3181a4,56ce9bfe-a0dd-41b3-a098-4b33010a9230,,https://mms-images.out.customink.com/mms/images/catalog/colors/1164659/views/alt/left_large.png,Comfort Colors 100% Cotton T-shirt - Embroidered - Granite - left,false
fd737739-501f-4580-a582-265fcf27f8b6,56ce9bfe-a0dd-41b3-a098-4b33010a9230,,https://mms-images.out.customink.com/mms/images/catalog/colors/1164659/views/alt/right_large.png,Comfort Colors 100% Cotton T-shirt - Embroidered - Granite - right,false
4da8eca5-9016-458c-98a1-073baa9f7a9a,56ce9bfe-a0dd-41b3-a098-4b33010a9230,,https://storage.googleapis.com/print-482914-images/products/comfort-colors-100percent-cotton-t-shirt-embroidered/1164601_front.png,Comfort Colors 100% Cotton T-shirt - Embroidered - Grey - front,false
6cb5bcb8-da98-40cf-ad7c-577037b971aa,56ce9bfe-a0dd-41b3-a098-4b33010a9230,,https://storage.googleapis.com/print-482914-images/products/comfort-colors-100percent-cotton-t-shirt-embroidered/1164601_back.png,Comfort Colors 100% Cotton T-shirt - Embroidered - Grey - back,false
d75c38d5-eef5-4803-9c2b-6249f2d03f11,56ce9bfe-a0dd-41b3-a098-4b33010a9230,,https://mms-images.out.customink.com/mms/images/catalog/colors/1164601/views/alt/left_large.png,Comfort Colors 100% Cotton T-shirt - Embroidered - Grey - left,false
91e03d33-0420-4398-b09f-7114e4b4a2ec,56ce9bfe-a0dd-41b3-a098-4b33010a9230,,https://mms-images.out.customink.com/mms/images/catalog/colors/1164601/views/alt/right_large.png,Comfort Colors 100% Cotton T-shirt - Embroidered - Grey - right,false
75ac3ff6-3a99-4527-83c2-9130b667bb8a,56ce9bfe-a0dd-41b3-a098-4b33010a9230,,https://storage.googleapis.com/print-482914-images/products/comfort-colors-100percent-cotton-t-shirt-embroidered/1164600_front.png,Comfort Colors 100% Cotton T-shirt - Embroidered - Pepper - front,true
3068a287-96c1-4280-aad3-042b5c2aaefa,56ce9bfe-a0dd-41b3-a098-4b33010a9230,,https://storage.googleapis.com/print-482914-images/products/comfort-colors-100percent-cotton-t-shirt-embroidered/1164600_back.png,Comfort Colors 100% Cotton T-shirt - Embroidered - Pepper - back,false
75658dd4-2ad0-4e8b-b03a-ce7b53204fff,56ce9bfe-a0dd-41b3-a098-4b33010a9230,,https://mms-images.out.customink.com/mms/images/catalog/colors/1164600/views/alt/left_large.png,Comfort Colors 100% Cotton T-shirt - Embroidered - Pepper - left,false
9190bf80-396e-44b3-be0d-ca369d516ad1,56ce9bfe-a0dd-41b3-a098-4b33010a9230,,https://mms-images.out.customink.com/mms/images/catalog/colors/1164600/views/alt/right_large.png,Comfort Colors 100% Cotton T-shirt - Embroidered - Pepper - right,false
6ebfcfe8-5ebd-490b-9401-f18f24442bf1,56ce9bfe-a0dd-41b3-a098-4b33010a9230,,https://storage.googleapis.com/print-482914-images/products/comfort-colors-100percent-cotton-t-shirt-embroidered/1164665_front.png,Comfort Colors 100% Cotton T-shirt - Embroidered - Graphite - front,false
6b733ab8-234d-49db-acf6-ea77dea366a9,56ce9bfe-a0dd-41b3-a098-4b33010a9230,,https://storage.googleapis.com/print-482914-images/products/comfort-colors-100percent-cotton-t-shirt-embroidered/1164665_back.png,Comfort Colors 100% Cotton T-shirt - Embroidered - Graphite - back,false
608209bd-994a-47c5-a817-af3713008c39,56ce9bfe-a0dd-41b3-a098-4b33010a9230,,https://mms-images.out.customink.com/mms/images/catalog/colors/1164665/views/alt/left_large.png,Comfort Colors 100% Cotton T-shirt - Embroidered - Graphite - left,false
018fd82b-0e57-45b9-9852-b949f37ec823,56ce9bfe-a0dd-41b3-a098-4b33010a9230,,https://mms-images.out.customink.com/mms/images/catalog/colors/1164665/views/alt/right_large.png,Comfort Colors 100% Cotton T-shirt - Embroidered - Graphite - right,false
447deaf3-a58d-4100-af1e-f7051cb61dd0,1c1f7029-f2d0-4757-93c3-9541d894df2a,,https://storage.googleapis.com/print-482914-images/products/hanes-tall-beefy-t-crewneck-t-shirt/196700_front.png,Hanes Tall Beefy-T Crewneck T-shirt - White - front,true
a79ec8e2-3338-4e99-8cd8-47652be8b452,1c1f7029-f2d0-4757-93c3-9541d894df2a,,https://storage.googleapis.com/print-482914-images/products/hanes-tall-beefy-t-crewneck-t-shirt/196700_back.png,Hanes Tall Beefy-T Crewneck T-shirt - White - back,false
06ea4844-fec0-415d-804f-c9e932c2c1ad,1c1f7029-f2d0-4757-93c3-9541d894df2a,,https://mms-images.out.customink.com/mms/images/catalog/colors/196700/views/alt/left_large.png,Hanes Tall Beefy-T Crewneck T-shirt - White - left,false
e2645045-509d-421a-b1d2-7f77b4c8ab4b,1c1f7029-f2d0-4757-93c3-9541d894df2a,,https://mms-images.out.customink.com/mms/images/catalog/colors/196700/views/alt/right_large.png,Hanes Tall Beefy-T Crewneck T-shirt - White - right,false
872ea1c0-127b-4433-bd6e-ac251a78d7e0,1c1f7029-f2d0-4757-93c3-9541d894df2a,,https://storage.googleapis.com/print-482914-images/products/hanes-tall-beefy-t-crewneck-t-shirt/196707_front.png,Hanes Tall Beefy-T Crewneck T-shirt - Ash - front,false
d59a85ab-0251-4949-8f1c-41ab96816ad8,1c1f7029-f2d0-4757-93c3-9541d894df2a,,https://storage.googleapis.com/print-482914-images/products/hanes-tall-beefy-t-crewneck-t-shirt/196707_back.png,Hanes Tall Beefy-T Crewneck T-shirt - Ash - back,false
92a72ea6-a564-4486-9d15-f0ca35a9db36,1c1f7029-f2d0-4757-93c3-9541d894df2a,,https://mms-images.out.customink.com/mms/images/catalog/colors/196707/views/alt/left_large.png,Hanes Tall Beefy-T Crewneck T-shirt - Ash - left,false
6c10f4f4-5dcf-4420-af07-f8bc81b22ecb,1c1f7029-f2d0-4757-93c3-9541d894df2a,,https://mms-images.out.customink.com/mms/images/catalog/colors/196707/views/alt/right_large.png,Hanes Tall Beefy-T Crewneck T-shirt - Ash - right,false
3ec81d48-1373-4224-9b01-4ad0c379a145,1c1f7029-f2d0-4757-93c3-9541d894df2a,,https://storage.googleapis.com/print-482914-images/products/hanes-tall-beefy-t-crewneck-t-shirt/196701_front.png,Hanes Tall Beefy-T Crewneck T-shirt - Light Steel - front,false
42b93fa5-379e-4524-b824-bb15702e28dc,1c1f7029-f2d0-4757-93c3-9541d894df2a,,https://storage.googleapis.com/print-482914-images/products/hanes-tall-beefy-t-crewneck-t-shirt/196701_back.png,Hanes Tall Beefy-T Crewneck T-shirt - Light Steel - back,false
1226be21-db4d-475b-b8c2-4e7247524d4f,1c1f7029-f2d0-4757-93c3-9541d894df2a,,https://mms-images.out.customink.com/mms/images/catalog/colors/196701/views/alt/left_large.png,Hanes Tall Beefy-T Crewneck T-shirt - Light Steel - left,false
e2c39e83-ec38-46b9-b1e3-875649449a01,1c1f7029-f2d0-4757-93c3-9541d894df2a,,https://mms-images.out.customink.com/mms/images/catalog/colors/196701/views/alt/right_large.png,Hanes Tall Beefy-T Crewneck T-shirt - Light Steel - right,false
4d3e12e6-9358-4cfc-a0e5-2d7f9b5d53b5,1c1f7029-f2d0-4757-93c3-9541d894df2a,,https://storage.googleapis.com/print-482914-images/products/hanes-tall-beefy-t-crewneck-t-shirt/196708_front.png,Hanes Tall Beefy-T Crewneck T-shirt - Smoke Grey - front,false
5176b7af-6df2-4666-8f06-0cc56e7c4c39,1c1f7029-f2d0-4757-93c3-9541d894df2a,,https://storage.googleapis.com/print-482914-images/products/hanes-tall-beefy-t-crewneck-t-shirt/196708_back.png,Hanes Tall Beefy-T Crewneck T-shirt - Smoke Grey - back,false
71fcdf26-985a-47a6-8d38-8cdfd1794a61,1c1f7029-f2d0-4757-93c3-9541d894df2a,,https://mms-images.out.customink.com/mms/images/catalog/colors/196708/views/alt/left_large.png,Hanes Tall Beefy-T Crewneck T-shirt - Smoke Grey - left,false
3a57b69b-1ddb-47ee-a960-3ad03a7db288,1c1f7029-f2d0-4757-93c3-9541d894df2a,,https://mms-images.out.customink.com/mms/images/catalog/colors/196708/views/alt/right_large.png,Hanes Tall Beefy-T Crewneck T-shirt - Smoke Grey - right,false
bff757c2-39da-40e2-9e38-888d7c9b6ac9,1c1f7029-f2d0-4757-93c3-9541d894df2a,,https://storage.googleapis.com/print-482914-images/products/hanes-tall-beefy-t-crewneck-t-shirt/196706_front.png,Hanes Tall Beefy-T Crewneck T-shirt - Charcoal Heather - front,false
b47be052-ab6d-4c6e-bb5e-72f04e76d47e,1c1f7029-f2d0-4757-93c3-9541d894df2a,,https://storage.googleapis.com/print-482914-images/products/hanes-tall-beefy-t-crewneck-t-shirt/196706_back.png,Hanes Tall Beefy-T Crewneck T-shirt - Charcoal Heather - back,false
8eeb8cfe-aedc-4790-a407-156b4fc923d4,1c1f7029-f2d0-4757-93c3-9541d894df2a,,https://mms-images.out.customink.com/mms/images/catalog/colors/196706/views/alt/left_large.png,Hanes Tall Beefy-T Crewneck T-shirt - Charcoal Heather - left,false
23dcb2e2-655b-43c9-befb-0b0c36bc472c,1c1f7029-f2d0-4757-93c3-9541d894df2a,,https://mms-images.out.customink.com/mms/images/catalog/colors/196706/views/alt/right_large.png,Hanes Tall Beefy-T Crewneck T-shirt - Charcoal Heather - right,false
418b40ff-5c42-43b7-8a66-0aa5d524842a,1c1f7029-f2d0-4757-93c3-9541d894df2a,,https://storage.googleapis.com/print-482914-images/products/hanes-tall-beefy-t-crewneck-t-shirt/196702_front.png,Hanes Tall Beefy-T Crewneck T-shirt - Black - front,false
f53acb1f-a690-43cf-b526-fc21e5d75b65,1c1f7029-f2d0-4757-93c3-9541d894df2a,,https://storage.googleapis.com/print-482914-images/products/hanes-tall-beefy-t-crewneck-t-shirt/196702_back.png,Hanes Tall Beefy-T Crewneck T-shirt - Black - back,false
0f7682ff-9a5d-46bd-8abb-eb8d22df5623,1c1f7029-f2d0-4757-93c3-9541d894df2a,,https://mms-images.out.customink.com/mms/images/catalog/colors/196702/views/alt/left_large.png,Hanes Tall Beefy-T Crewneck T-shirt - Black - left,false
f86f760a-bae4-4103-9520-7372628f2bb6,1c1f7029-f2d0-4757-93c3-9541d894df2a,,https://mms-images.out.customink.com/mms/images/catalog/colors/196702/views/alt/right_large.png,Hanes Tall Beefy-T Crewneck T-shirt - Black - right,false
ffe7713e-f6a1-407a-b405-ed8dabd6b8b5,6d0ab36b-42bf-4c70-8769-f472e5e31497,,https://storage.googleapis.com/print-482914-images/products/hanes-perfect-t-crewneck-t-shirt/176000_front.png,Hanes Perfect-T Crewneck T-shirt - White - front,true
1e638d53-8c58-49e2-a43f-bef00c65b799,6d0ab36b-42bf-4c70-8769-f472e5e31497,,https://storage.googleapis.com/print-482914-images/products/hanes-perfect-t-crewneck-t-shirt/176000_back.png,Hanes Perfect-T Crewneck T-shirt - White - back,false
d23f9e7e-2511-4c4d-b4d3-e407b1c5bd8f,6d0ab36b-42bf-4c70-8769-f472e5e31497,,https://mms-images.out.customink.com/mms/images/catalog/colors/176000/views/alt/left_large.png,Hanes Perfect-T Crewneck T-shirt - White - left,false
af30eddb-d5e7-4d4f-9f8f-6d1be064be8a,6d0ab36b-42bf-4c70-8769-f472e5e31497,,https://mms-images.out.customink.com/mms/images/catalog/colors/176000/views/alt/right_large.png,Hanes Perfect-T Crewneck T-shirt - White - right,false
c3d082df-ea8d-49b4-8b92-14caa76597dc,6d0ab36b-42bf-4c70-8769-f472e5e31497,,https://storage.googleapis.com/print-482914-images/products/hanes-perfect-t-crewneck-t-shirt/176004_front.png,Hanes Perfect-T Crewneck T-shirt - Ash - front,false
6f91c166-5bb7-40b1-8833-c89b9e5fa2b0,6d0ab36b-42bf-4c70-8769-f472e5e31497,,https://storage.googleapis.com/print-482914-images/products/hanes-perfect-t-crewneck-t-shirt/176004_back.png,Hanes Perfect-T Crewneck T-shirt - Ash - back,false
51043bd3-b2ba-4835-b119-a65e793c21cd,6d0ab36b-42bf-4c70-8769-f472e5e31497,,https://mms-images.out.customink.com/mms/images/catalog/colors/176004/views/alt/left_large.png,Hanes Perfect-T Crewneck T-shirt - Ash - left,false
1e035e24-de1b-4867-8338-f9548d6b3acd,6d0ab36b-42bf-4c70-8769-f472e5e31497,,https://mms-images.out.customink.com/mms/images/catalog/colors/176004/views/alt/right_large.png,Hanes Perfect-T Crewneck T-shirt - Ash - right,false
43592716-f388-49fc-8744-08e969874817,6d0ab36b-42bf-4c70-8769-f472e5e31497,,https://storage.googleapis.com/print-482914-images/products/hanes-perfect-t-crewneck-t-shirt/176055_front.png,Hanes Perfect-T Crewneck T-shirt - Silverstone Heather - front,false
4b37e2fa-e16e-4ba6-8a43-0dc9c14dc523,6d0ab36b-42bf-4c70-8769-f472e5e31497,,https://storage.googleapis.com/print-482914-images/products/hanes-perfect-t-crewneck-t-shirt/176055_back.png,Hanes Perfect-T Crewneck T-shirt - Silverstone Heather - back,false
638e637a-b7e3-4a05-9d35-fa5df9235f17,6d0ab36b-42bf-4c70-8769-f472e5e31497,,https://mms-images.out.customink.com/mms/images/catalog/colors/176055/views/alt/left_large.png,Hanes Perfect-T Crewneck T-shirt - Silverstone Heather - left,false
566c2742-416e-43cf-a569-d76bd1af5169,6d0ab36b-42bf-4c70-8769-f472e5e31497,,https://mms-images.out.customink.com/mms/images/catalog/colors/176055/views/alt/right_large.png,Hanes Perfect-T Crewneck T-shirt - Silverstone Heather - right,false
f8c31619-4f6e-4b10-8221-e48cdea1cd20,6d0ab36b-42bf-4c70-8769-f472e5e31497,,https://storage.googleapis.com/print-482914-images/products/hanes-perfect-t-crewneck-t-shirt/176003_front.png,Hanes Perfect-T Crewneck T-shirt - Light Steel - front,false
32df2da2-1c24-4323-80a4-d54c62c4062d,6d0ab36b-42bf-4c70-8769-f472e5e31497,,https://storage.googleapis.com/print-482914-images/products/hanes-perfect-t-crewneck-t-shirt/176003_back.png,Hanes Perfect-T Crewneck T-shirt - Light Steel - back,false
263782ab-18a2-4f38-9820-40eed6769755,6d0ab36b-42bf-4c70-8769-f472e5e31497,,https://mms-images.out.customink.com/mms/images/catalog/colors/176003/views/alt/left_large.png,Hanes Perfect-T Crewneck T-shirt - Light Steel - left,false
903f9e64-13f5-49b2-8dd3-82e3b7100b37,6d0ab36b-42bf-4c70-8769-f472e5e31497,,https://mms-images.out.customink.com/mms/images/catalog/colors/176003/views/alt/right_large.png,Hanes Perfect-T Crewneck T-shirt - Light Steel - right,false
21d7ddfa-e011-40c4-898e-982156c52a5f,6d0ab36b-42bf-4c70-8769-f472e5e31497,,https://storage.googleapis.com/print-482914-images/products/hanes-perfect-t-crewneck-t-shirt/176059_front.png,Hanes Perfect-T Crewneck T-shirt - Iced Mocha - front,false
8935630b-b6de-47f7-8fc5-c40c50468573,6d0ab36b-42bf-4c70-8769-f472e5e31497,,https://storage.googleapis.com/print-482914-images/products/hanes-perfect-t-crewneck-t-shirt/176059_back.png,Hanes Perfect-T Crewneck T-shirt - Iced Mocha - back,false
7c84c298-8440-45e2-a85c-e6b2843d16b3,6d0ab36b-42bf-4c70-8769-f472e5e31497,,https://mms-images.out.customink.com/mms/images/catalog/colors/176059/views/alt/left_large.png,Hanes Perfect-T Crewneck T-shirt - Iced Mocha - left,false
5192409a-dae6-41b6-9bf2-6ebfab3c1ee0,6d0ab36b-42bf-4c70-8769-f472e5e31497,,https://mms-images.out.customink.com/mms/images/catalog/colors/176059/views/alt/right_large.png,Hanes Perfect-T Crewneck T-shirt - Iced Mocha - right,false
a3dbd37a-3d72-4ecc-9e74-2bea7336d49e,6d0ab36b-42bf-4c70-8769-f472e5e31497,,https://storage.googleapis.com/print-482914-images/products/hanes-perfect-t-crewneck-t-shirt/176002_front.png,Hanes Perfect-T Crewneck T-shirt - Smoke Gray - front,false
078b727a-dc1b-4c13-9340-eaac9f123101,6d0ab36b-42bf-4c70-8769-f472e5e31497,,https://storage.googleapis.com/print-482914-images/products/hanes-perfect-t-crewneck-t-shirt/176002_back.png,Hanes Perfect-T Crewneck T-shirt - Smoke Gray - back,false
b9c4560e-e1a0-4f8c-9237-0c08e4fff29e,6d0ab36b-42bf-4c70-8769-f472e5e31497,,https://mms-images.out.customink.com/mms/images/catalog/colors/176002/views/alt/left_large.png,Hanes Perfect-T Crewneck T-shirt - Smoke Gray - left,false
52d57059-5839-4fe3-86d1-2294abf3a75d,6d0ab36b-42bf-4c70-8769-f472e5e31497,,https://mms-images.out.customink.com/mms/images/catalog/colors/176002/views/alt/right_large.png,Hanes Perfect-T Crewneck T-shirt - Smoke Gray - right,false
33babb79-2cfd-4a99-8b5a-4f2fcb2a1c72,cf134597-e2aa-4bc5-aed7-7e612a3f312f,,https://storage.googleapis.com/print-482914-images/products/port-and-company-tie-dye-t-shirt/837200_front.png,Port & Company Tie-Dye T-shirt - USA Rainbow - front,true
3137f190-b026-4c6a-b541-55cda16e164e,cf134597-e2aa-4bc5-aed7-7e612a3f312f,,https://storage.googleapis.com/print-482914-images/products/port-and-company-tie-dye-t-shirt/837200_back.png,Port & Company Tie-Dye T-shirt - USA Rainbow - back,false
d211b830-3d90-4ff1-a483-ff4c633a3c85,cf134597-e2aa-4bc5-aed7-7e612a3f312f,,https://mms-images.out.customink.com/mms/images/catalog/colors/837200/views/alt/left_large.png,Port & Company Tie-Dye T-shirt - USA Rainbow - left,false
668cb5b0-eb79-4c62-b0b1-485cb59f8f30,cf134597-e2aa-4bc5-aed7-7e612a3f312f,,https://mms-images.out.customink.com/mms/images/catalog/colors/837200/views/alt/right_large.png,Port & Company Tie-Dye T-shirt - USA Rainbow - right,false
316c55a4-3fc8-4c35-9551-56821a38efb4,cf134597-e2aa-4bc5-aed7-7e612a3f312f,,https://storage.googleapis.com/print-482914-images/products/port-and-company-tie-dye-t-shirt/837209_front.png,Port & Company Tie-Dye T-shirt - Black - front,false
24cf4b35-e043-4089-ab1c-e825f09028ab,cf134597-e2aa-4bc5-aed7-7e612a3f312f,,https://storage.googleapis.com/print-482914-images/products/port-and-company-tie-dye-t-shirt/837209_back.png,Port & Company Tie-Dye T-shirt - Black - back,false
3dd96b99-3ff0-462a-ace8-bb32fd66f798,cf134597-e2aa-4bc5-aed7-7e612a3f312f,,https://mms-images.out.customink.com/mms/images/catalog/colors/837209/views/alt/left_large.png,Port & Company Tie-Dye T-shirt - Black - left,false
93c9f719-f3c2-4718-81d2-559aca2714fe,cf134597-e2aa-4bc5-aed7-7e612a3f312f,,https://mms-images.out.customink.com/mms/images/catalog/colors/837209/views/alt/right_large.png,Port & Company Tie-Dye T-shirt - Black - right,false
42fdbecf-53cf-469a-9a41-ddff80478670,cf134597-e2aa-4bc5-aed7-7e612a3f312f,,https://storage.googleapis.com/print-482914-images/products/port-and-company-tie-dye-t-shirt/837210_front.png,Port & Company Tie-Dye T-shirt - Black Galaxy Spiral - front,false
1be3a76e-5f7e-46e1-914a-6fa25bed8042,cf134597-e2aa-4bc5-aed7-7e612a3f312f,,https://storage.googleapis.com/print-482914-images/products/port-and-company-tie-dye-t-shirt/837210_back.png,Port & Company Tie-Dye T-shirt - Black Galaxy Spiral - back,false
cc27c5ef-6327-48a4-96ac-3838dcd6077b,cf134597-e2aa-4bc5-aed7-7e612a3f312f,,https://mms-images.out.customink.com/mms/images/catalog/colors/837210/views/alt/left_large.png,Port & Company Tie-Dye T-shirt - Black Galaxy Spiral - left,false
d8153f45-e604-4659-a882-59e73df9fff5,cf134597-e2aa-4bc5-aed7-7e612a3f312f,,https://mms-images.out.customink.com/mms/images/catalog/colors/837210/views/alt/right_large.png,Port & Company Tie-Dye T-shirt - Black Galaxy Spiral - right,false
c4811cec-2b81-4e89-96d3-4956837e6853,cf134597-e2aa-4bc5-aed7-7e612a3f312f,,https://storage.googleapis.com/print-482914-images/products/port-and-company-tie-dye-t-shirt/837201_front.png,Port & Company Tie-Dye T-shirt - Pastel Rainbow - front,false
94f6aeb8-8ab8-4123-93fc-01aae27ba762,cf134597-e2aa-4bc5-aed7-7e612a3f312f,,https://storage.googleapis.com/print-482914-images/products/port-and-company-tie-dye-t-shirt/837201_back.png,Port & Company Tie-Dye T-shirt - Pastel Rainbow - back,false
1f90022e-6264-4013-9d2d-6f19f0cccb86,cf134597-e2aa-4bc5-aed7-7e612a3f312f,,https://mms-images.out.customink.com/mms/images/catalog/colors/837201/views/alt/left_large.png,Port & Company Tie-Dye T-shirt - Pastel Rainbow - left,false
92e8c8af-b75c-4457-8d20-1e1bf0762940,cf134597-e2aa-4bc5-aed7-7e612a3f312f,,https://mms-images.out.customink.com/mms/images/catalog/colors/837201/views/alt/right_large.png,Port & Company Tie-Dye T-shirt - Pastel Rainbow - right,false
a6e0a155-ab53-4eec-9e6d-66ce177cb444,cf134597-e2aa-4bc5-aed7-7e612a3f312f,,https://storage.googleapis.com/print-482914-images/products/port-and-company-tie-dye-t-shirt/837202_front.png,Port & Company Tie-Dye T-shirt - Neon Rainbow - front,false
6ece38f8-c4c6-4db5-91c1-5ba4da307888,cf134597-e2aa-4bc5-aed7-7e612a3f312f,,https://storage.googleapis.com/print-482914-images/products/port-and-company-tie-dye-t-shirt/837202_back.png,Port & Company Tie-Dye T-shirt - Neon Rainbow - back,false
6e31049e-4902-48bf-973f-969c30b01337,cf134597-e2aa-4bc5-aed7-7e612a3f312f,,https://mms-images.out.customink.com/mms/images/catalog/colors/837202/views/alt/left_large.png,Port & Company Tie-Dye T-shirt - Neon Rainbow - left,false
e7eadf81-1369-4945-9bc4-37df96eddf80,cf134597-e2aa-4bc5-aed7-7e612a3f312f,,https://mms-images.out.customink.com/mms/images/catalog/colors/837202/views/alt/right_large.png,Port & Company Tie-Dye T-shirt - Neon Rainbow - right,false
15bd2883-2208-4ccd-a4f8-ee3b71f30356,cf134597-e2aa-4bc5-aed7-7e612a3f312f,,https://storage.googleapis.com/print-482914-images/products/port-and-company-tie-dye-t-shirt/837203_front.png,Port & Company Tie-Dye T-shirt - Rainbow - front,false
12705a52-08ed-463e-a57e-97d7762f6db4,cf134597-e2aa-4bc5-aed7-7e612a3f312f,,https://storage.googleapis.com/print-482914-images/products/port-and-company-tie-dye-t-shirt/837203_back.png,Port & Company Tie-Dye T-shirt - Rainbow - back,false
8add24a2-0274-4c46-929a-c99da5877d68,cf134597-e2aa-4bc5-aed7-7e612a3f312f,,https://mms-images.out.customink.com/mms/images/catalog/colors/837203/views/alt/left_large.png,Port & Company Tie-Dye T-shirt - Rainbow - left,false
7609319a-e8e8-4991-9e42-2bdd625fc31c,cf134597-e2aa-4bc5-aed7-7e612a3f312f,,https://mms-images.out.customink.com/mms/images/catalog/colors/837203/views/alt/right_large.png,Port & Company Tie-Dye T-shirt - Rainbow - right,false
ae3cf375-e259-4b3c-98ac-31fcbab810e7,924c1a03-3b0a-409d-a932-d3b1c041cc16,,https://storage.googleapis.com/print-482914-images/products/american-apparel-jersey-t-shirt/337600_front.png,American Apparel Jersey T-shirt - White - front,true
1b0c348a-79ca-4248-a3a5-1d3945648d8f,924c1a03-3b0a-409d-a932-d3b1c041cc16,,https://storage.googleapis.com/print-482914-images/products/american-apparel-jersey-t-shirt/337600_back.png,American Apparel Jersey T-shirt - White - back,false
2a5b7bd6-7afb-4774-92b1-0068a6ce0619,924c1a03-3b0a-409d-a932-d3b1c041cc16,,https://mms-images.out.customink.com/mms/images/catalog/colors/337600/views/alt/left_large.png,American Apparel Jersey T-shirt - White - left,false
fa3e81c3-7260-45fb-a159-e4100ce57a35,924c1a03-3b0a-409d-a932-d3b1c041cc16,,https://mms-images.out.customink.com/mms/images/catalog/colors/337600/views/alt/right_large.png,American Apparel Jersey T-shirt - White - right,false
62ac8964-ebe8-4deb-9f8e-f18748bbcb0c,924c1a03-3b0a-409d-a932-d3b1c041cc16,,https://storage.googleapis.com/print-482914-images/products/american-apparel-jersey-t-shirt/337624_front.png,American Apparel Jersey T-shirt - Ash Grey - front,false
66b54fd8-8b37-4464-a188-ba055460ff7e,924c1a03-3b0a-409d-a932-d3b1c041cc16,,https://storage.googleapis.com/print-482914-images/products/american-apparel-jersey-t-shirt/337624_back.png,American Apparel Jersey T-shirt - Ash Grey - back,false
6a1050ad-35a5-457e-8ad5-38241147514b,924c1a03-3b0a-409d-a932-d3b1c041cc16,,https://mms-images.out.customink.com/mms/images/catalog/colors/337624/views/alt/left_large.png,American Apparel Jersey T-shirt - Ash Grey - left,false
538c5a51-e5db-48af-bf5a-134679fc29b3,924c1a03-3b0a-409d-a932-d3b1c041cc16,,https://mms-images.out.customink.com/mms/images/catalog/colors/337624/views/alt/right_large.png,American Apparel Jersey T-shirt - Ash Grey - right,false
5f800e16-c048-4895-bb78-932cc5f973cc,924c1a03-3b0a-409d-a932-d3b1c041cc16,,https://storage.googleapis.com/print-482914-images/products/american-apparel-jersey-t-shirt/337630_front.png,American Apparel Jersey T-shirt - New Silver - front,false
7e6185e8-07da-49d6-8bcc-3d7aad5cd4be,924c1a03-3b0a-409d-a932-d3b1c041cc16,,https://storage.googleapis.com/print-482914-images/products/american-apparel-jersey-t-shirt/337630_back.png,American Apparel Jersey T-shirt - New Silver - back,false
60228398-33f9-4904-937f-3abadcd15afa,924c1a03-3b0a-409d-a932-d3b1c041cc16,,https://mms-images.out.customink.com/mms/images/catalog/colors/337630/views/alt/left_large.png,American Apparel Jersey T-shirt - New Silver - left,false
0e1f7685-9fd2-4bd3-84d9-29ca1346f2d0,924c1a03-3b0a-409d-a932-d3b1c041cc16,,https://mms-images.out.customink.com/mms/images/catalog/colors/337630/views/alt/right_large.png,American Apparel Jersey T-shirt - New Silver - right,false
24f8182c-122c-4576-be83-28ef10a7928e,924c1a03-3b0a-409d-a932-d3b1c041cc16,,https://storage.googleapis.com/print-482914-images/products/american-apparel-jersey-t-shirt/337602_front.png,American Apparel Jersey T-shirt - Heather Grey - front,false
2cecb82b-c11f-4bfd-8fa1-3f0ae80d1205,924c1a03-3b0a-409d-a932-d3b1c041cc16,,https://storage.googleapis.com/print-482914-images/products/american-apparel-jersey-t-shirt/337602_back.png,American Apparel Jersey T-shirt - Heather Grey - back,false
4ed434f2-aeed-4c98-a09f-2711f661d945,924c1a03-3b0a-409d-a932-d3b1c041cc16,,https://mms-images.out.customink.com/mms/images/catalog/colors/337602/views/alt/left_large.png,American Apparel Jersey T-shirt - Heather Grey - left,false
56e23bed-29e7-4ecc-8528-3a0b3fe3d77d,924c1a03-3b0a-409d-a932-d3b1c041cc16,,https://mms-images.out.customink.com/mms/images/catalog/colors/337602/views/alt/right_large.png,American Apparel Jersey T-shirt - Heather Grey - right,false
d3ab8c9f-5a9e-442e-84d2-3c2be441b4f8,924c1a03-3b0a-409d-a932-d3b1c041cc16,,https://storage.googleapis.com/print-482914-images/products/american-apparel-jersey-t-shirt/337608_front.png,American Apparel Jersey T-shirt - Asphalt - front,false
6d4712a8-a554-4cfa-aae1-541977fd4ad3,924c1a03-3b0a-409d-a932-d3b1c041cc16,,https://storage.googleapis.com/print-482914-images/products/american-apparel-jersey-t-shirt/337608_back.png,American Apparel Jersey T-shirt - Asphalt - back,false
4c926c29-eb75-4c4a-89aa-268aaf3c2c96,924c1a03-3b0a-409d-a932-d3b1c041cc16,,https://mms-images.out.customink.com/mms/images/catalog/colors/337608/views/alt/left_large.png,American Apparel Jersey T-shirt - Asphalt - left,false
6645c544-b461-434d-b5a1-5821e7989912,924c1a03-3b0a-409d-a932-d3b1c041cc16,,https://mms-images.out.customink.com/mms/images/catalog/colors/337608/views/alt/right_large.png,American Apparel Jersey T-shirt - Asphalt - right,false
dbd5a4ad-0021-42cc-a3c1-3f5ac31a3415,924c1a03-3b0a-409d-a932-d3b1c041cc16,,https://storage.googleapis.com/print-482914-images/products/american-apparel-jersey-t-shirt/337661_front.png,American Apparel Jersey T-shirt - Heather Asphalt - front,false
503ac42f-875c-4ffc-85a4-515b9e45d6a6,924c1a03-3b0a-409d-a932-d3b1c041cc16,,https://storage.googleapis.com/print-482914-images/products/american-apparel-jersey-t-shirt/337661_back.png,American Apparel Jersey T-shirt - Heather Asphalt - back,false
4425c4be-39e7-4c23-9f81-552d0a193698,924c1a03-3b0a-409d-a932-d3b1c041cc16,,https://mms-images.out.customink.com/mms/images/catalog/colors/337661/views/alt/left_large.png,American Apparel Jersey T-shirt - Heather Asphalt - left,false
9bdc47bb-5eca-4b5f-aa93-58bc80317f19,924c1a03-3b0a-409d-a932-d3b1c041cc16,,https://mms-images.out.customink.com/mms/images/catalog/colors/337661/views/alt/right_large.png,American Apparel Jersey T-shirt - Heather Asphalt - right,false
1795bdd2-acb2-4da9-9923-530e3c2ccd34,da41e9af-04f2-450b-b88f-fe0b449e6b61,,https://storage.googleapis.com/print-482914-images/products/port-and-company-core-cotton-t-shirt/645300_front.png,Port & Company Core Cotton T-shirt - White - front,true
02b01a55-08cf-4e80-93b1-55ffbf2166c9,da41e9af-04f2-450b-b88f-fe0b449e6b61,,https://storage.googleapis.com/print-482914-images/products/port-and-company-core-cotton-t-shirt/645300_back.png,Port & Company Core Cotton T-shirt - White - back,false
3b765468-b4ea-418d-b38a-545972cc1c0c,da41e9af-04f2-450b-b88f-fe0b449e6b61,,https://mms-images.out.customink.com/mms/images/catalog/colors/645300/views/alt/left_large.png,Port & Company Core Cotton T-shirt - White - left,false
79e882e1-c2ae-4a07-a72e-232850884b15,da41e9af-04f2-450b-b88f-fe0b449e6b61,,https://mms-images.out.customink.com/mms/images/catalog/colors/645300/views/alt/right_large.png,Port & Company Core Cotton T-shirt - White - right,false
39d23b4b-aa59-4ac0-b1b3-3905e02b0421,da41e9af-04f2-450b-b88f-fe0b449e6b61,,https://storage.googleapis.com/print-482914-images/products/port-and-company-core-cotton-t-shirt/645301_front.png,Port & Company Core Cotton T-shirt - Ash - front,false
57ab7941-a026-4c80-9457-7b447206c729,da41e9af-04f2-450b-b88f-fe0b449e6b61,,https://storage.googleapis.com/print-482914-images/products/port-and-company-core-cotton-t-shirt/645301_back.png,Port & Company Core Cotton T-shirt - Ash - back,false
8f9d018e-883c-4393-870d-d6dca3c39e57,da41e9af-04f2-450b-b88f-fe0b449e6b61,,https://mms-images.out.customink.com/mms/images/catalog/colors/645301/views/alt/left_large.png,Port & Company Core Cotton T-shirt - Ash - left,false
7c6ab19e-63fd-437d-8bc1-0ce965d9e954,da41e9af-04f2-450b-b88f-fe0b449e6b61,,https://mms-images.out.customink.com/mms/images/catalog/colors/645301/views/alt/right_large.png,Port & Company Core Cotton T-shirt - Ash - right,false
16c028c1-aeab-4e3c-b06b-b6764ce9c217,da41e9af-04f2-450b-b88f-fe0b449e6b61,,https://storage.googleapis.com/print-482914-images/products/port-and-company-core-cotton-t-shirt/645349_front.png,Port & Company Core Cotton T-shirt - Silver - front,false
7906dfc2-7903-4415-a637-62b1b253e479,da41e9af-04f2-450b-b88f-fe0b449e6b61,,https://storage.googleapis.com/print-482914-images/products/port-and-company-core-cotton-t-shirt/645349_back.png,Port & Company Core Cotton T-shirt - Silver - back,false
94dfa2e3-99fb-4051-a424-66176ba7682e,da41e9af-04f2-450b-b88f-fe0b449e6b61,,https://mms-images.out.customink.com/mms/images/catalog/colors/645349/views/alt/left_large.png,Port & Company Core Cotton T-shirt - Silver - left,false
8d98e6f1-0903-4442-974a-97cb88899112,da41e9af-04f2-450b-b88f-fe0b449e6b61,,https://mms-images.out.customink.com/mms/images/catalog/colors/645349/views/alt/right_large.png,Port & Company Core Cotton T-shirt - Silver - right,false
deb6eb61-9944-4cd7-8387-080220c332a7,da41e9af-04f2-450b-b88f-fe0b449e6b61,,https://storage.googleapis.com/print-482914-images/products/port-and-company-core-cotton-t-shirt/645302_front.png,Port & Company Core Cotton T-shirt - Athletic Heather - front,false
9b4d75bd-f0c7-43c3-b07e-df5f4feafbc3,da41e9af-04f2-450b-b88f-fe0b449e6b61,,https://storage.googleapis.com/print-482914-images/products/port-and-company-core-cotton-t-shirt/645302_back.png,Port & Company Core Cotton T-shirt - Athletic Heather - back,false
c1fb31b6-10b1-474c-8909-f1467341e5aa,da41e9af-04f2-450b-b88f-fe0b449e6b61,,https://mms-images.out.customink.com/mms/images/catalog/colors/645302/views/alt/left_large.png,Port & Company Core Cotton T-shirt - Athletic Heather - left,false
f41d0374-5a9d-43eb-989c-027248af8ac8,da41e9af-04f2-450b-b88f-fe0b449e6b61,,https://mms-images.out.customink.com/mms/images/catalog/colors/645302/views/alt/right_large.png,Port & Company Core Cotton T-shirt - Athletic Heather - right,false
2878a989-6cf9-4385-992b-e6af558564f4,da41e9af-04f2-450b-b88f-fe0b449e6b61,,https://storage.googleapis.com/print-482914-images/products/port-and-company-core-cotton-t-shirt/645303_front.png,Port & Company Core Cotton T-shirt - Medium Grey - front,false
7a122155-cdc3-4e6c-8725-2ba676678e04,da41e9af-04f2-450b-b88f-fe0b449e6b61,,https://storage.googleapis.com/print-482914-images/products/port-and-company-core-cotton-t-shirt/645303_back.png,Port & Company Core Cotton T-shirt - Medium Grey - back,false
9f9a87fc-9267-45e7-807b-fcfa3f9ceb11,da41e9af-04f2-450b-b88f-fe0b449e6b61,,https://mms-images.out.customink.com/mms/images/catalog/colors/645303/views/alt/left_large.png,Port & Company Core Cotton T-shirt - Medium Grey - left,false
e9433a1a-8bd8-4d35-ae76-21e871700816,da41e9af-04f2-450b-b88f-fe0b449e6b61,,https://mms-images.out.customink.com/mms/images/catalog/colors/645303/views/alt/right_large.png,Port & Company Core Cotton T-shirt - Medium Grey - right,false
bc96e934-d89f-43f9-9c38-852487ace312,da41e9af-04f2-450b-b88f-fe0b449e6b61,,https://storage.googleapis.com/print-482914-images/products/port-and-company-core-cotton-t-shirt/645346_front.png,Port & Company Core Cotton T-shirt - Graphite Heather - front,false
4f6d60f8-88ee-4d9c-b9dd-23197ea41557,da41e9af-04f2-450b-b88f-fe0b449e6b61,,https://storage.googleapis.com/print-482914-images/products/port-and-company-core-cotton-t-shirt/645346_back.png,Port & Company Core Cotton T-shirt - Graphite Heather - back,false
24475cb6-de56-422f-af2c-738f47fa6e45,da41e9af-04f2-450b-b88f-fe0b449e6b61,,https://mms-images.out.customink.com/mms/images/catalog/colors/645346/views/alt/left_large.png,Port & Company Core Cotton T-shirt - Graphite Heather - left,false
884632d0-5c94-4445-9473-f8b66977c44e,da41e9af-04f2-450b-b88f-fe0b449e6b61,,https://mms-images.out.customink.com/mms/images/catalog/colors/645346/views/alt/right_large.png,Port & Company Core Cotton T-shirt - Graphite Heather - right,false
41d07393-2d60-48e8-bb0d-51084ddb132c,e0cfeb1d-32c8-451b-822a-2c5943baca2f,,https://storage.googleapis.com/print-482914-images/products/bella-canvas-womens-drop-shoulder-heavyweight-t-shirt/2435715_front.png,Bella + Canvas Women's Drop Shoulder Heavyweight T-shirt - White - front,false
e3bc0e07-7b23-456a-b294-b10aaee2ea0a,e0cfeb1d-32c8-451b-822a-2c5943baca2f,,https://storage.googleapis.com/print-482914-images/products/bella-canvas-womens-drop-shoulder-heavyweight-t-shirt/2435715_back.png,Bella + Canvas Women's Drop Shoulder Heavyweight T-shirt - White - back,false
021d8f22-d0c2-4aad-9cec-93285062c324,e0cfeb1d-32c8-451b-822a-2c5943baca2f,,https://mms-images.out.customink.com/mms/images/catalog/colors/2435715/views/alt/left_large.png,Bella + Canvas Women's Drop Shoulder Heavyweight T-shirt - White - left,false
6f079f30-b27f-46c0-b58a-af2e4c1e981d,e0cfeb1d-32c8-451b-822a-2c5943baca2f,,https://mms-images.out.customink.com/mms/images/catalog/colors/2435715/views/alt/right_large.png,Bella + Canvas Women's Drop Shoulder Heavyweight T-shirt - White - right,false
5d729978-9e6f-4aa9-b8db-5721cf362ce3,e0cfeb1d-32c8-451b-822a-2c5943baca2f,,https://storage.googleapis.com/print-482914-images/products/bella-canvas-womens-drop-shoulder-heavyweight-t-shirt/2435714_front.png,Bella + Canvas Women's Drop Shoulder Heavyweight T-shirt - Vintage White - front,false
c84a00ea-92c4-4e82-a24a-eca462a4a36f,e0cfeb1d-32c8-451b-822a-2c5943baca2f,,https://storage.googleapis.com/print-482914-images/products/bella-canvas-womens-drop-shoulder-heavyweight-t-shirt/2435714_back.png,Bella + Canvas Women's Drop Shoulder Heavyweight T-shirt - Vintage White - back,false
e8843778-9b3f-4905-a282-ba498f02d9ff,e0cfeb1d-32c8-451b-822a-2c5943baca2f,,https://mms-images.out.customink.com/mms/images/catalog/colors/2435714/views/alt/left_large.png,Bella + Canvas Women's Drop Shoulder Heavyweight T-shirt - Vintage White - left,false
9652903d-6032-4c3e-a6f3-d792e92463d2,e0cfeb1d-32c8-451b-822a-2c5943baca2f,,https://mms-images.out.customink.com/mms/images/catalog/colors/2435714/views/alt/right_large.png,Bella + Canvas Women's Drop Shoulder Heavyweight T-shirt - Vintage White - right,false
2a3ceb55-ca8a-4e03-a535-e415ac91b743,e0cfeb1d-32c8-451b-822a-2c5943baca2f,,https://storage.googleapis.com/print-482914-images/products/bella-canvas-womens-drop-shoulder-heavyweight-t-shirt/2435700_front.png,Bella + Canvas Women's Drop Shoulder Heavyweight T-shirt - Athletic Heather - front,true
e93e87e9-f3f9-4bbb-a94c-ec59bd01581b,e0cfeb1d-32c8-451b-822a-2c5943baca2f,,https://storage.googleapis.com/print-482914-images/products/bella-canvas-womens-drop-shoulder-heavyweight-t-shirt/2435700_back.png,Bella + Canvas Women's Drop Shoulder Heavyweight T-shirt - Athletic Heather - back,false
fb40937e-aa5e-46cd-a039-cc29d15df56a,e0cfeb1d-32c8-451b-822a-2c5943baca2f,,https://mms-images.out.customink.com/mms/images/catalog/colors/2435700/views/alt/left_large.png,Bella + Canvas Women's Drop Shoulder Heavyweight T-shirt - Athletic Heather - left,false
a2c93c59-e59b-4d47-bfcb-b00a526dbdba,e0cfeb1d-32c8-451b-822a-2c5943baca2f,,https://mms-images.out.customink.com/mms/images/catalog/colors/2435700/views/alt/right_large.png,Bella + Canvas Women's Drop Shoulder Heavyweight T-shirt - Athletic Heather - right,false
60bbb7fb-1f61-4b55-a579-d8e0cd92756c,e0cfeb1d-32c8-451b-822a-2c5943baca2f,,https://storage.googleapis.com/print-482914-images/products/bella-canvas-womens-drop-shoulder-heavyweight-t-shirt/2435702_front.png,Bella + Canvas Women's Drop Shoulder Heavyweight T-shirt - Dark Grey - front,false
770280be-f2b3-4cec-adf9-fe2a52210838,e0cfeb1d-32c8-451b-822a-2c5943baca2f,,https://storage.googleapis.com/print-482914-images/products/bella-canvas-womens-drop-shoulder-heavyweight-t-shirt/2435702_back.png,Bella + Canvas Women's Drop Shoulder Heavyweight T-shirt - Dark Grey - back,false
6f758c1b-1e56-4988-be0d-f0d4343c609f,e0cfeb1d-32c8-451b-822a-2c5943baca2f,,https://mms-images.out.customink.com/mms/images/catalog/colors/2435702/views/alt/left_large.png,Bella + Canvas Women's Drop Shoulder Heavyweight T-shirt - Dark Grey - left,false
31848e31-fd9a-465d-a427-aa34daceb1b5,e0cfeb1d-32c8-451b-822a-2c5943baca2f,,https://mms-images.out.customink.com/mms/images/catalog/colors/2435702/views/alt/right_large.png,Bella + Canvas Women's Drop Shoulder Heavyweight T-shirt - Dark Grey - right,false
72e62af3-7d45-4292-ae89-f17058c9626f,e0cfeb1d-32c8-451b-822a-2c5943baca2f,,https://storage.googleapis.com/print-482914-images/products/bella-canvas-womens-drop-shoulder-heavyweight-t-shirt/2435709_front.png,Bella + Canvas Women's Drop Shoulder Heavyweight T-shirt - Vintage Black - front,false
e290f5a7-dd0f-4918-9a1a-20d15eb69394,e0cfeb1d-32c8-451b-822a-2c5943baca2f,,https://storage.googleapis.com/print-482914-images/products/bella-canvas-womens-drop-shoulder-heavyweight-t-shirt/2435709_back.png,Bella + Canvas Women's Drop Shoulder Heavyweight T-shirt - Vintage Black - back,false
a42472ee-c2dd-4eea-80e2-77480c41c106,e0cfeb1d-32c8-451b-822a-2c5943baca2f,,https://mms-images.out.customink.com/mms/images/catalog/colors/2435709/views/alt/left_large.png,Bella + Canvas Women's Drop Shoulder Heavyweight T-shirt - Vintage Black - left,false
7f293926-6560-4e52-bd44-78a67750cf4b,e0cfeb1d-32c8-451b-822a-2c5943baca2f,,https://mms-images.out.customink.com/mms/images/catalog/colors/2435709/views/alt/right_large.png,Bella + Canvas Women's Drop Shoulder Heavyweight T-shirt - Vintage Black - right,false
a9756353-8aeb-419b-ae5f-f57c62982c09,e0cfeb1d-32c8-451b-822a-2c5943baca2f,,https://storage.googleapis.com/print-482914-images/products/bella-canvas-womens-drop-shoulder-heavyweight-t-shirt/2435701_front.png,Bella + Canvas Women's Drop Shoulder Heavyweight T-shirt - Black - front,false
bc668c10-ce9d-43a1-9f53-5efa6a26a6c4,e0cfeb1d-32c8-451b-822a-2c5943baca2f,,https://storage.googleapis.com/print-482914-images/products/bella-canvas-womens-drop-shoulder-heavyweight-t-shirt/2435701_back.png,Bella + Canvas Women's Drop Shoulder Heavyweight T-shirt - Black - back,false
41c5522c-65b6-4818-a0a2-11af6de0e370,e0cfeb1d-32c8-451b-822a-2c5943baca2f,,https://mms-images.out.customink.com/mms/images/catalog/colors/2435701/views/alt/left_large.png,Bella + Canvas Women's Drop Shoulder Heavyweight T-shirt - Black - left,false
01fccf1a-7454-4a4c-ba7c-3d90ffbbf80b,e0cfeb1d-32c8-451b-822a-2c5943baca2f,,https://mms-images.out.customink.com/mms/images/catalog/colors/2435701/views/alt/right_large.png,Bella + Canvas Women's Drop Shoulder Heavyweight T-shirt - Black - right,false
7d88f341-e0c0-4424-a1bb-1ba6c34c66c3,52b36a5d-7686-42ba-abbd-20691907f36d,,https://storage.googleapis.com/print-482914-images/products/port-and-company-essential-t-shirt/123900_front.png,Port & Company Essential T-shirt - White - front,true
57634004-2758-4551-b2a5-ae06f8eeb68b,52b36a5d-7686-42ba-abbd-20691907f36d,,https://storage.googleapis.com/print-482914-images/products/port-and-company-essential-t-shirt/123900_back.png,Port & Company Essential T-shirt - White - back,false
f5c6e071-ed36-4783-9b32-cbe44b2af046,52b36a5d-7686-42ba-abbd-20691907f36d,,https://mms-images.out.customink.com/mms/images/catalog/colors/123900/views/alt/left_large.png,Port & Company Essential T-shirt - White - left,false
f8bbf2c2-cf2b-461f-9cf5-99d08cd56ce7,52b36a5d-7686-42ba-abbd-20691907f36d,,https://mms-images.out.customink.com/mms/images/catalog/colors/123900/views/alt/right_large.png,Port & Company Essential T-shirt - White - right,false
a1efa9e5-5915-489e-b4b0-a155c1828533,52b36a5d-7686-42ba-abbd-20691907f36d,,https://storage.googleapis.com/print-482914-images/products/port-and-company-essential-t-shirt/123902_front.png,Port & Company Essential T-shirt - Ash - front,false
86849ef7-dd45-441a-95e7-4e53245c7b91,52b36a5d-7686-42ba-abbd-20691907f36d,,https://storage.googleapis.com/print-482914-images/products/port-and-company-essential-t-shirt/123902_back.png,Port & Company Essential T-shirt - Ash - back,false
3da5f0f7-4bde-4daf-91c4-571c0f89086d,52b36a5d-7686-42ba-abbd-20691907f36d,,https://mms-images.out.customink.com/mms/images/catalog/colors/123902/views/alt/left_large.png,Port & Company Essential T-shirt - Ash - left,false
4b49572e-b776-4b9c-9516-8c4530ec4ee1,52b36a5d-7686-42ba-abbd-20691907f36d,,https://mms-images.out.customink.com/mms/images/catalog/colors/123902/views/alt/right_large.png,Port & Company Essential T-shirt - Ash - right,false
78b08ab6-8af4-40de-bc3a-7f690c801cdf,52b36a5d-7686-42ba-abbd-20691907f36d,,https://storage.googleapis.com/print-482914-images/products/port-and-company-essential-t-shirt/123914_front.png,Port & Company Essential T-shirt - Athletic Heather - front,false
18dd7205-5eb4-43c3-9160-4af5b8455ce6,52b36a5d-7686-42ba-abbd-20691907f36d,,https://storage.googleapis.com/print-482914-images/products/port-and-company-essential-t-shirt/123914_back.png,Port & Company Essential T-shirt - Athletic Heather - back,false
33ce125f-e854-441c-899e-7dc0975ade70,52b36a5d-7686-42ba-abbd-20691907f36d,,https://mms-images.out.customink.com/mms/images/catalog/colors/123914/views/alt/left_large.png,Port & Company Essential T-shirt - Athletic Heather - left,false
b950c83d-bbe6-4554-8769-34f686cb9fee,52b36a5d-7686-42ba-abbd-20691907f36d,,https://mms-images.out.customink.com/mms/images/catalog/colors/123914/views/alt/right_large.png,Port & Company Essential T-shirt - Athletic Heather - right,false
2e6857af-3733-4d86-8522-033d7c19519f,52b36a5d-7686-42ba-abbd-20691907f36d,,https://storage.googleapis.com/print-482914-images/products/port-and-company-essential-t-shirt/123940_front.png,Port & Company Essential T-shirt - Medium Grey - front,false
7d34b3a9-db6f-4d35-b9d3-3ebfafa2c522,52b36a5d-7686-42ba-abbd-20691907f36d,,https://storage.googleapis.com/print-482914-images/products/port-and-company-essential-t-shirt/123940_back.png,Port & Company Essential T-shirt - Medium Grey - back,false
1a48dab0-f22f-4663-a49f-27bc724a20ba,52b36a5d-7686-42ba-abbd-20691907f36d,,https://mms-images.out.customink.com/mms/images/catalog/colors/123940/views/alt/left_large.png,Port & Company Essential T-shirt - Medium Grey - left,false
4153551e-ffc0-4d23-9837-25ce7eadd98c,52b36a5d-7686-42ba-abbd-20691907f36d,,https://mms-images.out.customink.com/mms/images/catalog/colors/123940/views/alt/right_large.png,Port & Company Essential T-shirt - Medium Grey - right,false
f47294ef-bcfc-498c-bf68-9b9c2a3af90b,52b36a5d-7686-42ba-abbd-20691907f36d,,https://storage.googleapis.com/print-482914-images/products/port-and-company-essential-t-shirt/123932_front.png,Port & Company Essential T-shirt - Charcoal - front,false
1b4f7cb4-e006-41cf-93b2-68bc9cbce537,52b36a5d-7686-42ba-abbd-20691907f36d,,https://storage.googleapis.com/print-482914-images/products/port-and-company-essential-t-shirt/123932_back.png,Port & Company Essential T-shirt - Charcoal - back,false
543bf6bf-cd66-45e6-b623-6ddec191fc9c,52b36a5d-7686-42ba-abbd-20691907f36d,,https://mms-images.out.customink.com/mms/images/catalog/colors/123932/views/alt/left_large.png,Port & Company Essential T-shirt - Charcoal - left,false
9eb63d18-1426-4e6a-a8fc-72ba6f0d5268,52b36a5d-7686-42ba-abbd-20691907f36d,,https://mms-images.out.customink.com/mms/images/catalog/colors/123932/views/alt/right_large.png,Port & Company Essential T-shirt - Charcoal - right,false
c229c6fb-b7ed-4913-ac27-068d8845428d,52b36a5d-7686-42ba-abbd-20691907f36d,,https://storage.googleapis.com/print-482914-images/products/port-and-company-essential-t-shirt/123949_front.png,Port & Company Essential T-shirt - Dark Heather Grey - front,false
024b7644-89d6-4805-91af-634863f1dcb4,52b36a5d-7686-42ba-abbd-20691907f36d,,https://storage.googleapis.com/print-482914-images/products/port-and-company-essential-t-shirt/123949_back.png,Port & Company Essential T-shirt - Dark Heather Grey - back,false
3354a73f-6ef6-4fbb-999a-cb9fa46ba8e2,52b36a5d-7686-42ba-abbd-20691907f36d,,https://mms-images.out.customink.com/mms/images/catalog/colors/123949/views/alt/left_large.png,Port & Company Essential T-shirt - Dark Heather Grey - left,false
89c094ab-b3ea-449a-80d6-572d30c4adc6,52b36a5d-7686-42ba-abbd-20691907f36d,,https://mms-images.out.customink.com/mms/images/catalog/colors/123949/views/alt/right_large.png,Port & Company Essential T-shirt - Dark Heather Grey - right,false
b0775075-eaa8-4422-b89e-97e4413ca746,69365801-4b73-40d2-b3ff-2fbf585d06ba,,https://storage.googleapis.com/print-482914-images/products/comfort-colors-100percent-cotton-pocket-t-shirt-embroidered/1164712_front.png,Comfort Colors 100% Cotton Pocket T-shirt - Embroidered - White - front,false
aae21e88-182d-4f73-9cb1-a38ff4ba7965,69365801-4b73-40d2-b3ff-2fbf585d06ba,,https://storage.googleapis.com/print-482914-images/products/comfort-colors-100percent-cotton-pocket-t-shirt-embroidered/1164712_back.png,Comfort Colors 100% Cotton Pocket T-shirt - Embroidered - White - back,false
52434ab6-435a-42bf-a245-ac7b322e4dab,69365801-4b73-40d2-b3ff-2fbf585d06ba,,https://mms-images.out.customink.com/mms/images/catalog/colors/1164712/views/alt/left_large.png,Comfort Colors 100% Cotton Pocket T-shirt - Embroidered - White - left,false
f7f7dbaf-bdb7-498b-93a5-f79138bcf08e,69365801-4b73-40d2-b3ff-2fbf585d06ba,,https://mms-images.out.customink.com/mms/images/catalog/colors/1164712/views/alt/right_large.png,Comfort Colors 100% Cotton Pocket T-shirt - Embroidered - White - right,false
f83e1e6d-d357-4209-9e83-d7f2fbe16fda,69365801-4b73-40d2-b3ff-2fbf585d06ba,,https://storage.googleapis.com/print-482914-images/products/comfort-colors-100percent-cotton-pocket-t-shirt-embroidered/1164701_front.png,Comfort Colors 100% Cotton Pocket T-shirt - Embroidered - Grey - front,false
ba120f51-f6ac-4dca-968b-52e678ee42b2,69365801-4b73-40d2-b3ff-2fbf585d06ba,,https://storage.googleapis.com/print-482914-images/products/comfort-colors-100percent-cotton-pocket-t-shirt-embroidered/1164701_back.png,Comfort Colors 100% Cotton Pocket T-shirt - Embroidered - Grey - back,false
2051b214-d764-40bf-8201-246a8fc41a89,69365801-4b73-40d2-b3ff-2fbf585d06ba,,https://mms-images.out.customink.com/mms/images/catalog/colors/1164701/views/alt/left_large.png,Comfort Colors 100% Cotton Pocket T-shirt - Embroidered - Grey - left,false
c4cf4473-1a65-4dc2-a438-95da7fee70de,69365801-4b73-40d2-b3ff-2fbf585d06ba,,https://mms-images.out.customink.com/mms/images/catalog/colors/1164701/views/alt/right_large.png,Comfort Colors 100% Cotton Pocket T-shirt - Embroidered - Grey - right,false
5103e405-ed3f-4a81-ace6-03fe3c8e704c,69365801-4b73-40d2-b3ff-2fbf585d06ba,,https://storage.googleapis.com/print-482914-images/products/comfort-colors-100percent-cotton-pocket-t-shirt-embroidered/1164700_front.png,Comfort Colors 100% Cotton Pocket T-shirt - Embroidered - Pepper - front,true
069ef99a-a973-4a30-8e9a-df3392a8d5fa,69365801-4b73-40d2-b3ff-2fbf585d06ba,,https://storage.googleapis.com/print-482914-images/products/comfort-colors-100percent-cotton-pocket-t-shirt-embroidered/1164700_back.png,Comfort Colors 100% Cotton Pocket T-shirt - Embroidered - Pepper - back,false
5882ea7c-e3cd-4fb3-8e0a-9364e68f7d1e,69365801-4b73-40d2-b3ff-2fbf585d06ba,,https://mms-images.out.customink.com/mms/images/catalog/colors/1164700/views/alt/left_large.png,Comfort Colors 100% Cotton Pocket T-shirt - Embroidered - Pepper - left,false
4a085430-9c6e-4e7f-a459-402016166530,69365801-4b73-40d2-b3ff-2fbf585d06ba,,https://mms-images.out.customink.com/mms/images/catalog/colors/1164700/views/alt/right_large.png,Comfort Colors 100% Cotton Pocket T-shirt - Embroidered - Pepper - right,false
3419859d-d4fe-4946-872f-0ebc3a862147,69365801-4b73-40d2-b3ff-2fbf585d06ba,,https://storage.googleapis.com/print-482914-images/products/comfort-colors-100percent-cotton-pocket-t-shirt-embroidered/1164713_front.png,Comfort Colors 100% Cotton Pocket T-shirt - Embroidered - Black - front,false
290dabb3-f582-496b-a85f-65158d9eab05,69365801-4b73-40d2-b3ff-2fbf585d06ba,,https://storage.googleapis.com/print-482914-images/products/comfort-colors-100percent-cotton-pocket-t-shirt-embroidered/1164713_back.png,Comfort Colors 100% Cotton Pocket T-shirt - Embroidered - Black - back,false
5bad7f61-5311-4574-a315-64be42f2eab4,69365801-4b73-40d2-b3ff-2fbf585d06ba,,https://mms-images.out.customink.com/mms/images/catalog/colors/1164713/views/alt/left_large.png,Comfort Colors 100% Cotton Pocket T-shirt - Embroidered - Black - left,false
c524100f-71e8-4a58-b29a-b273c2b84bc9,69365801-4b73-40d2-b3ff-2fbf585d06ba,,https://mms-images.out.customink.com/mms/images/catalog/colors/1164713/views/alt/right_large.png,Comfort Colors 100% Cotton Pocket T-shirt - Embroidered - Black - right,false
a8358b50-396e-481f-a4c8-275dc90493b2,69365801-4b73-40d2-b3ff-2fbf585d06ba,,https://storage.googleapis.com/print-482914-images/products/comfort-colors-100percent-cotton-pocket-t-shirt-embroidered/1164703_front.png,Comfort Colors 100% Cotton Pocket T-shirt - Embroidered - Denim - front,false
30cb9631-263a-484d-bc2a-d1688947e7e6,69365801-4b73-40d2-b3ff-2fbf585d06ba,,https://storage.googleapis.com/print-482914-images/products/comfort-colors-100percent-cotton-pocket-t-shirt-embroidered/1164703_back.png,Comfort Colors 100% Cotton Pocket T-shirt - Embroidered - Denim - back,false
f7a44f25-285f-4cc8-b121-6d46c01a0a07,69365801-4b73-40d2-b3ff-2fbf585d06ba,,https://mms-images.out.customink.com/mms/images/catalog/colors/1164703/views/alt/left_large.png,Comfort Colors 100% Cotton Pocket T-shirt - Embroidered - Denim - left,false
9bd727f0-75e7-407d-b15e-db7aebc6292f,69365801-4b73-40d2-b3ff-2fbf585d06ba,,https://mms-images.out.customink.com/mms/images/catalog/colors/1164703/views/alt/right_large.png,Comfort Colors 100% Cotton Pocket T-shirt - Embroidered - Denim - right,false
3a707b22-8758-41fb-9693-243b007f9ea8,69365801-4b73-40d2-b3ff-2fbf585d06ba,,https://storage.googleapis.com/print-482914-images/products/comfort-colors-100percent-cotton-pocket-t-shirt-embroidered/1164704_front.png,Comfort Colors 100% Cotton Pocket T-shirt - Embroidered - Blue Jean - front,false
9a4e3da9-64aa-4393-8d3c-3c3cf5c335ad,69365801-4b73-40d2-b3ff-2fbf585d06ba,,https://storage.googleapis.com/print-482914-images/products/comfort-colors-100percent-cotton-pocket-t-shirt-embroidered/1164704_back.png,Comfort Colors 100% Cotton Pocket T-shirt - Embroidered - Blue Jean - back,false
3aa21f9e-db7c-4f85-8c92-5b7d4591efbb,69365801-4b73-40d2-b3ff-2fbf585d06ba,,https://mms-images.out.customink.com/mms/images/catalog/colors/1164704/views/alt/left_large.png,Comfort Colors 100% Cotton Pocket T-shirt - Embroidered - Blue Jean - left,false
429a1a60-c162-4b51-8bbe-f7b7fc6a5525,69365801-4b73-40d2-b3ff-2fbf585d06ba,,https://mms-images.out.customink.com/mms/images/catalog/colors/1164704/views/alt/right_large.png,Comfort Colors 100% Cotton Pocket T-shirt - Embroidered - Blue Jean - right,false
12a69999-0749-4f9b-9ec3-ddffa65d5cc6,a66ef917-bc54-4086-9967-c77e1c9cbc31,,https://storage.googleapis.com/print-482914-images/products/hanes-ecosmart-5050-t-shirt/169800_front.png,Hanes EcoSmart 50/50 T-shirt - White - front,true
f5a3455f-da10-4a7d-ba20-cd1d44e95a6d,a66ef917-bc54-4086-9967-c77e1c9cbc31,,https://storage.googleapis.com/print-482914-images/products/hanes-ecosmart-5050-t-shirt/169800_back.png,Hanes EcoSmart 50/50 T-shirt - White - back,false
b096c4da-b3ce-4f5d-9395-347f81bc8c7f,a66ef917-bc54-4086-9967-c77e1c9cbc31,,https://mms-images.out.customink.com/mms/images/catalog/colors/169800/views/alt/left_large.png,Hanes EcoSmart 50/50 T-shirt - White - left,false
87043721-2476-4cf1-9996-38b10e87b935,a66ef917-bc54-4086-9967-c77e1c9cbc31,,https://mms-images.out.customink.com/mms/images/catalog/colors/169800/views/alt/right_large.png,Hanes EcoSmart 50/50 T-shirt - White - right,false
ff3e4379-a1f3-4dc4-b174-e65eca12eff1,a66ef917-bc54-4086-9967-c77e1c9cbc31,,https://storage.googleapis.com/print-482914-images/products/hanes-ecosmart-5050-t-shirt/169801_front.png,Hanes EcoSmart 50/50 T-shirt - Black - front,false
125556fc-ff1d-4770-a889-bfd8eb9274ef,a66ef917-bc54-4086-9967-c77e1c9cbc31,,https://storage.googleapis.com/print-482914-images/products/hanes-ecosmart-5050-t-shirt/169801_back.png,Hanes EcoSmart 50/50 T-shirt - Black - back,false
cfc5f2c4-8630-4757-9d87-297f3fbba2f8,a66ef917-bc54-4086-9967-c77e1c9cbc31,,https://mms-images.out.customink.com/mms/images/catalog/colors/169801/views/alt/left_large.png,Hanes EcoSmart 50/50 T-shirt - Black - left,false
70d6c2ed-e6a5-40df-b774-16871fb02504,a66ef917-bc54-4086-9967-c77e1c9cbc31,,https://mms-images.out.customink.com/mms/images/catalog/colors/169801/views/alt/right_large.png,Hanes EcoSmart 50/50 T-shirt - Black - right,false
4678d913-edd1-4289-a9a7-9dc88ba4023c,a66ef917-bc54-4086-9967-c77e1c9cbc31,,https://storage.googleapis.com/print-482914-images/products/hanes-ecosmart-5050-t-shirt/169802_front.png,Hanes EcoSmart 50/50 T-shirt - Light Steel - front,false
3da364c0-f7e6-494f-85d8-d47aa36e0502,a66ef917-bc54-4086-9967-c77e1c9cbc31,,https://storage.googleapis.com/print-482914-images/products/hanes-ecosmart-5050-t-shirt/169802_back.png,Hanes EcoSmart 50/50 T-shirt - Light Steel - back,false
8d167395-8b3f-4aa0-80b4-292b66d400ea,a66ef917-bc54-4086-9967-c77e1c9cbc31,,https://mms-images.out.customink.com/mms/images/catalog/colors/169802/views/alt/left_large.png,Hanes EcoSmart 50/50 T-shirt - Light Steel - left,false
168ead6e-8432-42c9-a1ba-435778d9902d,a66ef917-bc54-4086-9967-c77e1c9cbc31,,https://mms-images.out.customink.com/mms/images/catalog/colors/169802/views/alt/right_large.png,Hanes EcoSmart 50/50 T-shirt - Light Steel - right,false
26bbfe65-02b4-4cef-849d-7bf1a9c74252,a66ef917-bc54-4086-9967-c77e1c9cbc31,,https://storage.googleapis.com/print-482914-images/products/hanes-ecosmart-5050-t-shirt/169833_front.png,Hanes EcoSmart 50/50 T-shirt - Oxford Gray - front,false
7793173e-8031-48af-9cd8-f1fd9a98de14,a66ef917-bc54-4086-9967-c77e1c9cbc31,,https://storage.googleapis.com/print-482914-images/products/hanes-ecosmart-5050-t-shirt/169833_back.png,Hanes EcoSmart 50/50 T-shirt - Oxford Gray - back,false
185f38ad-b1c5-4b7c-ac1a-3a9ce0d5c0ff,a66ef917-bc54-4086-9967-c77e1c9cbc31,,https://mms-images.out.customink.com/mms/images/catalog/colors/169833/views/alt/left_large.png,Hanes EcoSmart 50/50 T-shirt - Oxford Gray - left,false
7e5832d5-6620-4652-b391-f61bf119c079,a66ef917-bc54-4086-9967-c77e1c9cbc31,,https://mms-images.out.customink.com/mms/images/catalog/colors/169833/views/alt/right_large.png,Hanes EcoSmart 50/50 T-shirt - Oxford Gray - right,false
01cfc36f-3095-4179-904e-5a2aed15bf4e,a66ef917-bc54-4086-9967-c77e1c9cbc31,,https://storage.googleapis.com/print-482914-images/products/hanes-ecosmart-5050-t-shirt/169803_front.png,Hanes EcoSmart 50/50 T-shirt - Ash - front,false
0687e44b-f82c-4f8a-adbd-a1aff95b21e0,a66ef917-bc54-4086-9967-c77e1c9cbc31,,https://storage.googleapis.com/print-482914-images/products/hanes-ecosmart-5050-t-shirt/169803_back.png,Hanes EcoSmart 50/50 T-shirt - Ash - back,false
05b28ac5-274d-4e17-b014-7e59446c4619,a66ef917-bc54-4086-9967-c77e1c9cbc31,,https://mms-images.out.customink.com/mms/images/catalog/colors/169803/views/alt/left_large.png,Hanes EcoSmart 50/50 T-shirt - Ash - left,false
41fc3f47-745a-4fa9-b8af-4102ad7e194d,a66ef917-bc54-4086-9967-c77e1c9cbc31,,https://mms-images.out.customink.com/mms/images/catalog/colors/169803/views/alt/right_large.png,Hanes EcoSmart 50/50 T-shirt - Ash - right,false
b939a75c-940b-42fe-998b-c9ae40e64d3a,a66ef917-bc54-4086-9967-c77e1c9cbc31,,https://storage.googleapis.com/print-482914-images/products/hanes-ecosmart-5050-t-shirt/169822_front.png,Hanes EcoSmart 50/50 T-shirt - Charcoal Heather - front,false
8949eecb-b66d-4314-9cfa-30c10b2dcfff,a66ef917-bc54-4086-9967-c77e1c9cbc31,,https://storage.googleapis.com/print-482914-images/products/hanes-ecosmart-5050-t-shirt/169822_back.png,Hanes EcoSmart 50/50 T-shirt - Charcoal Heather - back,false
32988f81-bfca-4051-b6ea-ac48a4df267e,a66ef917-bc54-4086-9967-c77e1c9cbc31,,https://mms-images.out.customink.com/mms/images/catalog/colors/169822/views/alt/left_large.png,Hanes EcoSmart 50/50 T-shirt - Charcoal Heather - left,false
3437d045-0873-4adc-9114-c8cc26837cb4,a66ef917-bc54-4086-9967-c77e1c9cbc31,,https://mms-images.out.customink.com/mms/images/catalog/colors/169822/views/alt/right_large.png,Hanes EcoSmart 50/50 T-shirt - Charcoal Heather - right,false
1916bfb1-c166-4847-a3bb-31553bef0efb,dbcfae5e-43bd-4a85-8ca4-a1ace8357961,,https://storage.googleapis.com/print-482914-images/products/next-level-ringer-t-shirt/373700_front.png,Next Level Ringer T-shirt - White / Black - front,true
42a94b7d-6555-494a-8fba-6750b2960884,dbcfae5e-43bd-4a85-8ca4-a1ace8357961,,https://storage.googleapis.com/print-482914-images/products/next-level-ringer-t-shirt/373700_back.png,Next Level Ringer T-shirt - White / Black - back,false
1d82cb8f-e56b-4c35-8092-39c11b1dbd56,dbcfae5e-43bd-4a85-8ca4-a1ace8357961,,https://mms-images.out.customink.com/mms/images/catalog/colors/373700/views/alt/left_large.png,Next Level Ringer T-shirt - White / Black - left,false
106b6de2-ce54-4b91-b9b3-a4050c76532e,dbcfae5e-43bd-4a85-8ca4-a1ace8357961,,https://mms-images.out.customink.com/mms/images/catalog/colors/373700/views/alt/right_large.png,Next Level Ringer T-shirt - White / Black - right,false
d6d153f0-6404-4ad8-bbb1-3207a65770b7,dbcfae5e-43bd-4a85-8ca4-a1ace8357961,,https://storage.googleapis.com/print-482914-images/products/next-level-ringer-t-shirt/373705_front.png,Next Level Ringer T-shirt - Heather Grey / Black - front,false
d5aa3ad0-c561-4c80-94d7-b926302648ea,dbcfae5e-43bd-4a85-8ca4-a1ace8357961,,https://storage.googleapis.com/print-482914-images/products/next-level-ringer-t-shirt/373705_back.png,Next Level Ringer T-shirt - Heather Grey / Black - back,false
eb848826-ff51-45f0-a5d4-c52d7e9362f9,dbcfae5e-43bd-4a85-8ca4-a1ace8357961,,https://mms-images.out.customink.com/mms/images/catalog/colors/373705/views/alt/left_large.png,Next Level Ringer T-shirt - Heather Grey / Black - left,false
34b9a92d-24d6-4e94-be64-d593a8b9a113,dbcfae5e-43bd-4a85-8ca4-a1ace8357961,,https://mms-images.out.customink.com/mms/images/catalog/colors/373705/views/alt/right_large.png,Next Level Ringer T-shirt - Heather Grey / Black - right,false
57decdda-a477-4275-a8e1-c36c08d4c801,dbcfae5e-43bd-4a85-8ca4-a1ace8357961,,https://storage.googleapis.com/print-482914-images/products/next-level-ringer-t-shirt/373706_front.png,Next Level Ringer T-shirt - Black / Natural - front,false
34a3014b-24d0-4f09-a731-5dfaa59f8005,dbcfae5e-43bd-4a85-8ca4-a1ace8357961,,https://storage.googleapis.com/print-482914-images/products/next-level-ringer-t-shirt/373706_back.png,Next Level Ringer T-shirt - Black / Natural - back,false
9b092aaa-8c01-4a06-a710-cfd02a197740,dbcfae5e-43bd-4a85-8ca4-a1ace8357961,,https://mms-images.out.customink.com/mms/images/catalog/colors/373706/views/alt/left_large.png,Next Level Ringer T-shirt - Black / Natural - left,false
3a4ae86d-5992-4ec2-afad-8fa6c5c4c25d,dbcfae5e-43bd-4a85-8ca4-a1ace8357961,,https://mms-images.out.customink.com/mms/images/catalog/colors/373706/views/alt/right_large.png,Next Level Ringer T-shirt - Black / Natural - right,false
86cb0267-cb1f-486b-bd72-3612be27110f,dbcfae5e-43bd-4a85-8ca4-a1ace8357961,,https://storage.googleapis.com/print-482914-images/products/next-level-ringer-t-shirt/373701_front.png,Next Level Ringer T-shirt - Natural / Black - front,false
eba47769-6997-46f7-b3d9-fcfa58e3bbc7,dbcfae5e-43bd-4a85-8ca4-a1ace8357961,,https://storage.googleapis.com/print-482914-images/products/next-level-ringer-t-shirt/373701_back.png,Next Level Ringer T-shirt - Natural / Black - back,false
30ab36b2-690a-43e4-8c47-40272b1f2bad,dbcfae5e-43bd-4a85-8ca4-a1ace8357961,,https://mms-images.out.customink.com/mms/images/catalog/colors/373701/views/alt/left_large.png,Next Level Ringer T-shirt - Natural / Black - left,false
7fa59ff0-39c2-4d25-bfa2-13dd93f41ae8,dbcfae5e-43bd-4a85-8ca4-a1ace8357961,,https://mms-images.out.customink.com/mms/images/catalog/colors/373701/views/alt/right_large.png,Next Level Ringer T-shirt - Natural / Black - right,false
db2d68a7-2a42-4f64-9ea8-b3cb535655ac,dbcfae5e-43bd-4a85-8ca4-a1ace8357961,,https://storage.googleapis.com/print-482914-images/products/next-level-ringer-t-shirt/373702_front.png,Next Level Ringer T-shirt - Natural / Midnight Navy - front,false
2625c560-d72f-4648-8d2a-5d3f22321223,dbcfae5e-43bd-4a85-8ca4-a1ace8357961,,https://storage.googleapis.com/print-482914-images/products/next-level-ringer-t-shirt/373702_back.png,Next Level Ringer T-shirt - Natural / Midnight Navy - back,false
35f3fd53-8b78-4a62-8387-f25f32d2c016,dbcfae5e-43bd-4a85-8ca4-a1ace8357961,,https://mms-images.out.customink.com/mms/images/catalog/colors/373702/views/alt/left_large.png,Next Level Ringer T-shirt - Natural / Midnight Navy - left,false
6ec3e351-5c86-4209-9900-f44cbfecf70d,dbcfae5e-43bd-4a85-8ca4-a1ace8357961,,https://mms-images.out.customink.com/mms/images/catalog/colors/373702/views/alt/right_large.png,Next Level Ringer T-shirt - Natural / Midnight Navy - right,false
0e3f6083-c0a8-456b-837e-bdd4b0e14540,dbcfae5e-43bd-4a85-8ca4-a1ace8357961,,https://storage.googleapis.com/print-482914-images/products/next-level-ringer-t-shirt/373703_front.png,Next Level Ringer T-shirt - Natural / Forest - front,false
7881a6e0-8dc8-4cac-8fa3-b7272527c2a6,dbcfae5e-43bd-4a85-8ca4-a1ace8357961,,https://storage.googleapis.com/print-482914-images/products/next-level-ringer-t-shirt/373703_back.png,Next Level Ringer T-shirt - Natural / Forest - back,false
4650384d-517f-4d54-8188-df7608c6b13b,dbcfae5e-43bd-4a85-8ca4-a1ace8357961,,https://mms-images.out.customink.com/mms/images/catalog/colors/373703/views/alt/left_large.png,Next Level Ringer T-shirt - Natural / Forest - left,false
83686e4c-428f-426f-8e72-baecf13767f7,dbcfae5e-43bd-4a85-8ca4-a1ace8357961,,https://mms-images.out.customink.com/mms/images/catalog/colors/373703/views/alt/right_large.png,Next Level Ringer T-shirt - Natural / Forest - right,false
01fdc959-d50b-4c2f-87af-b4c9aab4d16d,f4a320be-b7e3-4c01-a50c-8988f3d306d3,,https://storage.googleapis.com/print-482914-images/products/american-apparel-garment-dyed-cotton-t-shirt/1724501_front.png,American Apparel Garment Dyed Cotton T-shirt - Faded Black - front,false
bc9914c7-bae7-440b-a515-659703ee6f5f,f4a320be-b7e3-4c01-a50c-8988f3d306d3,,https://storage.googleapis.com/print-482914-images/products/american-apparel-garment-dyed-cotton-t-shirt/1724501_back.png,American Apparel Garment Dyed Cotton T-shirt - Faded Black - back,false
d6488359-9a0f-4c49-abab-c5b66dc8e453,f4a320be-b7e3-4c01-a50c-8988f3d306d3,,https://mms-images.out.customink.com/mms/images/catalog/colors/1724501/views/alt/left_large.png,American Apparel Garment Dyed Cotton T-shirt - Faded Black - left,false
81f95b4a-a135-48f4-b5c6-5c6956cb1921,f4a320be-b7e3-4c01-a50c-8988f3d306d3,,https://mms-images.out.customink.com/mms/images/catalog/colors/1724501/views/alt/right_large.png,American Apparel Garment Dyed Cotton T-shirt - Faded Black - right,false
75a277bf-cf0b-465e-94e2-e237b7cba782,f4a320be-b7e3-4c01-a50c-8988f3d306d3,,https://storage.googleapis.com/print-482914-images/products/american-apparel-garment-dyed-cotton-t-shirt/1724505_front.png,American Apparel Garment Dyed Cotton T-shirt - Faded Navy - front,false
1792366f-c6de-4d48-af6b-137fcdfaf7b0,f4a320be-b7e3-4c01-a50c-8988f3d306d3,,https://storage.googleapis.com/print-482914-images/products/american-apparel-garment-dyed-cotton-t-shirt/1724505_back.png,American Apparel Garment Dyed Cotton T-shirt - Faded Navy - back,false
90fdd29c-3bd6-43f0-b97d-30eb9c3566dc,f4a320be-b7e3-4c01-a50c-8988f3d306d3,,https://mms-images.out.customink.com/mms/images/catalog/colors/1724505/views/alt/left_large.png,American Apparel Garment Dyed Cotton T-shirt - Faded Navy - left,false
ecfb9ea6-559e-43f0-869d-ea2fb8ce380a,f4a320be-b7e3-4c01-a50c-8988f3d306d3,,https://mms-images.out.customink.com/mms/images/catalog/colors/1724505/views/alt/right_large.png,American Apparel Garment Dyed Cotton T-shirt - Faded Navy - right,false
6c66f4bd-b1a8-48d2-9c54-020571de1a98,f4a320be-b7e3-4c01-a50c-8988f3d306d3,,https://storage.googleapis.com/print-482914-images/products/american-apparel-garment-dyed-cotton-t-shirt/1724503_front.png,American Apparel Garment Dyed Cotton T-shirt - Faded Cream - front,false
d1b012dc-b491-4a2e-b787-11574d12e263,f4a320be-b7e3-4c01-a50c-8988f3d306d3,,https://storage.googleapis.com/print-482914-images/products/american-apparel-garment-dyed-cotton-t-shirt/1724503_back.png,American Apparel Garment Dyed Cotton T-shirt - Faded Cream - back,false
e8b5425e-d1e8-4011-b596-529871a70d31,f4a320be-b7e3-4c01-a50c-8988f3d306d3,,https://mms-images.out.customink.com/mms/images/catalog/colors/1724503/views/alt/left_large.png,American Apparel Garment Dyed Cotton T-shirt - Faded Cream - left,false
5fb639d6-e3a6-4aab-9240-9e3038abef4b,f4a320be-b7e3-4c01-a50c-8988f3d306d3,,https://mms-images.out.customink.com/mms/images/catalog/colors/1724503/views/alt/right_large.png,American Apparel Garment Dyed Cotton T-shirt - Faded Cream - right,false
c0754232-5677-4e66-8337-f254468a1205,f4a320be-b7e3-4c01-a50c-8988f3d306d3,,https://storage.googleapis.com/print-482914-images/products/american-apparel-garment-dyed-cotton-t-shirt/1724504_front.png,American Apparel Garment Dyed Cotton T-shirt - Faded Mustard - front,false
4dd25e89-c2dc-47f8-86c5-e2e8b41aab07,f4a320be-b7e3-4c01-a50c-8988f3d306d3,,https://storage.googleapis.com/print-482914-images/products/american-apparel-garment-dyed-cotton-t-shirt/1724504_back.png,American Apparel Garment Dyed Cotton T-shirt - Faded Mustard - back,false
d3f2a831-8644-4027-a055-25d59e9398c1,f4a320be-b7e3-4c01-a50c-8988f3d306d3,,https://mms-images.out.customink.com/mms/images/catalog/colors/1724504/views/alt/left_large.png,American Apparel Garment Dyed Cotton T-shirt - Faded Mustard - left,false
3c536aa6-7d59-47e0-b1a0-657673d2c81f,f4a320be-b7e3-4c01-a50c-8988f3d306d3,,https://mms-images.out.customink.com/mms/images/catalog/colors/1724504/views/alt/right_large.png,American Apparel Garment Dyed Cotton T-shirt - Faded Mustard - right,false
0bbe260c-ab7e-400a-8f4d-2298b5f7e2ab,f4a320be-b7e3-4c01-a50c-8988f3d306d3,,https://storage.googleapis.com/print-482914-images/products/american-apparel-garment-dyed-cotton-t-shirt/1724502_front.png,American Apparel Garment Dyed Cotton T-shirt - Faded Brown - front,false
15a8c1f8-06b8-4cec-85f1-0c5eb3148299,f4a320be-b7e3-4c01-a50c-8988f3d306d3,,https://storage.googleapis.com/print-482914-images/products/american-apparel-garment-dyed-cotton-t-shirt/1724502_back.png,American Apparel Garment Dyed Cotton T-shirt - Faded Brown - back,false
38507142-9d03-4671-a655-e64f90e284f7,f4a320be-b7e3-4c01-a50c-8988f3d306d3,,https://mms-images.out.customink.com/mms/images/catalog/colors/1724502/views/alt/left_large.png,American Apparel Garment Dyed Cotton T-shirt - Faded Brown - left,false
0ffecb71-fdac-4e2d-8a1b-f4a029ce9dd4,f4a320be-b7e3-4c01-a50c-8988f3d306d3,,https://mms-images.out.customink.com/mms/images/catalog/colors/1724502/views/alt/right_large.png,American Apparel Garment Dyed Cotton T-shirt - Faded Brown - right,false
a02b0ac1-a43c-452c-8633-f5f199a7918b,f4a320be-b7e3-4c01-a50c-8988f3d306d3,,https://storage.googleapis.com/print-482914-images/products/american-apparel-garment-dyed-cotton-t-shirt/1724500_front.png,American Apparel Garment Dyed Cotton T-shirt - Faded Army - front,true
a7729779-1040-4a8b-a932-fccefe9d8126,f4a320be-b7e3-4c01-a50c-8988f3d306d3,,https://storage.googleapis.com/print-482914-images/products/american-apparel-garment-dyed-cotton-t-shirt/1724500_back.png,American Apparel Garment Dyed Cotton T-shirt - Faded Army - back,false
4e98aa2f-0a8c-4201-9375-16f68783b40b,f4a320be-b7e3-4c01-a50c-8988f3d306d3,,https://mms-images.out.customink.com/mms/images/catalog/colors/1724500/views/alt/left_large.png,American Apparel Garment Dyed Cotton T-shirt - Faded Army - left,false
73c0290e-0860-451b-9cfd-33903a1fcebd,f4a320be-b7e3-4c01-a50c-8988f3d306d3,,https://mms-images.out.customink.com/mms/images/catalog/colors/1724500/views/alt/right_large.png,American Apparel Garment Dyed Cotton T-shirt - Faded Army - right,false
297c5b8c-e5e3-4ca0-a8f1-ea0a92a87553,28558fcb-262d-40f6-b7b1-7935bc9dd6eb,,https://storage.googleapis.com/print-482914-images/products/bella-canvas-womens-jersey-v-neck-t-shirt/173100_front.png,Bella + Canvas Women's Jersey V-Neck T-shirt - White - front,true
3eb92985-2fe8-4170-a902-8e088815b9d7,28558fcb-262d-40f6-b7b1-7935bc9dd6eb,,https://storage.googleapis.com/print-482914-images/products/bella-canvas-womens-jersey-v-neck-t-shirt/173100_back.png,Bella + Canvas Women's Jersey V-Neck T-shirt - White - back,false
8bdc9482-1205-48a3-81d2-0d3bfb57ced8,28558fcb-262d-40f6-b7b1-7935bc9dd6eb,,https://mms-images.out.customink.com/mms/images/catalog/colors/173100/views/alt/left_large.png,Bella + Canvas Women's Jersey V-Neck T-shirt - White - left,false
32653aee-bab5-48f7-a164-d6da46193c72,28558fcb-262d-40f6-b7b1-7935bc9dd6eb,,https://mms-images.out.customink.com/mms/images/catalog/colors/173100/views/alt/right_large.png,Bella + Canvas Women's Jersey V-Neck T-shirt - White - right,false
4ae64cd1-b3ac-4933-a169-0251f5836494,28558fcb-262d-40f6-b7b1-7935bc9dd6eb,,https://storage.googleapis.com/print-482914-images/products/bella-canvas-womens-jersey-v-neck-t-shirt/173127_front.png,Bella + Canvas Women's Jersey V-Neck T-shirt - Solid White Blend - front,false
23beea11-8116-4abf-b112-67f3ea1cf019,28558fcb-262d-40f6-b7b1-7935bc9dd6eb,,https://storage.googleapis.com/print-482914-images/products/bella-canvas-womens-jersey-v-neck-t-shirt/173127_back.png,Bella + Canvas Women's Jersey V-Neck T-shirt - Solid White Blend - back,false
bb50dff9-1518-4ef8-a72d-8400f61e7ea3,28558fcb-262d-40f6-b7b1-7935bc9dd6eb,,https://mms-images.out.customink.com/mms/images/catalog/colors/173127/views/alt/left_large.png,Bella + Canvas Women's Jersey V-Neck T-shirt - Solid White Blend - left,false
ea57b148-ef4c-4e42-a6a8-9aa3a1104864,28558fcb-262d-40f6-b7b1-7935bc9dd6eb,,https://mms-images.out.customink.com/mms/images/catalog/colors/173127/views/alt/right_large.png,Bella + Canvas Women's Jersey V-Neck T-shirt - Solid White Blend - right,false
5bdf9df3-f3cd-40ef-b9fe-a5c94a8502e4,28558fcb-262d-40f6-b7b1-7935bc9dd6eb,,https://storage.googleapis.com/print-482914-images/products/bella-canvas-womens-jersey-v-neck-t-shirt/173125_front.png,Bella + Canvas Women's Jersey V-Neck T-shirt - Silver - front,false
cba4ab77-92bf-4843-ad30-20480bcbff2b,28558fcb-262d-40f6-b7b1-7935bc9dd6eb,,https://storage.googleapis.com/print-482914-images/products/bella-canvas-womens-jersey-v-neck-t-shirt/173125_back.png,Bella + Canvas Women's Jersey V-Neck T-shirt - Silver - back,false
322eaaf8-5dfc-4d3c-9d99-d86447fb9b04,28558fcb-262d-40f6-b7b1-7935bc9dd6eb,,https://mms-images.out.customink.com/mms/images/catalog/colors/173125/views/alt/left_large.png,Bella + Canvas Women's Jersey V-Neck T-shirt - Silver - left,false
0f78b4e0-acfc-4cd9-972b-0a58227177e6,28558fcb-262d-40f6-b7b1-7935bc9dd6eb,,https://mms-images.out.customink.com/mms/images/catalog/colors/173125/views/alt/right_large.png,Bella + Canvas Women's Jersey V-Neck T-shirt - Silver - right,false
c9e0263c-5ddb-46e7-97d1-2e3252f4638c,28558fcb-262d-40f6-b7b1-7935bc9dd6eb,,https://storage.googleapis.com/print-482914-images/products/bella-canvas-womens-jersey-v-neck-t-shirt/173113_front.png,Bella + Canvas Women's Jersey V-Neck T-shirt - Athletic Heather - front,false
8deec4da-aecb-42ef-a01b-46e1d0a5e448,28558fcb-262d-40f6-b7b1-7935bc9dd6eb,,https://storage.googleapis.com/print-482914-images/products/bella-canvas-womens-jersey-v-neck-t-shirt/173113_back.png,Bella + Canvas Women's Jersey V-Neck T-shirt - Athletic Heather - back,false
d55cf210-56cb-4ff9-8fb1-6718196a2069,28558fcb-262d-40f6-b7b1-7935bc9dd6eb,,https://mms-images.out.customink.com/mms/images/catalog/colors/173113/views/alt/left_large.png,Bella + Canvas Women's Jersey V-Neck T-shirt - Athletic Heather - left,false
f9202b4f-d20d-4d4a-aabf-7b242ff130f8,28558fcb-262d-40f6-b7b1-7935bc9dd6eb,,https://mms-images.out.customink.com/mms/images/catalog/colors/173113/views/alt/right_large.png,Bella + Canvas Women's Jersey V-Neck T-shirt - Athletic Heather - right,false
5d0ed9e9-12ef-45c0-a6cd-84ef271a5dde,28558fcb-262d-40f6-b7b1-7935bc9dd6eb,,https://storage.googleapis.com/print-482914-images/products/bella-canvas-womens-jersey-v-neck-t-shirt/173112_front.png,Bella + Canvas Women's Jersey V-Neck T-shirt - Asphalt - front,false
92a57f7f-6832-4944-b5e9-211b961d613a,28558fcb-262d-40f6-b7b1-7935bc9dd6eb,,https://storage.googleapis.com/print-482914-images/products/bella-canvas-womens-jersey-v-neck-t-shirt/173112_back.png,Bella + Canvas Women's Jersey V-Neck T-shirt - Asphalt - back,false
37c8cf61-74c2-4e94-8d08-bc61a0e9b027,28558fcb-262d-40f6-b7b1-7935bc9dd6eb,,https://mms-images.out.customink.com/mms/images/catalog/colors/173112/views/alt/left_large.png,Bella + Canvas Women's Jersey V-Neck T-shirt - Asphalt - left,false
6c879cf7-20e3-42fa-97c4-37877789c9d7,28558fcb-262d-40f6-b7b1-7935bc9dd6eb,,https://mms-images.out.customink.com/mms/images/catalog/colors/173112/views/alt/right_large.png,Bella + Canvas Women's Jersey V-Neck T-shirt - Asphalt - right,false
9a8e0bfe-d8e7-4cc9-9f44-6beda9573dbe,28558fcb-262d-40f6-b7b1-7935bc9dd6eb,,https://storage.googleapis.com/print-482914-images/products/bella-canvas-womens-jersey-v-neck-t-shirt/173120_front.png,Bella + Canvas Women's Jersey V-Neck T-shirt - Dark Grey - front,false
2e941340-bbb1-466c-aa30-a2490361b5d5,28558fcb-262d-40f6-b7b1-7935bc9dd6eb,,https://storage.googleapis.com/print-482914-images/products/bella-canvas-womens-jersey-v-neck-t-shirt/173120_back.png,Bella + Canvas Women's Jersey V-Neck T-shirt - Dark Grey - back,false
3f6fdab9-9800-4cee-baf4-bb4c8c31ba05,28558fcb-262d-40f6-b7b1-7935bc9dd6eb,,https://mms-images.out.customink.com/mms/images/catalog/colors/173120/views/alt/left_large.png,Bella + Canvas Women's Jersey V-Neck T-shirt - Dark Grey - left,false
f89c8528-2aa6-446b-b135-8469e2f2f356,28558fcb-262d-40f6-b7b1-7935bc9dd6eb,,https://mms-images.out.customink.com/mms/images/catalog/colors/173120/views/alt/right_large.png,Bella + Canvas Women's Jersey V-Neck T-shirt - Dark Grey - right,false
d6c471af-f1c8-46ba-abb9-b4afc04c88ad,2fe9bab8-a8c6-4ced-aff6-ad0817debe6a,,https://storage.googleapis.com/print-482914-images/products/jerzees-5050-t-shirt/138800_front.png,Jerzees 50/50 T-shirt - White - front,true
5cc7c5ee-8cac-4dff-bf34-af5e5bcb51b9,2fe9bab8-a8c6-4ced-aff6-ad0817debe6a,,https://storage.googleapis.com/print-482914-images/products/jerzees-5050-t-shirt/138800_back.png,Jerzees 50/50 T-shirt - White - back,false
f6e5da89-0fb3-4598-9b5d-7a1e34d619ec,2fe9bab8-a8c6-4ced-aff6-ad0817debe6a,,https://mms-images.out.customink.com/mms/images/catalog/colors/138800/views/alt/left_large.png,Jerzees 50/50 T-shirt - White - left,false
0cdc3d05-ce3c-449e-a889-8c3c8578403c,2fe9bab8-a8c6-4ced-aff6-ad0817debe6a,,https://mms-images.out.customink.com/mms/images/catalog/colors/138800/views/alt/right_large.png,Jerzees 50/50 T-shirt - White - right,false
d16e4b20-3e3c-47f2-9f4a-67ac5565da8f,2fe9bab8-a8c6-4ced-aff6-ad0817debe6a,,https://storage.googleapis.com/print-482914-images/products/jerzees-5050-t-shirt/138802_front.png,Jerzees 50/50 T-shirt - Black - front,false
e70d2f71-e8cf-499c-9340-6baafa83b075,2fe9bab8-a8c6-4ced-aff6-ad0817debe6a,,https://storage.googleapis.com/print-482914-images/products/jerzees-5050-t-shirt/138802_back.png,Jerzees 50/50 T-shirt - Black - back,false
cb3f412d-20cf-4d7f-8656-2d6f7edc22b5,2fe9bab8-a8c6-4ced-aff6-ad0817debe6a,,https://mms-images.out.customink.com/mms/images/catalog/colors/138802/views/alt/left_large.png,Jerzees 50/50 T-shirt - Black - left,false
ae748cc1-75eb-4a74-9236-acc269d55b83,2fe9bab8-a8c6-4ced-aff6-ad0817debe6a,,https://mms-images.out.customink.com/mms/images/catalog/colors/138802/views/alt/right_large.png,Jerzees 50/50 T-shirt - Black - right,false
a7e715f7-1160-4b82-8cd1-ff416725b06f,2fe9bab8-a8c6-4ced-aff6-ad0817debe6a,,https://storage.googleapis.com/print-482914-images/products/jerzees-5050-t-shirt/138846_front.png,Jerzees 50/50 T-shirt - Black Heather - front,false
821bb5d7-ec54-484d-a982-85cabdc7446a,2fe9bab8-a8c6-4ced-aff6-ad0817debe6a,,https://storage.googleapis.com/print-482914-images/products/jerzees-5050-t-shirt/138846_back.png,Jerzees 50/50 T-shirt - Black Heather - back,false
69fa310c-aac4-4510-a120-a2279be39cc2,2fe9bab8-a8c6-4ced-aff6-ad0817debe6a,,https://mms-images.out.customink.com/mms/images/catalog/colors/138846/views/alt/left_large.png,Jerzees 50/50 T-shirt - Black Heather - left,false
6d34c72f-263a-4079-94dd-a339cee2095a,2fe9bab8-a8c6-4ced-aff6-ad0817debe6a,,https://mms-images.out.customink.com/mms/images/catalog/colors/138846/views/alt/right_large.png,Jerzees 50/50 T-shirt - Black Heather - right,false
940441ef-2d87-465e-97d3-a875b58525aa,2fe9bab8-a8c6-4ced-aff6-ad0817debe6a,,https://storage.googleapis.com/print-482914-images/products/jerzees-5050-t-shirt/138856_front.png,Jerzees 50/50 T-shirt - Charcoal Grey - front,false
b6876631-8849-44f1-a765-d9bbf8da6ea0,2fe9bab8-a8c6-4ced-aff6-ad0817debe6a,,https://storage.googleapis.com/print-482914-images/products/jerzees-5050-t-shirt/138856_back.png,Jerzees 50/50 T-shirt - Charcoal Grey - back,false
49bc186f-f152-4d8b-aef3-08fa1c5bac74,2fe9bab8-a8c6-4ced-aff6-ad0817debe6a,,https://mms-images.out.customink.com/mms/images/catalog/colors/138856/views/alt/left_large.png,Jerzees 50/50 T-shirt - Charcoal Grey - left,false
f3b14824-00a5-461d-8898-bcdc7e44db1b,2fe9bab8-a8c6-4ced-aff6-ad0817debe6a,,https://mms-images.out.customink.com/mms/images/catalog/colors/138856/views/alt/right_large.png,Jerzees 50/50 T-shirt - Charcoal Grey - right,false
d1bc0070-c9b0-4e1e-ae4e-710ea22566c3,2fe9bab8-a8c6-4ced-aff6-ad0817debe6a,,https://storage.googleapis.com/print-482914-images/products/jerzees-5050-t-shirt/138804_front.png,Jerzees 50/50 T-shirt - Oxford - front,false
eb401de7-2012-4cd2-aea9-1e2310be6970,2fe9bab8-a8c6-4ced-aff6-ad0817debe6a,,https://storage.googleapis.com/print-482914-images/products/jerzees-5050-t-shirt/138804_back.png,Jerzees 50/50 T-shirt - Oxford - back,false
98776911-7598-4fe1-9753-301f574284b0,2fe9bab8-a8c6-4ced-aff6-ad0817debe6a,,https://mms-images.out.customink.com/mms/images/catalog/colors/138804/views/alt/left_large.png,Jerzees 50/50 T-shirt - Oxford - left,false
2be242e2-baca-4090-9523-cf5214b0b5d9,2fe9bab8-a8c6-4ced-aff6-ad0817debe6a,,https://mms-images.out.customink.com/mms/images/catalog/colors/138804/views/alt/right_large.png,Jerzees 50/50 T-shirt - Oxford - right,false
dbcd320e-c41d-464c-937c-ba9bc102c1f4,2fe9bab8-a8c6-4ced-aff6-ad0817debe6a,,https://storage.googleapis.com/print-482914-images/products/jerzees-5050-t-shirt/138864_front.png,Jerzees 50/50 T-shirt - Athletic Heather - front,false
4a653647-eb60-430d-9d6f-901fd7086148,2fe9bab8-a8c6-4ced-aff6-ad0817debe6a,,https://storage.googleapis.com/print-482914-images/products/jerzees-5050-t-shirt/138864_back.png,Jerzees 50/50 T-shirt - Athletic Heather - back,false
6c2b20ac-2ce0-432b-90e2-075252c4ee08,2fe9bab8-a8c6-4ced-aff6-ad0817debe6a,,https://mms-images.out.customink.com/mms/images/catalog/colors/138864/views/alt/left_large.png,Jerzees 50/50 T-shirt - Athletic Heather - left,false
26ddc1df-de3a-4d69-a858-c992196f42ca,2fe9bab8-a8c6-4ced-aff6-ad0817debe6a,,https://mms-images.out.customink.com/mms/images/catalog/colors/138864/views/alt/right_large.png,Jerzees 50/50 T-shirt - Athletic Heather - right,false
bae0910b-f18b-46a1-bec2-67235c482b0d,66bf6d36-74fd-455a-b029-203e97259b77,,https://storage.googleapis.com/print-482914-images/products/gildan-ultra-cotton-t-shirt-embroidered/1678200_front.png,Gildan Ultra Cotton T-shirt - Embroidered - White - front,true
93857f81-cab0-463b-8d88-e0578af0a094,66bf6d36-74fd-455a-b029-203e97259b77,,https://storage.googleapis.com/print-482914-images/products/gildan-ultra-cotton-t-shirt-embroidered/1678200_back.png,Gildan Ultra Cotton T-shirt - Embroidered - White - back,false
a3ab2ebc-26d6-4776-8a0a-b0cdfe4cf06a,66bf6d36-74fd-455a-b029-203e97259b77,,https://mms-images.out.customink.com/mms/images/catalog/colors/1678200/views/alt/left_large.png,Gildan Ultra Cotton T-shirt - Embroidered - White - left,false
f711746d-d444-41ab-81c4-70a450807ef3,66bf6d36-74fd-455a-b029-203e97259b77,,https://mms-images.out.customink.com/mms/images/catalog/colors/1678200/views/alt/right_large.png,Gildan Ultra Cotton T-shirt - Embroidered - White - right,false
afee47f8-42e6-48d1-b928-b7ba28dbca9f,66bf6d36-74fd-455a-b029-203e97259b77,,https://storage.googleapis.com/print-482914-images/products/gildan-ultra-cotton-t-shirt-embroidered/1678219_front.png,Gildan Ultra Cotton T-shirt - Embroidered - Natural - front,false
e908ae3c-bac9-432e-b4b8-86d9b22d3328,66bf6d36-74fd-455a-b029-203e97259b77,,https://storage.googleapis.com/print-482914-images/products/gildan-ultra-cotton-t-shirt-embroidered/1678219_back.png,Gildan Ultra Cotton T-shirt - Embroidered - Natural - back,false
ee85c985-9386-4877-b26e-21c12c19dc60,66bf6d36-74fd-455a-b029-203e97259b77,,https://mms-images.out.customink.com/mms/images/catalog/colors/1678219/views/alt/left_large.png,Gildan Ultra Cotton T-shirt - Embroidered - Natural - left,false
5dbb50fa-5cd3-40cb-abca-9e244816f69a,66bf6d36-74fd-455a-b029-203e97259b77,,https://mms-images.out.customink.com/mms/images/catalog/colors/1678219/views/alt/right_large.png,Gildan Ultra Cotton T-shirt - Embroidered - Natural - right,false
67e97c2e-f7b7-49e2-ab34-8c2e7270b8f0,66bf6d36-74fd-455a-b029-203e97259b77,,https://storage.googleapis.com/print-482914-images/products/gildan-ultra-cotton-t-shirt-embroidered/1678204_front.png,Gildan Ultra Cotton T-shirt - Embroidered - Black - front,false
213617b7-2507-4d62-8896-2062472de61e,66bf6d36-74fd-455a-b029-203e97259b77,,https://storage.googleapis.com/print-482914-images/products/gildan-ultra-cotton-t-shirt-embroidered/1678204_back.png,Gildan Ultra Cotton T-shirt - Embroidered - Black - back,false
68e0bf74-2589-435b-b7db-4768fccd7138,66bf6d36-74fd-455a-b029-203e97259b77,,https://mms-images.out.customink.com/mms/images/catalog/colors/1678204/views/alt/left_large.png,Gildan Ultra Cotton T-shirt - Embroidered - Black - left,false
8ab95d59-88a0-42b8-9e59-04d33f143d79,66bf6d36-74fd-455a-b029-203e97259b77,,https://mms-images.out.customink.com/mms/images/catalog/colors/1678204/views/alt/right_large.png,Gildan Ultra Cotton T-shirt - Embroidered - Black - right,false
29d3255b-8c5f-45c5-9219-49a719b72b7d,66bf6d36-74fd-455a-b029-203e97259b77,,https://storage.googleapis.com/print-482914-images/products/gildan-ultra-cotton-t-shirt-embroidered/1678233_front.png,Gildan Ultra Cotton T-shirt - Embroidered - Charcoal - front,false
30812273-98d0-4c41-b57d-7826ef05d6da,66bf6d36-74fd-455a-b029-203e97259b77,,https://storage.googleapis.com/print-482914-images/products/gildan-ultra-cotton-t-shirt-embroidered/1678233_back.png,Gildan Ultra Cotton T-shirt - Embroidered - Charcoal - back,false
d2a44450-3a4c-4086-a45e-19eb2f074c56,66bf6d36-74fd-455a-b029-203e97259b77,,https://mms-images.out.customink.com/mms/images/catalog/colors/1678233/views/alt/left_large.png,Gildan Ultra Cotton T-shirt - Embroidered - Charcoal - left,false
3a91eb6f-fc85-46f4-87ed-4e452e71f7c4,66bf6d36-74fd-455a-b029-203e97259b77,,https://mms-images.out.customink.com/mms/images/catalog/colors/1678233/views/alt/right_large.png,Gildan Ultra Cotton T-shirt - Embroidered - Charcoal - right,false
9d5f83d7-473f-4178-bda6-fccfb068d994,66bf6d36-74fd-455a-b029-203e97259b77,,https://storage.googleapis.com/print-482914-images/products/gildan-ultra-cotton-t-shirt-embroidered/1678250_front.png,Gildan Ultra Cotton T-shirt - Embroidered - Dark Heather - front,false
977284a9-0496-46c7-a7b9-957f98a548ef,66bf6d36-74fd-455a-b029-203e97259b77,,https://storage.googleapis.com/print-482914-images/products/gildan-ultra-cotton-t-shirt-embroidered/1678250_back.png,Gildan Ultra Cotton T-shirt - Embroidered - Dark Heather - back,false
303fe1a4-aa6f-4a75-91e8-3e7557e15f55,66bf6d36-74fd-455a-b029-203e97259b77,,https://mms-images.out.customink.com/mms/images/catalog/colors/1678250/views/alt/left_large.png,Gildan Ultra Cotton T-shirt - Embroidered - Dark Heather - left,false
457ca2f6-8e65-40f0-8474-f8eab1439f50,66bf6d36-74fd-455a-b029-203e97259b77,,https://mms-images.out.customink.com/mms/images/catalog/colors/1678250/views/alt/right_large.png,Gildan Ultra Cotton T-shirt - Embroidered - Dark Heather - right,false
c8a26545-525e-429a-b2ec-29e7fedfe1e1,66bf6d36-74fd-455a-b029-203e97259b77,,https://storage.googleapis.com/print-482914-images/products/gildan-ultra-cotton-t-shirt-embroidered/1678232_front.png,Gildan Ultra Cotton T-shirt - Embroidered - Sports Grey - front,false
a4f1d7ac-67e1-4d52-a4e6-c8786f2b766d,66bf6d36-74fd-455a-b029-203e97259b77,,https://storage.googleapis.com/print-482914-images/products/gildan-ultra-cotton-t-shirt-embroidered/1678232_back.png,Gildan Ultra Cotton T-shirt - Embroidered - Sports Grey - back,false
f54a204f-96ca-4735-89b4-470b9b90b08b,66bf6d36-74fd-455a-b029-203e97259b77,,https://mms-images.out.customink.com/mms/images/catalog/colors/1678232/views/alt/left_large.png,Gildan Ultra Cotton T-shirt - Embroidered - Sports Grey - left,false
216b1932-893f-46e7-b5dd-f3dc629ec4a2,66bf6d36-74fd-455a-b029-203e97259b77,,https://mms-images.out.customink.com/mms/images/catalog/colors/1678232/views/alt/right_large.png,Gildan Ultra Cotton T-shirt - Embroidered - Sports Grey - right,false
41774703-9608-4642-824f-2f313fb60e85,b92d394b-47d1-4df9-b7f7-76ead412db49,,https://storage.googleapis.com/print-482914-images/products/port-and-company-core-tri-blend-t-shirt/1567900_front.png,Port & Company Core Tri-Blend T-shirt - White - front,true
3db7863c-6fc7-4864-b7b0-8bff0afbb3ef,b92d394b-47d1-4df9-b7f7-76ead412db49,,https://storage.googleapis.com/print-482914-images/products/port-and-company-core-tri-blend-t-shirt/1567900_back.png,Port & Company Core Tri-Blend T-shirt - White - back,false
72cc7277-605d-4010-b62e-dd66d94bddc2,b92d394b-47d1-4df9-b7f7-76ead412db49,,https://mms-images.out.customink.com/mms/images/catalog/colors/1567900/views/alt/left_large.png,Port & Company Core Tri-Blend T-shirt - White - left,false
de5e9ed6-7855-4743-917b-98cf23c39ca7,b92d394b-47d1-4df9-b7f7-76ead412db49,,https://mms-images.out.customink.com/mms/images/catalog/colors/1567900/views/alt/right_large.png,Port & Company Core Tri-Blend T-shirt - White - right,false
8a67695d-1a34-4400-9c95-419b2e7785f5,b92d394b-47d1-4df9-b7f7-76ead412db49,,https://storage.googleapis.com/print-482914-images/products/port-and-company-core-tri-blend-t-shirt/1567907_front.png,Port & Company Core Tri-Blend T-shirt - Graphite Heather - front,false
c9f3acb0-0881-40a8-8753-c84104c03d19,b92d394b-47d1-4df9-b7f7-76ead412db49,,https://storage.googleapis.com/print-482914-images/products/port-and-company-core-tri-blend-t-shirt/1567907_back.png,Port & Company Core Tri-Blend T-shirt - Graphite Heather - back,false
908ae595-d357-40a0-9383-f517fa0e4573,b92d394b-47d1-4df9-b7f7-76ead412db49,,https://mms-images.out.customink.com/mms/images/catalog/colors/1567907/views/alt/left_large.png,Port & Company Core Tri-Blend T-shirt - Graphite Heather - left,false
7f38afa8-c45c-417b-8164-0b059a9c0bf2,b92d394b-47d1-4df9-b7f7-76ead412db49,,https://mms-images.out.customink.com/mms/images/catalog/colors/1567907/views/alt/right_large.png,Port & Company Core Tri-Blend T-shirt - Graphite Heather - right,false
1954024f-ab00-4035-9301-94886c7b50a6,b92d394b-47d1-4df9-b7f7-76ead412db49,,https://storage.googleapis.com/print-482914-images/products/port-and-company-core-tri-blend-t-shirt/1567920_front.png,Port & Company Core Tri-Blend T-shirt - Coal Grey - front,false
12d0e9a4-5e44-4bdd-be39-c9334a37a037,b92d394b-47d1-4df9-b7f7-76ead412db49,,https://storage.googleapis.com/print-482914-images/products/port-and-company-core-tri-blend-t-shirt/1567920_back.png,Port & Company Core Tri-Blend T-shirt - Coal Grey - back,false
ce2a0ace-52af-460e-9a8c-f6833ee295e7,b92d394b-47d1-4df9-b7f7-76ead412db49,,https://mms-images.out.customink.com/mms/images/catalog/colors/1567920/views/alt/left_large.png,Port & Company Core Tri-Blend T-shirt - Coal Grey - left,false
f46f633c-a5d8-4e23-8eb3-35ab31d192fb,b92d394b-47d1-4df9-b7f7-76ead412db49,,https://mms-images.out.customink.com/mms/images/catalog/colors/1567920/views/alt/right_large.png,Port & Company Core Tri-Blend T-shirt - Coal Grey - right,false
8956d22f-ac9c-4c50-8a7f-e6a04321a56b,b92d394b-47d1-4df9-b7f7-76ead412db49,,https://storage.googleapis.com/print-482914-images/products/port-and-company-core-tri-blend-t-shirt/1567915_front.png,Port & Company Core Tri-Blend T-shirt - Black Heather - front,false
c340d4f1-d666-4895-b4ac-491a03b4f71a,b92d394b-47d1-4df9-b7f7-76ead412db49,,https://storage.googleapis.com/print-482914-images/products/port-and-company-core-tri-blend-t-shirt/1567915_back.png,Port & Company Core Tri-Blend T-shirt - Black Heather - back,false
a939d513-05f1-41bd-bc3b-0fe0c397602c,b92d394b-47d1-4df9-b7f7-76ead412db49,,https://mms-images.out.customink.com/mms/images/catalog/colors/1567915/views/alt/left_large.png,Port & Company Core Tri-Blend T-shirt - Black Heather - left,false
397ff383-2ea8-4b10-bd6e-237677d5c43d,b92d394b-47d1-4df9-b7f7-76ead412db49,,https://mms-images.out.customink.com/mms/images/catalog/colors/1567915/views/alt/right_large.png,Port & Company Core Tri-Blend T-shirt - Black Heather - right,false
4ed1c94f-d4f1-4c2e-8ad4-69728baaeaca,b92d394b-47d1-4df9-b7f7-76ead412db49,,https://storage.googleapis.com/print-482914-images/products/port-and-company-core-tri-blend-t-shirt/1567914_front.png,Port & Company Core Tri-Blend T-shirt - Black - front,false
d0dd43f2-9924-4e0a-9a74-18e9b2dc6ff1,b92d394b-47d1-4df9-b7f7-76ead412db49,,https://storage.googleapis.com/print-482914-images/products/port-and-company-core-tri-blend-t-shirt/1567914_back.png,Port & Company Core Tri-Blend T-shirt - Black - back,false
0f9e6df2-14dd-4dc8-b78e-546b8c4c29e2,b92d394b-47d1-4df9-b7f7-76ead412db49,,https://mms-images.out.customink.com/mms/images/catalog/colors/1567914/views/alt/left_large.png,Port & Company Core Tri-Blend T-shirt - Black - left,false
6145a6a6-0f3b-4a0b-bfe0-66cfe5ef6d55,b92d394b-47d1-4df9-b7f7-76ead412db49,,https://mms-images.out.customink.com/mms/images/catalog/colors/1567914/views/alt/right_large.png,Port & Company Core Tri-Blend T-shirt - Black - right,false
38ffb496-eef0-46d1-acb0-ecb10ea20492,b92d394b-47d1-4df9-b7f7-76ead412db49,,https://storage.googleapis.com/print-482914-images/products/port-and-company-core-tri-blend-t-shirt/1567910_front.png,Port & Company Core Tri-Blend T-shirt - Deep Navy - front,false
be2b7d36-2fe1-4611-b19b-58350283871b,b92d394b-47d1-4df9-b7f7-76ead412db49,,https://storage.googleapis.com/print-482914-images/products/port-and-company-core-tri-blend-t-shirt/1567910_back.png,Port & Company Core Tri-Blend T-shirt - Deep Navy - back,false
855d45df-c974-4773-85d9-ca4b55ab4b2b,b92d394b-47d1-4df9-b7f7-76ead412db49,,https://mms-images.out.customink.com/mms/images/catalog/colors/1567910/views/alt/left_large.png,Port & Company Core Tri-Blend T-shirt - Deep Navy - left,false
a0216b97-5331-4a67-981e-60266800f625,b92d394b-47d1-4df9-b7f7-76ead412db49,,https://mms-images.out.customink.com/mms/images/catalog/colors/1567910/views/alt/right_large.png,Port & Company Core Tri-Blend T-shirt - Deep Navy - right,false
9029fcf6-669f-4e31-a7ef-22dca14bba92,62f9c935-5ead-4f36-8721-7636dbf56395,,https://storage.googleapis.com/print-482914-images/products/carhartt-workwear-crewneck-pocket-tshirt/389800_front.png,Carhartt Workwear Crewneck Pocket T‑shirt - Heather Grey - front,true
cc148b2f-d471-4657-8e7d-3e48c4f782ae,62f9c935-5ead-4f36-8721-7636dbf56395,,https://storage.googleapis.com/print-482914-images/products/carhartt-workwear-crewneck-pocket-tshirt/389800_back.png,Carhartt Workwear Crewneck Pocket T‑shirt - Heather Grey - back,false
0f4f1e94-ab6b-4317-bec8-4f9441d6f0c4,62f9c935-5ead-4f36-8721-7636dbf56395,,https://mms-images.out.customink.com/mms/images/catalog/colors/389800/views/alt/left_large.png,Carhartt Workwear Crewneck Pocket T‑shirt - Heather Grey - left,false
a2ccd960-a916-4e28-9665-68f1031c41cb,62f9c935-5ead-4f36-8721-7636dbf56395,,https://mms-images.out.customink.com/mms/images/catalog/colors/389800/views/alt/right_large.png,Carhartt Workwear Crewneck Pocket T‑shirt - Heather Grey - right,false
76485973-b84f-4ac1-8618-c12434516e3a,62f9c935-5ead-4f36-8721-7636dbf56395,,https://storage.googleapis.com/print-482914-images/products/carhartt-workwear-crewneck-pocket-tshirt/389807_front.png,Carhartt Workwear Crewneck Pocket T‑shirt - Carbon Heather - front,false
5cc3736f-8b44-4459-aa34-1cb79d8f8912,62f9c935-5ead-4f36-8721-7636dbf56395,,https://storage.googleapis.com/print-482914-images/products/carhartt-workwear-crewneck-pocket-tshirt/389807_back.png,Carhartt Workwear Crewneck Pocket T‑shirt - Carbon Heather - back,false
5e30039d-0e6c-48d8-bb98-88a02ec1ade9,62f9c935-5ead-4f36-8721-7636dbf56395,,https://mms-images.out.customink.com/mms/images/catalog/colors/389807/views/alt/left_large.png,Carhartt Workwear Crewneck Pocket T‑shirt - Carbon Heather - left,false
e9f21f17-fdb3-4b14-a7f7-1b6e265ef57c,62f9c935-5ead-4f36-8721-7636dbf56395,,https://mms-images.out.customink.com/mms/images/catalog/colors/389807/views/alt/right_large.png,Carhartt Workwear Crewneck Pocket T‑shirt - Carbon Heather - right,false
46eaf988-e9b1-4610-9f9b-46b7f4f2b607,62f9c935-5ead-4f36-8721-7636dbf56395,,https://storage.googleapis.com/print-482914-images/products/carhartt-workwear-crewneck-pocket-tshirt/389802_front.png,Carhartt Workwear Crewneck Pocket T‑shirt - Black - front,false
86dc1932-9e66-44e3-afcc-b78c5759b480,62f9c935-5ead-4f36-8721-7636dbf56395,,https://storage.googleapis.com/print-482914-images/products/carhartt-workwear-crewneck-pocket-tshirt/389802_back.png,Carhartt Workwear Crewneck Pocket T‑shirt - Black - back,false
8c904138-5a34-480c-a227-0350cb1fe789,62f9c935-5ead-4f36-8721-7636dbf56395,,https://mms-images.out.customink.com/mms/images/catalog/colors/389802/views/alt/left_large.png,Carhartt Workwear Crewneck Pocket T‑shirt - Black - left,false
d73aecae-c222-4ed6-afea-d09979b4ae30,62f9c935-5ead-4f36-8721-7636dbf56395,,https://mms-images.out.customink.com/mms/images/catalog/colors/389802/views/alt/right_large.png,Carhartt Workwear Crewneck Pocket T‑shirt - Black - right,false
5c8a0db4-c479-4634-9426-1547675001e5,62f9c935-5ead-4f36-8721-7636dbf56395,,https://storage.googleapis.com/print-482914-images/products/carhartt-workwear-crewneck-pocket-tshirt/389803_front.png,Carhartt Workwear Crewneck Pocket T‑shirt - Navy - front,false
74ec890a-d0bc-4d50-a1f3-276c56a5d2c3,62f9c935-5ead-4f36-8721-7636dbf56395,,https://storage.googleapis.com/print-482914-images/products/carhartt-workwear-crewneck-pocket-tshirt/389803_back.png,Carhartt Workwear Crewneck Pocket T‑shirt - Navy - back,false
cd925a1d-1184-4e05-8bf9-68503e4d01e0,62f9c935-5ead-4f36-8721-7636dbf56395,,https://mms-images.out.customink.com/mms/images/catalog/colors/389803/views/alt/left_large.png,Carhartt Workwear Crewneck Pocket T‑shirt - Navy - left,false
e50c1ced-4526-42ff-91ef-48cdd67ba424,62f9c935-5ead-4f36-8721-7636dbf56395,,https://mms-images.out.customink.com/mms/images/catalog/colors/389803/views/alt/right_large.png,Carhartt Workwear Crewneck Pocket T‑shirt - Navy - right,false
be1c9894-7af0-4832-9b49-9a0fb15d678f,62f9c935-5ead-4f36-8721-7636dbf56395,,https://storage.googleapis.com/print-482914-images/products/carhartt-workwear-crewneck-pocket-tshirt/389804_front.png,Carhartt Workwear Crewneck Pocket T‑shirt - Bluestone - front,false
a62158d1-905f-4c19-a789-9d2b4141c099,62f9c935-5ead-4f36-8721-7636dbf56395,,https://storage.googleapis.com/print-482914-images/products/carhartt-workwear-crewneck-pocket-tshirt/389804_back.png,Carhartt Workwear Crewneck Pocket T‑shirt - Bluestone - back,false
074ae37c-5a9a-4f7b-8fc5-bc285d681f41,62f9c935-5ead-4f36-8721-7636dbf56395,,https://mms-images.out.customink.com/mms/images/catalog/colors/389804/views/alt/left_large.png,Carhartt Workwear Crewneck Pocket T‑shirt - Bluestone - left,false
abb24dcd-2361-4f75-b227-c11d642f41b2,62f9c935-5ead-4f36-8721-7636dbf56395,,https://mms-images.out.customink.com/mms/images/catalog/colors/389804/views/alt/right_large.png,Carhartt Workwear Crewneck Pocket T‑shirt - Bluestone - right,false
bb4120f5-70bc-4cc7-9a9a-a21df4d4f2fe,62f9c935-5ead-4f36-8721-7636dbf56395,,https://storage.googleapis.com/print-482914-images/products/carhartt-workwear-crewneck-pocket-tshirt/389815_front.png,Carhartt Workwear Crewneck Pocket T‑shirt - Lakeshore - front,false
c6456f81-2451-4f2b-b0cc-35675a45952a,62f9c935-5ead-4f36-8721-7636dbf56395,,https://storage.googleapis.com/print-482914-images/products/carhartt-workwear-crewneck-pocket-tshirt/389815_back.png,Carhartt Workwear Crewneck Pocket T‑shirt - Lakeshore - back,false
89e03084-5549-4c38-a908-eb00d0d3357e,62f9c935-5ead-4f36-8721-7636dbf56395,,https://mms-images.out.customink.com/mms/images/catalog/colors/389815/views/alt/left_large.png,Carhartt Workwear Crewneck Pocket T‑shirt - Lakeshore - left,false
37ffc467-9b58-404b-9e73-a04496118187,62f9c935-5ead-4f36-8721-7636dbf56395,,https://mms-images.out.customink.com/mms/images/catalog/colors/389815/views/alt/right_large.png,Carhartt Workwear Crewneck Pocket T‑shirt - Lakeshore - right,false
31f81c53-4a90-4b94-b46e-f793fe5e753a,2f4458ad-7652-45c4-ab76-6131ee329d03,,https://storage.googleapis.com/print-482914-images/products/champion-heavyweight-heritage-t-shirt/336100_front.png,Champion Heavyweight Heritage T-shirt - White - front,true
0f8636e4-f1ee-4c55-a98d-081b78663149,2f4458ad-7652-45c4-ab76-6131ee329d03,,https://storage.googleapis.com/print-482914-images/products/champion-heavyweight-heritage-t-shirt/336100_back.png,Champion Heavyweight Heritage T-shirt - White - back,false
fd24e6d2-fa5b-4a75-b116-2e5dad92a576,2f4458ad-7652-45c4-ab76-6131ee329d03,,https://mms-images.out.customink.com/mms/images/catalog/colors/336100/views/alt/left_large.png,Champion Heavyweight Heritage T-shirt - White - left,false
dd9a38b4-114a-4d65-90c3-85d9ffd47b4f,2f4458ad-7652-45c4-ab76-6131ee329d03,,https://mms-images.out.customink.com/mms/images/catalog/colors/336100/views/alt/right_large.png,Champion Heavyweight Heritage T-shirt - White - right,false
2e28874d-c9c9-47bb-870c-7fe126cfd450,2f4458ad-7652-45c4-ab76-6131ee329d03,,https://storage.googleapis.com/print-482914-images/products/champion-heavyweight-heritage-t-shirt/336101_front.png,Champion Heavyweight Heritage T-shirt - Silver Grey - front,false
76fe4d86-316f-4ce3-aeb2-3e26feeecd02,2f4458ad-7652-45c4-ab76-6131ee329d03,,https://storage.googleapis.com/print-482914-images/products/champion-heavyweight-heritage-t-shirt/336101_back.png,Champion Heavyweight Heritage T-shirt - Silver Grey - back,false
ba5f0633-590b-4a9f-8916-e05eaa645145,2f4458ad-7652-45c4-ab76-6131ee329d03,,https://mms-images.out.customink.com/mms/images/catalog/colors/336101/views/alt/left_large.png,Champion Heavyweight Heritage T-shirt - Silver Grey - left,false
01fdd55b-4a11-4266-9e18-abc937a3c046,2f4458ad-7652-45c4-ab76-6131ee329d03,,https://mms-images.out.customink.com/mms/images/catalog/colors/336101/views/alt/right_large.png,Champion Heavyweight Heritage T-shirt - Silver Grey - right,false
9095094b-60a1-446d-8379-861b50d395ec,2f4458ad-7652-45c4-ab76-6131ee329d03,,https://storage.googleapis.com/print-482914-images/products/champion-heavyweight-heritage-t-shirt/336102_front.png,Champion Heavyweight Heritage T-shirt - Oxford Grey - front,false
d3e107ee-6557-45c5-956e-93e0c83acb62,2f4458ad-7652-45c4-ab76-6131ee329d03,,https://storage.googleapis.com/print-482914-images/products/champion-heavyweight-heritage-t-shirt/336102_back.png,Champion Heavyweight Heritage T-shirt - Oxford Grey - back,false
5b62d2f8-7670-4488-8b9e-55704359c2a4,2f4458ad-7652-45c4-ab76-6131ee329d03,,https://mms-images.out.customink.com/mms/images/catalog/colors/336102/views/alt/left_large.png,Champion Heavyweight Heritage T-shirt - Oxford Grey - left,false
7fd883ba-af8d-4a31-a175-bb66d0dd668f,2f4458ad-7652-45c4-ab76-6131ee329d03,,https://mms-images.out.customink.com/mms/images/catalog/colors/336102/views/alt/right_large.png,Champion Heavyweight Heritage T-shirt - Oxford Grey - right,false
8d462fdb-e12f-4dc3-b5d4-a6cc16583c34,2f4458ad-7652-45c4-ab76-6131ee329d03,,https://storage.googleapis.com/print-482914-images/products/champion-heavyweight-heritage-t-shirt/336103_front.png,Champion Heavyweight Heritage T-shirt - Black - front,false
d6b69065-f571-4b7a-8e35-8d0ae8e846a5,2f4458ad-7652-45c4-ab76-6131ee329d03,,https://storage.googleapis.com/print-482914-images/products/champion-heavyweight-heritage-t-shirt/336103_back.png,Champion Heavyweight Heritage T-shirt - Black - back,false
8db7dfcb-290a-4918-b202-9b0687caded6,2f4458ad-7652-45c4-ab76-6131ee329d03,,https://mms-images.out.customink.com/mms/images/catalog/colors/336103/views/alt/left_large.png,Champion Heavyweight Heritage T-shirt - Black - left,false
6ca63f46-746e-4fae-94f8-9bc2bbc45f36,2f4458ad-7652-45c4-ab76-6131ee329d03,,https://mms-images.out.customink.com/mms/images/catalog/colors/336103/views/alt/right_large.png,Champion Heavyweight Heritage T-shirt - Black - right,false
a3cca12a-101a-4c12-89ba-76054b281c7c,2f4458ad-7652-45c4-ab76-6131ee329d03,,https://storage.googleapis.com/print-482914-images/products/champion-heavyweight-heritage-t-shirt/336104_front.png,Champion Heavyweight Heritage T-shirt - Navy - front,false
b737c274-61cb-4775-a486-396da6b82255,2f4458ad-7652-45c4-ab76-6131ee329d03,,https://storage.googleapis.com/print-482914-images/products/champion-heavyweight-heritage-t-shirt/336104_back.png,Champion Heavyweight Heritage T-shirt - Navy - back,false
00f2a662-15df-45d5-99e9-4d97d05d4237,2f4458ad-7652-45c4-ab76-6131ee329d03,,https://mms-images.out.customink.com/mms/images/catalog/colors/336104/views/alt/left_large.png,Champion Heavyweight Heritage T-shirt - Navy - left,false
af5f0b02-551b-4315-8785-54a45cc80f1b,2f4458ad-7652-45c4-ab76-6131ee329d03,,https://mms-images.out.customink.com/mms/images/catalog/colors/336104/views/alt/right_large.png,Champion Heavyweight Heritage T-shirt - Navy - right,false
d3d3f812-3d91-4245-9ffd-82e6f38787ee,2f4458ad-7652-45c4-ab76-6131ee329d03,,https://storage.googleapis.com/print-482914-images/products/champion-heavyweight-heritage-t-shirt/336106_front.png,Champion Heavyweight Heritage T-shirt - Fresh Olive - front,false
daf46d9f-863a-480a-85fa-9222761a57b5,2f4458ad-7652-45c4-ab76-6131ee329d03,,https://storage.googleapis.com/print-482914-images/products/champion-heavyweight-heritage-t-shirt/336106_back.png,Champion Heavyweight Heritage T-shirt - Fresh Olive - back,false
6092caa8-be3d-4139-9299-2a04b1556065,2f4458ad-7652-45c4-ab76-6131ee329d03,,https://mms-images.out.customink.com/mms/images/catalog/colors/336106/views/alt/left_large.png,Champion Heavyweight Heritage T-shirt - Fresh Olive - left,false
898a0075-f12b-4704-9546-a4c80da80c8b,2f4458ad-7652-45c4-ab76-6131ee329d03,,https://mms-images.out.customink.com/mms/images/catalog/colors/336106/views/alt/right_large.png,Champion Heavyweight Heritage T-shirt - Fresh Olive - right,false
4f510879-ccef-4bd2-9975-e40862c49d2b,00a6549e-d0a8-4bc9-8e7c-9fa1f4def3e0,,https://storage.googleapis.com/print-482914-images/products/gildan-softstyle-jersey-blend-t-shirt/1021000_front.png,Gildan Softstyle Jersey Blend T-shirt - White - front,true
d0887ba8-a97f-4ea2-9229-ca39d8e0d5d9,00a6549e-d0a8-4bc9-8e7c-9fa1f4def3e0,,https://storage.googleapis.com/print-482914-images/products/gildan-softstyle-jersey-blend-t-shirt/1021000_back.png,Gildan Softstyle Jersey Blend T-shirt - White - back,false
bb73b52c-cb48-4385-8eab-997c9c288116,00a6549e-d0a8-4bc9-8e7c-9fa1f4def3e0,,https://mms-images.out.customink.com/mms/images/catalog/colors/1021000/views/alt/left_large.png,Gildan Softstyle Jersey Blend T-shirt - White - left,false
c586d4db-7618-4a25-89cf-1e6a1c85103b,00a6549e-d0a8-4bc9-8e7c-9fa1f4def3e0,,https://mms-images.out.customink.com/mms/images/catalog/colors/1021000/views/alt/right_large.png,Gildan Softstyle Jersey Blend T-shirt - White - right,false
6183e1a9-d974-4353-9e44-17acd79eddc0,00a6549e-d0a8-4bc9-8e7c-9fa1f4def3e0,,https://storage.googleapis.com/print-482914-images/products/gildan-softstyle-jersey-blend-t-shirt/1021020_front.png,Gildan Softstyle Jersey Blend T-shirt - Ring Spun Sport Grey - front,false
5b8dab7a-1d0d-469e-bb78-b4abe0a2c875,00a6549e-d0a8-4bc9-8e7c-9fa1f4def3e0,,https://storage.googleapis.com/print-482914-images/products/gildan-softstyle-jersey-blend-t-shirt/1021020_back.png,Gildan Softstyle Jersey Blend T-shirt - Ring Spun Sport Grey - back,false
b7b8dd33-581f-4534-99eb-7bcb68818884,00a6549e-d0a8-4bc9-8e7c-9fa1f4def3e0,,https://mms-images.out.customink.com/mms/images/catalog/colors/1021020/views/alt/left_large.png,Gildan Softstyle Jersey Blend T-shirt - Ring Spun Sport Grey - left,false
d9422aa6-6dad-45df-baa3-c5270d179b3a,00a6549e-d0a8-4bc9-8e7c-9fa1f4def3e0,,https://mms-images.out.customink.com/mms/images/catalog/colors/1021020/views/alt/right_large.png,Gildan Softstyle Jersey Blend T-shirt - Ring Spun Sport Grey - right,false
7b527d40-b346-44cf-bdc8-330df45f7d0e,00a6549e-d0a8-4bc9-8e7c-9fa1f4def3e0,,https://storage.googleapis.com/print-482914-images/products/gildan-softstyle-jersey-blend-t-shirt/1021001_front.png,Gildan Softstyle Jersey Blend T-shirt - Cement - front,false
cd9ed3a1-dcc2-4314-91c9-d4b4f44df1ce,00a6549e-d0a8-4bc9-8e7c-9fa1f4def3e0,,https://storage.googleapis.com/print-482914-images/products/gildan-softstyle-jersey-blend-t-shirt/1021001_back.png,Gildan Softstyle Jersey Blend T-shirt - Cement - back,false
e87f0ce1-e890-4b87-92dc-20097a1a4caf,00a6549e-d0a8-4bc9-8e7c-9fa1f4def3e0,,https://mms-images.out.customink.com/mms/images/catalog/colors/1021001/views/alt/left_large.png,Gildan Softstyle Jersey Blend T-shirt - Cement - left,false
40f4cbff-3ca9-4e93-95c3-bf9479469fb9,00a6549e-d0a8-4bc9-8e7c-9fa1f4def3e0,,https://mms-images.out.customink.com/mms/images/catalog/colors/1021001/views/alt/right_large.png,Gildan Softstyle Jersey Blend T-shirt - Cement - right,false
c195baa0-6361-42e3-a7f8-e9ad17cf611c,00a6549e-d0a8-4bc9-8e7c-9fa1f4def3e0,,https://storage.googleapis.com/print-482914-images/products/gildan-softstyle-jersey-blend-t-shirt/1021002_front.png,Gildan Softstyle Jersey Blend T-shirt - Gunmetal - front,false
bdbed26a-b714-4684-ab99-fb26908a1d2b,00a6549e-d0a8-4bc9-8e7c-9fa1f4def3e0,,https://storage.googleapis.com/print-482914-images/products/gildan-softstyle-jersey-blend-t-shirt/1021002_back.png,Gildan Softstyle Jersey Blend T-shirt - Gunmetal - back,false
dfae808c-8a07-4364-85c7-2a9651a73fb7,00a6549e-d0a8-4bc9-8e7c-9fa1f4def3e0,,https://mms-images.out.customink.com/mms/images/catalog/colors/1021002/views/alt/left_large.png,Gildan Softstyle Jersey Blend T-shirt - Gunmetal - left,false
1cb2773d-d63c-4888-a2e7-67d06551292c,00a6549e-d0a8-4bc9-8e7c-9fa1f4def3e0,,https://mms-images.out.customink.com/mms/images/catalog/colors/1021002/views/alt/right_large.png,Gildan Softstyle Jersey Blend T-shirt - Gunmetal - right,false
64360a9d-bcd3-437b-a61c-f8f6b681fffd,00a6549e-d0a8-4bc9-8e7c-9fa1f4def3e0,,https://storage.googleapis.com/print-482914-images/products/gildan-softstyle-jersey-blend-t-shirt/1021004_front.png,Gildan Softstyle Jersey Blend T-shirt - Pitch Black Mist - front,false
ac39e031-0332-43a4-b627-e69c58da6300,00a6549e-d0a8-4bc9-8e7c-9fa1f4def3e0,,https://storage.googleapis.com/print-482914-images/products/gildan-softstyle-jersey-blend-t-shirt/1021004_back.png,Gildan Softstyle Jersey Blend T-shirt - Pitch Black Mist - back,false
c7dd4a30-7409-438d-8d7b-fa02fdd8ed1b,00a6549e-d0a8-4bc9-8e7c-9fa1f4def3e0,,https://mms-images.out.customink.com/mms/images/catalog/colors/1021004/views/alt/left_large.png,Gildan Softstyle Jersey Blend T-shirt - Pitch Black Mist - left,false
fb6b2d8e-7cd5-4855-9e31-668b8552cfa4,00a6549e-d0a8-4bc9-8e7c-9fa1f4def3e0,,https://mms-images.out.customink.com/mms/images/catalog/colors/1021004/views/alt/right_large.png,Gildan Softstyle Jersey Blend T-shirt - Pitch Black Mist - right,false
269f10f2-dd6c-4369-b90f-cb9eca3c0fdd,00a6549e-d0a8-4bc9-8e7c-9fa1f4def3e0,,https://storage.googleapis.com/print-482914-images/products/gildan-softstyle-jersey-blend-t-shirt/1021003_front.png,Gildan Softstyle Jersey Blend T-shirt - Pitch Black - front,false
45d12a1e-c3e9-4711-b459-ec3018ef2f7f,00a6549e-d0a8-4bc9-8e7c-9fa1f4def3e0,,https://storage.googleapis.com/print-482914-images/products/gildan-softstyle-jersey-blend-t-shirt/1021003_back.png,Gildan Softstyle Jersey Blend T-shirt - Pitch Black - back,false
6496117a-f441-4bb0-80ff-69c18407e966,00a6549e-d0a8-4bc9-8e7c-9fa1f4def3e0,,https://mms-images.out.customink.com/mms/images/catalog/colors/1021003/views/alt/left_large.png,Gildan Softstyle Jersey Blend T-shirt - Pitch Black - left,false
f436b150-d687-4eb2-ad67-c6c8e81dee59,00a6549e-d0a8-4bc9-8e7c-9fa1f4def3e0,,https://mms-images.out.customink.com/mms/images/catalog/colors/1021003/views/alt/right_large.png,Gildan Softstyle Jersey Blend T-shirt - Pitch Black - right,false
a04dddaf-91fa-48a1-824d-77228fb5bb5a,28cbc374-a107-4216-b236-873e21258bf7,,https://storage.googleapis.com/print-482914-images/products/stanleystella-creator-organic-cotton-t-shirt-20/1798132_front.png,Stanley/Stella Creator Organic Cotton T-shirt 2.0 - White - front,false
f4d48b72-d254-4fd6-b405-70e0236dc079,28cbc374-a107-4216-b236-873e21258bf7,,https://storage.googleapis.com/print-482914-images/products/stanleystella-creator-organic-cotton-t-shirt-20/1798132_back.png,Stanley/Stella Creator Organic Cotton T-shirt 2.0 - White - back,false
fcf0db37-c3f2-49ed-9c77-38ca1b46defc,28cbc374-a107-4216-b236-873e21258bf7,,https://mms-images.out.customink.com/mms/images/catalog/colors/1798132/views/alt/left_large.png,Stanley/Stella Creator Organic Cotton T-shirt 2.0 - White - left,false
d8648a61-6d62-4967-aa58-f343d236028e,28cbc374-a107-4216-b236-873e21258bf7,,https://mms-images.out.customink.com/mms/images/catalog/colors/1798132/views/alt/right_large.png,Stanley/Stella Creator Organic Cotton T-shirt 2.0 - White - right,false
ad6759aa-dd1e-4d89-abe0-e0505ea54aff,28cbc374-a107-4216-b236-873e21258bf7,,https://storage.googleapis.com/print-482914-images/products/stanleystella-creator-organic-cotton-t-shirt-20/1798124_front.png,Stanley/Stella Creator Organic Cotton T-shirt 2.0 - Off White - front,false
b37d3e8e-2802-4703-83e3-8b1974130cd9,28cbc374-a107-4216-b236-873e21258bf7,,https://storage.googleapis.com/print-482914-images/products/stanleystella-creator-organic-cotton-t-shirt-20/1798124_back.png,Stanley/Stella Creator Organic Cotton T-shirt 2.0 - Off White - back,false
d08a5405-7600-4897-b390-4b9d0e63f95e,28cbc374-a107-4216-b236-873e21258bf7,,https://mms-images.out.customink.com/mms/images/catalog/colors/1798124/views/alt/left_large.png,Stanley/Stella Creator Organic Cotton T-shirt 2.0 - Off White - left,false
5170398f-e3c4-4096-a2f6-7c16564b3e71,28cbc374-a107-4216-b236-873e21258bf7,,https://mms-images.out.customink.com/mms/images/catalog/colors/1798124/views/alt/right_large.png,Stanley/Stella Creator Organic Cotton T-shirt 2.0 - Off White - right,false
92c21648-f119-483d-8994-9713cae4d86c,28cbc374-a107-4216-b236-873e21258bf7,,https://storage.googleapis.com/print-482914-images/products/stanleystella-creator-organic-cotton-t-shirt-20/1798112_front.png,Stanley/Stella Creator Organic Cotton T-shirt 2.0 - Eco Heather - front,false
79f4a654-dcec-4a39-aca4-c38ab5d99715,28cbc374-a107-4216-b236-873e21258bf7,,https://storage.googleapis.com/print-482914-images/products/stanleystella-creator-organic-cotton-t-shirt-20/1798112_back.png,Stanley/Stella Creator Organic Cotton T-shirt 2.0 - Eco Heather - back,false
13c05776-5736-4849-b974-785994147c41,28cbc374-a107-4216-b236-873e21258bf7,,https://mms-images.out.customink.com/mms/images/catalog/colors/1798112/views/alt/left_large.png,Stanley/Stella Creator Organic Cotton T-shirt 2.0 - Eco Heather - left,false
2d50c3d8-13a9-448c-9475-89b87e58ea7b,28cbc374-a107-4216-b236-873e21258bf7,,https://mms-images.out.customink.com/mms/images/catalog/colors/1798112/views/alt/right_large.png,Stanley/Stella Creator Organic Cotton T-shirt 2.0 - Eco Heather - right,false
8a0e16ef-bedb-4bf4-ba69-3a66d65b206d,28cbc374-a107-4216-b236-873e21258bf7,,https://storage.googleapis.com/print-482914-images/products/stanleystella-creator-organic-cotton-t-shirt-20/1798122_front.png,Stanley/Stella Creator Organic Cotton T-shirt 2.0 - Natural Raw - front,false
e234714f-19f9-4ede-ba2f-1566efc8da49,28cbc374-a107-4216-b236-873e21258bf7,,https://storage.googleapis.com/print-482914-images/products/stanleystella-creator-organic-cotton-t-shirt-20/1798122_back.png,Stanley/Stella Creator Organic Cotton T-shirt 2.0 - Natural Raw - back,false
fea270da-1f2c-418b-a0ea-8a9048bc61ec,28cbc374-a107-4216-b236-873e21258bf7,,https://mms-images.out.customink.com/mms/images/catalog/colors/1798122/views/alt/left_large.png,Stanley/Stella Creator Organic Cotton T-shirt 2.0 - Natural Raw - left,false
75a7af0f-f3fe-48cd-be9d-593df5d36d9f,28cbc374-a107-4216-b236-873e21258bf7,,https://mms-images.out.customink.com/mms/images/catalog/colors/1798122/views/alt/right_large.png,Stanley/Stella Creator Organic Cotton T-shirt 2.0 - Natural Raw - right,false
e5261a9e-a83a-4f97-bd02-c194de636a08,28cbc374-a107-4216-b236-873e21258bf7,,https://storage.googleapis.com/print-482914-images/products/stanleystella-creator-organic-cotton-t-shirt-20/1798108_front.png,Stanley/Stella Creator Organic Cotton T-shirt 2.0 - Cool Heather Grey - front,false
d808a211-248e-4ebd-8444-4649342d1c52,28cbc374-a107-4216-b236-873e21258bf7,,https://storage.googleapis.com/print-482914-images/products/stanleystella-creator-organic-cotton-t-shirt-20/1798108_back.png,Stanley/Stella Creator Organic Cotton T-shirt 2.0 - Cool Heather Grey - back,false
ba69b4e3-f432-4076-a333-06580c4939b0,28cbc374-a107-4216-b236-873e21258bf7,,https://mms-images.out.customink.com/mms/images/catalog/colors/1798108/views/alt/left_large.png,Stanley/Stella Creator Organic Cotton T-shirt 2.0 - Cool Heather Grey - left,false
c021a349-ec35-4003-82dc-c5f8493a41c0,28cbc374-a107-4216-b236-873e21258bf7,,https://mms-images.out.customink.com/mms/images/catalog/colors/1798108/views/alt/right_large.png,Stanley/Stella Creator Organic Cotton T-shirt 2.0 - Cool Heather Grey - right,false
a858bad7-9a05-4c11-95ca-00a5b0d06049,28cbc374-a107-4216-b236-873e21258bf7,,https://storage.googleapis.com/print-482914-images/products/stanleystella-creator-organic-cotton-t-shirt-20/1798115_front.png,Stanley/Stella Creator Organic Cotton T-shirt 2.0 - Heather Grey - front,false
77b45117-1f35-408b-bbea-e3cc4b4b31ba,28cbc374-a107-4216-b236-873e21258bf7,,https://storage.googleapis.com/print-482914-images/products/stanleystella-creator-organic-cotton-t-shirt-20/1798115_back.png,Stanley/Stella Creator Organic Cotton T-shirt 2.0 - Heather Grey - back,false
cd59a04c-ad57-4901-a351-b439e0ab684f,28cbc374-a107-4216-b236-873e21258bf7,,https://mms-images.out.customink.com/mms/images/catalog/colors/1798115/views/alt/left_large.png,Stanley/Stella Creator Organic Cotton T-shirt 2.0 - Heather Grey - left,false
08b1c535-d6ed-4f73-9c70-e6d0775b6d24,28cbc374-a107-4216-b236-873e21258bf7,,https://mms-images.out.customink.com/mms/images/catalog/colors/1798115/views/alt/right_large.png,Stanley/Stella Creator Organic Cotton T-shirt 2.0 - Heather Grey - right,false
0c3c6014-7baf-4c9a-860c-eff6cb29c384,bee48167-4d7d-4064-9a58-aab1bea0e493,,https://storage.googleapis.com/print-482914-images/products/next-level-jersey-t-shirt/172100_front.png,Next Level Jersey T-shirt - White - front,true
2e8768a7-1399-4c43-bede-439b249d22da,bee48167-4d7d-4064-9a58-aab1bea0e493,,https://storage.googleapis.com/print-482914-images/products/next-level-jersey-t-shirt/172100_back.png,Next Level Jersey T-shirt - White - back,false
0d64106d-adb2-461d-a02d-eadf0bc233d3,bee48167-4d7d-4064-9a58-aab1bea0e493,,https://mms-images.out.customink.com/mms/images/catalog/colors/172100/views/alt/left_large.png,Next Level Jersey T-shirt - White - left,false
fe51526d-a05d-43aa-96f0-79b3bacc945a,bee48167-4d7d-4064-9a58-aab1bea0e493,,https://mms-images.out.customink.com/mms/images/catalog/colors/172100/views/alt/right_large.png,Next Level Jersey T-shirt - White - right,false
5c3dab6a-8fd2-4403-9d93-b57dc4c3706e,bee48167-4d7d-4064-9a58-aab1bea0e493,,https://storage.googleapis.com/print-482914-images/products/next-level-jersey-t-shirt/172104_front.png,Next Level Jersey T-shirt - Light Grey - front,false
3e4bc24d-881b-489c-9018-9ee5665b5601,bee48167-4d7d-4064-9a58-aab1bea0e493,,https://storage.googleapis.com/print-482914-images/products/next-level-jersey-t-shirt/172104_back.png,Next Level Jersey T-shirt - Light Grey - back,false
476997d8-0b7d-42ac-9d6f-bc0b567267f5,bee48167-4d7d-4064-9a58-aab1bea0e493,,https://mms-images.out.customink.com/mms/images/catalog/colors/172104/views/alt/left_large.png,Next Level Jersey T-shirt - Light Grey - left,false
6b96df70-ac76-42a9-850c-7199b4973195,bee48167-4d7d-4064-9a58-aab1bea0e493,,https://mms-images.out.customink.com/mms/images/catalog/colors/172104/views/alt/right_large.png,Next Level Jersey T-shirt - Light Grey - right,false
17444d21-c898-4c4f-8ea4-e7ce6f146e94,bee48167-4d7d-4064-9a58-aab1bea0e493,,https://storage.googleapis.com/print-482914-images/products/next-level-jersey-t-shirt/172101_front.png,Next Level Jersey T-shirt - Heather Grey - front,false
14e58787-8af6-4508-91e2-8067222fb7c6,bee48167-4d7d-4064-9a58-aab1bea0e493,,https://storage.googleapis.com/print-482914-images/products/next-level-jersey-t-shirt/172101_back.png,Next Level Jersey T-shirt - Heather Grey - back,false
4c15ee35-f3c1-4839-bfd6-dff2799041d0,bee48167-4d7d-4064-9a58-aab1bea0e493,,https://mms-images.out.customink.com/mms/images/catalog/colors/172101/views/alt/left_large.png,Next Level Jersey T-shirt - Heather Grey - left,false
513b2ec8-02c8-4834-a205-6006abe38281,bee48167-4d7d-4064-9a58-aab1bea0e493,,https://mms-images.out.customink.com/mms/images/catalog/colors/172101/views/alt/right_large.png,Next Level Jersey T-shirt - Heather Grey - right,false
81f124e8-c9c6-471e-9b62-76583b42b933,bee48167-4d7d-4064-9a58-aab1bea0e493,,https://storage.googleapis.com/print-482914-images/products/next-level-jersey-t-shirt/172114_front.png,Next Level Jersey T-shirt - Warm Grey - front,false
3d31f3d3-9c78-4bcf-abce-08ca24b7954e,bee48167-4d7d-4064-9a58-aab1bea0e493,,https://storage.googleapis.com/print-482914-images/products/next-level-jersey-t-shirt/172114_back.png,Next Level Jersey T-shirt - Warm Grey - back,false
1c002286-7ff8-4da4-87a4-4ed39fd6b1a5,bee48167-4d7d-4064-9a58-aab1bea0e493,,https://mms-images.out.customink.com/mms/images/catalog/colors/172114/views/alt/left_large.png,Next Level Jersey T-shirt - Warm Grey - left,false
7964424e-1a4d-42af-946b-8609d116d5f0,bee48167-4d7d-4064-9a58-aab1bea0e493,,https://mms-images.out.customink.com/mms/images/catalog/colors/172114/views/alt/right_large.png,Next Level Jersey T-shirt - Warm Grey - right,false
0cc1b311-dd08-49ea-937f-f97596df6fbb,bee48167-4d7d-4064-9a58-aab1bea0e493,,https://storage.googleapis.com/print-482914-images/products/next-level-jersey-t-shirt/172103_front.png,Next Level Jersey T-shirt - Heavy Metal - front,false
22161425-bf82-4101-83a6-652dd0da1cc2,bee48167-4d7d-4064-9a58-aab1bea0e493,,https://storage.googleapis.com/print-482914-images/products/next-level-jersey-t-shirt/172103_back.png,Next Level Jersey T-shirt - Heavy Metal - back,false
6c5235ce-24a7-489b-bfcb-792d9a9e565b,bee48167-4d7d-4064-9a58-aab1bea0e493,,https://mms-images.out.customink.com/mms/images/catalog/colors/172103/views/alt/left_large.png,Next Level Jersey T-shirt - Heavy Metal - left,false
ebf9ef20-3105-4ca5-9c46-80ceccc27ef7,bee48167-4d7d-4064-9a58-aab1bea0e493,,https://mms-images.out.customink.com/mms/images/catalog/colors/172103/views/alt/right_large.png,Next Level Jersey T-shirt - Heavy Metal - right,false
f3cf2788-9aa5-4b68-94d5-de16f45aba18,bee48167-4d7d-4064-9a58-aab1bea0e493,,https://storage.googleapis.com/print-482914-images/products/next-level-jersey-t-shirt/172133_front.png,Next Level Jersey T-shirt - Graphite Black - front,false
2091d257-7992-4a1d-9a18-8f668aa953b8,bee48167-4d7d-4064-9a58-aab1bea0e493,,https://storage.googleapis.com/print-482914-images/products/next-level-jersey-t-shirt/172133_back.png,Next Level Jersey T-shirt - Graphite Black - back,false
46132caa-17fd-49f8-b280-9a30b7ae573e,bee48167-4d7d-4064-9a58-aab1bea0e493,,https://mms-images.out.customink.com/mms/images/catalog/colors/172133/views/alt/left_large.png,Next Level Jersey T-shirt - Graphite Black - left,false
ff478d94-922c-4b97-ba58-ca4eb64d9284,bee48167-4d7d-4064-9a58-aab1bea0e493,,https://mms-images.out.customink.com/mms/images/catalog/colors/172133/views/alt/right_large.png,Next Level Jersey T-shirt - Graphite Black - right,false
c17a425b-b477-4186-a2ad-77f765d15559,a3cf64b9-70e0-489a-98af-fccb31154610,,https://storage.googleapis.com/print-482914-images/products/hanes-sport-cool-dri-performance-shirt/204500_front.png,Hanes Sport Cool Dri Performance Shirt - White - front,true
95a04a67-0daa-4178-9d1c-b31e6a237650,a3cf64b9-70e0-489a-98af-fccb31154610,,https://storage.googleapis.com/print-482914-images/products/hanes-sport-cool-dri-performance-shirt/204500_back.png,Hanes Sport Cool Dri Performance Shirt - White - back,false
9c1599be-6a33-4ebc-8415-dfd307efce52,a3cf64b9-70e0-489a-98af-fccb31154610,,https://mms-images.out.customink.com/mms/images/catalog/colors/204500/views/alt/left_large.png,Hanes Sport Cool Dri Performance Shirt - White - left,false
cdeed9e9-6531-4ce8-b768-083ca96217af,a3cf64b9-70e0-489a-98af-fccb31154610,,https://mms-images.out.customink.com/mms/images/catalog/colors/204500/views/alt/right_large.png,Hanes Sport Cool Dri Performance Shirt - White - right,false
f924b3f9-607a-4ad7-946c-2ff15d051f0a,a3cf64b9-70e0-489a-98af-fccb31154610,,https://storage.googleapis.com/print-482914-images/products/hanes-sport-cool-dri-performance-shirt/204501_front.png,Hanes Sport Cool Dri Performance Shirt - Black - front,false
b92b334f-d92f-4bf5-8abc-bb51a01df8f5,a3cf64b9-70e0-489a-98af-fccb31154610,,https://storage.googleapis.com/print-482914-images/products/hanes-sport-cool-dri-performance-shirt/204501_back.png,Hanes Sport Cool Dri Performance Shirt - Black - back,false
34831c66-38cf-4354-9a9c-43ed3aabd173,a3cf64b9-70e0-489a-98af-fccb31154610,,https://mms-images.out.customink.com/mms/images/catalog/colors/204501/views/alt/left_large.png,Hanes Sport Cool Dri Performance Shirt - Black - left,false
578e7d06-9bbf-4fa3-884b-7fd8213ceb1e,a3cf64b9-70e0-489a-98af-fccb31154610,,https://mms-images.out.customink.com/mms/images/catalog/colors/204501/views/alt/right_large.png,Hanes Sport Cool Dri Performance Shirt - Black - right,false
30b468a8-ac9f-4507-adad-e54a7f9654ce,a3cf64b9-70e0-489a-98af-fccb31154610,,https://storage.googleapis.com/print-482914-images/products/hanes-sport-cool-dri-performance-shirt/204502_front.png,Hanes Sport Cool Dri Performance Shirt - Graphite - front,false
dc61d650-4c8b-459c-b34a-aa1aedc1f9fd,a3cf64b9-70e0-489a-98af-fccb31154610,,https://storage.googleapis.com/print-482914-images/products/hanes-sport-cool-dri-performance-shirt/204502_back.png,Hanes Sport Cool Dri Performance Shirt - Graphite - back,false
441a3879-39e6-4e63-90f0-fa76d62234c9,a3cf64b9-70e0-489a-98af-fccb31154610,,https://mms-images.out.customink.com/mms/images/catalog/colors/204502/views/alt/left_large.png,Hanes Sport Cool Dri Performance Shirt - Graphite - left,false
be6657f2-a2c4-4163-8153-657d699894ec,a3cf64b9-70e0-489a-98af-fccb31154610,,https://mms-images.out.customink.com/mms/images/catalog/colors/204502/views/alt/right_large.png,Hanes Sport Cool Dri Performance Shirt - Graphite - right,false
ff76be10-20d9-47c6-a23e-260f4875d00c,a3cf64b9-70e0-489a-98af-fccb31154610,,https://storage.googleapis.com/print-482914-images/products/hanes-sport-cool-dri-performance-shirt/204503_front.png,Hanes Sport Cool Dri Performance Shirt - Navy - front,false
e1b4da64-c460-410e-bf3e-75d2788ae75f,a3cf64b9-70e0-489a-98af-fccb31154610,,https://storage.googleapis.com/print-482914-images/products/hanes-sport-cool-dri-performance-shirt/204503_back.png,Hanes Sport Cool Dri Performance Shirt - Navy - back,false
1aebaadc-4109-4c85-84a8-57a0a8739ec1,a3cf64b9-70e0-489a-98af-fccb31154610,,https://mms-images.out.customink.com/mms/images/catalog/colors/204503/views/alt/left_large.png,Hanes Sport Cool Dri Performance Shirt - Navy - left,false
5e904411-07f0-4486-a2ae-8920ef11d38f,a3cf64b9-70e0-489a-98af-fccb31154610,,https://mms-images.out.customink.com/mms/images/catalog/colors/204503/views/alt/right_large.png,Hanes Sport Cool Dri Performance Shirt - Navy - right,false
e694327c-c67d-4fa8-b4a4-f05fd581b0a2,a3cf64b9-70e0-489a-98af-fccb31154610,,https://storage.googleapis.com/print-482914-images/products/hanes-sport-cool-dri-performance-shirt/204504_front.png,Hanes Sport Cool Dri Performance Shirt - Deep Royal - front,false
a8c37582-51b4-463a-bc84-d9a2fb99b2dc,a3cf64b9-70e0-489a-98af-fccb31154610,,https://storage.googleapis.com/print-482914-images/products/hanes-sport-cool-dri-performance-shirt/204504_back.png,Hanes Sport Cool Dri Performance Shirt - Deep Royal - back,false
75993410-69c8-4d79-ab5d-3253adc1f68d,a3cf64b9-70e0-489a-98af-fccb31154610,,https://mms-images.out.customink.com/mms/images/catalog/colors/204504/views/alt/left_large.png,Hanes Sport Cool Dri Performance Shirt - Deep Royal - left,false
59b6b219-787b-4ba3-9a32-ea71dce0bb1b,a3cf64b9-70e0-489a-98af-fccb31154610,,https://mms-images.out.customink.com/mms/images/catalog/colors/204504/views/alt/right_large.png,Hanes Sport Cool Dri Performance Shirt - Deep Royal - right,false
676159e5-387e-4ca7-8a1f-87c16d79f3b0,a3cf64b9-70e0-489a-98af-fccb31154610,,https://storage.googleapis.com/print-482914-images/products/hanes-sport-cool-dri-performance-shirt/204505_front.png,Hanes Sport Cool Dri Performance Shirt - Light Blue - front,false
0983e147-5a46-4a6e-b367-2ec453addb65,a3cf64b9-70e0-489a-98af-fccb31154610,,https://storage.googleapis.com/print-482914-images/products/hanes-sport-cool-dri-performance-shirt/204505_back.png,Hanes Sport Cool Dri Performance Shirt - Light Blue - back,false
7d6f3c5b-c888-4284-bbee-2a2d39dacb74,a3cf64b9-70e0-489a-98af-fccb31154610,,https://mms-images.out.customink.com/mms/images/catalog/colors/204505/views/alt/left_large.png,Hanes Sport Cool Dri Performance Shirt - Light Blue - left,false
0133bf2c-2230-4738-9259-c5dc896dbb78,a3cf64b9-70e0-489a-98af-fccb31154610,,https://mms-images.out.customink.com/mms/images/catalog/colors/204505/views/alt/right_large.png,Hanes Sport Cool Dri Performance Shirt - Light Blue - right,false
2f2ac924-7060-49d4-9801-f65b5103842d,ace7a9dc-5891-49bf-ad5b-bc887baf10dc,,https://storage.googleapis.com/print-482914-images/products/gildan-softstyle-jersey-v-neck-t-shirt/176800_front.png,Gildan Softstyle Jersey V-Neck T-shirt - White - front,true
0d41ba94-cccc-4897-8938-e6bd7339ef7e,ace7a9dc-5891-49bf-ad5b-bc887baf10dc,,https://storage.googleapis.com/print-482914-images/products/gildan-softstyle-jersey-v-neck-t-shirt/176800_back.png,Gildan Softstyle Jersey V-Neck T-shirt - White - back,false
d1801121-a9ca-440f-850b-398dab3e13d9,ace7a9dc-5891-49bf-ad5b-bc887baf10dc,,https://mms-images.out.customink.com/mms/images/catalog/colors/176800/views/alt/left_large.png,Gildan Softstyle Jersey V-Neck T-shirt - White - left,false
38a02c25-a66d-422f-8ded-9e38a02d6260,ace7a9dc-5891-49bf-ad5b-bc887baf10dc,,https://mms-images.out.customink.com/mms/images/catalog/colors/176800/views/alt/right_large.png,Gildan Softstyle Jersey V-Neck T-shirt - White - right,false
fc784603-8cd6-4a4a-b463-29367fdf2106,ace7a9dc-5891-49bf-ad5b-bc887baf10dc,,https://storage.googleapis.com/print-482914-images/products/gildan-softstyle-jersey-v-neck-t-shirt/176801_front.png,Gildan Softstyle Jersey V-Neck T-shirt - Black - front,false
7dfbc47d-4afc-4f5e-a426-75b48e16ec68,ace7a9dc-5891-49bf-ad5b-bc887baf10dc,,https://storage.googleapis.com/print-482914-images/products/gildan-softstyle-jersey-v-neck-t-shirt/176801_back.png,Gildan Softstyle Jersey V-Neck T-shirt - Black - back,false
237d28db-6371-42e4-8ce8-ea0babe910d7,ace7a9dc-5891-49bf-ad5b-bc887baf10dc,,https://mms-images.out.customink.com/mms/images/catalog/colors/176801/views/alt/left_large.png,Gildan Softstyle Jersey V-Neck T-shirt - Black - left,false
9150dfac-2a7d-491d-9b36-ce5ee1aeb828,ace7a9dc-5891-49bf-ad5b-bc887baf10dc,,https://mms-images.out.customink.com/mms/images/catalog/colors/176801/views/alt/right_large.png,Gildan Softstyle Jersey V-Neck T-shirt - Black - right,false
3d803b67-04c6-4901-b807-f3ad86daa6d7,ace7a9dc-5891-49bf-ad5b-bc887baf10dc,,https://storage.googleapis.com/print-482914-images/products/gildan-softstyle-jersey-v-neck-t-shirt/176806_front.png,Gildan Softstyle Jersey V-Neck T-shirt - Dark Heather - front,false
50d6fdc0-57df-4168-8a32-dbadbd7d3c8c,ace7a9dc-5891-49bf-ad5b-bc887baf10dc,,https://storage.googleapis.com/print-482914-images/products/gildan-softstyle-jersey-v-neck-t-shirt/176806_back.png,Gildan Softstyle Jersey V-Neck T-shirt - Dark Heather - back,false
7665ce75-db2f-4c8d-bb0e-aa5b66f864dc,ace7a9dc-5891-49bf-ad5b-bc887baf10dc,,https://mms-images.out.customink.com/mms/images/catalog/colors/176806/views/alt/left_large.png,Gildan Softstyle Jersey V-Neck T-shirt - Dark Heather - left,false
d550d8d8-6429-4b45-ab88-6e629d68272b,ace7a9dc-5891-49bf-ad5b-bc887baf10dc,,https://mms-images.out.customink.com/mms/images/catalog/colors/176806/views/alt/right_large.png,Gildan Softstyle Jersey V-Neck T-shirt - Dark Heather - right,false
ca6d4d11-4ae6-4d9f-a6b1-97c8689eee54,ace7a9dc-5891-49bf-ad5b-bc887baf10dc,,https://storage.googleapis.com/print-482914-images/products/gildan-softstyle-jersey-v-neck-t-shirt/176802_front.png,Gildan Softstyle Jersey V-Neck T-shirt - Sports Grey - front,false
20d1cede-5325-4e68-a61b-1daf6bf227d1,ace7a9dc-5891-49bf-ad5b-bc887baf10dc,,https://storage.googleapis.com/print-482914-images/products/gildan-softstyle-jersey-v-neck-t-shirt/176802_back.png,Gildan Softstyle Jersey V-Neck T-shirt - Sports Grey - back,false
dd92c29d-df39-4cbe-b3bc-193f07fa2b33,ace7a9dc-5891-49bf-ad5b-bc887baf10dc,,https://mms-images.out.customink.com/mms/images/catalog/colors/176802/views/alt/left_large.png,Gildan Softstyle Jersey V-Neck T-shirt - Sports Grey - left,false
0575c116-4fd7-4125-bae8-107ecde8fc56,ace7a9dc-5891-49bf-ad5b-bc887baf10dc,,https://mms-images.out.customink.com/mms/images/catalog/colors/176802/views/alt/right_large.png,Gildan Softstyle Jersey V-Neck T-shirt - Sports Grey - right,false
9099ffe6-c641-45b8-a0ef-2a46cdea981c,ace7a9dc-5891-49bf-ad5b-bc887baf10dc,,https://storage.googleapis.com/print-482914-images/products/gildan-softstyle-jersey-v-neck-t-shirt/176803_front.png,Gildan Softstyle Jersey V-Neck T-shirt - Charcoal - front,false
d56027d4-e7db-4909-b1c6-9fad08ab618c,ace7a9dc-5891-49bf-ad5b-bc887baf10dc,,https://storage.googleapis.com/print-482914-images/products/gildan-softstyle-jersey-v-neck-t-shirt/176803_back.png,Gildan Softstyle Jersey V-Neck T-shirt - Charcoal - back,false
1583331d-8bce-4a3f-822d-24185a47e74b,ace7a9dc-5891-49bf-ad5b-bc887baf10dc,,https://mms-images.out.customink.com/mms/images/catalog/colors/176803/views/alt/left_large.png,Gildan Softstyle Jersey V-Neck T-shirt - Charcoal - left,false
d7325b24-184f-4330-9b8f-5c0d70d4ffa5,ace7a9dc-5891-49bf-ad5b-bc887baf10dc,,https://mms-images.out.customink.com/mms/images/catalog/colors/176803/views/alt/right_large.png,Gildan Softstyle Jersey V-Neck T-shirt - Charcoal - right,false
d37aecc9-7b00-444d-a189-e996695e3937,ace7a9dc-5891-49bf-ad5b-bc887baf10dc,,https://storage.googleapis.com/print-482914-images/products/gildan-softstyle-jersey-v-neck-t-shirt/176804_front.png,Gildan Softstyle Jersey V-Neck T-shirt - Navy - front,false
5516ece2-d755-48da-aedb-16d0ea25e225,ace7a9dc-5891-49bf-ad5b-bc887baf10dc,,https://storage.googleapis.com/print-482914-images/products/gildan-softstyle-jersey-v-neck-t-shirt/176804_back.png,Gildan Softstyle Jersey V-Neck T-shirt - Navy - back,false
47921ba3-6f07-43ec-96d2-dbd0d346d349,ace7a9dc-5891-49bf-ad5b-bc887baf10dc,,https://mms-images.out.customink.com/mms/images/catalog/colors/176804/views/alt/left_large.png,Gildan Softstyle Jersey V-Neck T-shirt - Navy - left,false
0732536d-a0c0-4957-8bc8-1ef8f68eaa6f,ace7a9dc-5891-49bf-ad5b-bc887baf10dc,,https://mms-images.out.customink.com/mms/images/catalog/colors/176804/views/alt/right_large.png,Gildan Softstyle Jersey V-Neck T-shirt - Navy - right,false
5c62edd8-a655-45d2-a7ac-0d33e3348241,f3819a6a-f7f2-4422-86de-09eb490b8138,,https://storage.googleapis.com/print-482914-images/products/port-and-company-womens-fan-favorite-v-neck-t-shirt/647800_front.png,Port & Company Women's Fan Favorite V-Neck T-shirt - White - front,true
874eb8e2-9fe5-4f09-80ce-40cf6416b2e0,f3819a6a-f7f2-4422-86de-09eb490b8138,,https://storage.googleapis.com/print-482914-images/products/port-and-company-womens-fan-favorite-v-neck-t-shirt/647800_back.png,Port & Company Women's Fan Favorite V-Neck T-shirt - White - back,false
d8635a38-38cd-4407-8b87-8825460d4d55,f3819a6a-f7f2-4422-86de-09eb490b8138,,https://mms-images.out.customink.com/mms/images/catalog/colors/647800/views/alt/left_large.png,Port & Company Women's Fan Favorite V-Neck T-shirt - White - left,false
75f9da61-2381-472d-b30a-a79a50e5dde5,f3819a6a-f7f2-4422-86de-09eb490b8138,,https://mms-images.out.customink.com/mms/images/catalog/colors/647800/views/alt/right_large.png,Port & Company Women's Fan Favorite V-Neck T-shirt - White - right,false
d763b5eb-a1e5-4eea-a0e4-ac1d73ba42c1,f3819a6a-f7f2-4422-86de-09eb490b8138,,https://storage.googleapis.com/print-482914-images/products/port-and-company-womens-fan-favorite-v-neck-t-shirt/647802_front.png,Port & Company Women's Fan Favorite V-Neck T-shirt - Athletic Heather - front,false
39d0472c-f636-46f3-922d-6d492da94c42,f3819a6a-f7f2-4422-86de-09eb490b8138,,https://storage.googleapis.com/print-482914-images/products/port-and-company-womens-fan-favorite-v-neck-t-shirt/647802_back.png,Port & Company Women's Fan Favorite V-Neck T-shirt - Athletic Heather - back,false
2a0fbb39-bbd9-478f-9492-fea300b4e889,f3819a6a-f7f2-4422-86de-09eb490b8138,,https://mms-images.out.customink.com/mms/images/catalog/colors/647802/views/alt/left_large.png,Port & Company Women's Fan Favorite V-Neck T-shirt - Athletic Heather - left,false
54d163dc-184d-4c4b-8a2a-a6d735957ee0,f3819a6a-f7f2-4422-86de-09eb490b8138,,https://mms-images.out.customink.com/mms/images/catalog/colors/647802/views/alt/right_large.png,Port & Company Women's Fan Favorite V-Neck T-shirt - Athletic Heather - right,false
d3c48b91-dd23-4360-bb7e-4be81a3ba3f9,f3819a6a-f7f2-4422-86de-09eb490b8138,,https://storage.googleapis.com/print-482914-images/products/port-and-company-womens-fan-favorite-v-neck-t-shirt/647803_front.png,Port & Company Women's Fan Favorite V-Neck T-shirt - Dark Heather Grey - front,false
f777157f-117d-4efe-8e0f-20ef183c5495,f3819a6a-f7f2-4422-86de-09eb490b8138,,https://storage.googleapis.com/print-482914-images/products/port-and-company-womens-fan-favorite-v-neck-t-shirt/647803_back.png,Port & Company Women's Fan Favorite V-Neck T-shirt - Dark Heather Grey - back,false
8f9c508e-1ce4-4e46-b11a-fbce398a4ce9,f3819a6a-f7f2-4422-86de-09eb490b8138,,https://mms-images.out.customink.com/mms/images/catalog/colors/647803/views/alt/left_large.png,Port & Company Women's Fan Favorite V-Neck T-shirt - Dark Heather Grey - left,false
b145603f-6254-4605-8886-2fd828eed336,f3819a6a-f7f2-4422-86de-09eb490b8138,,https://mms-images.out.customink.com/mms/images/catalog/colors/647803/views/alt/right_large.png,Port & Company Women's Fan Favorite V-Neck T-shirt - Dark Heather Grey - right,false
a7b0a863-b4cb-4d39-bea5-aaf2cd8f2bb5,f3819a6a-f7f2-4422-86de-09eb490b8138,,https://storage.googleapis.com/print-482914-images/products/port-and-company-womens-fan-favorite-v-neck-t-shirt/647801_front.png,Port & Company Women's Fan Favorite V-Neck T-shirt - Jet Black - front,false
de917d1e-ca72-4763-997b-0fd0f01d0011,f3819a6a-f7f2-4422-86de-09eb490b8138,,https://storage.googleapis.com/print-482914-images/products/port-and-company-womens-fan-favorite-v-neck-t-shirt/647801_back.png,Port & Company Women's Fan Favorite V-Neck T-shirt - Jet Black - back,false
806802d9-3dbf-4812-8363-d1fe4e90bf79,f3819a6a-f7f2-4422-86de-09eb490b8138,,https://mms-images.out.customink.com/mms/images/catalog/colors/647801/views/alt/left_large.png,Port & Company Women's Fan Favorite V-Neck T-shirt - Jet Black - left,false
b88f5077-0a6f-4aa2-854a-e13d6c4789ba,f3819a6a-f7f2-4422-86de-09eb490b8138,,https://mms-images.out.customink.com/mms/images/catalog/colors/647801/views/alt/right_large.png,Port & Company Women's Fan Favorite V-Neck T-shirt - Jet Black - right,false
db4faab4-6b4a-4b51-a232-a686c2b5f76e,f3819a6a-f7f2-4422-86de-09eb490b8138,,https://storage.googleapis.com/print-482914-images/products/port-and-company-womens-fan-favorite-v-neck-t-shirt/647806_front.png,Port & Company Women's Fan Favorite V-Neck T-shirt - Team Navy - front,false
13d81613-3347-4f2e-8bfe-429868985284,f3819a6a-f7f2-4422-86de-09eb490b8138,,https://storage.googleapis.com/print-482914-images/products/port-and-company-womens-fan-favorite-v-neck-t-shirt/647806_back.png,Port & Company Women's Fan Favorite V-Neck T-shirt - Team Navy - back,false
6df22148-d81b-4652-93e3-79e659126454,f3819a6a-f7f2-4422-86de-09eb490b8138,,https://mms-images.out.customink.com/mms/images/catalog/colors/647806/views/alt/left_large.png,Port & Company Women's Fan Favorite V-Neck T-shirt - Team Navy - left,false
bd825be7-237d-44e3-83cd-1c8aa66fb0a0,f3819a6a-f7f2-4422-86de-09eb490b8138,,https://mms-images.out.customink.com/mms/images/catalog/colors/647806/views/alt/right_large.png,Port & Company Women's Fan Favorite V-Neck T-shirt - Team Navy - right,false
927db9d3-3263-4b34-88c8-94c0cf088711,f3819a6a-f7f2-4422-86de-09eb490b8138,,https://storage.googleapis.com/print-482914-images/products/port-and-company-womens-fan-favorite-v-neck-t-shirt/647809_front.png,Port & Company Women's Fan Favorite V-Neck T-shirt - True Royal - front,false
8d2ff8e9-349f-47e3-963f-f1c7a8593e27,f3819a6a-f7f2-4422-86de-09eb490b8138,,https://storage.googleapis.com/print-482914-images/products/port-and-company-womens-fan-favorite-v-neck-t-shirt/647809_back.png,Port & Company Women's Fan Favorite V-Neck T-shirt - True Royal - back,false
bc435c74-8292-4eb7-a718-9d63b507df4e,f3819a6a-f7f2-4422-86de-09eb490b8138,,https://mms-images.out.customink.com/mms/images/catalog/colors/647809/views/alt/left_large.png,Port & Company Women's Fan Favorite V-Neck T-shirt - True Royal - left,false
232d0a3d-3171-4219-835d-d9966bb19cd0,f3819a6a-f7f2-4422-86de-09eb490b8138,,https://mms-images.out.customink.com/mms/images/catalog/colors/647809/views/alt/right_large.png,Port & Company Women's Fan Favorite V-Neck T-shirt - True Royal - right,false
