Title,URL handle,Description,Vendor,Product category,Type,Tags,Published on online store,Status,SKU,Barcode,Option1 name,Option1 value,Option1 Linked To,Option2 name,Option2 value,Option2 Linked To,Option3 name,Option3 value,Option3 Linked To,Price,Compare-at price,Cost per item,Charge tax,Tax code,Unit price total measure,Unit price total measure unit,Unit price base measure,Unit price base measure unit,Inventory tracker,Inventory quantity,Continue selling when out of stock,Weight value (grams),Weight unit for display,Requires shipping,Fulfillment service,Product image URL,Image position,Image alt text,Variant image URL,Gift card,SEO title,SEO description,Color (product.metafields.shopify.color-pattern),Google Shopping / Google product category,Google Shopping / Gender,Google Shopping / Age group,Google Shopping / Manufacturer part number (MPN),Google Shopping / Ad group name,Google Shopping / Ads labels,Google Shopping / Condition,Google Shopping / Custom product,Google Shopping / Custom label 0,Google Shopping / Custom label 1,Google Shopping / Custom label 2,Google Shopping / Custom label 3,Google Shopping / Custom label 4,Subtitle (product.metafields.descriptors.subtitle)
Gildan® 18000,gildan-18000-g18000,"<p>When soft comfort is what you seek, the Heavy Blend® Adult Crewneck Sweatshirt is what you need. Made from a 50% U.S. cotton/50% polyester blend, this warm classic fit style looks great and makes a great canvas for decorating.</p><ul><li>50% Cotton / 50% Polyester — 8.0 oz/yd²</li><li>Air jet yarn — softer feel and reduced pilling</li><li>Classic fit</li><li>Quarter-turned to eliminate centre crease</li><li>Set-in sleeves</li><li>1 × 1 athletic rib knit cuffs and waistband with spandex</li><li>Double-needle stitching throughout</li></ul><h4>Size Chart (inches)</h4><table><thead><tr><th>Size</th><th>Chest</th><th>Body Length</th></tr></thead><tbody><tr><td>XS</td><td>31–33</td><td>25½</td></tr><tr><td>S</td><td>34–36</td><td>26½</td></tr><tr><td>M</td><td>38–40</td><td>27½</td></tr><tr><td>L</td><td>42–44</td><td>28½</td></tr><tr><td>XL</td><td>46–48</td><td>29½</td></tr><tr><td>2XL</td><td>50–52</td><td>30½</td></tr><tr><td>3XL</td><td>54–56</td><td>31½</td></tr><tr><td>4XL</td><td>58–60</td><td>32½</td></tr><tr><td>5XL</td><td>62–64</td><td>33½</td></tr></tbody></table>",Gildan,gid://shopify/TaxonomyCategory/aa-1-13-14,Crewneck Sweatshirt,"Crewneck Sweatshirt, Adult, Unisex, G18000",TRUE,active,G18000-026-XS,,Color,Sapphire,,Size,XS,,,,,,,,TRUE,,,,,,shopify,300,deny,400,g,TRUE,manual,https://cdn.shopify.com/s/files/1/0746/6817/9644/files/000013_026_front_038e890d-1a4a-4aba-b431-09cf335ec942.jpg?v=1779391295,11,Gildan® 18000 — Sapphire — front view,https://cdn.shopify.com/s/files/1/0746/6817/9644/files/000013_026_front_038e890d-1a4a-4aba-b431-09cf335ec942.jpg?v=1779391295,,Gildan® 18000,"<p>When soft comfort is what you seek, the Heavy Blend® Adult Crewneck Sweatshirt is what you need. Made from a 50% U.S. cotton/50% polyester blend, this w",sapphire,gid://shopify/TaxonomyCategory/aa-1-13-14,Unisex,Adult,G18000,,,new,,,,,,,Adult Crewneck Sweatshirt
,gildan-18000-g18000,,,,,,,,,,,,,,,,,,,,,,,,,,,,,,,,,,,https://cdn.shopify.com/s/files/1/0746/6817/9644/files/gildan-18000_navy_asian.png?v=1779475060,1,Gildan® 18000 — Asian model — front view,,,,,,,,,,,,,,,,,,,
,gildan-18000-g18000,,,,,,,,,,,,,,,,,,,,,,,,,,,,,,,,,,,https://cdn.shopify.com/s/files/1/0746/6817/9644/files/gildan-18000_red_black.png?v=1779475060,2,Gildan® 18000 — Black model — front view,,,,,,,,,,,,,,,,,,,
,gildan-18000-g18000,,,,,,,,G18000-026-S,,Color,Sapphire,,Size,S,,,,,,,,TRUE,,,,,,shopify,300,deny,400,g,TRUE,manual,,,,https://cdn.shopify.com/s/files/1/0746/6817/9644/files/000013_026_front_038e890d-1a4a-4aba-b431-09cf335ec942.jpg?v=1779391295,,,,sapphire,,,,,,,,,,,,,,
,gildan-18000-g18000,,,,,,,,G18000-026-M,,Color,Sapphire,,Size,M,,,,,,,,TRUE,,,,,,shopify,300,deny,400,g,TRUE,manual,,,,https://cdn.shopify.com/s/files/1/0746/6817/9644/files/000013_026_front_038e890d-1a4a-4aba-b431-09cf335ec942.jpg?v=1779391295,,,,sapphire,,,,,,,,,,,,,,
,gildan-18000-g18000,,,,,,,,G18000-026-L,,Color,Sapphire,,Size,L,,,,,,,,TRUE,,,,,,shopify,300,deny,400,g,TRUE,manual,,,,https://cdn.shopify.com/s/files/1/0746/6817/9644/files/000013_026_front_038e890d-1a4a-4aba-b431-09cf335ec942.jpg?v=1779391295,,,,sapphire,,,,,,,,,,,,,,
,gildan-18000-g18000,,,,,,,,G18000-026-XL,,Color,Sapphire,,Size,XL,,,,,,,,TRUE,,,,,,shopify,300,deny,400,g,TRUE,manual,,,,https://cdn.shopify.com/s/files/1/0746/6817/9644/files/000013_026_front_038e890d-1a4a-4aba-b431-09cf335ec942.jpg?v=1779391295,,,,sapphire,,,,,,,,,,,,,,
,gildan-18000-g18000,,,,,,,,G18000-026-2XL,,Color,Sapphire,,Size,2XL,,,,,,,,TRUE,,,,,,shopify,300,deny,400,g,TRUE,manual,,,,https://cdn.shopify.com/s/files/1/0746/6817/9644/files/000013_026_front_038e890d-1a4a-4aba-b431-09cf335ec942.jpg?v=1779391295,,,,sapphire,,,,,,,,,,,,,,
,gildan-18000-g18000,,,,,,,,G18000-026-3XL,,Color,Sapphire,,Size,3XL,,,,,,,,TRUE,,,,,,shopify,300,deny,400,g,TRUE,manual,,,,https://cdn.shopify.com/s/files/1/0746/6817/9644/files/000013_026_front_038e890d-1a4a-4aba-b431-09cf335ec942.jpg?v=1779391295,,,,sapphire,,,,,,,,,,,,,,
,gildan-18000-g18000,,,,,,,,G18000-026-4XL,,Color,Sapphire,,Size,4XL,,,,,,,,TRUE,,,,,,shopify,300,deny,400,g,TRUE,manual,,,,https://cdn.shopify.com/s/files/1/0746/6817/9644/files/000013_026_front_038e890d-1a4a-4aba-b431-09cf335ec942.jpg?v=1779391295,,,,sapphire,,,,,,,,,,,,,,
,gildan-18000-g18000,,,,,,,,G18000-026-5XL,,Color,Sapphire,,Size,5XL,,,,,,,,TRUE,,,,,,shopify,300,deny,400,g,TRUE,manual,,,,https://cdn.shopify.com/s/files/1/0746/6817/9644/files/000013_026_front_038e890d-1a4a-4aba-b431-09cf335ec942.jpg?v=1779391295,,,,sapphire,,,,,,,,,,,,,,
,gildan-18000-g18000,,,,,,,,,,,,,,,,,,,,,,,,,,,,,,,,,,,https://cdn.shopify.com/s/files/1/0746/6817/9644/files/000013_026_back_4ef84ac2-bfc6-4c72-bbfd-8ccf243c738e.jpg?v=1779391293,12,Gildan® 18000 — Sapphire — back view,,,,,,,,,,,,,,,,,,,
,gildan-18000-g18000,,,,,,,,,,,,,,,,,,,,,,,,,,,,,,,,,,,https://cdn.shopify.com/s/files/1/0746/6817/9644/files/000013_026_left_451ea703-9ad9-4819-9ba8-fc66dc61e8c0.jpg?v=1779391296,13,Gildan® 18000 — Sapphire — left side view,,,,,,,,,,,,,,,,,,,
,gildan-18000-g18000,,,,,,,,,,,,,,,,,,,,,,,,,,,,,,,,,,,https://cdn.shopify.com/s/files/1/0746/6817/9644/files/000013_026_right_b7655096-48f8-465d-853b-d599f72c0ab6.jpg?v=1779391298,14,Gildan® 18000 — Sapphire — right side view,,,,,,,,,,,,,,,,,,,
,gildan-18000-g18000,,,,,,,,,,,,,,,,,,,,,,,,,,,,,,,,,,,https://cdn.shopify.com/s/files/1/0746/6817/9644/files/000013_026_neckline_2b277942-cc9f-4882-82af-12d44903c7cc.jpg?v=1779391298,15,Gildan® 18000 — Sapphire — neckline detail,,,,,,,,,,,,,,,,,,,
,gildan-18000-g18000,,,,,,,,,,,,,,,,,,,,,,,,,,,,,,,,,,,https://cdn.shopify.com/s/files/1/0746/6817/9644/files/000013_026_fabric_e9d60cc6-1b94-401b-93b2-2403804015b9.jpg?v=1779391294,16,Gildan® 18000 — Sapphire — fabric detail,,,,,,,,,,,,,,,,,,,
,gildan-18000-g18000,,,,,,,,,,,,,,,,,,,,,,,,,,,,,,,,,,,https://cdn.shopify.com/s/files/1/0746/6817/9644/files/000013_026_front_f.jpg?v=1779391296,17,Gildan® 18000 — Sapphire — front view (women's fit),,,,,,,,,,,,,,,,,,,
,gildan-18000-g18000,,,,,,,,,,,,,,,,,,,,,,,,,,,,,,,,,,,https://cdn.shopify.com/s/files/1/0746/6817/9644/files/000013_026_back_f.jpg?v=1779391293,18,Gildan® 18000 — Sapphire — back view (women's fit),,,,,,,,,,,,,,,,,,,
,gildan-18000-g18000,,,,,,,,G18000-030-XS,,Color,White,,Size,XS,,,,,,,,TRUE,,,,,,shopify,300,deny,400,g,TRUE,manual,https://cdn.shopify.com/s/files/1/0746/6817/9644/files/000008_030_front_efccd4ce-49c5-4df2-b920-84cc036cb1d3.jpg?v=1779391253,19,Gildan® 18000 — White — front view,https://cdn.shopify.com/s/files/1/0746/6817/9644/files/000008_030_front_efccd4ce-49c5-4df2-b920-84cc036cb1d3.jpg?v=1779391253,,,,white,,,,,,,,,,,,,,
,gildan-18000-g18000,,,,,,,,G18000-030-S,,Color,White,,Size,S,,,,,,,,TRUE,,,,,,shopify,300,deny,400,g,TRUE,manual,,,,https://cdn.shopify.com/s/files/1/0746/6817/9644/files/000008_030_front_efccd4ce-49c5-4df2-b920-84cc036cb1d3.jpg?v=1779391253,,,,white,,,,,,,,,,,,,,
,gildan-18000-g18000,,,,,,,,G18000-030-M,,Color,White,,Size,M,,,,,,,,TRUE,,,,,,shopify,300,deny,400,g,TRUE,manual,,,,https://cdn.shopify.com/s/files/1/0746/6817/9644/files/000008_030_front_efccd4ce-49c5-4df2-b920-84cc036cb1d3.jpg?v=1779391253,,,,white,,,,,,,,,,,,,,
,gildan-18000-g18000,,,,,,,,G18000-030-L,,Color,White,,Size,L,,,,,,,,TRUE,,,,,,shopify,300,deny,400,g,TRUE,manual,,,,https://cdn.shopify.com/s/files/1/0746/6817/9644/files/000008_030_front_efccd4ce-49c5-4df2-b920-84cc036cb1d3.jpg?v=1779391253,,,,white,,,,,,,,,,,,,,
,gildan-18000-g18000,,,,,,,,G18000-030-XL,,Color,White,,Size,XL,,,,,,,,TRUE,,,,,,shopify,300,deny,400,g,TRUE,manual,,,,https://cdn.shopify.com/s/files/1/0746/6817/9644/files/000008_030_front_efccd4ce-49c5-4df2-b920-84cc036cb1d3.jpg?v=1779391253,,,,white,,,,,,,,,,,,,,
,gildan-18000-g18000,,,,,,,,G18000-030-2XL,,Color,White,,Size,2XL,,,,,,,,TRUE,,,,,,shopify,300,deny,400,g,TRUE,manual,,,,https://cdn.shopify.com/s/files/1/0746/6817/9644/files/000008_030_front_efccd4ce-49c5-4df2-b920-84cc036cb1d3.jpg?v=1779391253,,,,white,,,,,,,,,,,,,,
,gildan-18000-g18000,,,,,,,,G18000-030-3XL,,Color,White,,Size,3XL,,,,,,,,TRUE,,,,,,shopify,300,deny,400,g,TRUE,manual,,,,https://cdn.shopify.com/s/files/1/0746/6817/9644/files/000008_030_front_efccd4ce-49c5-4df2-b920-84cc036cb1d3.jpg?v=1779391253,,,,white,,,,,,,,,,,,,,
,gildan-18000-g18000,,,,,,,,G18000-030-4XL,,Color,White,,Size,4XL,,,,,,,,TRUE,,,,,,shopify,300,deny,400,g,TRUE,manual,,,,https://cdn.shopify.com/s/files/1/0746/6817/9644/files/000008_030_front_efccd4ce-49c5-4df2-b920-84cc036cb1d3.jpg?v=1779391253,,,,white,,,,,,,,,,,,,,
,gildan-18000-g18000,,,,,,,,G18000-030-5XL,,Color,White,,Size,5XL,,,,,,,,TRUE,,,,,,shopify,300,deny,400,g,TRUE,manual,,,,https://cdn.shopify.com/s/files/1/0746/6817/9644/files/000008_030_front_efccd4ce-49c5-4df2-b920-84cc036cb1d3.jpg?v=1779391253,,,,white,,,,,,,,,,,,,,
,gildan-18000-g18000,,,,,,,,,,,,,,,,,,,,,,,,,,,,,,,,,,,https://cdn.shopify.com/s/files/1/0746/6817/9644/files/000008_030_back_d02ffb8c-fa2b-4fb3-ac4a-ca917ac5f1a7.jpg?v=1779391249,20,Gildan® 18000 — White — back view,,,,,,,,,,,,,,,,,,,
,gildan-18000-g18000,,,,,,,,,,,,,,,,,,,,,,,,,,,,,,,,,,,https://cdn.shopify.com/s/files/1/0746/6817/9644/files/000008_030_left_6417fc88-5df9-4da3-bc5d-2ba24ad98693.jpg?v=1779391255,21,Gildan® 18000 — White — left side view,,,,,,,,,,,,,,,,,,,
,gildan-18000-g18000,,,,,,,,,,,,,,,,,,,,,,,,,,,,,,,,,,,https://cdn.shopify.com/s/files/1/0746/6817/9644/files/000008_030_right_c368b75b-e782-41db-b0cf-6e8031f6d012.jpg?v=1779391256,22,Gildan® 18000 — White — right side view,,,,,,,,,,,,,,,,,,,
,gildan-18000-g18000,,,,,,,,,,,,,,,,,,,,,,,,,,,,,,,,,,,https://cdn.shopify.com/s/files/1/0746/6817/9644/files/000008_030_neckline_262350aa-e4e0-4492-8cd2-7e8c76214ed2.jpg?v=1779391257,23,Gildan® 18000 — White — neckline detail,,,,,,,,,,,,,,,,,,,
,gildan-18000-g18000,,,,,,,,,,,,,,,,,,,,,,,,,,,,,,,,,,,https://cdn.shopify.com/s/files/1/0746/6817/9644/files/000008_030_fabric_757df332-40c1-45b9-99a3-85d22e142241.jpg?v=1779391252,24,Gildan® 18000 — White — fabric detail,,,,,,,,,,,,,,,,,,,
,gildan-18000-g18000,,,,,,,,,,,,,,,,,,,,,,,,,,,,,,,,,,,https://cdn.shopify.com/s/files/1/0746/6817/9644/files/000008_030_front_f.jpg?v=1779391253,25,Gildan® 18000 — White — front view (women's fit),,,,,,,,,,,,,,,,,,,
,gildan-18000-g18000,,,,,,,,,,,,,,,,,,,,,,,,,,,,,,,,,,,https://cdn.shopify.com/s/files/1/0746/6817/9644/files/000008_030_back_f.jpg?v=1779391251,26,Gildan® 18000 — White — back view (women's fit),,,,,,,,,,,,,,,,,,,
,gildan-18000-g18000,,,,,,,,G18000-032-XS,,Color,Navy,,Size,XS,,,,,,,,TRUE,,,,,,shopify,300,deny,400,g,TRUE,manual,https://cdn.shopify.com/s/files/1/0746/6817/9644/files/000009_032_front_5135190e-ab94-473d-b3da-cfa4c5881fd4.jpg?v=1779391261,27,Gildan® 18000 — Navy — front view,https://cdn.shopify.com/s/files/1/0746/6817/9644/files/000009_032_front_5135190e-ab94-473d-b3da-cfa4c5881fd4.jpg?v=1779391261,,,,navy,,,,,,,,,,,,,,
,gildan-18000-g18000,,,,,,,,G18000-032-S,,Color,Navy,,Size,S,,,,,,,,TRUE,,,,,,shopify,300,deny,400,g,TRUE,manual,,,,https://cdn.shopify.com/s/files/1/0746/6817/9644/files/000009_032_front_5135190e-ab94-473d-b3da-cfa4c5881fd4.jpg?v=1779391261,,,,navy,,,,,,,,,,,,,,
,gildan-18000-g18000,,,,,,,,G18000-032-M,,Color,Navy,,Size,M,,,,,,,,TRUE,,,,,,shopify,300,deny,400,g,TRUE,manual,,,,https://cdn.shopify.com/s/files/1/0746/6817/9644/files/000009_032_front_5135190e-ab94-473d-b3da-cfa4c5881fd4.jpg?v=1779391261,,,,navy,,,,,,,,,,,,,,
,gildan-18000-g18000,,,,,,,,G18000-032-L,,Color,Navy,,Size,L,,,,,,,,TRUE,,,,,,shopify,300,deny,400,g,TRUE,manual,,,,https://cdn.shopify.com/s/files/1/0746/6817/9644/files/000009_032_front_5135190e-ab94-473d-b3da-cfa4c5881fd4.jpg?v=1779391261,,,,navy,,,,,,,,,,,,,,
,gildan-18000-g18000,,,,,,,,G18000-032-XL,,Color,Navy,,Size,XL,,,,,,,,TRUE,,,,,,shopify,300,deny,400,g,TRUE,manual,,,,https://cdn.shopify.com/s/files/1/0746/6817/9644/files/000009_032_front_5135190e-ab94-473d-b3da-cfa4c5881fd4.jpg?v=1779391261,,,,navy,,,,,,,,,,,,,,
,gildan-18000-g18000,,,,,,,,G18000-032-2XL,,Color,Navy,,Size,2XL,,,,,,,,TRUE,,,,,,shopify,300,deny,400,g,TRUE,manual,,,,https://cdn.shopify.com/s/files/1/0746/6817/9644/files/000009_032_front_5135190e-ab94-473d-b3da-cfa4c5881fd4.jpg?v=1779391261,,,,navy,,,,,,,,,,,,,,
,gildan-18000-g18000,,,,,,,,G18000-032-3XL,,Color,Navy,,Size,3XL,,,,,,,,TRUE,,,,,,shopify,300,deny,400,g,TRUE,manual,,,,https://cdn.shopify.com/s/files/1/0746/6817/9644/files/000009_032_front_5135190e-ab94-473d-b3da-cfa4c5881fd4.jpg?v=1779391261,,,,navy,,,,,,,,,,,,,,
,gildan-18000-g18000,,,,,,,,G18000-032-4XL,,Color,Navy,,Size,4XL,,,,,,,,TRUE,,,,,,shopify,300,deny,400,g,TRUE,manual,,,,https://cdn.shopify.com/s/files/1/0746/6817/9644/files/000009_032_front_5135190e-ab94-473d-b3da-cfa4c5881fd4.jpg?v=1779391261,,,,navy,,,,,,,,,,,,,,
,gildan-18000-g18000,,,,,,,,G18000-032-5XL,,Color,Navy,,Size,5XL,,,,,,,,TRUE,,,,,,shopify,300,deny,400,g,TRUE,manual,,,,https://cdn.shopify.com/s/files/1/0746/6817/9644/files/000009_032_front_5135190e-ab94-473d-b3da-cfa4c5881fd4.jpg?v=1779391261,,,,navy,,,,,,,,,,,,,,
,gildan-18000-g18000,,,,,,,,,,,,,,,,,,,,,,,,,,,,,,,,,,,https://cdn.shopify.com/s/files/1/0746/6817/9644/files/000009_032_back_c154e85d-d6de-4905-9cbf-928af179c6a3.jpg?v=1779391259,28,Gildan® 18000 — Navy — back view,,,,,,,,,,,,,,,,,,,
,gildan-18000-g18000,,,,,,,,,,,,,,,,,,,,,,,,,,,,,,,,,,,https://cdn.shopify.com/s/files/1/0746/6817/9644/files/000009_032_left_b7d6d3a8-0ca4-421e-a995-d6bd1f28f3bf.jpg?v=1779391264,29,Gildan® 18000 — Navy — left side view,,,,,,,,,,,,,,,,,,,
,gildan-18000-g18000,,,,,,,,,,,,,,,,,,,,,,,,,,,,,,,,,,,https://cdn.shopify.com/s/files/1/0746/6817/9644/files/000009_032_right_a9c76285-f342-4a99-bd81-6c41d450c945.jpg?v=1779391266,30,Gildan® 18000 — Navy — right side view,,,,,,,,,,,,,,,,,,,
,gildan-18000-g18000,,,,,,,,,,,,,,,,,,,,,,,,,,,,,,,,,,,https://cdn.shopify.com/s/files/1/0746/6817/9644/files/000009_032_neckline_4e73fa43-e82e-4a89-b79d-3ed48e9f8b1b.jpg?v=1779391265,31,Gildan® 18000 — Navy — neckline detail,,,,,,,,,,,,,,,,,,,
,gildan-18000-g18000,,,,,,,,,,,,,,,,,,,,,,,,,,,,,,,,,,,https://cdn.shopify.com/s/files/1/0746/6817/9644/files/000009_032_fabric_cf51babf-7901-41a0-9bf9-9b994501bc4a.jpg?v=1779391260,32,Gildan® 18000 — Navy — fabric detail,,,,,,,,,,,,,,,,,,,
,gildan-18000-g18000,,,,,,,,,,,,,,,,,,,,,,,,,,,,,,,,,,,https://cdn.shopify.com/s/files/1/0746/6817/9644/files/000009_032_front_f.jpg?v=1779391264,33,Gildan® 18000 — Navy — front view (women's fit),,,,,,,,,,,,,,,,,,,
,gildan-18000-g18000,,,,,,,,,,,,,,,,,,,,,,,,,,,,,,,,,,,https://cdn.shopify.com/s/files/1/0746/6817/9644/files/000009_032_back_f.jpg?v=1779391260,34,Gildan® 18000 — Navy — back view (women's fit),,,,,,,,,,,,,,,,,,,
,gildan-18000-g18000,,,,,,,,G18000-036-XS,,Color,Black,,Size,XS,,,,,,,,TRUE,,,,,,shopify,300,deny,400,g,TRUE,manual,https://cdn.shopify.com/s/files/1/0746/6817/9644/files/000010_036_front_0ce60299-f193-49c6-ae6a-ce63c9ba9a88.jpg?v=1779391269,35,Gildan® 18000 — Black — front view,https://cdn.shopify.com/s/files/1/0746/6817/9644/files/000010_036_front_0ce60299-f193-49c6-ae6a-ce63c9ba9a88.jpg?v=1779391269,,,,black,,,,,,,,,,,,,,
,gildan-18000-g18000,,,,,,,,G18000-036-S,,Color,Black,,Size,S,,,,,,,,TRUE,,,,,,shopify,300,deny,400,g,TRUE,manual,,,,https://cdn.shopify.com/s/files/1/0746/6817/9644/files/000010_036_front_0ce60299-f193-49c6-ae6a-ce63c9ba9a88.jpg?v=1779391269,,,,black,,,,,,,,,,,,,,
,gildan-18000-g18000,,,,,,,,G18000-036-M,,Color,Black,,Size,M,,,,,,,,TRUE,,,,,,shopify,300,deny,400,g,TRUE,manual,,,,https://cdn.shopify.com/s/files/1/0746/6817/9644/files/000010_036_front_0ce60299-f193-49c6-ae6a-ce63c9ba9a88.jpg?v=1779391269,,,,black,,,,,,,,,,,,,,
,gildan-18000-g18000,,,,,,,,G18000-036-L,,Color,Black,,Size,L,,,,,,,,TRUE,,,,,,shopify,300,deny,400,g,TRUE,manual,,,,https://cdn.shopify.com/s/files/1/0746/6817/9644/files/000010_036_front_0ce60299-f193-49c6-ae6a-ce63c9ba9a88.jpg?v=1779391269,,,,black,,,,,,,,,,,,,,
,gildan-18000-g18000,,,,,,,,G18000-036-XL,,Color,Black,,Size,XL,,,,,,,,TRUE,,,,,,shopify,300,deny,400,g,TRUE,manual,,,,https://cdn.shopify.com/s/files/1/0746/6817/9644/files/000010_036_front_0ce60299-f193-49c6-ae6a-ce63c9ba9a88.jpg?v=1779391269,,,,black,,,,,,,,,,,,,,
,gildan-18000-g18000,,,,,,,,G18000-036-2XL,,Color,Black,,Size,2XL,,,,,,,,TRUE,,,,,,shopify,300,deny,400,g,TRUE,manual,,,,https://cdn.shopify.com/s/files/1/0746/6817/9644/files/000010_036_front_0ce60299-f193-49c6-ae6a-ce63c9ba9a88.jpg?v=1779391269,,,,black,,,,,,,,,,,,,,
,gildan-18000-g18000,,,,,,,,G18000-036-3XL,,Color,Black,,Size,3XL,,,,,,,,TRUE,,,,,,shopify,300,deny,400,g,TRUE,manual,,,,https://cdn.shopify.com/s/files/1/0746/6817/9644/files/000010_036_front_0ce60299-f193-49c6-ae6a-ce63c9ba9a88.jpg?v=1779391269,,,,black,,,,,,,,,,,,,,
,gildan-18000-g18000,,,,,,,,G18000-036-4XL,,Color,Black,,Size,4XL,,,,,,,,TRUE,,,,,,shopify,300,deny,400,g,TRUE,manual,,,,https://cdn.shopify.com/s/files/1/0746/6817/9644/files/000010_036_front_0ce60299-f193-49c6-ae6a-ce63c9ba9a88.jpg?v=1779391269,,,,black,,,,,,,,,,,,,,
,gildan-18000-g18000,,,,,,,,G18000-036-5XL,,Color,Black,,Size,5XL,,,,,,,,TRUE,,,,,,shopify,300,deny,400,g,TRUE,manual,,,,https://cdn.shopify.com/s/files/1/0746/6817/9644/files/000010_036_front_0ce60299-f193-49c6-ae6a-ce63c9ba9a88.jpg?v=1779391269,,,,black,,,,,,,,,,,,,,
,gildan-18000-g18000,,,,,,,,,,,,,,,,,,,,,,,,,,,,,,,,,,,https://cdn.shopify.com/s/files/1/0746/6817/9644/files/000010_036_back_f83ab030-685d-4d11-95d1-a046581ffd76.jpg?v=1779391267,36,Gildan® 18000 — Black — back view,,,,,,,,,,,,,,,,,,,
,gildan-18000-g18000,,,,,,,,,,,,,,,,,,,,,,,,,,,,,,,,,,,https://cdn.shopify.com/s/files/1/0746/6817/9644/files/000010_036_left_5f1c4ae0-46e1-4194-afcb-a18c7a05f3ae.jpg?v=1779391271,37,Gildan® 18000 — Black — left side view,,,,,,,,,,,,,,,,,,,
,gildan-18000-g18000,,,,,,,,,,,,,,,,,,,,,,,,,,,,,,,,,,,https://cdn.shopify.com/s/files/1/0746/6817/9644/files/000010_036_right_56869ac0-4b23-4575-83dc-d6b6a847538d.jpg?v=1779391274,38,Gildan® 18000 — Black — right side view,,,,,,,,,,,,,,,,,,,
,gildan-18000-g18000,,,,,,,,,,,,,,,,,,,,,,,,,,,,,,,,,,,https://cdn.shopify.com/s/files/1/0746/6817/9644/files/000010_036_neckline_0e1452e8-b3b1-4ea3-ae64-49d59540e07e.jpg?v=1779391272,39,Gildan® 18000 — Black — neckline detail,,,,,,,,,,,,,,,,,,,
,gildan-18000-g18000,,,,,,,,,,,,,,,,,,,,,,,,,,,,,,,,,,,https://cdn.shopify.com/s/files/1/0746/6817/9644/files/000010_036_fabric_6ce42935-0fe5-4760-9b67-083c1e562df7.jpg?v=1779391268,40,Gildan® 18000 — Black — fabric detail,,,,,,,,,,,,,,,,,,,
,gildan-18000-g18000,,,,,,,,,,,,,,,,,,,,,,,,,,,,,,,,,,,https://cdn.shopify.com/s/files/1/0746/6817/9644/files/000010_036_front_f.jpg?v=1779391270,41,Gildan® 18000 — Black — front view (women's fit),,,,,,,,,,,,,,,,,,,
,gildan-18000-g18000,,,,,,,,,,,,,,,,,,,,,,,,,,,,,,,,,,,https://cdn.shopify.com/s/files/1/0746/6817/9644/files/000010_036_back_f.jpg?v=1779391268,42,Gildan® 18000 — Black — back view (women's fit),,,,,,,,,,,,,,,,,,,
,gildan-18000-g18000,,,,,,,,G18000-040-XS,,Color,Red,,Size,XS,,,,,,,,TRUE,,,,,,shopify,300,deny,400,g,TRUE,manual,https://cdn.shopify.com/s/files/1/0746/6817/9644/files/000011_040_front_031dc539-7890-4c61-b11a-5404b499ea35.jpg?v=1779391277,3,Gildan® 18000 — Red — front view,https://cdn.shopify.com/s/files/1/0746/6817/9644/files/000011_040_front_031dc539-7890-4c61-b11a-5404b499ea35.jpg?v=1779391277,,,,red,,,,,,,,,,,,,,
,gildan-18000-g18000,,,,,,,,G18000-040-S,,Color,Red,,Size,S,,,,,,,,TRUE,,,,,,shopify,300,deny,400,g,TRUE,manual,,,,https://cdn.shopify.com/s/files/1/0746/6817/9644/files/000011_040_front_031dc539-7890-4c61-b11a-5404b499ea35.jpg?v=1779391277,,,,red,,,,,,,,,,,,,,
,gildan-18000-g18000,,,,,,,,G18000-040-M,,Color,Red,,Size,M,,,,,,,,TRUE,,,,,,shopify,300,deny,400,g,TRUE,manual,,,,https://cdn.shopify.com/s/files/1/0746/6817/9644/files/000011_040_front_031dc539-7890-4c61-b11a-5404b499ea35.jpg?v=1779391277,,,,red,,,,,,,,,,,,,,
,gildan-18000-g18000,,,,,,,,G18000-040-L,,Color,Red,,Size,L,,,,,,,,TRUE,,,,,,shopify,300,deny,400,g,TRUE,manual,,,,https://cdn.shopify.com/s/files/1/0746/6817/9644/files/000011_040_front_031dc539-7890-4c61-b11a-5404b499ea35.jpg?v=1779391277,,,,red,,,,,,,,,,,,,,
,gildan-18000-g18000,,,,,,,,G18000-040-XL,,Color,Red,,Size,XL,,,,,,,,TRUE,,,,,,shopify,300,deny,400,g,TRUE,manual,,,,https://cdn.shopify.com/s/files/1/0746/6817/9644/files/000011_040_front_031dc539-7890-4c61-b11a-5404b499ea35.jpg?v=1779391277,,,,red,,,,,,,,,,,,,,
,gildan-18000-g18000,,,,,,,,G18000-040-2XL,,Color,Red,,Size,2XL,,,,,,,,TRUE,,,,,,shopify,300,deny,400,g,TRUE,manual,,,,https://cdn.shopify.com/s/files/1/0746/6817/9644/files/000011_040_front_031dc539-7890-4c61-b11a-5404b499ea35.jpg?v=1779391277,,,,red,,,,,,,,,,,,,,
,gildan-18000-g18000,,,,,,,,G18000-040-3XL,,Color,Red,,Size,3XL,,,,,,,,TRUE,,,,,,shopify,300,deny,400,g,TRUE,manual,,,,https://cdn.shopify.com/s/files/1/0746/6817/9644/files/000011_040_front_031dc539-7890-4c61-b11a-5404b499ea35.jpg?v=1779391277,,,,red,,,,,,,,,,,,,,
,gildan-18000-g18000,,,,,,,,G18000-040-4XL,,Color,Red,,Size,4XL,,,,,,,,TRUE,,,,,,shopify,300,deny,400,g,TRUE,manual,,,,https://cdn.shopify.com/s/files/1/0746/6817/9644/files/000011_040_front_031dc539-7890-4c61-b11a-5404b499ea35.jpg?v=1779391277,,,,red,,,,,,,,,,,,,,
,gildan-18000-g18000,,,,,,,,G18000-040-5XL,,Color,Red,,Size,5XL,,,,,,,,TRUE,,,,,,shopify,300,deny,400,g,TRUE,manual,,,,https://cdn.shopify.com/s/files/1/0746/6817/9644/files/000011_040_front_031dc539-7890-4c61-b11a-5404b499ea35.jpg?v=1779391277,,,,red,,,,,,,,,,,,,,
,gildan-18000-g18000,,,,,,,,,,,,,,,,,,,,,,,,,,,,,,,,,,,https://cdn.shopify.com/s/files/1/0746/6817/9644/files/000011_040_back_3c96dc9b-c0a3-44d7-bdcb-ac04de266575.jpg?v=1779391275,4,Gildan® 18000 — Red — back view,,,,,,,,,,,,,,,,,,,
,gildan-18000-g18000,,,,,,,,,,,,,,,,,,,,,,,,,,,,,,,,,,,https://cdn.shopify.com/s/files/1/0746/6817/9644/files/000011_040_left_bddbedad-8ded-4c7b-b5fa-531f1c41a3c7.jpg?v=1779391280,5,Gildan® 18000 — Red — left side view,,,,,,,,,,,,,,,,,,,
,gildan-18000-g18000,,,,,,,,,,,,,,,,,,,,,,,,,,,,,,,,,,,https://cdn.shopify.com/s/files/1/0746/6817/9644/files/000011_040_right_9d8ad4db-8997-460b-b113-bfeedb3036db.jpg?v=1779391281,6,Gildan® 18000 — Red — right side view,,,,,,,,,,,,,,,,,,,
,gildan-18000-g18000,,,,,,,,,,,,,,,,,,,,,,,,,,,,,,,,,,,https://cdn.shopify.com/s/files/1/0746/6817/9644/files/000011_040_neckline_e8386e55-3718-4fa8-afbe-a73ffd2f216f.jpg?v=1779391279,7,Gildan® 18000 — Red — neckline detail,,,,,,,,,,,,,,,,,,,
,gildan-18000-g18000,,,,,,,,,,,,,,,,,,,,,,,,,,,,,,,,,,,https://cdn.shopify.com/s/files/1/0746/6817/9644/files/000011_040_fabric_8f288f70-b81d-458b-a90a-0b2f66d1987d.jpg?v=1779391277,8,Gildan® 18000 — Red — fabric detail,,,,,,,,,,,,,,,,,,,
,gildan-18000-g18000,,,,,,,,,,,,,,,,,,,,,,,,,,,,,,,,,,,https://cdn.shopify.com/s/files/1/0746/6817/9644/files/000011_040_front_f.jpg?v=1779391278,9,Gildan® 18000 — Red — front view (women's fit),,,,,,,,,,,,,,,,,,,
,gildan-18000-g18000,,,,,,,,,,,,,,,,,,,,,,,,,,,,,,,,,,,https://cdn.shopify.com/s/files/1/0746/6817/9644/files/000011_040_back_f.jpg?v=1779391275,10,Gildan® 18000 — Red — back view (women's fit),,,,,,,,,,,,,,,,,,,
,gildan-18000-g18000,,,,,,,,G18000-051-XS,,Color,Royal Blue,,Size,XS,,,,,,,,TRUE,,,,,,shopify,300,deny,400,g,TRUE,manual,https://cdn.shopify.com/s/files/1/0746/6817/9644/files/000012_051_front_aaff253b-b581-49ad-b348-94bb5b0c14e7.png?v=1779391286,43,Gildan® 18000 — Royal Blue — front view,https://cdn.shopify.com/s/files/1/0746/6817/9644/files/000012_051_front_aaff253b-b581-49ad-b348-94bb5b0c14e7.png?v=1779391286,,,,royal blue,,,,,,,,,,,,,,
,gildan-18000-g18000,,,,,,,,G18000-051-S,,Color,Royal Blue,,Size,S,,,,,,,,TRUE,,,,,,shopify,300,deny,400,g,TRUE,manual,,,,https://cdn.shopify.com/s/files/1/0746/6817/9644/files/000012_051_front_aaff253b-b581-49ad-b348-94bb5b0c14e7.png?v=1779391286,,,,royal blue,,,,,,,,,,,,,,
,gildan-18000-g18000,,,,,,,,G18000-051-M,,Color,Royal Blue,,Size,M,,,,,,,,TRUE,,,,,,shopify,300,deny,400,g,TRUE,manual,,,,https://cdn.shopify.com/s/files/1/0746/6817/9644/files/000012_051_front_aaff253b-b581-49ad-b348-94bb5b0c14e7.png?v=1779391286,,,,royal blue,,,,,,,,,,,,,,
,gildan-18000-g18000,,,,,,,,G18000-051-L,,Color,Royal Blue,,Size,L,,,,,,,,TRUE,,,,,,shopify,300,deny,400,g,TRUE,manual,,,,https://cdn.shopify.com/s/files/1/0746/6817/9644/files/000012_051_front_aaff253b-b581-49ad-b348-94bb5b0c14e7.png?v=1779391286,,,,royal blue,,,,,,,,,,,,,,
,gildan-18000-g18000,,,,,,,,G18000-051-XL,,Color,Royal Blue,,Size,XL,,,,,,,,TRUE,,,,,,shopify,300,deny,400,g,TRUE,manual,,,,https://cdn.shopify.com/s/files/1/0746/6817/9644/files/000012_051_front_aaff253b-b581-49ad-b348-94bb5b0c14e7.png?v=1779391286,,,,royal blue,,,,,,,,,,,,,,
,gildan-18000-g18000,,,,,,,,G18000-051-2XL,,Color,Royal Blue,,Size,2XL,,,,,,,,TRUE,,,,,,shopify,300,deny,400,g,TRUE,manual,,,,https://cdn.shopify.com/s/files/1/0746/6817/9644/files/000012_051_front_aaff253b-b581-49ad-b348-94bb5b0c14e7.png?v=1779391286,,,,royal blue,,,,,,,,,,,,,,
,gildan-18000-g18000,,,,,,,,G18000-051-3XL,,Color,Royal Blue,,Size,3XL,,,,,,,,TRUE,,,,,,shopify,300,deny,400,g,TRUE,manual,,,,https://cdn.shopify.com/s/files/1/0746/6817/9644/files/000012_051_front_aaff253b-b581-49ad-b348-94bb5b0c14e7.png?v=1779391286,,,,royal blue,,,,,,,,,,,,,,
,gildan-18000-g18000,,,,,,,,G18000-051-4XL,,Color,Royal Blue,,Size,4XL,,,,,,,,TRUE,,,,,,shopify,300,deny,400,g,TRUE,manual,,,,https://cdn.shopify.com/s/files/1/0746/6817/9644/files/000012_051_front_aaff253b-b581-49ad-b348-94bb5b0c14e7.png?v=1779391286,,,,royal blue,,,,,,,,,,,,,,
,gildan-18000-g18000,,,,,,,,G18000-051-5XL,,Color,Royal Blue,,Size,5XL,,,,,,,,TRUE,,,,,,shopify,300,deny,400,g,TRUE,manual,,,,https://cdn.shopify.com/s/files/1/0746/6817/9644/files/000012_051_front_aaff253b-b581-49ad-b348-94bb5b0c14e7.png?v=1779391286,,,,royal blue,,,,,,,,,,,,,,
,gildan-18000-g18000,,,,,,,,,,,,,,,,,,,,,,,,,,,,,,,,,,,https://cdn.shopify.com/s/files/1/0746/6817/9644/files/000012_051_back_72e218b6-7a79-4e1c-95da-f229fcd37083.png?v=1779391283,44,Gildan® 18000 — Royal Blue — back view,,,,,,,,,,,,,,,,,,,
,gildan-18000-g18000,,,,,,,,,,,,,,,,,,,,,,,,,,,,,,,,,,,https://cdn.shopify.com/s/files/1/0746/6817/9644/files/000012_051_left_d7813efe-cded-433f-a119-f50411facb19.png?v=1779391291,45,Gildan® 18000 — Royal Blue — left side view,,,,,,,,,,,,,,,,,,,
,gildan-18000-g18000,,,,,,,,,,,,,,,,,,,,,,,,,,,,,,,,,,,https://cdn.shopify.com/s/files/1/0746/6817/9644/files/000012_051_right_fbd999ae-2e6e-4d09-ab1a-1e793d2bebca.png?v=1779391290,46,Gildan® 18000 — Royal Blue — right side view,,,,,,,,,,,,,,,,,,,
,gildan-18000-g18000,,,,,,,,,,,,,,,,,,,,,,,,,,,,,,,,,,,https://cdn.shopify.com/s/files/1/0746/6817/9644/files/000012_051_neckline_f299391f-e024-4e06-9479-e14f8a973e83.png?v=1779391290,47,Gildan® 18000 — Royal Blue — neckline detail,,,,,,,,,,,,,,,,,,,
,gildan-18000-g18000,,,,,,,,,,,,,,,,,,,,,,,,,,,,,,,,,,,https://cdn.shopify.com/s/files/1/0746/6817/9644/files/000012_051_fabric_afe36eb1-7a0e-4015-9974-d03bc09722e7.png?v=1779391285,48,Gildan® 18000 — Royal Blue — fabric detail,,,,,,,,,,,,,,,,,,,
,gildan-18000-g18000,,,,,,,,,,,,,,,,,,,,,,,,,,,,,,,,,,,https://cdn.shopify.com/s/files/1/0746/6817/9644/files/000012_051_front_f.png?v=1779391287,49,Gildan® 18000 — Royal Blue — front view (women's fit),,,,,,,,,,,,,,,,,,,
,gildan-18000-g18000,,,,,,,,,,,,,,,,,,,,,,,,,,,,,,,,,,,https://cdn.shopify.com/s/files/1/0746/6817/9644/files/000012_051_back_f.png?v=1779391283,50,Gildan® 18000 — Royal Blue — back view (women's fit),,,,,,,,,,,,,,,,,,,
,gildan-18000-g18000,,,,,,,,G18000-194-XS,,Color,Cherry Red,,Size,XS,,,,,,,,TRUE,,,,,,shopify,300,deny,400,g,TRUE,manual,https://cdn.shopify.com/s/files/1/0746/6817/9644/files/000014_194_front_7fd7643d-af72-45e2-8271-d987195ca392.jpg?v=1779391303,51,Gildan® 18000 — Cherry Red — front view,https://cdn.shopify.com/s/files/1/0746/6817/9644/files/000014_194_front_7fd7643d-af72-45e2-8271-d987195ca392.jpg?v=1779391303,,,,cherry red,,,,,,,,,,,,,,
,gildan-18000-g18000,,,,,,,,G18000-194-S,,Color,Cherry Red,,Size,S,,,,,,,,TRUE,,,,,,shopify,300,deny,400,g,TRUE,manual,,,,https://cdn.shopify.com/s/files/1/0746/6817/9644/files/000014_194_front_7fd7643d-af72-45e2-8271-d987195ca392.jpg?v=1779391303,,,,cherry red,,,,,,,,,,,,,,
,gildan-18000-g18000,,,,,,,,G18000-194-M,,Color,Cherry Red,,Size,M,,,,,,,,TRUE,,,,,,shopify,300,deny,400,g,TRUE,manual,,,,https://cdn.shopify.com/s/files/1/0746/6817/9644/files/000014_194_front_7fd7643d-af72-45e2-8271-d987195ca392.jpg?v=1779391303,,,,cherry red,,,,,,,,,,,,,,
,gildan-18000-g18000,,,,,,,,G18000-194-L,,Color,Cherry Red,,Size,L,,,,,,,,TRUE,,,,,,shopify,300,deny,400,g,TRUE,manual,,,,https://cdn.shopify.com/s/files/1/0746/6817/9644/files/000014_194_front_7fd7643d-af72-45e2-8271-d987195ca392.jpg?v=1779391303,,,,cherry red,,,,,,,,,,,,,,
,gildan-18000-g18000,,,,,,,,G18000-194-XL,,Color,Cherry Red,,Size,XL,,,,,,,,TRUE,,,,,,shopify,300,deny,400,g,TRUE,manual,,,,https://cdn.shopify.com/s/files/1/0746/6817/9644/files/000014_194_front_7fd7643d-af72-45e2-8271-d987195ca392.jpg?v=1779391303,,,,cherry red,,,,,,,,,,,,,,
,gildan-18000-g18000,,,,,,,,G18000-194-2XL,,Color,Cherry Red,,Size,2XL,,,,,,,,TRUE,,,,,,shopify,300,deny,400,g,TRUE,manual,,,,https://cdn.shopify.com/s/files/1/0746/6817/9644/files/000014_194_front_7fd7643d-af72-45e2-8271-d987195ca392.jpg?v=1779391303,,,,cherry red,,,,,,,,,,,,,,
,gildan-18000-g18000,,,,,,,,G18000-194-3XL,,Color,Cherry Red,,Size,3XL,,,,,,,,TRUE,,,,,,shopify,300,deny,400,g,TRUE,manual,,,,https://cdn.shopify.com/s/files/1/0746/6817/9644/files/000014_194_front_7fd7643d-af72-45e2-8271-d987195ca392.jpg?v=1779391303,,,,cherry red,,,,,,,,,,,,,,
,gildan-18000-g18000,,,,,,,,G18000-194-4XL,,Color,Cherry Red,,Size,4XL,,,,,,,,TRUE,,,,,,shopify,300,deny,400,g,TRUE,manual,,,,https://cdn.shopify.com/s/files/1/0746/6817/9644/files/000014_194_front_7fd7643d-af72-45e2-8271-d987195ca392.jpg?v=1779391303,,,,cherry red,,,,,,,,,,,,,,
,gildan-18000-g18000,,,,,,,,G18000-194-5XL,,Color,Cherry Red,,Size,5XL,,,,,,,,TRUE,,,,,,shopify,300,deny,400,g,TRUE,manual,,,,https://cdn.shopify.com/s/files/1/0746/6817/9644/files/000014_194_front_7fd7643d-af72-45e2-8271-d987195ca392.jpg?v=1779391303,,,,cherry red,,,,,,,,,,,,,,
,gildan-18000-g18000,,,,,,,,,,,,,,,,,,,,,,,,,,,,,,,,,,,https://cdn.shopify.com/s/files/1/0746/6817/9644/files/000014_194_back_8faddfef-c635-4878-b37a-9835769333bc.jpg?v=1779391300,52,Gildan® 18000 — Cherry Red — back view,,,,,,,,,,,,,,,,,,,
,gildan-18000-g18000,,,,,,,,,,,,,,,,,,,,,,,,,,,,,,,,,,,https://cdn.shopify.com/s/files/1/0746/6817/9644/files/000014_194_left_f503e322-9cd6-4a36-a9e6-3c014bf446e0.jpg?v=1779391304,53,Gildan® 18000 — Cherry Red — left side view,,,,,,,,,,,,,,,,,,,
,gildan-18000-g18000,,,,,,,,,,,,,,,,,,,,,,,,,,,,,,,,,,,https://cdn.shopify.com/s/files/1/0746/6817/9644/files/000014_194_right_799b7f4d-7fca-4c4d-8e79-54bd5436f0ba.jpg?v=1779391306,54,Gildan® 18000 — Cherry Red — right side view,,,,,,,,,,,,,,,,,,,
,gildan-18000-g18000,,,,,,,,,,,,,,,,,,,,,,,,,,,,,,,,,,,https://cdn.shopify.com/s/files/1/0746/6817/9644/files/000014_194_neckline_cdb0dd31-c3fb-41b7-b562-278e6ed5aa93.jpg?v=1779391306,55,Gildan® 18000 — Cherry Red — neckline detail,,,,,,,,,,,,,,,,,,,
,gildan-18000-g18000,,,,,,,,,,,,,,,,,,,,,,,,,,,,,,,,,,,https://cdn.shopify.com/s/files/1/0746/6817/9644/files/000014_194_fabric_4e5f1692-3d59-4ab5-98a0-820a70d8bec9.jpg?v=1779391302,56,Gildan® 18000 — Cherry Red — fabric detail,,,,,,,,,,,,,,,,,,,
,gildan-18000-g18000,,,,,,,,,,,,,,,,,,,,,,,,,,,,,,,,,,,https://cdn.shopify.com/s/files/1/0746/6817/9644/files/000014_194_front_f.jpg?v=1779391303,57,Gildan® 18000 — Cherry Red — front view (women's fit),,,,,,,,,,,,,,,,,,,
,gildan-18000-g18000,,,,,,,,,,,,,,,,,,,,,,,,,,,,,,,,,,,https://cdn.shopify.com/s/files/1/0746/6817/9644/files/000014_194_back_f.jpg?v=1779391301,58,Gildan® 18000 — Cherry Red — back view (women's fit),,,,,,,,,,,,,,,,,,,
Gildan® 18500,gildan-18500-g18500,"<p>Comfortable and stylish, this sweatshirt belongs in every collection. Whether you're hanging out or relaxing at home, this must-have delivers everything you want in a hoodie, including a great surface for making designs pop.</p><ul><li>50% Cotton / 50% Polyester — 8.0 oz/yd²</li><li>Air jet yarn — softer feel and reduced pilling</li><li>Classic fit</li><li>Double-lined hood with matching drawstring</li><li>Pouch pocket</li><li>1 × 1 athletic rib knit cuffs and waistband with spandex</li><li>Double-needle stitching throughout</li></ul><h4>Size Chart (inches)</h4><table><thead><tr><th>Size</th><th>Chest</th><th>Body Length</th></tr></thead><tbody><tr><td>XS</td><td>31–33</td><td>25½</td></tr><tr><td>S</td><td>34–36</td><td>26½</td></tr><tr><td>M</td><td>38–40</td><td>27½</td></tr><tr><td>L</td><td>42–44</td><td>28½</td></tr><tr><td>XL</td><td>46–48</td><td>29½</td></tr><tr><td>2XL</td><td>50–52</td><td>30½</td></tr><tr><td>3XL</td><td>54–56</td><td>31½</td></tr><tr><td>4XL</td><td>58–60</td><td>32½</td></tr><tr><td>5XL</td><td>62–64</td><td>33½</td></tr></tbody></table>",Gildan,gid://shopify/TaxonomyCategory/aa-1-13-13,Hoodie,"Hoodie, Adult, Unisex, G18500",TRUE,active,G18500-030-XS,,Color,White,,Size,XS,,,,,,,,TRUE,,,,,,shopify,300,deny,450,g,TRUE,manual,https://cdn.shopify.com/s/files/1/0746/6817/9644/files/000015_030_front_4cf3478f-ef4b-4733-b1e1-12b68b29740d.jpg?v=1779391310,11,Gildan® 18500 — White — front view,https://cdn.shopify.com/s/files/1/0746/6817/9644/files/000015_030_front_4cf3478f-ef4b-4733-b1e1-12b68b29740d.jpg?v=1779391310,,Gildan® 18500,"<p>Comfortable and stylish, this sweatshirt belongs in every collection. Whether you're hanging out or relaxing at home, this must-have delivers everything",white,gid://shopify/TaxonomyCategory/aa-1-13-13,Unisex,Adult,G18500,,,new,,,,,,,Adult Hooded Sweatshirt
,gildan-18500-g18500,,,,,,,,,,,,,,,,,,,,,,,,,,,,,,,,,,,https://cdn.shopify.com/s/files/1/0746/6817/9644/files/gildan-18500_cherry-red_asian.png?v=1779475060,1,Gildan® 18500 — Asian model — front view,,,,,,,,,,,,,,,,,,,
,gildan-18500-g18500,,,,,,,,,,,,,,,,,,,,,,,,,,,,,,,,,,,https://cdn.shopify.com/s/files/1/0746/6817/9644/files/gildan-18500_black_black.png?v=1779475060,2,Gildan® 18500 — Black model — front view,,,,,,,,,,,,,,,,,,,
,gildan-18500-g18500,,,,,,,,G18500-030-S,,Color,White,,Size,S,,,,,,,,TRUE,,,,,,shopify,300,deny,450,g,TRUE,manual,,,,https://cdn.shopify.com/s/files/1/0746/6817/9644/files/000015_030_front_4cf3478f-ef4b-4733-b1e1-12b68b29740d.jpg?v=1779391310,,,,white,,,,,,,,,,,,,,
,gildan-18500-g18500,,,,,,,,G18500-030-M,,Color,White,,Size,M,,,,,,,,TRUE,,,,,,shopify,300,deny,450,g,TRUE,manual,,,,https://cdn.shopify.com/s/files/1/0746/6817/9644/files/000015_030_front_4cf3478f-ef4b-4733-b1e1-12b68b29740d.jpg?v=1779391310,,,,white,,,,,,,,,,,,,,
,gildan-18500-g18500,,,,,,,,G18500-030-L,,Color,White,,Size,L,,,,,,,,TRUE,,,,,,shopify,300,deny,450,g,TRUE,manual,,,,https://cdn.shopify.com/s/files/1/0746/6817/9644/files/000015_030_front_4cf3478f-ef4b-4733-b1e1-12b68b29740d.jpg?v=1779391310,,,,white,,,,,,,,,,,,,,
,gildan-18500-g18500,,,,,,,,G18500-030-XL,,Color,White,,Size,XL,,,,,,,,TRUE,,,,,,shopify,300,deny,450,g,TRUE,manual,,,,https://cdn.shopify.com/s/files/1/0746/6817/9644/files/000015_030_front_4cf3478f-ef4b-4733-b1e1-12b68b29740d.jpg?v=1779391310,,,,white,,,,,,,,,,,,,,
,gildan-18500-g18500,,,,,,,,G18500-030-2XL,,Color,White,,Size,2XL,,,,,,,,TRUE,,,,,,shopify,300,deny,450,g,TRUE,manual,,,,https://cdn.shopify.com/s/files/1/0746/6817/9644/files/000015_030_front_4cf3478f-ef4b-4733-b1e1-12b68b29740d.jpg?v=1779391310,,,,white,,,,,,,,,,,,,,
,gildan-18500-g18500,,,,,,,,G18500-030-3XL,,Color,White,,Size,3XL,,,,,,,,TRUE,,,,,,shopify,300,deny,450,g,TRUE,manual,,,,https://cdn.shopify.com/s/files/1/0746/6817/9644/files/000015_030_front_4cf3478f-ef4b-4733-b1e1-12b68b29740d.jpg?v=1779391310,,,,white,,,,,,,,,,,,,,
,gildan-18500-g18500,,,,,,,,G18500-030-4XL,,Color,White,,Size,4XL,,,,,,,,TRUE,,,,,,shopify,300,deny,450,g,TRUE,manual,,,,https://cdn.shopify.com/s/files/1/0746/6817/9644/files/000015_030_front_4cf3478f-ef4b-4733-b1e1-12b68b29740d.jpg?v=1779391310,,,,white,,,,,,,,,,,,,,
,gildan-18500-g18500,,,,,,,,G18500-030-5XL,,Color,White,,Size,5XL,,,,,,,,TRUE,,,,,,shopify,300,deny,450,g,TRUE,manual,,,,https://cdn.shopify.com/s/files/1/0746/6817/9644/files/000015_030_front_4cf3478f-ef4b-4733-b1e1-12b68b29740d.jpg?v=1779391310,,,,white,,,,,,,,,,,,,,
,gildan-18500-g18500,,,,,,,,,,,,,,,,,,,,,,,,,,,,,,,,,,,https://cdn.shopify.com/s/files/1/0746/6817/9644/files/000015_030_back_93a34515-46ac-4889-8bdc-3fdb75b40324.jpg?v=1779391307,12,Gildan® 18500 — White — back view,,,,,,,,,,,,,,,,,,,
,gildan-18500-g18500,,,,,,,,,,,,,,,,,,,,,,,,,,,,,,,,,,,https://cdn.shopify.com/s/files/1/0746/6817/9644/files/000015_030_left_8c89ee14-3ee9-48f9-9848-cdcbadf7db7d.jpg?v=1779391312,13,Gildan® 18500 — White — left side view,,,,,,,,,,,,,,,,,,,
,gildan-18500-g18500,,,,,,,,,,,,,,,,,,,,,,,,,,,,,,,,,,,https://cdn.shopify.com/s/files/1/0746/6817/9644/files/000015_030_right_2c0e9cda-de3b-45d5-b158-a9f80f0540ee.jpg?v=1779391314,14,Gildan® 18500 — White — right side view,,,,,,,,,,,,,,,,,,,
,gildan-18500-g18500,,,,,,,,,,,,,,,,,,,,,,,,,,,,,,,,,,,https://cdn.shopify.com/s/files/1/0746/6817/9644/files/000015_030_neckline_923be91f-9c67-45a5-b4b0-b1e593c7bcff.jpg?v=1779391313,15,Gildan® 18500 — White — neckline detail,,,,,,,,,,,,,,,,,,,
,gildan-18500-g18500,,,,,,,,,,,,,,,,,,,,,,,,,,,,,,,,,,,https://cdn.shopify.com/s/files/1/0746/6817/9644/files/000015_030_fabric_1d741dab-99d3-419d-a7a6-e3ec5735189b.jpg?v=1779391308,16,Gildan® 18500 — White — fabric detail,,,,,,,,,,,,,,,,,,,
,gildan-18500-g18500,,,,,,,,,,,,,,,,,,,,,,,,,,,,,,,,,,,https://cdn.shopify.com/s/files/1/0746/6817/9644/files/000015_030_front_f.jpg?v=1779391310,17,Gildan® 18500 — White — front view (women's fit),,,,,,,,,,,,,,,,,,,
,gildan-18500-g18500,,,,,,,,,,,,,,,,,,,,,,,,,,,,,,,,,,,https://cdn.shopify.com/s/files/1/0746/6817/9644/files/000015_030_back_f.jpg?v=1779391308,18,Gildan® 18500 — White — back view (women's fit),,,,,,,,,,,,,,,,,,,
,gildan-18500-g18500,,,,,,,,G18500-032-XS,,Color,Navy,,Size,XS,,,,,,,,TRUE,,,,,,shopify,300,deny,450,g,TRUE,manual,https://cdn.shopify.com/s/files/1/0746/6817/9644/files/000016_032_front_2a3fa3e1-f612-4403-b9fa-3858513bc17a.jpg?v=1779391317,3,Gildan® 18500 — Navy — front view,https://cdn.shopify.com/s/files/1/0746/6817/9644/files/000016_032_front_2a3fa3e1-f612-4403-b9fa-3858513bc17a.jpg?v=1779391317,,,,navy,,,,,,,,,,,,,,
,gildan-18500-g18500,,,,,,,,G18500-032-S,,Color,Navy,,Size,S,,,,,,,,TRUE,,,,,,shopify,300,deny,450,g,TRUE,manual,,,,https://cdn.shopify.com/s/files/1/0746/6817/9644/files/000016_032_front_2a3fa3e1-f612-4403-b9fa-3858513bc17a.jpg?v=1779391317,,,,navy,,,,,,,,,,,,,,
,gildan-18500-g18500,,,,,,,,G18500-032-M,,Color,Navy,,Size,M,,,,,,,,TRUE,,,,,,shopify,300,deny,450,g,TRUE,manual,,,,https://cdn.shopify.com/s/files/1/0746/6817/9644/files/000016_032_front_2a3fa3e1-f612-4403-b9fa-3858513bc17a.jpg?v=1779391317,,,,navy,,,,,,,,,,,,,,
,gildan-18500-g18500,,,,,,,,G18500-032-L,,Color,Navy,,Size,L,,,,,,,,TRUE,,,,,,shopify,300,deny,450,g,TRUE,manual,,,,https://cdn.shopify.com/s/files/1/0746/6817/9644/files/000016_032_front_2a3fa3e1-f612-4403-b9fa-3858513bc17a.jpg?v=1779391317,,,,navy,,,,,,,,,,,,,,
,gildan-18500-g18500,,,,,,,,G18500-032-XL,,Color,Navy,,Size,XL,,,,,,,,TRUE,,,,,,shopify,300,deny,450,g,TRUE,manual,,,,https://cdn.shopify.com/s/files/1/0746/6817/9644/files/000016_032_front_2a3fa3e1-f612-4403-b9fa-3858513bc17a.jpg?v=1779391317,,,,navy,,,,,,,,,,,,,,
,gildan-18500-g18500,,,,,,,,G18500-032-2XL,,Color,Navy,,Size,2XL,,,,,,,,TRUE,,,,,,shopify,300,deny,450,g,TRUE,manual,,,,https://cdn.shopify.com/s/files/1/0746/6817/9644/files/000016_032_front_2a3fa3e1-f612-4403-b9fa-3858513bc17a.jpg?v=1779391317,,,,navy,,,,,,,,,,,,,,
,gildan-18500-g18500,,,,,,,,G18500-032-3XL,,Color,Navy,,Size,3XL,,,,,,,,TRUE,,,,,,shopify,300,deny,450,g,TRUE,manual,,,,https://cdn.shopify.com/s/files/1/0746/6817/9644/files/000016_032_front_2a3fa3e1-f612-4403-b9fa-3858513bc17a.jpg?v=1779391317,,,,navy,,,,,,,,,,,,,,
,gildan-18500-g18500,,,,,,,,G18500-032-4XL,,Color,Navy,,Size,4XL,,,,,,,,TRUE,,,,,,shopify,300,deny,450,g,TRUE,manual,,,,https://cdn.shopify.com/s/files/1/0746/6817/9644/files/000016_032_front_2a3fa3e1-f612-4403-b9fa-3858513bc17a.jpg?v=1779391317,,,,navy,,,,,,,,,,,,,,
,gildan-18500-g18500,,,,,,,,G18500-032-5XL,,Color,Navy,,Size,5XL,,,,,,,,TRUE,,,,,,shopify,300,deny,450,g,TRUE,manual,,,,https://cdn.shopify.com/s/files/1/0746/6817/9644/files/000016_032_front_2a3fa3e1-f612-4403-b9fa-3858513bc17a.jpg?v=1779391317,,,,navy,,,,,,,,,,,,,,
,gildan-18500-g18500,,,,,,,,,,,,,,,,,,,,,,,,,,,,,,,,,,,https://cdn.shopify.com/s/files/1/0746/6817/9644/files/000016_032_back_4af78b24-514f-4b0a-aa25-6bd66fc68f4c.jpg?v=1779391314,4,Gildan® 18500 — Navy — back view,,,,,,,,,,,,,,,,,,,
,gildan-18500-g18500,,,,,,,,,,,,,,,,,,,,,,,,,,,,,,,,,,,https://cdn.shopify.com/s/files/1/0746/6817/9644/files/000016_032_left_c4933675-5d11-489b-bfd9-56d88dcf5e1e.jpg?v=1779391319,5,Gildan® 18500 — Navy — left side view,,,,,,,,,,,,,,,,,,,
,gildan-18500-g18500,,,,,,,,,,,,,,,,,,,,,,,,,,,,,,,,,,,https://cdn.shopify.com/s/files/1/0746/6817/9644/files/000016_032_right_65479451-8a61-498d-aec9-50d4ebe70d76.jpg?v=1779391320,6,Gildan® 18500 — Navy — right side view,,,,,,,,,,,,,,,,,,,
,gildan-18500-g18500,,,,,,,,,,,,,,,,,,,,,,,,,,,,,,,,,,,https://cdn.shopify.com/s/files/1/0746/6817/9644/files/000016_032_neckline_35abbae4-7b62-4e5c-86f4-145d0b5220ec.jpg?v=1779391320,7,Gildan® 18500 — Navy — neckline detail,,,,,,,,,,,,,,,,,,,
,gildan-18500-g18500,,,,,,,,,,,,,,,,,,,,,,,,,,,,,,,,,,,https://cdn.shopify.com/s/files/1/0746/6817/9644/files/000016_032_fabric_ddb66f8c-f73b-4432-9a79-39dd0607cd45.jpg?v=1779391317,8,Gildan® 18500 — Navy — fabric detail,,,,,,,,,,,,,,,,,,,
,gildan-18500-g18500,,,,,,,,,,,,,,,,,,,,,,,,,,,,,,,,,,,https://cdn.shopify.com/s/files/1/0746/6817/9644/files/000016_032_front_f.jpg?v=1779391317,9,Gildan® 18500 — Navy — front view (women's fit),,,,,,,,,,,,,,,,,,,
,gildan-18500-g18500,,,,,,,,,,,,,,,,,,,,,,,,,,,,,,,,,,,https://cdn.shopify.com/s/files/1/0746/6817/9644/files/000016_032_back_f.jpg?v=1779391315,10,Gildan® 18500 — Navy — back view (women's fit),,,,,,,,,,,,,,,,,,,
,gildan-18500-g18500,,,,,,,,G18500-036-XS,,Color,Black,,Size,XS,,,,,,,,TRUE,,,,,,shopify,300,deny,450,g,TRUE,manual,https://cdn.shopify.com/s/files/1/0746/6817/9644/files/000017_036_front_7ae10a46-a93d-4d0c-83ec-49dfb220410d.jpg?v=1779391324,19,Gildan® 18500 — Black — front view,https://cdn.shopify.com/s/files/1/0746/6817/9644/files/000017_036_front_7ae10a46-a93d-4d0c-83ec-49dfb220410d.jpg?v=1779391324,,,,black,,,,,,,,,,,,,,
,gildan-18500-g18500,,,,,,,,G18500-036-S,,Color,Black,,Size,S,,,,,,,,TRUE,,,,,,shopify,300,deny,450,g,TRUE,manual,,,,https://cdn.shopify.com/s/files/1/0746/6817/9644/files/000017_036_front_7ae10a46-a93d-4d0c-83ec-49dfb220410d.jpg?v=1779391324,,,,black,,,,,,,,,,,,,,
,gildan-18500-g18500,,,,,,,,G18500-036-M,,Color,Black,,Size,M,,,,,,,,TRUE,,,,,,shopify,300,deny,450,g,TRUE,manual,,,,https://cdn.shopify.com/s/files/1/0746/6817/9644/files/000017_036_front_7ae10a46-a93d-4d0c-83ec-49dfb220410d.jpg?v=1779391324,,,,black,,,,,,,,,,,,,,
,gildan-18500-g18500,,,,,,,,G18500-036-L,,Color,Black,,Size,L,,,,,,,,TRUE,,,,,,shopify,300,deny,450,g,TRUE,manual,,,,https://cdn.shopify.com/s/files/1/0746/6817/9644/files/000017_036_front_7ae10a46-a93d-4d0c-83ec-49dfb220410d.jpg?v=1779391324,,,,black,,,,,,,,,,,,,,
,gildan-18500-g18500,,,,,,,,G18500-036-XL,,Color,Black,,Size,XL,,,,,,,,TRUE,,,,,,shopify,300,deny,450,g,TRUE,manual,,,,https://cdn.shopify.com/s/files/1/0746/6817/9644/files/000017_036_front_7ae10a46-a93d-4d0c-83ec-49dfb220410d.jpg?v=1779391324,,,,black,,,,,,,,,,,,,,
,gildan-18500-g18500,,,,,,,,G18500-036-2XL,,Color,Black,,Size,2XL,,,,,,,,TRUE,,,,,,shopify,300,deny,450,g,TRUE,manual,,,,https://cdn.shopify.com/s/files/1/0746/6817/9644/files/000017_036_front_7ae10a46-a93d-4d0c-83ec-49dfb220410d.jpg?v=1779391324,,,,black,,,,,,,,,,,,,,
,gildan-18500-g18500,,,,,,,,G18500-036-3XL,,Color,Black,,Size,3XL,,,,,,,,TRUE,,,,,,shopify,300,deny,450,g,TRUE,manual,,,,https://cdn.shopify.com/s/files/1/0746/6817/9644/files/000017_036_front_7ae10a46-a93d-4d0c-83ec-49dfb220410d.jpg?v=1779391324,,,,black,,,,,,,,,,,,,,
,gildan-18500-g18500,,,,,,,,G18500-036-4XL,,Color,Black,,Size,4XL,,,,,,,,TRUE,,,,,,shopify,300,deny,450,g,TRUE,manual,,,,https://cdn.shopify.com/s/files/1/0746/6817/9644/files/000017_036_front_7ae10a46-a93d-4d0c-83ec-49dfb220410d.jpg?v=1779391324,,,,black,,,,,,,,,,,,,,
,gildan-18500-g18500,,,,,,,,G18500-036-5XL,,Color,Black,,Size,5XL,,,,,,,,TRUE,,,,,,shopify,300,deny,450,g,TRUE,manual,,,,https://cdn.shopify.com/s/files/1/0746/6817/9644/files/000017_036_front_7ae10a46-a93d-4d0c-83ec-49dfb220410d.jpg?v=1779391324,,,,black,,,,,,,,,,,,,,
,gildan-18500-g18500,,,,,,,,,,,,,,,,,,,,,,,,,,,,,,,,,,,https://cdn.shopify.com/s/files/1/0746/6817/9644/files/000017_036_back_008974ab-9aa5-455a-b880-6c5dbc7719c3.jpg?v=1779391322,20,Gildan® 18500 — Black — back view,,,,,,,,,,,,,,,,,,,
,gildan-18500-g18500,,,,,,,,,,,,,,,,,,,,,,,,,,,,,,,,,,,https://cdn.shopify.com/s/files/1/0746/6817/9644/files/000017_036_left_348377a6-cc97-4425-8e2e-e18dc08dee3e.jpg?v=1779391326,21,Gildan® 18500 — Black — left side view,,,,,,,,,,,,,,,,,,,
,gildan-18500-g18500,,,,,,,,,,,,,,,,,,,,,,,,,,,,,,,,,,,https://cdn.shopify.com/s/files/1/0746/6817/9644/files/000017_036_right_da9a61a5-da50-40e7-b514-23b5d608450f.jpg?v=1779391327,22,Gildan® 18500 — Black — right side view,,,,,,,,,,,,,,,,,,,
,gildan-18500-g18500,,,,,,,,,,,,,,,,,,,,,,,,,,,,,,,,,,,https://cdn.shopify.com/s/files/1/0746/6817/9644/files/000017_036_neckline_72a8b2f1-f4d1-4d2b-99d1-b13544fb3bf6.jpg?v=1779391327,23,Gildan® 18500 — Black — neckline detail,,,,,,,,,,,,,,,,,,,
,gildan-18500-g18500,,,,,,,,,,,,,,,,,,,,,,,,,,,,,,,,,,,https://cdn.shopify.com/s/files/1/0746/6817/9644/files/000017_036_fabric_74766d0d-22f3-4fdf-84fd-57f4cae6f618.jpg?v=1779391324,24,Gildan® 18500 — Black — fabric detail,,,,,,,,,,,,,,,,,,,
,gildan-18500-g18500,,,,,,,,,,,,,,,,,,,,,,,,,,,,,,,,,,,https://cdn.shopify.com/s/files/1/0746/6817/9644/files/000017_036_front_f.jpg?v=1779391325,25,Gildan® 18500 — Black — front view (women's fit),,,,,,,,,,,,,,,,,,,
,gildan-18500-g18500,,,,,,,,,,,,,,,,,,,,,,,,,,,,,,,,,,,https://cdn.shopify.com/s/files/1/0746/6817/9644/files/000017_036_back_f.jpg?v=1779391323,26,Gildan® 18500 — Black — back view (women's fit),,,,,,,,,,,,,,,,,,,
,gildan-18500-g18500,,,,,,,,G18500-040-XS,,Color,Red,,Size,XS,,,,,,,,TRUE,,,,,,shopify,300,deny,450,g,TRUE,manual,https://cdn.shopify.com/s/files/1/0746/6817/9644/files/000018_040_front_be0e25da-6cab-450e-bbea-3b48a80cfc0a.jpg?v=1779391331,27,Gildan® 18500 — Red — front view,https://cdn.shopify.com/s/files/1/0746/6817/9644/files/000018_040_front_be0e25da-6cab-450e-bbea-3b48a80cfc0a.jpg?v=1779391331,,,,red,,,,,,,,,,,,,,
,gildan-18500-g18500,,,,,,,,G18500-040-S,,Color,Red,,Size,S,,,,,,,,TRUE,,,,,,shopify,300,deny,450,g,TRUE,manual,,,,https://cdn.shopify.com/s/files/1/0746/6817/9644/files/000018_040_front_be0e25da-6cab-450e-bbea-3b48a80cfc0a.jpg?v=1779391331,,,,red,,,,,,,,,,,,,,
,gildan-18500-g18500,,,,,,,,G18500-040-M,,Color,Red,,Size,M,,,,,,,,TRUE,,,,,,shopify,300,deny,450,g,TRUE,manual,,,,https://cdn.shopify.com/s/files/1/0746/6817/9644/files/000018_040_front_be0e25da-6cab-450e-bbea-3b48a80cfc0a.jpg?v=1779391331,,,,red,,,,,,,,,,,,,,
,gildan-18500-g18500,,,,,,,,G18500-040-L,,Color,Red,,Size,L,,,,,,,,TRUE,,,,,,shopify,300,deny,450,g,TRUE,manual,,,,https://cdn.shopify.com/s/files/1/0746/6817/9644/files/000018_040_front_be0e25da-6cab-450e-bbea-3b48a80cfc0a.jpg?v=1779391331,,,,red,,,,,,,,,,,,,,
,gildan-18500-g18500,,,,,,,,G18500-040-XL,,Color,Red,,Size,XL,,,,,,,,TRUE,,,,,,shopify,300,deny,450,g,TRUE,manual,,,,https://cdn.shopify.com/s/files/1/0746/6817/9644/files/000018_040_front_be0e25da-6cab-450e-bbea-3b48a80cfc0a.jpg?v=1779391331,,,,red,,,,,,,,,,,,,,
,gildan-18500-g18500,,,,,,,,G18500-040-2XL,,Color,Red,,Size,2XL,,,,,,,,TRUE,,,,,,shopify,300,deny,450,g,TRUE,manual,,,,https://cdn.shopify.com/s/files/1/0746/6817/9644/files/000018_040_front_be0e25da-6cab-450e-bbea-3b48a80cfc0a.jpg?v=1779391331,,,,red,,,,,,,,,,,,,,
,gildan-18500-g18500,,,,,,,,G18500-040-3XL,,Color,Red,,Size,3XL,,,,,,,,TRUE,,,,,,shopify,300,deny,450,g,TRUE,manual,,,,https://cdn.shopify.com/s/files/1/0746/6817/9644/files/000018_040_front_be0e25da-6cab-450e-bbea-3b48a80cfc0a.jpg?v=1779391331,,,,red,,,,,,,,,,,,,,
,gildan-18500-g18500,,,,,,,,G18500-040-4XL,,Color,Red,,Size,4XL,,,,,,,,TRUE,,,,,,shopify,300,deny,450,g,TRUE,manual,,,,https://cdn.shopify.com/s/files/1/0746/6817/9644/files/000018_040_front_be0e25da-6cab-450e-bbea-3b48a80cfc0a.jpg?v=1779391331,,,,red,,,,,,,,,,,,,,
,gildan-18500-g18500,,,,,,,,G18500-040-5XL,,Color,Red,,Size,5XL,,,,,,,,TRUE,,,,,,shopify,300,deny,450,g,TRUE,manual,,,,https://cdn.shopify.com/s/files/1/0746/6817/9644/files/000018_040_front_be0e25da-6cab-450e-bbea-3b48a80cfc0a.jpg?v=1779391331,,,,red,,,,,,,,,,,,,,
,gildan-18500-g18500,,,,,,,,,,,,,,,,,,,,,,,,,,,,,,,,,,,https://cdn.shopify.com/s/files/1/0746/6817/9644/files/000018_040_back_b295d107-2fa0-4680-9dad-993717401cba.jpg?v=1779391328,28,Gildan® 18500 — Red — back view,,,,,,,,,,,,,,,,,,,
,gildan-18500-g18500,,,,,,,,,,,,,,,,,,,,,,,,,,,,,,,,,,,https://cdn.shopify.com/s/files/1/0746/6817/9644/files/000018_040_left_193a6cac-2fd4-4795-a88e-e2daac777783.jpg?v=1779391334,29,Gildan® 18500 — Red — left side view,,,,,,,,,,,,,,,,,,,
,gildan-18500-g18500,,,,,,,,,,,,,,,,,,,,,,,,,,,,,,,,,,,https://cdn.shopify.com/s/files/1/0746/6817/9644/files/000018_040_right_7c9facdb-694f-4292-9685-693c0e56f10d.jpg?v=1779391335,30,Gildan® 18500 — Red — right side view,,,,,,,,,,,,,,,,,,,
,gildan-18500-g18500,,,,,,,,,,,,,,,,,,,,,,,,,,,,,,,,,,,https://cdn.shopify.com/s/files/1/0746/6817/9644/files/000018_040_neckline_c98b1da2-1a77-47b7-9eea-7c10a08a9a07.jpg?v=1779391334,31,Gildan® 18500 — Red — neckline detail,,,,,,,,,,,,,,,,,,,
,gildan-18500-g18500,,,,,,,,,,,,,,,,,,,,,,,,,,,,,,,,,,,https://cdn.shopify.com/s/files/1/0746/6817/9644/files/000018_040_fabric_742365f1-30a5-4086-a891-8e9d1bb52b9f.jpg?v=1779391330,32,Gildan® 18500 — Red — fabric detail,,,,,,,,,,,,,,,,,,,
,gildan-18500-g18500,,,,,,,,,,,,,,,,,,,,,,,,,,,,,,,,,,,https://cdn.shopify.com/s/files/1/0746/6817/9644/files/000018_040_front_f.jpg?v=1779391333,33,Gildan® 18500 — Red — front view (women's fit),,,,,,,,,,,,,,,,,,,
,gildan-18500-g18500,,,,,,,,,,,,,,,,,,,,,,,,,,,,,,,,,,,https://cdn.shopify.com/s/files/1/0746/6817/9644/files/000018_040_back_f.jpg?v=1779391330,34,Gildan® 18500 — Red — back view (women's fit),,,,,,,,,,,,,,,,,,,
,gildan-18500-g18500,,,,,,,,G18500-051-XS,,Color,Royal Blue,,Size,XS,,,,,,,,TRUE,,,,,,shopify,300,deny,450,g,TRUE,manual,https://cdn.shopify.com/s/files/1/0746/6817/9644/files/000019_051_front_e7aeeb61-a2fc-4e05-8c18-6adadde2e98c.png?v=1779391341,35,Gildan® 18500 — Royal Blue — front view,https://cdn.shopify.com/s/files/1/0746/6817/9644/files/000019_051_front_e7aeeb61-a2fc-4e05-8c18-6adadde2e98c.png?v=1779391341,,,,royal blue,,,,,,,,,,,,,,
,gildan-18500-g18500,,,,,,,,G18500-051-S,,Color,Royal Blue,,Size,S,,,,,,,,TRUE,,,,,,shopify,300,deny,450,g,TRUE,manual,,,,https://cdn.shopify.com/s/files/1/0746/6817/9644/files/000019_051_front_e7aeeb61-a2fc-4e05-8c18-6adadde2e98c.png?v=1779391341,,,,royal blue,,,,,,,,,,,,,,
,gildan-18500-g18500,,,,,,,,G18500-051-M,,Color,Royal Blue,,Size,M,,,,,,,,TRUE,,,,,,shopify,300,deny,450,g,TRUE,manual,,,,https://cdn.shopify.com/s/files/1/0746/6817/9644/files/000019_051_front_e7aeeb61-a2fc-4e05-8c18-6adadde2e98c.png?v=1779391341,,,,royal blue,,,,,,,,,,,,,,
,gildan-18500-g18500,,,,,,,,G18500-051-L,,Color,Royal Blue,,Size,L,,,,,,,,TRUE,,,,,,shopify,300,deny,450,g,TRUE,manual,,,,https://cdn.shopify.com/s/files/1/0746/6817/9644/files/000019_051_front_e7aeeb61-a2fc-4e05-8c18-6adadde2e98c.png?v=1779391341,,,,royal blue,,,,,,,,,,,,,,
,gildan-18500-g18500,,,,,,,,G18500-051-XL,,Color,Royal Blue,,Size,XL,,,,,,,,TRUE,,,,,,shopify,300,deny,450,g,TRUE,manual,,,,https://cdn.shopify.com/s/files/1/0746/6817/9644/files/000019_051_front_e7aeeb61-a2fc-4e05-8c18-6adadde2e98c.png?v=1779391341,,,,royal blue,,,,,,,,,,,,,,
,gildan-18500-g18500,,,,,,,,G18500-051-2XL,,Color,Royal Blue,,Size,2XL,,,,,,,,TRUE,,,,,,shopify,300,deny,450,g,TRUE,manual,,,,https://cdn.shopify.com/s/files/1/0746/6817/9644/files/000019_051_front_e7aeeb61-a2fc-4e05-8c18-6adadde2e98c.png?v=1779391341,,,,royal blue,,,,,,,,,,,,,,
,gildan-18500-g18500,,,,,,,,G18500-051-3XL,,Color,Royal Blue,,Size,3XL,,,,,,,,TRUE,,,,,,shopify,300,deny,450,g,TRUE,manual,,,,https://cdn.shopify.com/s/files/1/0746/6817/9644/files/000019_051_front_e7aeeb61-a2fc-4e05-8c18-6adadde2e98c.png?v=1779391341,,,,royal blue,,,,,,,,,,,,,,
,gildan-18500-g18500,,,,,,,,G18500-051-4XL,,Color,Royal Blue,,Size,4XL,,,,,,,,TRUE,,,,,,shopify,300,deny,450,g,TRUE,manual,,,,https://cdn.shopify.com/s/files/1/0746/6817/9644/files/000019_051_front_e7aeeb61-a2fc-4e05-8c18-6adadde2e98c.png?v=1779391341,,,,royal blue,,,,,,,,,,,,,,
,gildan-18500-g18500,,,,,,,,G18500-051-5XL,,Color,Royal Blue,,Size,5XL,,,,,,,,TRUE,,,,,,shopify,300,deny,450,g,TRUE,manual,,,,https://cdn.shopify.com/s/files/1/0746/6817/9644/files/000019_051_front_e7aeeb61-a2fc-4e05-8c18-6adadde2e98c.png?v=1779391341,,,,royal blue,,,,,,,,,,,,,,
,gildan-18500-g18500,,,,,,,,,,,,,,,,,,,,,,,,,,,,,,,,,,,https://cdn.shopify.com/s/files/1/0746/6817/9644/files/000019_051_back_504a336d-04eb-48da-a5dd-01ebac1c39cf.png?v=1779391338,36,Gildan® 18500 — Royal Blue — back view,,,,,,,,,,,,,,,,,,,
,gildan-18500-g18500,,,,,,,,,,,,,,,,,,,,,,,,,,,,,,,,,,,https://cdn.shopify.com/s/files/1/0746/6817/9644/files/000019_051_left_7ba39118-e1b4-44da-9bc6-359fb6b8f26e.png?v=1779391342,37,Gildan® 18500 — Royal Blue — left side view,,,,,,,,,,,,,,,,,,,
,gildan-18500-g18500,,,,,,,,,,,,,,,,,,,,,,,,,,,,,,,,,,,https://cdn.shopify.com/s/files/1/0746/6817/9644/files/000019_051_right_686836c6-98e7-49d7-8438-12a196aee204.png?v=1779391345,38,Gildan® 18500 — Royal Blue — right side view,,,,,,,,,,,,,,,,,,,
,gildan-18500-g18500,,,,,,,,,,,,,,,,,,,,,,,,,,,,,,,,,,,https://cdn.shopify.com/s/files/1/0746/6817/9644/files/000019_051_neckline_e6bb2d75-5dcc-4316-af68-a413cd21c259.png?v=1779391345,39,Gildan® 18500 — Royal Blue — neckline detail,,,,,,,,,,,,,,,,,,,
,gildan-18500-g18500,,,,,,,,,,,,,,,,,,,,,,,,,,,,,,,,,,,https://cdn.shopify.com/s/files/1/0746/6817/9644/files/000019_051_fabric_837a67c5-85b9-47e5-bda4-7783c5e52247.png?v=1779391338,40,Gildan® 18500 — Royal Blue — fabric detail,,,,,,,,,,,,,,,,,,,
,gildan-18500-g18500,,,,,,,,,,,,,,,,,,,,,,,,,,,,,,,,,,,https://cdn.shopify.com/s/files/1/0746/6817/9644/files/000019_051_front_f.png?v=1779391341,41,Gildan® 18500 — Royal Blue — front view (women's fit),,,,,,,,,,,,,,,,,,,
,gildan-18500-g18500,,,,,,,,,,,,,,,,,,,,,,,,,,,,,,,,,,,https://cdn.shopify.com/s/files/1/0746/6817/9644/files/000019_051_back_f.png?v=1779391338,42,Gildan® 18500 — Royal Blue — back view (women's fit),,,,,,,,,,,,,,,,,,,
,gildan-18500-g18500,,,,,,,,G18500-194-XS,,Color,Cherry Red,,Size,XS,,,,,,,,TRUE,,,,,,shopify,300,deny,450,g,TRUE,manual,https://cdn.shopify.com/s/files/1/0746/6817/9644/files/000020_194_front_1d0d8008-ce7f-4703-8616-a6648b159b5b.jpg?v=1779391348,43,Gildan® 18500 — Cherry Red — front view,https://cdn.shopify.com/s/files/1/0746/6817/9644/files/000020_194_front_1d0d8008-ce7f-4703-8616-a6648b159b5b.jpg?v=1779391348,,,,cherry red,,,,,,,,,,,,,,
,gildan-18500-g18500,,,,,,,,G18500-194-S,,Color,Cherry Red,,Size,S,,,,,,,,TRUE,,,,,,shopify,300,deny,450,g,TRUE,manual,,,,https://cdn.shopify.com/s/files/1/0746/6817/9644/files/000020_194_front_1d0d8008-ce7f-4703-8616-a6648b159b5b.jpg?v=1779391348,,,,cherry red,,,,,,,,,,,,,,
,gildan-18500-g18500,,,,,,,,G18500-194-M,,Color,Cherry Red,,Size,M,,,,,,,,TRUE,,,,,,shopify,300,deny,450,g,TRUE,manual,,,,https://cdn.shopify.com/s/files/1/0746/6817/9644/files/000020_194_front_1d0d8008-ce7f-4703-8616-a6648b159b5b.jpg?v=1779391348,,,,cherry red,,,,,,,,,,,,,,
,gildan-18500-g18500,,,,,,,,G18500-194-L,,Color,Cherry Red,,Size,L,,,,,,,,TRUE,,,,,,shopify,300,deny,450,g,TRUE,manual,,,,https://cdn.shopify.com/s/files/1/0746/6817/9644/files/000020_194_front_1d0d8008-ce7f-4703-8616-a6648b159b5b.jpg?v=1779391348,,,,cherry red,,,,,,,,,,,,,,
,gildan-18500-g18500,,,,,,,,G18500-194-XL,,Color,Cherry Red,,Size,XL,,,,,,,,TRUE,,,,,,shopify,300,deny,450,g,TRUE,manual,,,,https://cdn.shopify.com/s/files/1/0746/6817/9644/files/000020_194_front_1d0d8008-ce7f-4703-8616-a6648b159b5b.jpg?v=1779391348,,,,cherry red,,,,,,,,,,,,,,
,gildan-18500-g18500,,,,,,,,G18500-194-2XL,,Color,Cherry Red,,Size,2XL,,,,,,,,TRUE,,,,,,shopify,300,deny,450,g,TRUE,manual,,,,https://cdn.shopify.com/s/files/1/0746/6817/9644/files/000020_194_front_1d0d8008-ce7f-4703-8616-a6648b159b5b.jpg?v=1779391348,,,,cherry red,,,,,,,,,,,,,,
,gildan-18500-g18500,,,,,,,,G18500-194-3XL,,Color,Cherry Red,,Size,3XL,,,,,,,,TRUE,,,,,,shopify,300,deny,450,g,TRUE,manual,,,,https://cdn.shopify.com/s/files/1/0746/6817/9644/files/000020_194_front_1d0d8008-ce7f-4703-8616-a6648b159b5b.jpg?v=1779391348,,,,cherry red,,,,,,,,,,,,,,
,gildan-18500-g18500,,,,,,,,G18500-194-4XL,,Color,Cherry Red,,Size,4XL,,,,,,,,TRUE,,,,,,shopify,300,deny,450,g,TRUE,manual,,,,https://cdn.shopify.com/s/files/1/0746/6817/9644/files/000020_194_front_1d0d8008-ce7f-4703-8616-a6648b159b5b.jpg?v=1779391348,,,,cherry red,,,,,,,,,,,,,,
,gildan-18500-g18500,,,,,,,,G18500-194-5XL,,Color,Cherry Red,,Size,5XL,,,,,,,,TRUE,,,,,,shopify,300,deny,450,g,TRUE,manual,,,,https://cdn.shopify.com/s/files/1/0746/6817/9644/files/000020_194_front_1d0d8008-ce7f-4703-8616-a6648b159b5b.jpg?v=1779391348,,,,cherry red,,,,,,,,,,,,,,
,gildan-18500-g18500,,,,,,,,,,,,,,,,,,,,,,,,,,,,,,,,,,,https://cdn.shopify.com/s/files/1/0746/6817/9644/files/000020_194_back_555165e7-5182-4cab-904a-db3c39b48445.jpg?v=1779391345,44,Gildan® 18500 — Cherry Red — back view,,,,,,,,,,,,,,,,,,,
,gildan-18500-g18500,,,,,,,,,,,,,,,,,,,,,,,,,,,,,,,,,,,https://cdn.shopify.com/s/files/1/0746/6817/9644/files/000020_194_left_e3da4f5f-e143-4a34-9e0c-72455cb7eb44.jpg?v=1779391351,45,Gildan® 18500 — Cherry Red — left side view,,,,,,,,,,,,,,,,,,,
,gildan-18500-g18500,,,,,,,,,,,,,,,,,,,,,,,,,,,,,,,,,,,https://cdn.shopify.com/s/files/1/0746/6817/9644/files/000020_194_right_9f315b6c-e539-45b4-99b5-a6ed8c8767b0.jpg?v=1779391353,46,Gildan® 18500 — Cherry Red — right side view,,,,,,,,,,,,,,,,,,,
,gildan-18500-g18500,,,,,,,,,,,,,,,,,,,,,,,,,,,,,,,,,,,https://cdn.shopify.com/s/files/1/0746/6817/9644/files/000020_194_neckline_08f42146-c82a-4830-b307-746d44b6c0a9.jpg?v=1779391352,47,Gildan® 18500 — Cherry Red — neckline detail,,,,,,,,,,,,,,,,,,,
,gildan-18500-g18500,,,,,,,,,,,,,,,,,,,,,,,,,,,,,,,,,,,https://cdn.shopify.com/s/files/1/0746/6817/9644/files/000020_194_fabric_6433b2ef-4deb-47d8-940c-7a06d850432f.jpg?v=1779391348,48,Gildan® 18500 — Cherry Red — fabric detail,,,,,,,,,,,,,,,,,,,
,gildan-18500-g18500,,,,,,,,,,,,,,,,,,,,,,,,,,,,,,,,,,,https://cdn.shopify.com/s/files/1/0746/6817/9644/files/000020_194_front_f.jpg?v=1779391350,49,Gildan® 18500 — Cherry Red — front view (women's fit),,,,,,,,,,,,,,,,,,,
,gildan-18500-g18500,,,,,,,,,,,,,,,,,,,,,,,,,,,,,,,,,,,https://cdn.shopify.com/s/files/1/0746/6817/9644/files/000020_194_back_f.jpg?v=1779391348,50,Gildan® 18500 — Cherry Red — back view (women's fit),,,,,,,,,,,,,,,,,,,
Gildan® 18500B,gildan-18500b-g18500b,"<p>The Heavy Blend® Youth Hooded Sweatshirt works just as hard to keep up with whatever kids throw at it. From the backyard to the playground, it delivers long-lasting comfort along with a smooth, decorator-friendly, finish.</p><ul><li>50% Cotton / 50% Polyester — 8.0 oz/yd²</li><li>Air jet yarn — softer feel and reduced pilling</li><li>Double-lined hood with matching drawstring</li><li>Pouch pocket</li><li>1 × 1 athletic rib knit cuffs and waistband with spandex</li><li>Youth sizing — XS to XL</li></ul><h4>Size Chart (inches)</h4><table><thead><tr><th>Size</th><th>Chest</th><th>Body Length</th></tr></thead><tbody><tr><td>XS</td><td>23–24</td><td>17½</td></tr><tr><td>S</td><td>25–26</td><td>18½</td></tr><tr><td>M</td><td>27–28</td><td>19½</td></tr><tr><td>L</td><td>29–30</td><td>21</td></tr><tr><td>XL</td><td>31–32</td><td>22½</td></tr></tbody></table>",Gildan,gid://shopify/TaxonomyCategory/aa-1-13-13,Hoodie,"Hoodie, Youth, G18500B",TRUE,active,G18500B-030-XS,,Color,White,,Size,XS,,,,,,,,TRUE,,,,,,shopify,300,deny,315,g,TRUE,manual,https://cdn.shopify.com/s/files/1/0746/6817/9644/files/000070_030_front.jpg?v=1779377040,7,Gildan® 18500B — White — front view,https://cdn.shopify.com/s/files/1/0746/6817/9644/files/000070_030_front.jpg?v=1779377040,,Gildan® 18500B,"<p>The Heavy Blend® Youth Hooded Sweatshirt works just as hard to keep up with whatever kids throw at it. From the backyard to the playground, it delivers ",white,gid://shopify/TaxonomyCategory/aa-1-13-13,Unisex,Kids,G18500B,,,new,,,,,,,Youth Hooded Sweatshirt
,gildan-18500b-g18500b,,,,,,,,G18500B-030-S,,Color,White,,Size,S,,,,,,,,TRUE,,,,,,shopify,300,deny,315,g,TRUE,manual,,,,https://cdn.shopify.com/s/files/1/0746/6817/9644/files/000070_030_front.jpg?v=1779377040,,,,white,,,,,,,,,,,,,,
,gildan-18500b-g18500b,,,,,,,,G18500B-030-M,,Color,White,,Size,M,,,,,,,,TRUE,,,,,,shopify,300,deny,315,g,TRUE,manual,,,,https://cdn.shopify.com/s/files/1/0746/6817/9644/files/000070_030_front.jpg?v=1779377040,,,,white,,,,,,,,,,,,,,
,gildan-18500b-g18500b,,,,,,,,G18500B-030-L,,Color,White,,Size,L,,,,,,,,TRUE,,,,,,shopify,300,deny,315,g,TRUE,manual,,,,https://cdn.shopify.com/s/files/1/0746/6817/9644/files/000070_030_front.jpg?v=1779377040,,,,white,,,,,,,,,,,,,,
,gildan-18500b-g18500b,,,,,,,,G18500B-030-XL,,Color,White,,Size,XL,,,,,,,,TRUE,,,,,,shopify,300,deny,315,g,TRUE,manual,,,,https://cdn.shopify.com/s/files/1/0746/6817/9644/files/000070_030_front.jpg?v=1779377040,,,,white,,,,,,,,,,,,,,
,gildan-18500b-g18500b,,,,,,,,,,,,,,,,,,,,,,,,,,,,,,,,,,,https://cdn.shopify.com/s/files/1/0746/6817/9644/files/000070_030_back.jpg?v=1779377039,8,Gildan® 18500B — White — back view,,,,,,,,,,,,,,,,,,,
,gildan-18500b-g18500b,,,,,,,,,,,,,,,,,,,,,,,,,,,,,,,,,,,https://cdn.shopify.com/s/files/1/0746/6817/9644/files/000070_030_left.jpg?v=1779377041,9,Gildan® 18500B — White — left side view,,,,,,,,,,,,,,,,,,,
,gildan-18500b-g18500b,,,,,,,,,,,,,,,,,,,,,,,,,,,,,,,,,,,https://cdn.shopify.com/s/files/1/0746/6817/9644/files/000070_030_right.jpg?v=1779377043,10,Gildan® 18500B — White — right side view,,,,,,,,,,,,,,,,,,,
,gildan-18500b-g18500b,,,,,,,,,,,,,,,,,,,,,,,,,,,,,,,,,,,https://cdn.shopify.com/s/files/1/0746/6817/9644/files/000070_030_neckline.jpg?v=1779377043,11,Gildan® 18500B — White — neckline detail,,,,,,,,,,,,,,,,,,,
,gildan-18500b-g18500b,,,,,,,,,,,,,,,,,,,,,,,,,,,,,,,,,,,https://cdn.shopify.com/s/files/1/0746/6817/9644/files/000070_030_fabric.jpg?v=1779377040,12,Gildan® 18500B — White — fabric detail,,,,,,,,,,,,,,,,,,,
,gildan-18500b-g18500b,,,,,,,,G18500B-032-XS,,Color,Navy,,Size,XS,,,,,,,,TRUE,,,,,,shopify,300,deny,315,g,TRUE,manual,https://cdn.shopify.com/s/files/1/0746/6817/9644/files/000091_032_front.jpg?v=1779377125,13,Gildan® 18500B — Navy — front view,https://cdn.shopify.com/s/files/1/0746/6817/9644/files/000091_032_front.jpg?v=1779377125,,,,navy,,,,,,,,,,,,,,
,gildan-18500b-g18500b,,,,,,,,G18500B-032-S,,Color,Navy,,Size,S,,,,,,,,TRUE,,,,,,shopify,300,deny,315,g,TRUE,manual,,,,https://cdn.shopify.com/s/files/1/0746/6817/9644/files/000091_032_front.jpg?v=1779377125,,,,navy,,,,,,,,,,,,,,
,gildan-18500b-g18500b,,,,,,,,G18500B-032-M,,Color,Navy,,Size,M,,,,,,,,TRUE,,,,,,shopify,300,deny,315,g,TRUE,manual,,,,https://cdn.shopify.com/s/files/1/0746/6817/9644/files/000091_032_front.jpg?v=1779377125,,,,navy,,,,,,,,,,,,,,
,gildan-18500b-g18500b,,,,,,,,G18500B-032-L,,Color,Navy,,Size,L,,,,,,,,TRUE,,,,,,shopify,300,deny,315,g,TRUE,manual,,,,https://cdn.shopify.com/s/files/1/0746/6817/9644/files/000091_032_front.jpg?v=1779377125,,,,navy,,,,,,,,,,,,,,
,gildan-18500b-g18500b,,,,,,,,G18500B-032-XL,,Color,Navy,,Size,XL,,,,,,,,TRUE,,,,,,shopify,300,deny,315,g,TRUE,manual,,,,https://cdn.shopify.com/s/files/1/0746/6817/9644/files/000091_032_front.jpg?v=1779377125,,,,navy,,,,,,,,,,,,,,
,gildan-18500b-g18500b,,,,,,,,,,,,,,,,,,,,,,,,,,,,,,,,,,,https://cdn.shopify.com/s/files/1/0746/6817/9644/files/000091_032_back.jpg?v=1779377123,14,Gildan® 18500B — Navy — back view,,,,,,,,,,,,,,,,,,,
,gildan-18500b-g18500b,,,,,,,,,,,,,,,,,,,,,,,,,,,,,,,,,,,https://cdn.shopify.com/s/files/1/0746/6817/9644/files/000091_032_left.jpg?v=1779377125,15,Gildan® 18500B — Navy — left side view,,,,,,,,,,,,,,,,,,,
,gildan-18500b-g18500b,,,,,,,,,,,,,,,,,,,,,,,,,,,,,,,,,,,https://cdn.shopify.com/s/files/1/0746/6817/9644/files/000091_032_right.jpg?v=1779377128,16,Gildan® 18500B — Navy — right side view,,,,,,,,,,,,,,,,,,,
,gildan-18500b-g18500b,,,,,,,,,,,,,,,,,,,,,,,,,,,,,,,,,,,https://cdn.shopify.com/s/files/1/0746/6817/9644/files/000091_032_neckline.jpg?v=1779377128,17,Gildan® 18500B — Navy — neckline detail,,,,,,,,,,,,,,,,,,,
,gildan-18500b-g18500b,,,,,,,,,,,,,,,,,,,,,,,,,,,,,,,,,,,https://cdn.shopify.com/s/files/1/0746/6817/9644/files/000091_032_fabric.jpg?v=1779377124,18,Gildan® 18500B — Navy — fabric detail,,,,,,,,,,,,,,,,,,,
,gildan-18500b-g18500b,,,,,,,,G18500B-036-XS,,Color,Black,,Size,XS,,,,,,,,TRUE,,,,,,shopify,300,deny,315,g,TRUE,manual,https://cdn.shopify.com/s/files/1/0746/6817/9644/files/000092_036_front.jpg?v=1779377131,1,Gildan® 18500B — Black — front view,https://cdn.shopify.com/s/files/1/0746/6817/9644/files/000092_036_front.jpg?v=1779377131,,,,black,,,,,,,,,,,,,,
,gildan-18500b-g18500b,,,,,,,,G18500B-036-S,,Color,Black,,Size,S,,,,,,,,TRUE,,,,,,shopify,300,deny,315,g,TRUE,manual,,,,https://cdn.shopify.com/s/files/1/0746/6817/9644/files/000092_036_front.jpg?v=1779377131,,,,black,,,,,,,,,,,,,,
,gildan-18500b-g18500b,,,,,,,,G18500B-036-M,,Color,Black,,Size,M,,,,,,,,TRUE,,,,,,shopify,300,deny,315,g,TRUE,manual,,,,https://cdn.shopify.com/s/files/1/0746/6817/9644/files/000092_036_front.jpg?v=1779377131,,,,black,,,,,,,,,,,,,,
,gildan-18500b-g18500b,,,,,,,,G18500B-036-L,,Color,Black,,Size,L,,,,,,,,TRUE,,,,,,shopify,300,deny,315,g,TRUE,manual,,,,https://cdn.shopify.com/s/files/1/0746/6817/9644/files/000092_036_front.jpg?v=1779377131,,,,black,,,,,,,,,,,,,,
,gildan-18500b-g18500b,,,,,,,,G18500B-036-XL,,Color,Black,,Size,XL,,,,,,,,TRUE,,,,,,shopify,300,deny,315,g,TRUE,manual,,,,https://cdn.shopify.com/s/files/1/0746/6817/9644/files/000092_036_front.jpg?v=1779377131,,,,black,,,,,,,,,,,,,,
,gildan-18500b-g18500b,,,,,,,,,,,,,,,,,,,,,,,,,,,,,,,,,,,https://cdn.shopify.com/s/files/1/0746/6817/9644/files/000092_036_back.jpg?v=1779377128,2,Gildan® 18500B — Black — back view,,,,,,,,,,,,,,,,,,,
,gildan-18500b-g18500b,,,,,,,,,,,,,,,,,,,,,,,,,,,,,,,,,,,https://cdn.shopify.com/s/files/1/0746/6817/9644/files/000092_036_left.jpg?v=1779377131,3,Gildan® 18500B — Black — left side view,,,,,,,,,,,,,,,,,,,
,gildan-18500b-g18500b,,,,,,,,,,,,,,,,,,,,,,,,,,,,,,,,,,,https://cdn.shopify.com/s/files/1/0746/6817/9644/files/000092_036_right.jpg?v=1779377134,4,Gildan® 18500B — Black — right side view,,,,,,,,,,,,,,,,,,,
,gildan-18500b-g18500b,,,,,,,,,,,,,,,,,,,,,,,,,,,,,,,,,,,https://cdn.shopify.com/s/files/1/0746/6817/9644/files/000092_036_neckline.jpg?v=1779377134,5,Gildan® 18500B — Black — neckline detail,,,,,,,,,,,,,,,,,,,
,gildan-18500b-g18500b,,,,,,,,,,,,,,,,,,,,,,,,,,,,,,,,,,,https://cdn.shopify.com/s/files/1/0746/6817/9644/files/000092_036_fabric.jpg?v=1779377131,6,Gildan® 18500B — Black — fabric detail,,,,,,,,,,,,,,,,,,,
,gildan-18500b-g18500b,,,,,,,,G18500B-040-XS,,Color,Red,,Size,XS,,,,,,,,TRUE,,,,,,shopify,300,deny,315,g,TRUE,manual,https://cdn.shopify.com/s/files/1/0746/6817/9644/files/000093_040_front.jpg?v=1779377137,19,Gildan® 18500B — Red — front view,https://cdn.shopify.com/s/files/1/0746/6817/9644/files/000093_040_front.jpg?v=1779377137,,,,red,,,,,,,,,,,,,,
,gildan-18500b-g18500b,,,,,,,,G18500B-040-S,,Color,Red,,Size,S,,,,,,,,TRUE,,,,,,shopify,300,deny,315,g,TRUE,manual,,,,https://cdn.shopify.com/s/files/1/0746/6817/9644/files/000093_040_front.jpg?v=1779377137,,,,red,,,,,,,,,,,,,,
,gildan-18500b-g18500b,,,,,,,,G18500B-040-M,,Color,Red,,Size,M,,,,,,,,TRUE,,,,,,shopify,300,deny,315,g,TRUE,manual,,,,https://cdn.shopify.com/s/files/1/0746/6817/9644/files/000093_040_front.jpg?v=1779377137,,,,red,,,,,,,,,,,,,,
,gildan-18500b-g18500b,,,,,,,,G18500B-040-L,,Color,Red,,Size,L,,,,,,,,TRUE,,,,,,shopify,300,deny,315,g,TRUE,manual,,,,https://cdn.shopify.com/s/files/1/0746/6817/9644/files/000093_040_front.jpg?v=1779377137,,,,red,,,,,,,,,,,,,,
,gildan-18500b-g18500b,,,,,,,,G18500B-040-XL,,Color,Red,,Size,XL,,,,,,,,TRUE,,,,,,shopify,300,deny,315,g,TRUE,manual,,,,https://cdn.shopify.com/s/files/1/0746/6817/9644/files/000093_040_front.jpg?v=1779377137,,,,red,,,,,,,,,,,,,,
,gildan-18500b-g18500b,,,,,,,,,,,,,,,,,,,,,,,,,,,,,,,,,,,https://cdn.shopify.com/s/files/1/0746/6817/9644/files/000093_040_back.jpg?v=1779377134,20,Gildan® 18500B — Red — back view,,,,,,,,,,,,,,,,,,,
,gildan-18500b-g18500b,,,,,,,,,,,,,,,,,,,,,,,,,,,,,,,,,,,https://cdn.shopify.com/s/files/1/0746/6817/9644/files/000093_040_left.jpg?v=1779377138,21,Gildan® 18500B — Red — left side view,,,,,,,,,,,,,,,,,,,
,gildan-18500b-g18500b,,,,,,,,,,,,,,,,,,,,,,,,,,,,,,,,,,,https://cdn.shopify.com/s/files/1/0746/6817/9644/files/000093_040_right.jpg?v=1779377139,22,Gildan® 18500B — Red — right side view,,,,,,,,,,,,,,,,,,,
,gildan-18500b-g18500b,,,,,,,,,,,,,,,,,,,,,,,,,,,,,,,,,,,https://cdn.shopify.com/s/files/1/0746/6817/9644/files/000093_040_neckline.jpg?v=1779377139,23,Gildan® 18500B — Red — neckline detail,,,,,,,,,,,,,,,,,,,
,gildan-18500b-g18500b,,,,,,,,,,,,,,,,,,,,,,,,,,,,,,,,,,,https://cdn.shopify.com/s/files/1/0746/6817/9644/files/000093_040_fabric.jpg?v=1779377137,24,Gildan® 18500B — Red — fabric detail,,,,,,,,,,,,,,,,,,,
,gildan-18500b-g18500b,,,,,,,,G18500B-051-XS,,Color,Royal Blue,,Size,XS,,,,,,,,TRUE,,,,,,shopify,300,deny,315,g,TRUE,manual,https://cdn.shopify.com/s/files/1/0746/6817/9644/files/000094_051_front.png?v=1779377143,25,Gildan® 18500B — Royal Blue — front view,https://cdn.shopify.com/s/files/1/0746/6817/9644/files/000094_051_front.png?v=1779377143,,,,royal blue,,,,,,,,,,,,,,
,gildan-18500b-g18500b,,,,,,,,G18500B-051-S,,Color,Royal Blue,,Size,S,,,,,,,,TRUE,,,,,,shopify,300,deny,315,g,TRUE,manual,,,,https://cdn.shopify.com/s/files/1/0746/6817/9644/files/000094_051_front.png?v=1779377143,,,,royal blue,,,,,,,,,,,,,,
,gildan-18500b-g18500b,,,,,,,,G18500B-051-M,,Color,Royal Blue,,Size,M,,,,,,,,TRUE,,,,,,shopify,300,deny,315,g,TRUE,manual,,,,https://cdn.shopify.com/s/files/1/0746/6817/9644/files/000094_051_front.png?v=1779377143,,,,royal blue,,,,,,,,,,,,,,
,gildan-18500b-g18500b,,,,,,,,G18500B-051-L,,Color,Royal Blue,,Size,L,,,,,,,,TRUE,,,,,,shopify,300,deny,315,g,TRUE,manual,,,,https://cdn.shopify.com/s/files/1/0746/6817/9644/files/000094_051_front.png?v=1779377143,,,,royal blue,,,,,,,,,,,,,,
,gildan-18500b-g18500b,,,,,,,,G18500B-051-XL,,Color,Royal Blue,,Size,XL,,,,,,,,TRUE,,,,,,shopify,300,deny,315,g,TRUE,manual,,,,https://cdn.shopify.com/s/files/1/0746/6817/9644/files/000094_051_front.png?v=1779377143,,,,royal blue,,,,,,,,,,,,,,
,gildan-18500b-g18500b,,,,,,,,,,,,,,,,,,,,,,,,,,,,,,,,,,,https://cdn.shopify.com/s/files/1/0746/6817/9644/files/000094_051_back.png?v=1779377141,26,Gildan® 18500B — Royal Blue — back view,,,,,,,,,,,,,,,,,,,
,gildan-18500b-g18500b,,,,,,,,,,,,,,,,,,,,,,,,,,,,,,,,,,,https://cdn.shopify.com/s/files/1/0746/6817/9644/files/000094_051_left.png?v=1779377144,27,Gildan® 18500B — Royal Blue — left side view,,,,,,,,,,,,,,,,,,,
,gildan-18500b-g18500b,,,,,,,,,,,,,,,,,,,,,,,,,,,,,,,,,,,https://cdn.shopify.com/s/files/1/0746/6817/9644/files/000094_051_right.png?v=1779377146,28,Gildan® 18500B — Royal Blue — right side view,,,,,,,,,,,,,,,,,,,
,gildan-18500b-g18500b,,,,,,,,,,,,,,,,,,,,,,,,,,,,,,,,,,,https://cdn.shopify.com/s/files/1/0746/6817/9644/files/000094_051_neckline.png?v=1779377145,29,Gildan® 18500B — Royal Blue — neckline detail,,,,,,,,,,,,,,,,,,,
,gildan-18500b-g18500b,,,,,,,,,,,,,,,,,,,,,,,,,,,,,,,,,,,https://cdn.shopify.com/s/files/1/0746/6817/9644/files/000094_051_fabric.png?v=1779377142,30,Gildan® 18500B — Royal Blue — fabric detail,,,,,,,,,,,,,,,,,,,
Gildan® 2000,gildan-2000-g2000,"<p>Innovation you can feel. Made with 100% U.S. cotton and the latest breakthrough in soft cotton technology, the Gildan® Ultra Cotton™ family has been remastered for improved printability and a softer feel. Classic fit with double-needle stitching throughout and taped neck and shoulders.</p><ul><li>100% U.S. Cotton (Heather: 90/10 cotton/polyester; Sport Grey: 90/10)</li><li>Pre-shrunk for a lasting fit</li><li>Classic fit</li><li>Double-needle stitching throughout</li><li>Taped neck and shoulders</li><li>Tearaway label</li></ul><h4>Size Chart (inches)</h4><table><thead><tr><th>Size</th><th>Chest</th><th>Body Length</th></tr></thead><tbody><tr><td>S</td><td>34–36</td><td>28</td></tr><tr><td>M</td><td>38–40</td><td>29</td></tr><tr><td>L</td><td>42–44</td><td>30</td></tr><tr><td>XL</td><td>46–48</td><td>31</td></tr><tr><td>2XL</td><td>50–52</td><td>32</td></tr><tr><td>3XL</td><td>54–56</td><td>33</td></tr><tr><td>4XL</td><td>58–60</td><td>34</td></tr><tr><td>5XL</td><td>62–64</td><td>35</td></tr></tbody></table>",Gildan,gid://shopify/TaxonomyCategory/aa-1-13-8,T-Shirt,"T-Shirt, Adult, Unisex, G2000",TRUE,active,G2000-026-S,,Color,Sapphire,,Size,S,,,,,,,,TRUE,,,,,,shopify,300,deny,150,g,TRUE,manual,https://cdn.shopify.com/s/files/1/0746/6817/9644/files/000026_026_front_71923d65-9377-45ff-81eb-76e1f1dba379.jpg?v=1779391396,11,Gildan® 2000 — Sapphire — front view,https://cdn.shopify.com/s/files/1/0746/6817/9644/files/000026_026_front_71923d65-9377-45ff-81eb-76e1f1dba379.jpg?v=1779391396,,Gildan® 2000,"<p>Innovation you can feel. Made with 100% U.S. cotton and the latest breakthrough in soft cotton technology, the Gildan® Ultra Cotton™ family has been rem",sapphire,gid://shopify/TaxonomyCategory/aa-1-13-8,Unisex,Adult,G2000,,,new,,,,,,,Adult T-Shirt
,gildan-2000-g2000,,,,,,,,,,,,,,,,,,,,,,,,,,,,,,,,,,,https://cdn.shopify.com/s/files/1/0746/6817/9644/files/gildan-2000_black_asian.png?v=1779475060,1,Gildan® 2000 — Asian model — front view,,,,,,,,,,,,,,,,,,,
,gildan-2000-g2000,,,,,,,,,,,,,,,,,,,,,,,,,,,,,,,,,,,https://cdn.shopify.com/s/files/1/0746/6817/9644/files/gildan-2000_cherry-red_black.png?v=1779475060,2,Gildan® 2000 — Black model — front view,,,,,,,,,,,,,,,,,,,
,gildan-2000-g2000,,,,,,,,G2000-026-M,,Color,Sapphire,,Size,M,,,,,,,,TRUE,,,,,,shopify,300,deny,150,g,TRUE,manual,,,,https://cdn.shopify.com/s/files/1/0746/6817/9644/files/000026_026_front_71923d65-9377-45ff-81eb-76e1f1dba379.jpg?v=1779391396,,,,sapphire,,,,,,,,,,,,,,
,gildan-2000-g2000,,,,,,,,G2000-026-L,,Color,Sapphire,,Size,L,,,,,,,,TRUE,,,,,,shopify,300,deny,150,g,TRUE,manual,,,,https://cdn.shopify.com/s/files/1/0746/6817/9644/files/000026_026_front_71923d65-9377-45ff-81eb-76e1f1dba379.jpg?v=1779391396,,,,sapphire,,,,,,,,,,,,,,
,gildan-2000-g2000,,,,,,,,G2000-026-XL,,Color,Sapphire,,Size,XL,,,,,,,,TRUE,,,,,,shopify,300,deny,150,g,TRUE,manual,,,,https://cdn.shopify.com/s/files/1/0746/6817/9644/files/000026_026_front_71923d65-9377-45ff-81eb-76e1f1dba379.jpg?v=1779391396,,,,sapphire,,,,,,,,,,,,,,
,gildan-2000-g2000,,,,,,,,G2000-026-2XL,,Color,Sapphire,,Size,2XL,,,,,,,,TRUE,,,,,,shopify,300,deny,150,g,TRUE,manual,,,,https://cdn.shopify.com/s/files/1/0746/6817/9644/files/000026_026_front_71923d65-9377-45ff-81eb-76e1f1dba379.jpg?v=1779391396,,,,sapphire,,,,,,,,,,,,,,
,gildan-2000-g2000,,,,,,,,G2000-026-3XL,,Color,Sapphire,,Size,3XL,,,,,,,,TRUE,,,,,,shopify,300,deny,150,g,TRUE,manual,,,,https://cdn.shopify.com/s/files/1/0746/6817/9644/files/000026_026_front_71923d65-9377-45ff-81eb-76e1f1dba379.jpg?v=1779391396,,,,sapphire,,,,,,,,,,,,,,
,gildan-2000-g2000,,,,,,,,G2000-026-4XL,,Color,Sapphire,,Size,4XL,,,,,,,,TRUE,,,,,,shopify,300,deny,150,g,TRUE,manual,,,,https://cdn.shopify.com/s/files/1/0746/6817/9644/files/000026_026_front_71923d65-9377-45ff-81eb-76e1f1dba379.jpg?v=1779391396,,,,sapphire,,,,,,,,,,,,,,
,gildan-2000-g2000,,,,,,,,G2000-026-5XL,,Color,Sapphire,,Size,5XL,,,,,,,,TRUE,,,,,,shopify,300,deny,150,g,TRUE,manual,,,,https://cdn.shopify.com/s/files/1/0746/6817/9644/files/000026_026_front_71923d65-9377-45ff-81eb-76e1f1dba379.jpg?v=1779391396,,,,sapphire,,,,,,,,,,,,,,
,gildan-2000-g2000,,,,,,,,,,,,,,,,,,,,,,,,,,,,,,,,,,,https://cdn.shopify.com/s/files/1/0746/6817/9644/files/000026_026_back_05c2683c-3d08-41d5-aa63-6662baec354c.jpg?v=1779391393,12,Gildan® 2000 — Sapphire — back view,,,,,,,,,,,,,,,,,,,
,gildan-2000-g2000,,,,,,,,,,,,,,,,,,,,,,,,,,,,,,,,,,,https://cdn.shopify.com/s/files/1/0746/6817/9644/files/000026_026_left_3bd5b93f-45f2-4061-acee-4bd63026f192.jpg?v=1779391398,13,Gildan® 2000 — Sapphire — left side view,,,,,,,,,,,,,,,,,,,
,gildan-2000-g2000,,,,,,,,,,,,,,,,,,,,,,,,,,,,,,,,,,,https://cdn.shopify.com/s/files/1/0746/6817/9644/files/000026_026_right_94a85119-91d6-4bda-8d27-608c9783822b.jpg?v=1779391399,14,Gildan® 2000 — Sapphire — right side view,,,,,,,,,,,,,,,,,,,
,gildan-2000-g2000,,,,,,,,,,,,,,,,,,,,,,,,,,,,,,,,,,,https://cdn.shopify.com/s/files/1/0746/6817/9644/files/000026_026_neckline_69d448e5-9778-46f7-bc16-7d86d2d30ca9.jpg?v=1779391399,15,Gildan® 2000 — Sapphire — neckline detail,,,,,,,,,,,,,,,,,,,
,gildan-2000-g2000,,,,,,,,,,,,,,,,,,,,,,,,,,,,,,,,,,,https://cdn.shopify.com/s/files/1/0746/6817/9644/files/000026_026_fabric_56d7b9a3-7fc8-4fa3-b115-91064a1d51de.jpg?v=1779391396,16,Gildan® 2000 — Sapphire — fabric detail,,,,,,,,,,,,,,,,,,,
,gildan-2000-g2000,,,,,,,,,,,,,,,,,,,,,,,,,,,,,,,,,,,https://cdn.shopify.com/s/files/1/0746/6817/9644/files/000026_026_front_f.jpg?v=1779391397,17,Gildan® 2000 — Sapphire — front view (women's fit),,,,,,,,,,,,,,,,,,,
,gildan-2000-g2000,,,,,,,,,,,,,,,,,,,,,,,,,,,,,,,,,,,https://cdn.shopify.com/s/files/1/0746/6817/9644/files/000026_026_back_f.jpg?v=1779391393,18,Gildan® 2000 — Sapphire — back view (women's fit),,,,,,,,,,,,,,,,,,,
,gildan-2000-g2000,,,,,,,,G2000-030-S,,Color,White,,Size,S,,,,,,,,TRUE,,,,,,shopify,300,deny,150,g,TRUE,manual,https://cdn.shopify.com/s/files/1/0746/6817/9644/files/000021_030_front_35e1427b-3284-4bd3-86a3-47c7cd351e9f.jpg?v=1779391356,19,Gildan® 2000 — White — front view,https://cdn.shopify.com/s/files/1/0746/6817/9644/files/000021_030_front_35e1427b-3284-4bd3-86a3-47c7cd351e9f.jpg?v=1779391356,,,,white,,,,,,,,,,,,,,
,gildan-2000-g2000,,,,,,,,G2000-030-M,,Color,White,,Size,M,,,,,,,,TRUE,,,,,,shopify,300,deny,150,g,TRUE,manual,,,,https://cdn.shopify.com/s/files/1/0746/6817/9644/files/000021_030_front_35e1427b-3284-4bd3-86a3-47c7cd351e9f.jpg?v=1779391356,,,,white,,,,,,,,,,,,,,
,gildan-2000-g2000,,,,,,,,G2000-030-L,,Color,White,,Size,L,,,,,,,,TRUE,,,,,,shopify,300,deny,150,g,TRUE,manual,,,,https://cdn.shopify.com/s/files/1/0746/6817/9644/files/000021_030_front_35e1427b-3284-4bd3-86a3-47c7cd351e9f.jpg?v=1779391356,,,,white,,,,,,,,,,,,,,
,gildan-2000-g2000,,,,,,,,G2000-030-XL,,Color,White,,Size,XL,,,,,,,,TRUE,,,,,,shopify,300,deny,150,g,TRUE,manual,,,,https://cdn.shopify.com/s/files/1/0746/6817/9644/files/000021_030_front_35e1427b-3284-4bd3-86a3-47c7cd351e9f.jpg?v=1779391356,,,,white,,,,,,,,,,,,,,
,gildan-2000-g2000,,,,,,,,G2000-030-2XL,,Color,White,,Size,2XL,,,,,,,,TRUE,,,,,,shopify,300,deny,150,g,TRUE,manual,,,,https://cdn.shopify.com/s/files/1/0746/6817/9644/files/000021_030_front_35e1427b-3284-4bd3-86a3-47c7cd351e9f.jpg?v=1779391356,,,,white,,,,,,,,,,,,,,
,gildan-2000-g2000,,,,,,,,G2000-030-3XL,,Color,White,,Size,3XL,,,,,,,,TRUE,,,,,,shopify,300,deny,150,g,TRUE,manual,,,,https://cdn.shopify.com/s/files/1/0746/6817/9644/files/000021_030_front_35e1427b-3284-4bd3-86a3-47c7cd351e9f.jpg?v=1779391356,,,,white,,,,,,,,,,,,,,
,gildan-2000-g2000,,,,,,,,G2000-030-4XL,,Color,White,,Size,4XL,,,,,,,,TRUE,,,,,,shopify,300,deny,150,g,TRUE,manual,,,,https://cdn.shopify.com/s/files/1/0746/6817/9644/files/000021_030_front_35e1427b-3284-4bd3-86a3-47c7cd351e9f.jpg?v=1779391356,,,,white,,,,,,,,,,,,,,
,gildan-2000-g2000,,,,,,,,G2000-030-5XL,,Color,White,,Size,5XL,,,,,,,,TRUE,,,,,,shopify,300,deny,150,g,TRUE,manual,,,,https://cdn.shopify.com/s/files/1/0746/6817/9644/files/000021_030_front_35e1427b-3284-4bd3-86a3-47c7cd351e9f.jpg?v=1779391356,,,,white,,,,,,,,,,,,,,
,gildan-2000-g2000,,,,,,,,,,,,,,,,,,,,,,,,,,,,,,,,,,,https://cdn.shopify.com/s/files/1/0746/6817/9644/files/000021_030_back_e6945ddb-362b-47d8-b232-6c5ff0f3db7f.jpg?v=1779391354,20,Gildan® 2000 — White — back view,,,,,,,,,,,,,,,,,,,
,gildan-2000-g2000,,,,,,,,,,,,,,,,,,,,,,,,,,,,,,,,,,,https://cdn.shopify.com/s/files/1/0746/6817/9644/files/000021_030_left_5fc6a859-a0f7-4d79-9bfb-ec484c2cde4a.jpg?v=1779391358,21,Gildan® 2000 — White — left side view,,,,,,,,,,,,,,,,,,,
,gildan-2000-g2000,,,,,,,,,,,,,,,,,,,,,,,,,,,,,,,,,,,https://cdn.shopify.com/s/files/1/0746/6817/9644/files/000021_030_right_ddca685c-d890-4bed-9d17-fc1c6ebc3c57.jpg?v=1779391359,22,Gildan® 2000 — White — right side view,,,,,,,,,,,,,,,,,,,
,gildan-2000-g2000,,,,,,,,,,,,,,,,,,,,,,,,,,,,,,,,,,,https://cdn.shopify.com/s/files/1/0746/6817/9644/files/000021_030_neckline_14f87b96-9ddb-4bf7-8a89-132b0349fd57.jpg?v=1779391359,23,Gildan® 2000 — White — neckline detail,,,,,,,,,,,,,,,,,,,
,gildan-2000-g2000,,,,,,,,,,,,,,,,,,,,,,,,,,,,,,,,,,,https://cdn.shopify.com/s/files/1/0746/6817/9644/files/000021_030_fabric_651b4efa-77e3-4f5c-b9c9-5b2121772043.jpg?v=1779391356,24,Gildan® 2000 — White — fabric detail,,,,,,,,,,,,,,,,,,,
,gildan-2000-g2000,,,,,,,,,,,,,,,,,,,,,,,,,,,,,,,,,,,https://cdn.shopify.com/s/files/1/0746/6817/9644/files/000021_030_front_f.jpg?v=1779391357,25,Gildan® 2000 — White — front view (women's fit),,,,,,,,,,,,,,,,,,,
,gildan-2000-g2000,,,,,,,,,,,,,,,,,,,,,,,,,,,,,,,,,,,https://cdn.shopify.com/s/files/1/0746/6817/9644/files/000021_030_back_f.jpg?v=1779391355,26,Gildan® 2000 — White — back view (women's fit),,,,,,,,,,,,,,,,,,,
,gildan-2000-g2000,,,,,,,,G2000-032-S,,Color,Navy,,Size,S,,,,,,,,TRUE,,,,,,shopify,300,deny,150,g,TRUE,manual,https://cdn.shopify.com/s/files/1/0746/6817/9644/files/000022_032_front_2180c4f7-5642-44e7-be0c-32b0e9dc2a68.jpg?v=1779391364,27,Gildan® 2000 — Navy — front view,https://cdn.shopify.com/s/files/1/0746/6817/9644/files/000022_032_front_2180c4f7-5642-44e7-be0c-32b0e9dc2a68.jpg?v=1779391364,,,,navy,,,,,,,,,,,,,,
,gildan-2000-g2000,,,,,,,,G2000-032-M,,Color,Navy,,Size,M,,,,,,,,TRUE,,,,,,shopify,300,deny,150,g,TRUE,manual,,,,https://cdn.shopify.com/s/files/1/0746/6817/9644/files/000022_032_front_2180c4f7-5642-44e7-be0c-32b0e9dc2a68.jpg?v=1779391364,,,,navy,,,,,,,,,,,,,,
,gildan-2000-g2000,,,,,,,,G2000-032-L,,Color,Navy,,Size,L,,,,,,,,TRUE,,,,,,shopify,300,deny,150,g,TRUE,manual,,,,https://cdn.shopify.com/s/files/1/0746/6817/9644/files/000022_032_front_2180c4f7-5642-44e7-be0c-32b0e9dc2a68.jpg?v=1779391364,,,,navy,,,,,,,,,,,,,,
,gildan-2000-g2000,,,,,,,,G2000-032-XL,,Color,Navy,,Size,XL,,,,,,,,TRUE,,,,,,shopify,300,deny,150,g,TRUE,manual,,,,https://cdn.shopify.com/s/files/1/0746/6817/9644/files/000022_032_front_2180c4f7-5642-44e7-be0c-32b0e9dc2a68.jpg?v=1779391364,,,,navy,,,,,,,,,,,,,,
,gildan-2000-g2000,,,,,,,,G2000-032-2XL,,Color,Navy,,Size,2XL,,,,,,,,TRUE,,,,,,shopify,300,deny,150,g,TRUE,manual,,,,https://cdn.shopify.com/s/files/1/0746/6817/9644/files/000022_032_front_2180c4f7-5642-44e7-be0c-32b0e9dc2a68.jpg?v=1779391364,,,,navy,,,,,,,,,,,,,,
,gildan-2000-g2000,,,,,,,,G2000-032-3XL,,Color,Navy,,Size,3XL,,,,,,,,TRUE,,,,,,shopify,300,deny,150,g,TRUE,manual,,,,https://cdn.shopify.com/s/files/1/0746/6817/9644/files/000022_032_front_2180c4f7-5642-44e7-be0c-32b0e9dc2a68.jpg?v=1779391364,,,,navy,,,,,,,,,,,,,,
,gildan-2000-g2000,,,,,,,,G2000-032-4XL,,Color,Navy,,Size,4XL,,,,,,,,TRUE,,,,,,shopify,300,deny,150,g,TRUE,manual,,,,https://cdn.shopify.com/s/files/1/0746/6817/9644/files/000022_032_front_2180c4f7-5642-44e7-be0c-32b0e9dc2a68.jpg?v=1779391364,,,,navy,,,,,,,,,,,,,,
,gildan-2000-g2000,,,,,,,,G2000-032-5XL,,Color,Navy,,Size,5XL,,,,,,,,TRUE,,,,,,shopify,300,deny,150,g,TRUE,manual,,,,https://cdn.shopify.com/s/files/1/0746/6817/9644/files/000022_032_front_2180c4f7-5642-44e7-be0c-32b0e9dc2a68.jpg?v=1779391364,,,,navy,,,,,,,,,,,,,,
,gildan-2000-g2000,,,,,,,,,,,,,,,,,,,,,,,,,,,,,,,,,,,https://cdn.shopify.com/s/files/1/0746/6817/9644/files/000022_032_back_5ef606c7-5d24-43a8-8bbc-fa526643ead2.jpg?v=1779391360,28,Gildan® 2000 — Navy — back view,,,,,,,,,,,,,,,,,,,
,gildan-2000-g2000,,,,,,,,,,,,,,,,,,,,,,,,,,,,,,,,,,,https://cdn.shopify.com/s/files/1/0746/6817/9644/files/000022_032_left_1a91ae79-3218-4a4e-86eb-e1a23ea0139a.jpg?v=1779391365,29,Gildan® 2000 — Navy — left side view,,,,,,,,,,,,,,,,,,,
,gildan-2000-g2000,,,,,,,,,,,,,,,,,,,,,,,,,,,,,,,,,,,https://cdn.shopify.com/s/files/1/0746/6817/9644/files/000022_032_right_50f7a7d4-023f-427e-b138-688bc0a2f25d.jpg?v=1779391367,30,Gildan® 2000 — Navy — right side view,,,,,,,,,,,,,,,,,,,
,gildan-2000-g2000,,,,,,,,,,,,,,,,,,,,,,,,,,,,,,,,,,,https://cdn.shopify.com/s/files/1/0746/6817/9644/files/000022_032_neckline_09a59106-86ef-4af3-b681-b52236c82d2e.jpg?v=1779391367,31,Gildan® 2000 — Navy — neckline detail,,,,,,,,,,,,,,,,,,,
,gildan-2000-g2000,,,,,,,,,,,,,,,,,,,,,,,,,,,,,,,,,,,https://cdn.shopify.com/s/files/1/0746/6817/9644/files/000022_032_fabric_ccac704a-9e04-4257-83f7-64ab202d9dc5.jpg?v=1779391363,32,Gildan® 2000 — Navy — fabric detail,,,,,,,,,,,,,,,,,,,
,gildan-2000-g2000,,,,,,,,,,,,,,,,,,,,,,,,,,,,,,,,,,,https://cdn.shopify.com/s/files/1/0746/6817/9644/files/000022_032_front_f.jpg?v=1779391365,33,Gildan® 2000 — Navy — front view (women's fit),,,,,,,,,,,,,,,,,,,
,gildan-2000-g2000,,,,,,,,,,,,,,,,,,,,,,,,,,,,,,,,,,,https://cdn.shopify.com/s/files/1/0746/6817/9644/files/000022_032_back_f.jpg?v=1779391362,34,Gildan® 2000 — Navy — back view (women's fit),,,,,,,,,,,,,,,,,,,
,gildan-2000-g2000,,,,,,,,G2000-036-S,,Color,Black,,Size,S,,,,,,,,TRUE,,,,,,shopify,300,deny,150,g,TRUE,manual,https://cdn.shopify.com/s/files/1/0746/6817/9644/files/000023_036_front_c5f51ebc-bceb-4126-b557-caa13d50f010.jpg?v=1779391370,35,Gildan® 2000 — Black — front view,https://cdn.shopify.com/s/files/1/0746/6817/9644/files/000023_036_front_c5f51ebc-bceb-4126-b557-caa13d50f010.jpg?v=1779391370,,,,black,,,,,,,,,,,,,,
,gildan-2000-g2000,,,,,,,,G2000-036-M,,Color,Black,,Size,M,,,,,,,,TRUE,,,,,,shopify,300,deny,150,g,TRUE,manual,,,,https://cdn.shopify.com/s/files/1/0746/6817/9644/files/000023_036_front_c5f51ebc-bceb-4126-b557-caa13d50f010.jpg?v=1779391370,,,,black,,,,,,,,,,,,,,
,gildan-2000-g2000,,,,,,,,G2000-036-L,,Color,Black,,Size,L,,,,,,,,TRUE,,,,,,shopify,300,deny,150,g,TRUE,manual,,,,https://cdn.shopify.com/s/files/1/0746/6817/9644/files/000023_036_front_c5f51ebc-bceb-4126-b557-caa13d50f010.jpg?v=1779391370,,,,black,,,,,,,,,,,,,,
,gildan-2000-g2000,,,,,,,,G2000-036-XL,,Color,Black,,Size,XL,,,,,,,,TRUE,,,,,,shopify,300,deny,150,g,TRUE,manual,,,,https://cdn.shopify.com/s/files/1/0746/6817/9644/files/000023_036_front_c5f51ebc-bceb-4126-b557-caa13d50f010.jpg?v=1779391370,,,,black,,,,,,,,,,,,,,
,gildan-2000-g2000,,,,,,,,G2000-036-2XL,,Color,Black,,Size,2XL,,,,,,,,TRUE,,,,,,shopify,300,deny,150,g,TRUE,manual,,,,https://cdn.shopify.com/s/files/1/0746/6817/9644/files/000023_036_front_c5f51ebc-bceb-4126-b557-caa13d50f010.jpg?v=1779391370,,,,black,,,,,,,,,,,,,,
,gildan-2000-g2000,,,,,,,,G2000-036-3XL,,Color,Black,,Size,3XL,,,,,,,,TRUE,,,,,,shopify,300,deny,150,g,TRUE,manual,,,,https://cdn.shopify.com/s/files/1/0746/6817/9644/files/000023_036_front_c5f51ebc-bceb-4126-b557-caa13d50f010.jpg?v=1779391370,,,,black,,,,,,,,,,,,,,
,gildan-2000-g2000,,,,,,,,G2000-036-4XL,,Color,Black,,Size,4XL,,,,,,,,TRUE,,,,,,shopify,300,deny,150,g,TRUE,manual,,,,https://cdn.shopify.com/s/files/1/0746/6817/9644/files/000023_036_front_c5f51ebc-bceb-4126-b557-caa13d50f010.jpg?v=1779391370,,,,black,,,,,,,,,,,,,,
,gildan-2000-g2000,,,,,,,,G2000-036-5XL,,Color,Black,,Size,5XL,,,,,,,,TRUE,,,,,,shopify,300,deny,150,g,TRUE,manual,,,,https://cdn.shopify.com/s/files/1/0746/6817/9644/files/000023_036_front_c5f51ebc-bceb-4126-b557-caa13d50f010.jpg?v=1779391370,,,,black,,,,,,,,,,,,,,
,gildan-2000-g2000,,,,,,,,,,,,,,,,,,,,,,,,,,,,,,,,,,,https://cdn.shopify.com/s/files/1/0746/6817/9644/files/000023_036_back_4388d69e-ba38-4740-ba74-f2e427e194e2.jpg?v=1779391368,36,Gildan® 2000 — Black — back view,,,,,,,,,,,,,,,,,,,
,gildan-2000-g2000,,,,,,,,,,,,,,,,,,,,,,,,,,,,,,,,,,,https://cdn.shopify.com/s/files/1/0746/6817/9644/files/000023_036_left_d5d6ad75-3261-487e-bad8-316dfefe96c1.jpg?v=1779391373,37,Gildan® 2000 — Black — left side view,,,,,,,,,,,,,,,,,,,
,gildan-2000-g2000,,,,,,,,,,,,,,,,,,,,,,,,,,,,,,,,,,,https://cdn.shopify.com/s/files/1/0746/6817/9644/files/000023_036_right_07d7ed64-7317-425a-ae03-aeb053271a8e.jpg?v=1779391374,38,Gildan® 2000 — Black — right side view,,,,,,,,,,,,,,,,,,,
,gildan-2000-g2000,,,,,,,,,,,,,,,,,,,,,,,,,,,,,,,,,,,https://cdn.shopify.com/s/files/1/0746/6817/9644/files/000023_036_neckline_a1c49af0-6721-4a89-a1a9-a4f9e653ec91.jpg?v=1779391374,39,Gildan® 2000 — Black — neckline detail,,,,,,,,,,,,,,,,,,,
,gildan-2000-g2000,,,,,,,,,,,,,,,,,,,,,,,,,,,,,,,,,,,https://cdn.shopify.com/s/files/1/0746/6817/9644/files/000023_036_fabric_caa2a1ac-6224-448f-b545-aef965fd7d92.jpg?v=1779391370,40,Gildan® 2000 — Black — fabric detail,,,,,,,,,,,,,,,,,,,
,gildan-2000-g2000,,,,,,,,,,,,,,,,,,,,,,,,,,,,,,,,,,,https://cdn.shopify.com/s/files/1/0746/6817/9644/files/000023_036_front_f.jpg?v=1779391372,41,Gildan® 2000 — Black — front view (women's fit),,,,,,,,,,,,,,,,,,,
,gildan-2000-g2000,,,,,,,,,,,,,,,,,,,,,,,,,,,,,,,,,,,https://cdn.shopify.com/s/files/1/0746/6817/9644/files/000023_036_back_f.jpg?v=1779391369,42,Gildan® 2000 — Black — back view (women's fit),,,,,,,,,,,,,,,,,,,
,gildan-2000-g2000,,,,,,,,G2000-040-S,,Color,Red,,Size,S,,,,,,,,TRUE,,,,,,shopify,300,deny,150,g,TRUE,manual,https://cdn.shopify.com/s/files/1/0746/6817/9644/files/000024_040_front_95667237-3c03-4b13-bd74-9857e56db16b.jpg?v=1779391379,43,Gildan® 2000 — Red — front view,https://cdn.shopify.com/s/files/1/0746/6817/9644/files/000024_040_front_95667237-3c03-4b13-bd74-9857e56db16b.jpg?v=1779391379,,,,red,,,,,,,,,,,,,,
,gildan-2000-g2000,,,,,,,,G2000-040-M,,Color,Red,,Size,M,,,,,,,,TRUE,,,,,,shopify,300,deny,150,g,TRUE,manual,,,,https://cdn.shopify.com/s/files/1/0746/6817/9644/files/000024_040_front_95667237-3c03-4b13-bd74-9857e56db16b.jpg?v=1779391379,,,,red,,,,,,,,,,,,,,
,gildan-2000-g2000,,,,,,,,G2000-040-L,,Color,Red,,Size,L,,,,,,,,TRUE,,,,,,shopify,300,deny,150,g,TRUE,manual,,,,https://cdn.shopify.com/s/files/1/0746/6817/9644/files/000024_040_front_95667237-3c03-4b13-bd74-9857e56db16b.jpg?v=1779391379,,,,red,,,,,,,,,,,,,,
,gildan-2000-g2000,,,,,,,,G2000-040-XL,,Color,Red,,Size,XL,,,,,,,,TRUE,,,,,,shopify,300,deny,150,g,TRUE,manual,,,,https://cdn.shopify.com/s/files/1/0746/6817/9644/files/000024_040_front_95667237-3c03-4b13-bd74-9857e56db16b.jpg?v=1779391379,,,,red,,,,,,,,,,,,,,
,gildan-2000-g2000,,,,,,,,G2000-040-2XL,,Color,Red,,Size,2XL,,,,,,,,TRUE,,,,,,shopify,300,deny,150,g,TRUE,manual,,,,https://cdn.shopify.com/s/files/1/0746/6817/9644/files/000024_040_front_95667237-3c03-4b13-bd74-9857e56db16b.jpg?v=1779391379,,,,red,,,,,,,,,,,,,,
,gildan-2000-g2000,,,,,,,,G2000-040-3XL,,Color,Red,,Size,3XL,,,,,,,,TRUE,,,,,,shopify,300,deny,150,g,TRUE,manual,,,,https://cdn.shopify.com/s/files/1/0746/6817/9644/files/000024_040_front_95667237-3c03-4b13-bd74-9857e56db16b.jpg?v=1779391379,,,,red,,,,,,,,,,,,,,
,gildan-2000-g2000,,,,,,,,G2000-040-4XL,,Color,Red,,Size,4XL,,,,,,,,TRUE,,,,,,shopify,300,deny,150,g,TRUE,manual,,,,https://cdn.shopify.com/s/files/1/0746/6817/9644/files/000024_040_front_95667237-3c03-4b13-bd74-9857e56db16b.jpg?v=1779391379,,,,red,,,,,,,,,,,,,,
,gildan-2000-g2000,,,,,,,,G2000-040-5XL,,Color,Red,,Size,5XL,,,,,,,,TRUE,,,,,,shopify,300,deny,150,g,TRUE,manual,,,,https://cdn.shopify.com/s/files/1/0746/6817/9644/files/000024_040_front_95667237-3c03-4b13-bd74-9857e56db16b.jpg?v=1779391379,,,,red,,,,,,,,,,,,,,
,gildan-2000-g2000,,,,,,,,,,,,,,,,,,,,,,,,,,,,,,,,,,,https://cdn.shopify.com/s/files/1/0746/6817/9644/files/000024_040_back_7cd49f8d-46d2-46ce-8420-1ebb92c607c6.jpg?v=1779391377,44,Gildan® 2000 — Red — back view,,,,,,,,,,,,,,,,,,,
,gildan-2000-g2000,,,,,,,,,,,,,,,,,,,,,,,,,,,,,,,,,,,https://cdn.shopify.com/s/files/1/0746/6817/9644/files/000024_040_left_ec0f40f7-178d-4cef-ae88-e2979134617c.jpg?v=1779391380,45,Gildan® 2000 — Red — left side view,,,,,,,,,,,,,,,,,,,
,gildan-2000-g2000,,,,,,,,,,,,,,,,,,,,,,,,,,,,,,,,,,,https://cdn.shopify.com/s/files/1/0746/6817/9644/files/000024_040_right_d99a32b4-8b08-40cf-a9e9-d131cf982abc.jpg?v=1779391382,46,Gildan® 2000 — Red — right side view,,,,,,,,,,,,,,,,,,,
,gildan-2000-g2000,,,,,,,,,,,,,,,,,,,,,,,,,,,,,,,,,,,https://cdn.shopify.com/s/files/1/0746/6817/9644/files/000024_040_neckline_e9d15e1e-44d2-4820-95d9-ca5a689273f6.jpg?v=1779391382,47,Gildan® 2000 — Red — neckline detail,,,,,,,,,,,,,,,,,,,
,gildan-2000-g2000,,,,,,,,,,,,,,,,,,,,,,,,,,,,,,,,,,,https://cdn.shopify.com/s/files/1/0746/6817/9644/files/000024_040_fabric_04be49f1-6e06-4c1c-965c-667154a83bd3.jpg?v=1779391377,48,Gildan® 2000 — Red — fabric detail,,,,,,,,,,,,,,,,,,,
,gildan-2000-g2000,,,,,,,,,,,,,,,,,,,,,,,,,,,,,,,,,,,https://cdn.shopify.com/s/files/1/0746/6817/9644/files/000024_040_front_f.jpg?v=1779391379,49,Gildan® 2000 — Red — front view (women's fit),,,,,,,,,,,,,,,,,,,
,gildan-2000-g2000,,,,,,,,,,,,,,,,,,,,,,,,,,,,,,,,,,,https://cdn.shopify.com/s/files/1/0746/6817/9644/files/000024_040_back_f.jpg?v=1779391377,50,Gildan® 2000 — Red — back view (women's fit),,,,,,,,,,,,,,,,,,,
,gildan-2000-g2000,,,,,,,,G2000-051-S,,Color,Royal Blue,,Size,S,,,,,,,,TRUE,,,,,,shopify,300,deny,150,g,TRUE,manual,https://cdn.shopify.com/s/files/1/0746/6817/9644/files/000025_051_front_7d9c0ecc-0466-490d-a127-ed08d57a7451.png?v=1779391386,51,Gildan® 2000 — Royal Blue — front view,https://cdn.shopify.com/s/files/1/0746/6817/9644/files/000025_051_front_7d9c0ecc-0466-490d-a127-ed08d57a7451.png?v=1779391386,,,,royal blue,,,,,,,,,,,,,,
,gildan-2000-g2000,,,,,,,,G2000-051-M,,Color,Royal Blue,,Size,M,,,,,,,,TRUE,,,,,,shopify,300,deny,150,g,TRUE,manual,,,,https://cdn.shopify.com/s/files/1/0746/6817/9644/files/000025_051_front_7d9c0ecc-0466-490d-a127-ed08d57a7451.png?v=1779391386,,,,royal blue,,,,,,,,,,,,,,
,gildan-2000-g2000,,,,,,,,G2000-051-L,,Color,Royal Blue,,Size,L,,,,,,,,TRUE,,,,,,shopify,300,deny,150,g,TRUE,manual,,,,https://cdn.shopify.com/s/files/1/0746/6817/9644/files/000025_051_front_7d9c0ecc-0466-490d-a127-ed08d57a7451.png?v=1779391386,,,,royal blue,,,,,,,,,,,,,,
,gildan-2000-g2000,,,,,,,,G2000-051-XL,,Color,Royal Blue,,Size,XL,,,,,,,,TRUE,,,,,,shopify,300,deny,150,g,TRUE,manual,,,,https://cdn.shopify.com/s/files/1/0746/6817/9644/files/000025_051_front_7d9c0ecc-0466-490d-a127-ed08d57a7451.png?v=1779391386,,,,royal blue,,,,,,,,,,,,,,
,gildan-2000-g2000,,,,,,,,G2000-051-2XL,,Color,Royal Blue,,Size,2XL,,,,,,,,TRUE,,,,,,shopify,300,deny,150,g,TRUE,manual,,,,https://cdn.shopify.com/s/files/1/0746/6817/9644/files/000025_051_front_7d9c0ecc-0466-490d-a127-ed08d57a7451.png?v=1779391386,,,,royal blue,,,,,,,,,,,,,,
,gildan-2000-g2000,,,,,,,,G2000-051-3XL,,Color,Royal Blue,,Size,3XL,,,,,,,,TRUE,,,,,,shopify,300,deny,150,g,TRUE,manual,,,,https://cdn.shopify.com/s/files/1/0746/6817/9644/files/000025_051_front_7d9c0ecc-0466-490d-a127-ed08d57a7451.png?v=1779391386,,,,royal blue,,,,,,,,,,,,,,
,gildan-2000-g2000,,,,,,,,G2000-051-4XL,,Color,Royal Blue,,Size,4XL,,,,,,,,TRUE,,,,,,shopify,300,deny,150,g,TRUE,manual,,,,https://cdn.shopify.com/s/files/1/0746/6817/9644/files/000025_051_front_7d9c0ecc-0466-490d-a127-ed08d57a7451.png?v=1779391386,,,,royal blue,,,,,,,,,,,,,,
,gildan-2000-g2000,,,,,,,,G2000-051-5XL,,Color,Royal Blue,,Size,5XL,,,,,,,,TRUE,,,,,,shopify,300,deny,150,g,TRUE,manual,,,,https://cdn.shopify.com/s/files/1/0746/6817/9644/files/000025_051_front_7d9c0ecc-0466-490d-a127-ed08d57a7451.png?v=1779391386,,,,royal blue,,,,,,,,,,,,,,
,gildan-2000-g2000,,,,,,,,,,,,,,,,,,,,,,,,,,,,,,,,,,,https://cdn.shopify.com/s/files/1/0746/6817/9644/files/000025_051_back_7f8665fa-47c2-4b08-9979-9ce463aecdfa.png?v=1779391383,52,Gildan® 2000 — Royal Blue — back view,,,,,,,,,,,,,,,,,,,
,gildan-2000-g2000,,,,,,,,,,,,,,,,,,,,,,,,,,,,,,,,,,,https://cdn.shopify.com/s/files/1/0746/6817/9644/files/000025_051_left_e9f6f109-8f76-4956-8d85-26c91589987e.png?v=1779391390,53,Gildan® 2000 — Royal Blue — left side view,,,,,,,,,,,,,,,,,,,
,gildan-2000-g2000,,,,,,,,,,,,,,,,,,,,,,,,,,,,,,,,,,,https://cdn.shopify.com/s/files/1/0746/6817/9644/files/000025_051_right_b6e683b8-3a66-40b3-96b6-cd21e4cc5dec.png?v=1779391392,54,Gildan® 2000 — Royal Blue — right side view,,,,,,,,,,,,,,,,,,,
,gildan-2000-g2000,,,,,,,,,,,,,,,,,,,,,,,,,,,,,,,,,,,https://cdn.shopify.com/s/files/1/0746/6817/9644/files/000025_051_neckline_63b57983-3465-4a01-b0e0-19574441acc2.png?v=1779391390,55,Gildan® 2000 — Royal Blue — neckline detail,,,,,,,,,,,,,,,,,,,
,gildan-2000-g2000,,,,,,,,,,,,,,,,,,,,,,,,,,,,,,,,,,,https://cdn.shopify.com/s/files/1/0746/6817/9644/files/000025_051_fabric_f8679fd9-5e91-4c5f-8c7d-3f8d025269b9.png?v=1779391386,56,Gildan® 2000 — Royal Blue — fabric detail,,,,,,,,,,,,,,,,,,,
,gildan-2000-g2000,,,,,,,,,,,,,,,,,,,,,,,,,,,,,,,,,,,https://cdn.shopify.com/s/files/1/0746/6817/9644/files/000025_051_front_f.png?v=1779391389,57,Gildan® 2000 — Royal Blue — front view (women's fit),,,,,,,,,,,,,,,,,,,
,gildan-2000-g2000,,,,,,,,,,,,,,,,,,,,,,,,,,,,,,,,,,,https://cdn.shopify.com/s/files/1/0746/6817/9644/files/000025_051_back_f.png?v=1779391385,58,Gildan® 2000 — Royal Blue — back view (women's fit),,,,,,,,,,,,,,,,,,,
,gildan-2000-g2000,,,,,,,,G2000-098-S,,Color,Daisy,,Size,S,,,,,,,,TRUE,,,,,,shopify,300,deny,150,g,TRUE,manual,https://cdn.shopify.com/s/files/1/0746/6817/9644/files/000027_098_front_390fc357-a2d8-490a-831a-cc55e5c3f27d.jpg?v=1779391403,59,Gildan® 2000 — Daisy — front view,https://cdn.shopify.com/s/files/1/0746/6817/9644/files/000027_098_front_390fc357-a2d8-490a-831a-cc55e5c3f27d.jpg?v=1779391403,,,,daisy,,,,,,,,,,,,,,
,gildan-2000-g2000,,,,,,,,G2000-098-M,,Color,Daisy,,Size,M,,,,,,,,TRUE,,,,,,shopify,300,deny,150,g,TRUE,manual,,,,https://cdn.shopify.com/s/files/1/0746/6817/9644/files/000027_098_front_390fc357-a2d8-490a-831a-cc55e5c3f27d.jpg?v=1779391403,,,,daisy,,,,,,,,,,,,,,
,gildan-2000-g2000,,,,,,,,G2000-098-L,,Color,Daisy,,Size,L,,,,,,,,TRUE,,,,,,shopify,300,deny,150,g,TRUE,manual,,,,https://cdn.shopify.com/s/files/1/0746/6817/9644/files/000027_098_front_390fc357-a2d8-490a-831a-cc55e5c3f27d.jpg?v=1779391403,,,,daisy,,,,,,,,,,,,,,
,gildan-2000-g2000,,,,,,,,G2000-098-XL,,Color,Daisy,,Size,XL,,,,,,,,TRUE,,,,,,shopify,300,deny,150,g,TRUE,manual,,,,https://cdn.shopify.com/s/files/1/0746/6817/9644/files/000027_098_front_390fc357-a2d8-490a-831a-cc55e5c3f27d.jpg?v=1779391403,,,,daisy,,,,,,,,,,,,,,
,gildan-2000-g2000,,,,,,,,G2000-098-2XL,,Color,Daisy,,Size,2XL,,,,,,,,TRUE,,,,,,shopify,300,deny,150,g,TRUE,manual,,,,https://cdn.shopify.com/s/files/1/0746/6817/9644/files/000027_098_front_390fc357-a2d8-490a-831a-cc55e5c3f27d.jpg?v=1779391403,,,,daisy,,,,,,,,,,,,,,
,gildan-2000-g2000,,,,,,,,G2000-098-3XL,,Color,Daisy,,Size,3XL,,,,,,,,TRUE,,,,,,shopify,300,deny,150,g,TRUE,manual,,,,https://cdn.shopify.com/s/files/1/0746/6817/9644/files/000027_098_front_390fc357-a2d8-490a-831a-cc55e5c3f27d.jpg?v=1779391403,,,,daisy,,,,,,,,,,,,,,
,gildan-2000-g2000,,,,,,,,G2000-098-4XL,,Color,Daisy,,Size,4XL,,,,,,,,TRUE,,,,,,shopify,300,deny,150,g,TRUE,manual,,,,https://cdn.shopify.com/s/files/1/0746/6817/9644/files/000027_098_front_390fc357-a2d8-490a-831a-cc55e5c3f27d.jpg?v=1779391403,,,,daisy,,,,,,,,,,,,,,
,gildan-2000-g2000,,,,,,,,G2000-098-5XL,,Color,Daisy,,Size,5XL,,,,,,,,TRUE,,,,,,shopify,300,deny,150,g,TRUE,manual,,,,https://cdn.shopify.com/s/files/1/0746/6817/9644/files/000027_098_front_390fc357-a2d8-490a-831a-cc55e5c3f27d.jpg?v=1779391403,,,,daisy,,,,,,,,,,,,,,
,gildan-2000-g2000,,,,,,,,,,,,,,,,,,,,,,,,,,,,,,,,,,,https://cdn.shopify.com/s/files/1/0746/6817/9644/files/000027_098_back_dcca3e1c-5b09-4660-9fec-1cee571c631e.jpg?v=1779391400,60,Gildan® 2000 — Daisy — back view,,,,,,,,,,,,,,,,,,,
,gildan-2000-g2000,,,,,,,,,,,,,,,,,,,,,,,,,,,,,,,,,,,https://cdn.shopify.com/s/files/1/0746/6817/9644/files/000027_098_left_9bc11016-4925-42d1-9bc7-4e6a4dbbeac7.jpg?v=1779391405,61,Gildan® 2000 — Daisy — left side view,,,,,,,,,,,,,,,,,,,
,gildan-2000-g2000,,,,,,,,,,,,,,,,,,,,,,,,,,,,,,,,,,,https://cdn.shopify.com/s/files/1/0746/6817/9644/files/000027_098_right_2686e80a-615a-4e9f-8533-ad3374d0d897.jpg?v=1779391408,62,Gildan® 2000 — Daisy — right side view,,,,,,,,,,,,,,,,,,,
,gildan-2000-g2000,,,,,,,,,,,,,,,,,,,,,,,,,,,,,,,,,,,https://cdn.shopify.com/s/files/1/0746/6817/9644/files/000027_098_neckline_b1473b7d-8dc1-4e08-a999-f907e482e4a4.jpg?v=1779391406,63,Gildan® 2000 — Daisy — neckline detail,,,,,,,,,,,,,,,,,,,
,gildan-2000-g2000,,,,,,,,,,,,,,,,,,,,,,,,,,,,,,,,,,,https://cdn.shopify.com/s/files/1/0746/6817/9644/files/000027_098_fabric_faa34632-dbbd-4723-8bf6-27ece59308ad.jpg?v=1779391402,64,Gildan® 2000 — Daisy — fabric detail,,,,,,,,,,,,,,,,,,,
,gildan-2000-g2000,,,,,,,,,,,,,,,,,,,,,,,,,,,,,,,,,,,https://cdn.shopify.com/s/files/1/0746/6817/9644/files/000027_098_front_f.jpg?v=1779391405,65,Gildan® 2000 — Daisy — front view (women's fit),,,,,,,,,,,,,,,,,,,
,gildan-2000-g2000,,,,,,,,,,,,,,,,,,,,,,,,,,,,,,,,,,,https://cdn.shopify.com/s/files/1/0746/6817/9644/files/000027_098_back_f.jpg?v=1779391402,66,Gildan® 2000 — Daisy — back view (women's fit),,,,,,,,,,,,,,,,,,,
,gildan-2000-g2000,,,,,,,,G2000-194-S,,Color,Cherry Red,,Size,S,,,,,,,,TRUE,,,,,,shopify,300,deny,150,g,TRUE,manual,https://cdn.shopify.com/s/files/1/0746/6817/9644/files/000028_194_front_4870bbd4-24cd-4fc0-bf83-87cf8131a9aa.jpg?v=1779391411,3,Gildan® 2000 — Cherry Red — front view,https://cdn.shopify.com/s/files/1/0746/6817/9644/files/000028_194_front_4870bbd4-24cd-4fc0-bf83-87cf8131a9aa.jpg?v=1779391411,,,,cherry red,,,,,,,,,,,,,,
,gildan-2000-g2000,,,,,,,,G2000-194-M,,Color,Cherry Red,,Size,M,,,,,,,,TRUE,,,,,,shopify,300,deny,150,g,TRUE,manual,,,,https://cdn.shopify.com/s/files/1/0746/6817/9644/files/000028_194_front_4870bbd4-24cd-4fc0-bf83-87cf8131a9aa.jpg?v=1779391411,,,,cherry red,,,,,,,,,,,,,,
,gildan-2000-g2000,,,,,,,,G2000-194-L,,Color,Cherry Red,,Size,L,,,,,,,,TRUE,,,,,,shopify,300,deny,150,g,TRUE,manual,,,,https://cdn.shopify.com/s/files/1/0746/6817/9644/files/000028_194_front_4870bbd4-24cd-4fc0-bf83-87cf8131a9aa.jpg?v=1779391411,,,,cherry red,,,,,,,,,,,,,,
,gildan-2000-g2000,,,,,,,,G2000-194-XL,,Color,Cherry Red,,Size,XL,,,,,,,,TRUE,,,,,,shopify,300,deny,150,g,TRUE,manual,,,,https://cdn.shopify.com/s/files/1/0746/6817/9644/files/000028_194_front_4870bbd4-24cd-4fc0-bf83-87cf8131a9aa.jpg?v=1779391411,,,,cherry red,,,,,,,,,,,,,,
,gildan-2000-g2000,,,,,,,,G2000-194-2XL,,Color,Cherry Red,,Size,2XL,,,,,,,,TRUE,,,,,,shopify,300,deny,150,g,TRUE,manual,,,,https://cdn.shopify.com/s/files/1/0746/6817/9644/files/000028_194_front_4870bbd4-24cd-4fc0-bf83-87cf8131a9aa.jpg?v=1779391411,,,,cherry red,,,,,,,,,,,,,,
,gildan-2000-g2000,,,,,,,,G2000-194-3XL,,Color,Cherry Red,,Size,3XL,,,,,,,,TRUE,,,,,,shopify,300,deny,150,g,TRUE,manual,,,,https://cdn.shopify.com/s/files/1/0746/6817/9644/files/000028_194_front_4870bbd4-24cd-4fc0-bf83-87cf8131a9aa.jpg?v=1779391411,,,,cherry red,,,,,,,,,,,,,,
,gildan-2000-g2000,,,,,,,,G2000-194-4XL,,Color,Cherry Red,,Size,4XL,,,,,,,,TRUE,,,,,,shopify,300,deny,150,g,TRUE,manual,,,,https://cdn.shopify.com/s/files/1/0746/6817/9644/files/000028_194_front_4870bbd4-24cd-4fc0-bf83-87cf8131a9aa.jpg?v=1779391411,,,,cherry red,,,,,,,,,,,,,,
,gildan-2000-g2000,,,,,,,,G2000-194-5XL,,Color,Cherry Red,,Size,5XL,,,,,,,,TRUE,,,,,,shopify,300,deny,150,g,TRUE,manual,,,,https://cdn.shopify.com/s/files/1/0746/6817/9644/files/000028_194_front_4870bbd4-24cd-4fc0-bf83-87cf8131a9aa.jpg?v=1779391411,,,,cherry red,,,,,,,,,,,,,,
,gildan-2000-g2000,,,,,,,,,,,,,,,,,,,,,,,,,,,,,,,,,,,https://cdn.shopify.com/s/files/1/0746/6817/9644/files/000028_194_back_a765fc3a-419a-4626-91b1-0c2a0cb246df.jpg?v=1779391409,4,Gildan® 2000 — Cherry Red — back view,,,,,,,,,,,,,,,,,,,
,gildan-2000-g2000,,,,,,,,,,,,,,,,,,,,,,,,,,,,,,,,,,,https://cdn.shopify.com/s/files/1/0746/6817/9644/files/000028_194_left_0aa36c07-2b9a-42ca-8d72-93ffdc8c380a.jpg?v=1779391414,5,Gildan® 2000 — Cherry Red — left side view,,,,,,,,,,,,,,,,,,,
,gildan-2000-g2000,,,,,,,,,,,,,,,,,,,,,,,,,,,,,,,,,,,https://cdn.shopify.com/s/files/1/0746/6817/9644/files/000028_194_right_48036a94-56a8-4b00-a648-7fe46b3c0709.jpg?v=1779391415,6,Gildan® 2000 — Cherry Red — right side view,,,,,,,,,,,,,,,,,,,
,gildan-2000-g2000,,,,,,,,,,,,,,,,,,,,,,,,,,,,,,,,,,,https://cdn.shopify.com/s/files/1/0746/6817/9644/files/000028_194_neckline_452e5ffe-ca4a-4846-9f70-6e706bb08241.jpg?v=1779391414,7,Gildan® 2000 — Cherry Red — neckline detail,,,,,,,,,,,,,,,,,,,
,gildan-2000-g2000,,,,,,,,,,,,,,,,,,,,,,,,,,,,,,,,,,,https://cdn.shopify.com/s/files/1/0746/6817/9644/files/000028_194_fabric_067eb1a0-b524-4ae7-a3c8-cd4c532b75cb.jpg?v=1779391411,8,Gildan® 2000 — Cherry Red — fabric detail,,,,,,,,,,,,,,,,,,,
,gildan-2000-g2000,,,,,,,,,,,,,,,,,,,,,,,,,,,,,,,,,,,https://cdn.shopify.com/s/files/1/0746/6817/9644/files/000028_194_front_f.jpg?v=1779391412,9,Gildan® 2000 — Cherry Red — front view (women's fit),,,,,,,,,,,,,,,,,,,
,gildan-2000-g2000,,,,,,,,,,,,,,,,,,,,,,,,,,,,,,,,,,,https://cdn.shopify.com/s/files/1/0746/6817/9644/files/000028_194_back_f.jpg?v=1779391409,10,Gildan® 2000 — Cherry Red — back view (women's fit),,,,,,,,,,,,,,,,,,,
Gildan® 5000,gildan-5000-g5000,"<p>Innovation you can feel. Made with 100% U.S. cotton and the latest breakthrough in soft cotton technology, the Gildan® Heavy Cotton™ family has been remastered for improved printability and a softer feel. Classic fit with double-needle stitching throughout and taped neck and shoulders.</p><ul><li>100% U.S. Cotton (Heather: 90/10 cotton/polyester; Sport Grey: 90/10)</li><li>Pre-shrunk for a lasting fit</li><li>Classic fit</li><li>Double-needle stitching throughout</li><li>Taped neck and shoulders</li><li>Tearaway label</li></ul><h4>Size Chart (inches)</h4><table><thead><tr><th>Size</th><th>Chest</th><th>Body Length</th></tr></thead><tbody><tr><td>S</td><td>34–36</td><td>28</td></tr><tr><td>M</td><td>38–40</td><td>29</td></tr><tr><td>L</td><td>42–44</td><td>30</td></tr><tr><td>XL</td><td>46–48</td><td>31</td></tr><tr><td>2XL</td><td>50–52</td><td>32</td></tr><tr><td>3XL</td><td>54–56</td><td>33</td></tr><tr><td>4XL</td><td>58–60</td><td>34</td></tr><tr><td>5XL</td><td>62–64</td><td>35</td></tr></tbody></table>",Gildan,gid://shopify/TaxonomyCategory/aa-1-13-8,T-Shirt,"T-Shirt, Adult, Unisex, G5000",TRUE,active,G5000-026-S,,Color,Sapphire,,Size,S,,,,,,,,TRUE,,,,,,shopify,300,deny,150,g,TRUE,manual,https://cdn.shopify.com/s/files/1/0746/6817/9644/files/000034_026_front_084fb286-0861-469b-ab4f-f3ee6a1a50d6.jpg?v=1779391460,11,Gildan® 5000 — Sapphire — front view,https://cdn.shopify.com/s/files/1/0746/6817/9644/files/000034_026_front_084fb286-0861-469b-ab4f-f3ee6a1a50d6.jpg?v=1779391460,,Gildan® 5000,"<p>Innovation you can feel. Made with 100% U.S. cotton and the latest breakthrough in soft cotton technology, the Gildan® Heavy Cotton™ family has been rem",sapphire,gid://shopify/TaxonomyCategory/aa-1-13-8,Unisex,Adult,G5000,,,new,,,,,,,Adult T-Shirt
,gildan-5000-g5000,,,,,,,,,,,,,,,,,,,,,,,,,,,,,,,,,,,https://cdn.shopify.com/s/files/1/0746/6817/9644/files/gildan-5000_red_asian.png?v=1779475060,1,Gildan® 5000 — Asian model — front view,,,,,,,,,,,,,,,,,,,
,gildan-5000-g5000,,,,,,,,,,,,,,,,,,,,,,,,,,,,,,,,,,,https://cdn.shopify.com/s/files/1/0746/6817/9644/files/gildan-5000_daisy_black.png?v=1779475060,2,Gildan® 5000 — Black model — front view,,,,,,,,,,,,,,,,,,,
,gildan-5000-g5000,,,,,,,,G5000-026-M,,Color,Sapphire,,Size,M,,,,,,,,TRUE,,,,,,shopify,300,deny,150,g,TRUE,manual,,,,https://cdn.shopify.com/s/files/1/0746/6817/9644/files/000034_026_front_084fb286-0861-469b-ab4f-f3ee6a1a50d6.jpg?v=1779391460,,,,sapphire,,,,,,,,,,,,,,
,gildan-5000-g5000,,,,,,,,G5000-026-L,,Color,Sapphire,,Size,L,,,,,,,,TRUE,,,,,,shopify,300,deny,150,g,TRUE,manual,,,,https://cdn.shopify.com/s/files/1/0746/6817/9644/files/000034_026_front_084fb286-0861-469b-ab4f-f3ee6a1a50d6.jpg?v=1779391460,,,,sapphire,,,,,,,,,,,,,,
,gildan-5000-g5000,,,,,,,,G5000-026-XL,,Color,Sapphire,,Size,XL,,,,,,,,TRUE,,,,,,shopify,300,deny,150,g,TRUE,manual,,,,https://cdn.shopify.com/s/files/1/0746/6817/9644/files/000034_026_front_084fb286-0861-469b-ab4f-f3ee6a1a50d6.jpg?v=1779391460,,,,sapphire,,,,,,,,,,,,,,
,gildan-5000-g5000,,,,,,,,G5000-026-2XL,,Color,Sapphire,,Size,2XL,,,,,,,,TRUE,,,,,,shopify,300,deny,150,g,TRUE,manual,,,,https://cdn.shopify.com/s/files/1/0746/6817/9644/files/000034_026_front_084fb286-0861-469b-ab4f-f3ee6a1a50d6.jpg?v=1779391460,,,,sapphire,,,,,,,,,,,,,,
,gildan-5000-g5000,,,,,,,,G5000-026-3XL,,Color,Sapphire,,Size,3XL,,,,,,,,TRUE,,,,,,shopify,300,deny,150,g,TRUE,manual,,,,https://cdn.shopify.com/s/files/1/0746/6817/9644/files/000034_026_front_084fb286-0861-469b-ab4f-f3ee6a1a50d6.jpg?v=1779391460,,,,sapphire,,,,,,,,,,,,,,
,gildan-5000-g5000,,,,,,,,G5000-026-4XL,,Color,Sapphire,,Size,4XL,,,,,,,,TRUE,,,,,,shopify,300,deny,150,g,TRUE,manual,,,,https://cdn.shopify.com/s/files/1/0746/6817/9644/files/000034_026_front_084fb286-0861-469b-ab4f-f3ee6a1a50d6.jpg?v=1779391460,,,,sapphire,,,,,,,,,,,,,,
,gildan-5000-g5000,,,,,,,,G5000-026-5XL,,Color,Sapphire,,Size,5XL,,,,,,,,TRUE,,,,,,shopify,300,deny,150,g,TRUE,manual,,,,https://cdn.shopify.com/s/files/1/0746/6817/9644/files/000034_026_front_084fb286-0861-469b-ab4f-f3ee6a1a50d6.jpg?v=1779391460,,,,sapphire,,,,,,,,,,,,,,
,gildan-5000-g5000,,,,,,,,,,,,,,,,,,,,,,,,,,,,,,,,,,,https://cdn.shopify.com/s/files/1/0746/6817/9644/files/000034_026_back_d2c5e15f-757a-408d-8240-9780489054f5.jpg?v=1779391458,12,Gildan® 5000 — Sapphire — back view,,,,,,,,,,,,,,,,,,,
,gildan-5000-g5000,,,,,,,,,,,,,,,,,,,,,,,,,,,,,,,,,,,https://cdn.shopify.com/s/files/1/0746/6817/9644/files/000034_026_left_161c69a5-7bd1-436a-8414-cc056f7583e6.jpg?v=1779391462,13,Gildan® 5000 — Sapphire — left side view,,,,,,,,,,,,,,,,,,,
,gildan-5000-g5000,,,,,,,,,,,,,,,,,,,,,,,,,,,,,,,,,,,https://cdn.shopify.com/s/files/1/0746/6817/9644/files/000034_026_right_8cfb8d3d-2805-4f38-81c4-48cdbbbea8bd.jpg?v=1779391465,14,Gildan® 5000 — Sapphire — right side view,,,,,,,,,,,,,,,,,,,
,gildan-5000-g5000,,,,,,,,,,,,,,,,,,,,,,,,,,,,,,,,,,,https://cdn.shopify.com/s/files/1/0746/6817/9644/files/000034_026_neckline_30a683dd-8f14-40e0-9565-2884342f8f4c.jpg?v=1779391464,15,Gildan® 5000 — Sapphire — neckline detail,,,,,,,,,,,,,,,,,,,
,gildan-5000-g5000,,,,,,,,,,,,,,,,,,,,,,,,,,,,,,,,,,,https://cdn.shopify.com/s/files/1/0746/6817/9644/files/000034_026_fabric_6247dd04-243a-47da-9f8b-f986d84a1955.jpg?v=1779391460,16,Gildan® 5000 — Sapphire — fabric detail,,,,,,,,,,,,,,,,,,,
,gildan-5000-g5000,,,,,,,,,,,,,,,,,,,,,,,,,,,,,,,,,,,https://cdn.shopify.com/s/files/1/0746/6817/9644/files/000034_026_front_f.jpg?v=1779391462,17,Gildan® 5000 — Sapphire — front view (women's fit),,,,,,,,,,,,,,,,,,,
,gildan-5000-g5000,,,,,,,,,,,,,,,,,,,,,,,,,,,,,,,,,,,https://cdn.shopify.com/s/files/1/0746/6817/9644/files/000034_026_back_f.jpg?v=1779391458,18,Gildan® 5000 — Sapphire — back view (women's fit),,,,,,,,,,,,,,,,,,,
,gildan-5000-g5000,,,,,,,,G5000-030-S,,Color,White,,Size,S,,,,,,,,TRUE,,,,,,shopify,300,deny,150,g,TRUE,manual,https://cdn.shopify.com/s/files/1/0746/6817/9644/files/000029_030_front_532141b2-f1a4-4d46-8704-30a8123d8756.jpg?v=1779391418,19,Gildan® 5000 — White — front view,https://cdn.shopify.com/s/files/1/0746/6817/9644/files/000029_030_front_532141b2-f1a4-4d46-8704-30a8123d8756.jpg?v=1779391418,,,,white,,,,,,,,,,,,,,
,gildan-5000-g5000,,,,,,,,G5000-030-M,,Color,White,,Size,M,,,,,,,,TRUE,,,,,,shopify,300,deny,150,g,TRUE,manual,,,,https://cdn.shopify.com/s/files/1/0746/6817/9644/files/000029_030_front_532141b2-f1a4-4d46-8704-30a8123d8756.jpg?v=1779391418,,,,white,,,,,,,,,,,,,,
,gildan-5000-g5000,,,,,,,,G5000-030-L,,Color,White,,Size,L,,,,,,,,TRUE,,,,,,shopify,300,deny,150,g,TRUE,manual,,,,https://cdn.shopify.com/s/files/1/0746/6817/9644/files/000029_030_front_532141b2-f1a4-4d46-8704-30a8123d8756.jpg?v=1779391418,,,,white,,,,,,,,,,,,,,
,gildan-5000-g5000,,,,,,,,G5000-030-XL,,Color,White,,Size,XL,,,,,,,,TRUE,,,,,,shopify,300,deny,150,g,TRUE,manual,,,,https://cdn.shopify.com/s/files/1/0746/6817/9644/files/000029_030_front_532141b2-f1a4-4d46-8704-30a8123d8756.jpg?v=1779391418,,,,white,,,,,,,,,,,,,,
,gildan-5000-g5000,,,,,,,,G5000-030-2XL,,Color,White,,Size,2XL,,,,,,,,TRUE,,,,,,shopify,300,deny,150,g,TRUE,manual,,,,https://cdn.shopify.com/s/files/1/0746/6817/9644/files/000029_030_front_532141b2-f1a4-4d46-8704-30a8123d8756.jpg?v=1779391418,,,,white,,,,,,,,,,,,,,
,gildan-5000-g5000,,,,,,,,G5000-030-3XL,,Color,White,,Size,3XL,,,,,,,,TRUE,,,,,,shopify,300,deny,150,g,TRUE,manual,,,,https://cdn.shopify.com/s/files/1/0746/6817/9644/files/000029_030_front_532141b2-f1a4-4d46-8704-30a8123d8756.jpg?v=1779391418,,,,white,,,,,,,,,,,,,,
,gildan-5000-g5000,,,,,,,,G5000-030-4XL,,Color,White,,Size,4XL,,,,,,,,TRUE,,,,,,shopify,300,deny,150,g,TRUE,manual,,,,https://cdn.shopify.com/s/files/1/0746/6817/9644/files/000029_030_front_532141b2-f1a4-4d46-8704-30a8123d8756.jpg?v=1779391418,,,,white,,,,,,,,,,,,,,
,gildan-5000-g5000,,,,,,,,G5000-030-5XL,,Color,White,,Size,5XL,,,,,,,,TRUE,,,,,,shopify,300,deny,150,g,TRUE,manual,,,,https://cdn.shopify.com/s/files/1/0746/6817/9644/files/000029_030_front_532141b2-f1a4-4d46-8704-30a8123d8756.jpg?v=1779391418,,,,white,,,,,,,,,,,,,,
,gildan-5000-g5000,,,,,,,,,,,,,,,,,,,,,,,,,,,,,,,,,,,https://cdn.shopify.com/s/files/1/0746/6817/9644/files/000029_030_back_b2278876-6db7-45ba-9c0c-5839eaa83ffd.jpg?v=1779391416,20,Gildan® 5000 — White — back view,,,,,,,,,,,,,,,,,,,
,gildan-5000-g5000,,,,,,,,,,,,,,,,,,,,,,,,,,,,,,,,,,,https://cdn.shopify.com/s/files/1/0746/6817/9644/files/000029_030_left_f6abd9b3-cd40-4ca7-8d6e-cdba85003904.jpg?v=1779391422,21,Gildan® 5000 — White — left side view,,,,,,,,,,,,,,,,,,,
,gildan-5000-g5000,,,,,,,,,,,,,,,,,,,,,,,,,,,,,,,,,,,https://cdn.shopify.com/s/files/1/0746/6817/9644/files/000029_030_right_e3a103a7-a100-418e-9cb7-b899bae6f553.jpg?v=1779391422,22,Gildan® 5000 — White — right side view,,,,,,,,,,,,,,,,,,,
,gildan-5000-g5000,,,,,,,,,,,,,,,,,,,,,,,,,,,,,,,,,,,https://cdn.shopify.com/s/files/1/0746/6817/9644/files/000029_030_neckline_a44f4c77-4ae7-4a35-9733-cb4231f6ecb5.jpg?v=1779391422,23,Gildan® 5000 — White — neckline detail,,,,,,,,,,,,,,,,,,,
,gildan-5000-g5000,,,,,,,,,,,,,,,,,,,,,,,,,,,,,,,,,,,https://cdn.shopify.com/s/files/1/0746/6817/9644/files/000029_030_fabric_4702d3fb-9a43-43e9-959d-39c45ea9b6e3.jpg?v=1779391418,24,Gildan® 5000 — White — fabric detail,,,,,,,,,,,,,,,,,,,
,gildan-5000-g5000,,,,,,,,,,,,,,,,,,,,,,,,,,,,,,,,,,,https://cdn.shopify.com/s/files/1/0746/6817/9644/files/000029_030_front_f.jpg?v=1779391419,25,Gildan® 5000 — White — front view (women's fit),,,,,,,,,,,,,,,,,,,
,gildan-5000-g5000,,,,,,,,,,,,,,,,,,,,,,,,,,,,,,,,,,,https://cdn.shopify.com/s/files/1/0746/6817/9644/files/000029_030_back_f.jpg?v=1779391416,26,Gildan® 5000 — White — back view (women's fit),,,,,,,,,,,,,,,,,,,
,gildan-5000-g5000,,,,,,,,G5000-032-S,,Color,Navy,,Size,S,,,,,,,,TRUE,,,,,,shopify,300,deny,150,g,TRUE,manual,https://cdn.shopify.com/s/files/1/0746/6817/9644/files/000030_032_front_0ee2a922-a86f-4834-a609-e6ccb397921c.jpg?v=1779391427,27,Gildan® 5000 — Navy — front view,https://cdn.shopify.com/s/files/1/0746/6817/9644/files/000030_032_front_0ee2a922-a86f-4834-a609-e6ccb397921c.jpg?v=1779391427,,,,navy,,,,,,,,,,,,,,
,gildan-5000-g5000,,,,,,,,G5000-032-M,,Color,Navy,,Size,M,,,,,,,,TRUE,,,,,,shopify,300,deny,150,g,TRUE,manual,,,,https://cdn.shopify.com/s/files/1/0746/6817/9644/files/000030_032_front_0ee2a922-a86f-4834-a609-e6ccb397921c.jpg?v=1779391427,,,,navy,,,,,,,,,,,,,,
,gildan-5000-g5000,,,,,,,,G5000-032-L,,Color,Navy,,Size,L,,,,,,,,TRUE,,,,,,shopify,300,deny,150,g,TRUE,manual,,,,https://cdn.shopify.com/s/files/1/0746/6817/9644/files/000030_032_front_0ee2a922-a86f-4834-a609-e6ccb397921c.jpg?v=1779391427,,,,navy,,,,,,,,,,,,,,
,gildan-5000-g5000,,,,,,,,G5000-032-XL,,Color,Navy,,Size,XL,,,,,,,,TRUE,,,,,,shopify,300,deny,150,g,TRUE,manual,,,,https://cdn.shopify.com/s/files/1/0746/6817/9644/files/000030_032_front_0ee2a922-a86f-4834-a609-e6ccb397921c.jpg?v=1779391427,,,,navy,,,,,,,,,,,,,,
,gildan-5000-g5000,,,,,,,,G5000-032-2XL,,Color,Navy,,Size,2XL,,,,,,,,TRUE,,,,,,shopify,300,deny,150,g,TRUE,manual,,,,https://cdn.shopify.com/s/files/1/0746/6817/9644/files/000030_032_front_0ee2a922-a86f-4834-a609-e6ccb397921c.jpg?v=1779391427,,,,navy,,,,,,,,,,,,,,
,gildan-5000-g5000,,,,,,,,G5000-032-3XL,,Color,Navy,,Size,3XL,,,,,,,,TRUE,,,,,,shopify,300,deny,150,g,TRUE,manual,,,,https://cdn.shopify.com/s/files/1/0746/6817/9644/files/000030_032_front_0ee2a922-a86f-4834-a609-e6ccb397921c.jpg?v=1779391427,,,,navy,,,,,,,,,,,,,,
,gildan-5000-g5000,,,,,,,,G5000-032-4XL,,Color,Navy,,Size,4XL,,,,,,,,TRUE,,,,,,shopify,300,deny,150,g,TRUE,manual,,,,https://cdn.shopify.com/s/files/1/0746/6817/9644/files/000030_032_front_0ee2a922-a86f-4834-a609-e6ccb397921c.jpg?v=1779391427,,,,navy,,,,,,,,,,,,,,
,gildan-5000-g5000,,,,,,,,G5000-032-5XL,,Color,Navy,,Size,5XL,,,,,,,,TRUE,,,,,,shopify,300,deny,150,g,TRUE,manual,,,,https://cdn.shopify.com/s/files/1/0746/6817/9644/files/000030_032_front_0ee2a922-a86f-4834-a609-e6ccb397921c.jpg?v=1779391427,,,,navy,,,,,,,,,,,,,,
,gildan-5000-g5000,,,,,,,,,,,,,,,,,,,,,,,,,,,,,,,,,,,https://cdn.shopify.com/s/files/1/0746/6817/9644/files/000030_032_back_c2a38c63-ed5c-4f76-bfa6-a9eecbfa1fda.jpg?v=1779391425,28,Gildan® 5000 — Navy — back view,,,,,,,,,,,,,,,,,,,
,gildan-5000-g5000,,,,,,,,,,,,,,,,,,,,,,,,,,,,,,,,,,,https://cdn.shopify.com/s/files/1/0746/6817/9644/files/000030_032_left_4c8a5e62-35f3-4e42-8a7b-16716ab3caa2.jpg?v=1779391429,29,Gildan® 5000 — Navy — left side view,,,,,,,,,,,,,,,,,,,
,gildan-5000-g5000,,,,,,,,,,,,,,,,,,,,,,,,,,,,,,,,,,,https://cdn.shopify.com/s/files/1/0746/6817/9644/files/000030_032_right_efe60d75-66e4-4a2a-983f-3eba90c8eb51.jpg?v=1779391430,30,Gildan® 5000 — Navy — right side view,,,,,,,,,,,,,,,,,,,
,gildan-5000-g5000,,,,,,,,,,,,,,,,,,,,,,,,,,,,,,,,,,,https://cdn.shopify.com/s/files/1/0746/6817/9644/files/000030_032_neckline_a20bd0f5-67c5-47cf-afa8-2e1d08281a60.jpg?v=1779391430,31,Gildan® 5000 — Navy — neckline detail,,,,,,,,,,,,,,,,,,,
,gildan-5000-g5000,,,,,,,,,,,,,,,,,,,,,,,,,,,,,,,,,,,https://cdn.shopify.com/s/files/1/0746/6817/9644/files/000030_032_fabric_c9cfd8f9-d881-4e3c-8da7-86a62638ebf6.jpg?v=1779391426,32,Gildan® 5000 — Navy — fabric detail,,,,,,,,,,,,,,,,,,,
,gildan-5000-g5000,,,,,,,,,,,,,,,,,,,,,,,,,,,,,,,,,,,https://cdn.shopify.com/s/files/1/0746/6817/9644/files/000030_032_front_f.jpg?v=1779391428,33,Gildan® 5000 — Navy — front view (women's fit),,,,,,,,,,,,,,,,,,,
,gildan-5000-g5000,,,,,,,,,,,,,,,,,,,,,,,,,,,,,,,,,,,https://cdn.shopify.com/s/files/1/0746/6817/9644/files/000030_032_back_f.jpg?v=1779391425,34,Gildan® 5000 — Navy — back view (women's fit),,,,,,,,,,,,,,,,,,,
,gildan-5000-g5000,,,,,,,,G5000-036-S,,Color,Black,,Size,S,,,,,,,,TRUE,,,,,,shopify,300,deny,150,g,TRUE,manual,https://cdn.shopify.com/s/files/1/0746/6817/9644/files/000031_036_front_d9e33f87-f8dd-4bf9-af1b-6ef391629455.jpg?v=1779391435,35,Gildan® 5000 — Black — front view,https://cdn.shopify.com/s/files/1/0746/6817/9644/files/000031_036_front_d9e33f87-f8dd-4bf9-af1b-6ef391629455.jpg?v=1779391435,,,,black,,,,,,,,,,,,,,
,gildan-5000-g5000,,,,,,,,G5000-036-M,,Color,Black,,Size,M,,,,,,,,TRUE,,,,,,shopify,300,deny,150,g,TRUE,manual,,,,https://cdn.shopify.com/s/files/1/0746/6817/9644/files/000031_036_front_d9e33f87-f8dd-4bf9-af1b-6ef391629455.jpg?v=1779391435,,,,black,,,,,,,,,,,,,,
,gildan-5000-g5000,,,,,,,,G5000-036-L,,Color,Black,,Size,L,,,,,,,,TRUE,,,,,,shopify,300,deny,150,g,TRUE,manual,,,,https://cdn.shopify.com/s/files/1/0746/6817/9644/files/000031_036_front_d9e33f87-f8dd-4bf9-af1b-6ef391629455.jpg?v=1779391435,,,,black,,,,,,,,,,,,,,
,gildan-5000-g5000,,,,,,,,G5000-036-XL,,Color,Black,,Size,XL,,,,,,,,TRUE,,,,,,shopify,300,deny,150,g,TRUE,manual,,,,https://cdn.shopify.com/s/files/1/0746/6817/9644/files/000031_036_front_d9e33f87-f8dd-4bf9-af1b-6ef391629455.jpg?v=1779391435,,,,black,,,,,,,,,,,,,,
,gildan-5000-g5000,,,,,,,,G5000-036-2XL,,Color,Black,,Size,2XL,,,,,,,,TRUE,,,,,,shopify,300,deny,150,g,TRUE,manual,,,,https://cdn.shopify.com/s/files/1/0746/6817/9644/files/000031_036_front_d9e33f87-f8dd-4bf9-af1b-6ef391629455.jpg?v=1779391435,,,,black,,,,,,,,,,,,,,
,gildan-5000-g5000,,,,,,,,G5000-036-3XL,,Color,Black,,Size,3XL,,,,,,,,TRUE,,,,,,shopify,300,deny,150,g,TRUE,manual,,,,https://cdn.shopify.com/s/files/1/0746/6817/9644/files/000031_036_front_d9e33f87-f8dd-4bf9-af1b-6ef391629455.jpg?v=1779391435,,,,black,,,,,,,,,,,,,,
,gildan-5000-g5000,,,,,,,,G5000-036-4XL,,Color,Black,,Size,4XL,,,,,,,,TRUE,,,,,,shopify,300,deny,150,g,TRUE,manual,,,,https://cdn.shopify.com/s/files/1/0746/6817/9644/files/000031_036_front_d9e33f87-f8dd-4bf9-af1b-6ef391629455.jpg?v=1779391435,,,,black,,,,,,,,,,,,,,
,gildan-5000-g5000,,,,,,,,G5000-036-5XL,,Color,Black,,Size,5XL,,,,,,,,TRUE,,,,,,shopify,300,deny,150,g,TRUE,manual,,,,https://cdn.shopify.com/s/files/1/0746/6817/9644/files/000031_036_front_d9e33f87-f8dd-4bf9-af1b-6ef391629455.jpg?v=1779391435,,,,black,,,,,,,,,,,,,,
,gildan-5000-g5000,,,,,,,,,,,,,,,,,,,,,,,,,,,,,,,,,,,https://cdn.shopify.com/s/files/1/0746/6817/9644/files/000031_036_back_e5b10f8f-7437-4b63-b37b-71e686575e7e.jpg?v=1779391433,36,Gildan® 5000 — Black — back view,,,,,,,,,,,,,,,,,,,
,gildan-5000-g5000,,,,,,,,,,,,,,,,,,,,,,,,,,,,,,,,,,,https://cdn.shopify.com/s/files/1/0746/6817/9644/files/000031_036_left_ab7263b3-a606-44d1-885a-1077aa66a9d3.jpg?v=1779391438,37,Gildan® 5000 — Black — left side view,,,,,,,,,,,,,,,,,,,
,gildan-5000-g5000,,,,,,,,,,,,,,,,,,,,,,,,,,,,,,,,,,,https://cdn.shopify.com/s/files/1/0746/6817/9644/files/000031_036_right_dd3cc0cc-a40a-40c2-9135-42e63201c107.jpg?v=1779391440,38,Gildan® 5000 — Black — right side view,,,,,,,,,,,,,,,,,,,
,gildan-5000-g5000,,,,,,,,,,,,,,,,,,,,,,,,,,,,,,,,,,,https://cdn.shopify.com/s/files/1/0746/6817/9644/files/000031_036_neckline_4c1218ae-c6c8-43bb-96d2-0d21d68f8cb3.jpg?v=1779391437,39,Gildan® 5000 — Black — neckline detail,,,,,,,,,,,,,,,,,,,
,gildan-5000-g5000,,,,,,,,,,,,,,,,,,,,,,,,,,,,,,,,,,,https://cdn.shopify.com/s/files/1/0746/6817/9644/files/000031_036_fabric_ef0d893f-709c-4bfd-a987-5bc3f957cb7e.jpg?v=1779391434,40,Gildan® 5000 — Black — fabric detail,,,,,,,,,,,,,,,,,,,
,gildan-5000-g5000,,,,,,,,,,,,,,,,,,,,,,,,,,,,,,,,,,,https://cdn.shopify.com/s/files/1/0746/6817/9644/files/000031_036_front_f.jpg?v=1779391437,41,Gildan® 5000 — Black — front view (women's fit),,,,,,,,,,,,,,,,,,,
,gildan-5000-g5000,,,,,,,,,,,,,,,,,,,,,,,,,,,,,,,,,,,https://cdn.shopify.com/s/files/1/0746/6817/9644/files/000031_036_back_f.jpg?v=1779391433,42,Gildan® 5000 — Black — back view (women's fit),,,,,,,,,,,,,,,,,,,
,gildan-5000-g5000,,,,,,,,G5000-040-S,,Color,Red,,Size,S,,,,,,,,TRUE,,,,,,shopify,300,deny,150,g,TRUE,manual,https://cdn.shopify.com/s/files/1/0746/6817/9644/files/000032_040_front_33037984-0e40-41e0-93c1-0e71faa1c874.jpg?v=1779391443,43,Gildan® 5000 — Red — front view,https://cdn.shopify.com/s/files/1/0746/6817/9644/files/000032_040_front_33037984-0e40-41e0-93c1-0e71faa1c874.jpg?v=1779391443,,,,red,,,,,,,,,,,,,,
,gildan-5000-g5000,,,,,,,,G5000-040-M,,Color,Red,,Size,M,,,,,,,,TRUE,,,,,,shopify,300,deny,150,g,TRUE,manual,,,,https://cdn.shopify.com/s/files/1/0746/6817/9644/files/000032_040_front_33037984-0e40-41e0-93c1-0e71faa1c874.jpg?v=1779391443,,,,red,,,,,,,,,,,,,,
,gildan-5000-g5000,,,,,,,,G5000-040-L,,Color,Red,,Size,L,,,,,,,,TRUE,,,,,,shopify,300,deny,150,g,TRUE,manual,,,,https://cdn.shopify.com/s/files/1/0746/6817/9644/files/000032_040_front_33037984-0e40-41e0-93c1-0e71faa1c874.jpg?v=1779391443,,,,red,,,,,,,,,,,,,,
,gildan-5000-g5000,,,,,,,,G5000-040-XL,,Color,Red,,Size,XL,,,,,,,,TRUE,,,,,,shopify,300,deny,150,g,TRUE,manual,,,,https://cdn.shopify.com/s/files/1/0746/6817/9644/files/000032_040_front_33037984-0e40-41e0-93c1-0e71faa1c874.jpg?v=1779391443,,,,red,,,,,,,,,,,,,,
,gildan-5000-g5000,,,,,,,,G5000-040-2XL,,Color,Red,,Size,2XL,,,,,,,,TRUE,,,,,,shopify,300,deny,150,g,TRUE,manual,,,,https://cdn.shopify.com/s/files/1/0746/6817/9644/files/000032_040_front_33037984-0e40-41e0-93c1-0e71faa1c874.jpg?v=1779391443,,,,red,,,,,,,,,,,,,,
,gildan-5000-g5000,,,,,,,,G5000-040-3XL,,Color,Red,,Size,3XL,,,,,,,,TRUE,,,,,,shopify,300,deny,150,g,TRUE,manual,,,,https://cdn.shopify.com/s/files/1/0746/6817/9644/files/000032_040_front_33037984-0e40-41e0-93c1-0e71faa1c874.jpg?v=1779391443,,,,red,,,,,,,,,,,,,,
,gildan-5000-g5000,,,,,,,,G5000-040-4XL,,Color,Red,,Size,4XL,,,,,,,,TRUE,,,,,,shopify,300,deny,150,g,TRUE,manual,,,,https://cdn.shopify.com/s/files/1/0746/6817/9644/files/000032_040_front_33037984-0e40-41e0-93c1-0e71faa1c874.jpg?v=1779391443,,,,red,,,,,,,,,,,,,,
,gildan-5000-g5000,,,,,,,,G5000-040-5XL,,Color,Red,,Size,5XL,,,,,,,,TRUE,,,,,,shopify,300,deny,150,g,TRUE,manual,,,,https://cdn.shopify.com/s/files/1/0746/6817/9644/files/000032_040_front_33037984-0e40-41e0-93c1-0e71faa1c874.jpg?v=1779391443,,,,red,,,,,,,,,,,,,,
,gildan-5000-g5000,,,,,,,,,,,,,,,,,,,,,,,,,,,,,,,,,,,https://cdn.shopify.com/s/files/1/0746/6817/9644/files/000032_040_back_94eeab05-887a-4c71-84e6-1b00d86c0a2b.jpg?v=1779391440,44,Gildan® 5000 — Red — back view,,,,,,,,,,,,,,,,,,,
,gildan-5000-g5000,,,,,,,,,,,,,,,,,,,,,,,,,,,,,,,,,,,https://cdn.shopify.com/s/files/1/0746/6817/9644/files/000032_040_left_bd04825e-ba99-47ba-84ca-f0321747b050.jpg?v=1779391445,45,Gildan® 5000 — Red — left side view,,,,,,,,,,,,,,,,,,,
,gildan-5000-g5000,,,,,,,,,,,,,,,,,,,,,,,,,,,,,,,,,,,https://cdn.shopify.com/s/files/1/0746/6817/9644/files/000032_040_right_0226a807-6510-42ab-82f3-2164d8d16b6b.jpg?v=1779391447,46,Gildan® 5000 — Red — right side view,,,,,,,,,,,,,,,,,,,
,gildan-5000-g5000,,,,,,,,,,,,,,,,,,,,,,,,,,,,,,,,,,,https://cdn.shopify.com/s/files/1/0746/6817/9644/files/000032_040_neckline_713b3729-9b39-41ec-8299-1cf929012ff5.jpg?v=1779391447,47,Gildan® 5000 — Red — neckline detail,,,,,,,,,,,,,,,,,,,
,gildan-5000-g5000,,,,,,,,,,,,,,,,,,,,,,,,,,,,,,,,,,,https://cdn.shopify.com/s/files/1/0746/6817/9644/files/000032_040_fabric_d21d1244-83cc-4560-becd-7b9ebd7db729.jpg?v=1779391443,48,Gildan® 5000 — Red — fabric detail,,,,,,,,,,,,,,,,,,,
,gildan-5000-g5000,,,,,,,,,,,,,,,,,,,,,,,,,,,,,,,,,,,https://cdn.shopify.com/s/files/1/0746/6817/9644/files/000032_040_front_f.jpg?v=1779391444,49,Gildan® 5000 — Red — front view (women's fit),,,,,,,,,,,,,,,,,,,
,gildan-5000-g5000,,,,,,,,,,,,,,,,,,,,,,,,,,,,,,,,,,,https://cdn.shopify.com/s/files/1/0746/6817/9644/files/000032_040_back_f.jpg?v=1779391441,50,Gildan® 5000 — Red — back view (women's fit),,,,,,,,,,,,,,,,,,,
,gildan-5000-g5000,,,,,,,,G5000-051-S,,Color,Royal Blue,,Size,S,,,,,,,,TRUE,,,,,,shopify,300,deny,150,g,TRUE,manual,https://cdn.shopify.com/s/files/1/0746/6817/9644/files/000033_051_front_6ee91d51-b158-4e0f-909e-b9ca0e57e332.png?v=1779391451,51,Gildan® 5000 — Royal Blue — front view,https://cdn.shopify.com/s/files/1/0746/6817/9644/files/000033_051_front_6ee91d51-b158-4e0f-909e-b9ca0e57e332.png?v=1779391451,,,,royal blue,,,,,,,,,,,,,,
,gildan-5000-g5000,,,,,,,,G5000-051-M,,Color,Royal Blue,,Size,M,,,,,,,,TRUE,,,,,,shopify,300,deny,150,g,TRUE,manual,,,,https://cdn.shopify.com/s/files/1/0746/6817/9644/files/000033_051_front_6ee91d51-b158-4e0f-909e-b9ca0e57e332.png?v=1779391451,,,,royal blue,,,,,,,,,,,,,,
,gildan-5000-g5000,,,,,,,,G5000-051-L,,Color,Royal Blue,,Size,L,,,,,,,,TRUE,,,,,,shopify,300,deny,150,g,TRUE,manual,,,,https://cdn.shopify.com/s/files/1/0746/6817/9644/files/000033_051_front_6ee91d51-b158-4e0f-909e-b9ca0e57e332.png?v=1779391451,,,,royal blue,,,,,,,,,,,,,,
,gildan-5000-g5000,,,,,,,,G5000-051-XL,,Color,Royal Blue,,Size,XL,,,,,,,,TRUE,,,,,,shopify,300,deny,150,g,TRUE,manual,,,,https://cdn.shopify.com/s/files/1/0746/6817/9644/files/000033_051_front_6ee91d51-b158-4e0f-909e-b9ca0e57e332.png?v=1779391451,,,,royal blue,,,,,,,,,,,,,,
,gildan-5000-g5000,,,,,,,,G5000-051-2XL,,Color,Royal Blue,,Size,2XL,,,,,,,,TRUE,,,,,,shopify,300,deny,150,g,TRUE,manual,,,,https://cdn.shopify.com/s/files/1/0746/6817/9644/files/000033_051_front_6ee91d51-b158-4e0f-909e-b9ca0e57e332.png?v=1779391451,,,,royal blue,,,,,,,,,,,,,,
,gildan-5000-g5000,,,,,,,,G5000-051-3XL,,Color,Royal Blue,,Size,3XL,,,,,,,,TRUE,,,,,,shopify,300,deny,150,g,TRUE,manual,,,,https://cdn.shopify.com/s/files/1/0746/6817/9644/files/000033_051_front_6ee91d51-b158-4e0f-909e-b9ca0e57e332.png?v=1779391451,,,,royal blue,,,,,,,,,,,,,,
,gildan-5000-g5000,,,,,,,,G5000-051-4XL,,Color,Royal Blue,,Size,4XL,,,,,,,,TRUE,,,,,,shopify,300,deny,150,g,TRUE,manual,,,,https://cdn.shopify.com/s/files/1/0746/6817/9644/files/000033_051_front_6ee91d51-b158-4e0f-909e-b9ca0e57e332.png?v=1779391451,,,,royal blue,,,,,,,,,,,,,,
,gildan-5000-g5000,,,,,,,,G5000-051-5XL,,Color,Royal Blue,,Size,5XL,,,,,,,,TRUE,,,,,,shopify,300,deny,150,g,TRUE,manual,,,,https://cdn.shopify.com/s/files/1/0746/6817/9644/files/000033_051_front_6ee91d51-b158-4e0f-909e-b9ca0e57e332.png?v=1779391451,,,,royal blue,,,,,,,,,,,,,,
,gildan-5000-g5000,,,,,,,,,,,,,,,,,,,,,,,,,,,,,,,,,,,https://cdn.shopify.com/s/files/1/0746/6817/9644/files/000033_051_back_ea6fabf7-faa3-46df-a7a3-b1b82ba0196e.png?v=1779391447,52,Gildan® 5000 — Royal Blue — back view,,,,,,,,,,,,,,,,,,,
,gildan-5000-g5000,,,,,,,,,,,,,,,,,,,,,,,,,,,,,,,,,,,https://cdn.shopify.com/s/files/1/0746/6817/9644/files/000033_051_left_6e15b7a9-95c7-4cf7-b280-376bf2dfa093.png?v=1779391455,53,Gildan® 5000 — Royal Blue — left side view,,,,,,,,,,,,,,,,,,,
,gildan-5000-g5000,,,,,,,,,,,,,,,,,,,,,,,,,,,,,,,,,,,https://cdn.shopify.com/s/files/1/0746/6817/9644/files/000033_051_right_f5b174fe-f931-4d59-a7cc-b2f33514db7d.png?v=1779391456,54,Gildan® 5000 — Royal Blue — right side view,,,,,,,,,,,,,,,,,,,
,gildan-5000-g5000,,,,,,,,,,,,,,,,,,,,,,,,,,,,,,,,,,,https://cdn.shopify.com/s/files/1/0746/6817/9644/files/000033_051_neckline_5599ec91-e371-49b1-acde-80fb7b910f6d.png?v=1779391455,55,Gildan® 5000 — Royal Blue — neckline detail,,,,,,,,,,,,,,,,,,,
,gildan-5000-g5000,,,,,,,,,,,,,,,,,,,,,,,,,,,,,,,,,,,https://cdn.shopify.com/s/files/1/0746/6817/9644/files/000033_051_fabric_7fc815aa-4876-471b-8498-69ad48a2d61c.png?v=1779391451,56,Gildan® 5000 — Royal Blue — fabric detail,,,,,,,,,,,,,,,,,,,
,gildan-5000-g5000,,,,,,,,,,,,,,,,,,,,,,,,,,,,,,,,,,,https://cdn.shopify.com/s/files/1/0746/6817/9644/files/000033_051_front_f.png?v=1779391453,57,Gildan® 5000 — Royal Blue — front view (women's fit),,,,,,,,,,,,,,,,,,,
,gildan-5000-g5000,,,,,,,,,,,,,,,,,,,,,,,,,,,,,,,,,,,https://cdn.shopify.com/s/files/1/0746/6817/9644/files/000033_051_back_f.png?v=1779391449,58,Gildan® 5000 — Royal Blue — back view (women's fit),,,,,,,,,,,,,,,,,,,
,gildan-5000-g5000,,,,,,,,G5000-098-S,,Color,Daisy,,Size,S,,,,,,,,TRUE,,,,,,shopify,300,deny,150,g,TRUE,manual,https://cdn.shopify.com/s/files/1/0746/6817/9644/files/000035_098_front_08b3764b-f49e-4654-99a3-5f156c3c25b1.jpg?v=1779391468,3,Gildan® 5000 — Daisy — front view,https://cdn.shopify.com/s/files/1/0746/6817/9644/files/000035_098_front_08b3764b-f49e-4654-99a3-5f156c3c25b1.jpg?v=1779391468,,,,daisy,,,,,,,,,,,,,,
,gildan-5000-g5000,,,,,,,,G5000-098-M,,Color,Daisy,,Size,M,,,,,,,,TRUE,,,,,,shopify,300,deny,150,g,TRUE,manual,,,,https://cdn.shopify.com/s/files/1/0746/6817/9644/files/000035_098_front_08b3764b-f49e-4654-99a3-5f156c3c25b1.jpg?v=1779391468,,,,daisy,,,,,,,,,,,,,,
,gildan-5000-g5000,,,,,,,,G5000-098-L,,Color,Daisy,,Size,L,,,,,,,,TRUE,,,,,,shopify,300,deny,150,g,TRUE,manual,,,,https://cdn.shopify.com/s/files/1/0746/6817/9644/files/000035_098_front_08b3764b-f49e-4654-99a3-5f156c3c25b1.jpg?v=1779391468,,,,daisy,,,,,,,,,,,,,,
,gildan-5000-g5000,,,,,,,,G5000-098-XL,,Color,Daisy,,Size,XL,,,,,,,,TRUE,,,,,,shopify,300,deny,150,g,TRUE,manual,,,,https://cdn.shopify.com/s/files/1/0746/6817/9644/files/000035_098_front_08b3764b-f49e-4654-99a3-5f156c3c25b1.jpg?v=1779391468,,,,daisy,,,,,,,,,,,,,,
,gildan-5000-g5000,,,,,,,,G5000-098-2XL,,Color,Daisy,,Size,2XL,,,,,,,,TRUE,,,,,,shopify,300,deny,150,g,TRUE,manual,,,,https://cdn.shopify.com/s/files/1/0746/6817/9644/files/000035_098_front_08b3764b-f49e-4654-99a3-5f156c3c25b1.jpg?v=1779391468,,,,daisy,,,,,,,,,,,,,,
,gildan-5000-g5000,,,,,,,,G5000-098-3XL,,Color,Daisy,,Size,3XL,,,,,,,,TRUE,,,,,,shopify,300,deny,150,g,TRUE,manual,,,,https://cdn.shopify.com/s/files/1/0746/6817/9644/files/000035_098_front_08b3764b-f49e-4654-99a3-5f156c3c25b1.jpg?v=1779391468,,,,daisy,,,,,,,,,,,,,,
,gildan-5000-g5000,,,,,,,,G5000-098-4XL,,Color,Daisy,,Size,4XL,,,,,,,,TRUE,,,,,,shopify,300,deny,150,g,TRUE,manual,,,,https://cdn.shopify.com/s/files/1/0746/6817/9644/files/000035_098_front_08b3764b-f49e-4654-99a3-5f156c3c25b1.jpg?v=1779391468,,,,daisy,,,,,,,,,,,,,,
,gildan-5000-g5000,,,,,,,,G5000-098-5XL,,Color,Daisy,,Size,5XL,,,,,,,,TRUE,,,,,,shopify,300,deny,150,g,TRUE,manual,,,,https://cdn.shopify.com/s/files/1/0746/6817/9644/files/000035_098_front_08b3764b-f49e-4654-99a3-5f156c3c25b1.jpg?v=1779391468,,,,daisy,,,,,,,,,,,,,,
,gildan-5000-g5000,,,,,,,,,,,,,,,,,,,,,,,,,,,,,,,,,,,https://cdn.shopify.com/s/files/1/0746/6817/9644/files/000035_098_back_ba029fd7-d75d-43f2-9244-e7b6d56063ad.jpg?v=1779391465,4,Gildan® 5000 — Daisy — back view,,,,,,,,,,,,,,,,,,,
,gildan-5000-g5000,,,,,,,,,,,,,,,,,,,,,,,,,,,,,,,,,,,https://cdn.shopify.com/s/files/1/0746/6817/9644/files/000035_098_left_04849b8e-f736-4aff-bf1e-3d6021a1ccc5.jpg?v=1779391471,5,Gildan® 5000 — Daisy — left side view,,,,,,,,,,,,,,,,,,,
,gildan-5000-g5000,,,,,,,,,,,,,,,,,,,,,,,,,,,,,,,,,,,https://cdn.shopify.com/s/files/1/0746/6817/9644/files/000035_098_right_fdf684bd-6678-42a9-a76a-0ebbaf694e70.jpg?v=1779391471,6,Gildan® 5000 — Daisy — right side view,,,,,,,,,,,,,,,,,,,
,gildan-5000-g5000,,,,,,,,,,,,,,,,,,,,,,,,,,,,,,,,,,,https://cdn.shopify.com/s/files/1/0746/6817/9644/files/000035_098_neckline_6e996909-79f1-4b35-95f0-12b9935b6880.jpg?v=1779391471,7,Gildan® 5000 — Daisy — neckline detail,,,,,,,,,,,,,,,,,,,
,gildan-5000-g5000,,,,,,,,,,,,,,,,,,,,,,,,,,,,,,,,,,,https://cdn.shopify.com/s/files/1/0746/6817/9644/files/000035_098_fabric_1fb09340-9c9f-441e-a318-c5bb1c2e09ff.jpg?v=1779391467,8,Gildan® 5000 — Daisy — fabric detail,,,,,,,,,,,,,,,,,,,
,gildan-5000-g5000,,,,,,,,,,,,,,,,,,,,,,,,,,,,,,,,,,,https://cdn.shopify.com/s/files/1/0746/6817/9644/files/000035_098_front_f.jpg?v=1779391469,9,Gildan® 5000 — Daisy — front view (women's fit),,,,,,,,,,,,,,,,,,,
,gildan-5000-g5000,,,,,,,,,,,,,,,,,,,,,,,,,,,,,,,,,,,https://cdn.shopify.com/s/files/1/0746/6817/9644/files/000035_098_back_f.jpg?v=1779391467,10,Gildan® 5000 — Daisy — back view (women's fit),,,,,,,,,,,,,,,,,,,
Gildan® 5000B,gildan-5000b-g5000b,"<p>This t-shirt is a great wardrobe addition that can be worn to school, games or the playground. Add fun graphics to this sturdy 100% U.S. cotton using screen print, embroidery, iron-on transfers or try bleach or tie dye.</p><ul><li>100% U.S. Cotton (Sport Grey: 90/10 cotton/polyester)</li><li>Pre-shrunk for a lasting fit</li><li>Classic fit — great for kids</li><li>Double-needle stitching throughout</li><li>Taped neck and shoulders</li><li>Tearaway label</li></ul><h4>Size Chart (inches)</h4><table><thead><tr><th>Size</th><th>Chest</th><th>Body Length</th></tr></thead><tbody><tr><td>XS</td><td>23–24</td><td>17½</td></tr><tr><td>S</td><td>25–26</td><td>18½</td></tr><tr><td>M</td><td>27–28</td><td>19½</td></tr><tr><td>L</td><td>29–30</td><td>21</td></tr><tr><td>XL</td><td>31–32</td><td>22½</td></tr></tbody></table>",Gildan,gid://shopify/TaxonomyCategory/aa-1-13-8,T-Shirt,"T-Shirt, Youth, G5000B",TRUE,active,G5000B-026-XS,,Color,Sapphire,,Size,XS,,,,,,,,TRUE,,,,,,shopify,300,deny,105,g,TRUE,manual,https://cdn.shopify.com/s/files/1/0746/6817/9644/files/000081_026_front.jpg?v=1779377085,7,Gildan® 5000B — Sapphire — front view,https://cdn.shopify.com/s/files/1/0746/6817/9644/files/000081_026_front.jpg?v=1779377085,,Gildan® 5000B,"<p>This t-shirt is a great wardrobe addition that can be worn to school, games or the playground. Add fun graphics to this sturdy 100% U.S. cotton using sc",sapphire,gid://shopify/TaxonomyCategory/aa-1-13-8,Unisex,Kids,G5000B,,,new,,,,,,,Youth T-Shirt
,gildan-5000b-g5000b,,,,,,,,G5000B-026-S,,Color,Sapphire,,Size,S,,,,,,,,TRUE,,,,,,shopify,300,deny,105,g,TRUE,manual,,,,https://cdn.shopify.com/s/files/1/0746/6817/9644/files/000081_026_front.jpg?v=1779377085,,,,sapphire,,,,,,,,,,,,,,
,gildan-5000b-g5000b,,,,,,,,G5000B-026-M,,Color,Sapphire,,Size,M,,,,,,,,TRUE,,,,,,shopify,300,deny,105,g,TRUE,manual,,,,https://cdn.shopify.com/s/files/1/0746/6817/9644/files/000081_026_front.jpg?v=1779377085,,,,sapphire,,,,,,,,,,,,,,
,gildan-5000b-g5000b,,,,,,,,G5000B-026-L,,Color,Sapphire,,Size,L,,,,,,,,TRUE,,,,,,shopify,300,deny,105,g,TRUE,manual,,,,https://cdn.shopify.com/s/files/1/0746/6817/9644/files/000081_026_front.jpg?v=1779377085,,,,sapphire,,,,,,,,,,,,,,
,gildan-5000b-g5000b,,,,,,,,G5000B-026-XL,,Color,Sapphire,,Size,XL,,,,,,,,TRUE,,,,,,shopify,300,deny,105,g,TRUE,manual,,,,https://cdn.shopify.com/s/files/1/0746/6817/9644/files/000081_026_front.jpg?v=1779377085,,,,sapphire,,,,,,,,,,,,,,
,gildan-5000b-g5000b,,,,,,,,,,,,,,,,,,,,,,,,,,,,,,,,,,,https://cdn.shopify.com/s/files/1/0746/6817/9644/files/000081_026_back.jpg?v=1779377083,8,Gildan® 5000B — Sapphire — back view,,,,,,,,,,,,,,,,,,,
,gildan-5000b-g5000b,,,,,,,,,,,,,,,,,,,,,,,,,,,,,,,,,,,https://cdn.shopify.com/s/files/1/0746/6817/9644/files/000081_026_left.jpg?v=1779377085,9,Gildan® 5000B — Sapphire — left side view,,,,,,,,,,,,,,,,,,,
,gildan-5000b-g5000b,,,,,,,,,,,,,,,,,,,,,,,,,,,,,,,,,,,https://cdn.shopify.com/s/files/1/0746/6817/9644/files/000081_026_right.jpg?v=1779377087,10,Gildan® 5000B — Sapphire — right side view,,,,,,,,,,,,,,,,,,,
,gildan-5000b-g5000b,,,,,,,,,,,,,,,,,,,,,,,,,,,,,,,,,,,https://cdn.shopify.com/s/files/1/0746/6817/9644/files/000081_026_neckline.jpg?v=1779377087,11,Gildan® 5000B — Sapphire — neckline detail,,,,,,,,,,,,,,,,,,,
,gildan-5000b-g5000b,,,,,,,,,,,,,,,,,,,,,,,,,,,,,,,,,,,https://cdn.shopify.com/s/files/1/0746/6817/9644/files/000081_026_fabric.jpg?v=1779377085,12,Gildan® 5000B — Sapphire — fabric detail,,,,,,,,,,,,,,,,,,,
,gildan-5000b-g5000b,,,,,,,,G5000B-030-XS,,Color,White,,Size,XS,,,,,,,,TRUE,,,,,,shopify,300,deny,105,g,TRUE,manual,https://cdn.shopify.com/s/files/1/0746/6817/9644/files/000007_030_front.jpg?v=1779376704,13,Gildan® 5000B — White — front view,https://cdn.shopify.com/s/files/1/0746/6817/9644/files/000007_030_front.jpg?v=1779376704,,,,white,,,,,,,,,,,,,,
,gildan-5000b-g5000b,,,,,,,,G5000B-030-S,,Color,White,,Size,S,,,,,,,,TRUE,,,,,,shopify,300,deny,105,g,TRUE,manual,,,,https://cdn.shopify.com/s/files/1/0746/6817/9644/files/000007_030_front.jpg?v=1779376704,,,,white,,,,,,,,,,,,,,
,gildan-5000b-g5000b,,,,,,,,G5000B-030-M,,Color,White,,Size,M,,,,,,,,TRUE,,,,,,shopify,300,deny,105,g,TRUE,manual,,,,https://cdn.shopify.com/s/files/1/0746/6817/9644/files/000007_030_front.jpg?v=1779376704,,,,white,,,,,,,,,,,,,,
,gildan-5000b-g5000b,,,,,,,,G5000B-030-L,,Color,White,,Size,L,,,,,,,,TRUE,,,,,,shopify,300,deny,105,g,TRUE,manual,,,,https://cdn.shopify.com/s/files/1/0746/6817/9644/files/000007_030_front.jpg?v=1779376704,,,,white,,,,,,,,,,,,,,
,gildan-5000b-g5000b,,,,,,,,G5000B-030-XL,,Color,White,,Size,XL,,,,,,,,TRUE,,,,,,shopify,300,deny,105,g,TRUE,manual,,,,https://cdn.shopify.com/s/files/1/0746/6817/9644/files/000007_030_front.jpg?v=1779376704,,,,white,,,,,,,,,,,,,,
,gildan-5000b-g5000b,,,,,,,,,,,,,,,,,,,,,,,,,,,,,,,,,,,https://cdn.shopify.com/s/files/1/0746/6817/9644/files/000007_030_back.jpg?v=1779376702,14,Gildan® 5000B — White — back view,,,,,,,,,,,,,,,,,,,
,gildan-5000b-g5000b,,,,,,,,,,,,,,,,,,,,,,,,,,,,,,,,,,,https://cdn.shopify.com/s/files/1/0746/6817/9644/files/000007_030_left.jpg?v=1779376705,15,Gildan® 5000B — White — left side view,,,,,,,,,,,,,,,,,,,
,gildan-5000b-g5000b,,,,,,,,,,,,,,,,,,,,,,,,,,,,,,,,,,,https://cdn.shopify.com/s/files/1/0746/6817/9644/files/000007_030_right.jpg?v=1779376706,16,Gildan® 5000B — White — right side view,,,,,,,,,,,,,,,,,,,
,gildan-5000b-g5000b,,,,,,,,,,,,,,,,,,,,,,,,,,,,,,,,,,,https://cdn.shopify.com/s/files/1/0746/6817/9644/files/000007_030_neckline.jpg?v=1779376706,17,Gildan® 5000B — White — neckline detail,,,,,,,,,,,,,,,,,,,
,gildan-5000b-g5000b,,,,,,,,,,,,,,,,,,,,,,,,,,,,,,,,,,,https://cdn.shopify.com/s/files/1/0746/6817/9644/files/000007_030_fabric.jpg?v=1779376703,18,Gildan® 5000B — White — fabric detail,,,,,,,,,,,,,,,,,,,
,gildan-5000b-g5000b,,,,,,,,G5000B-032-XS,,Color,Navy,,Size,XS,,,,,,,,TRUE,,,,,,shopify,300,deny,105,g,TRUE,manual,https://cdn.shopify.com/s/files/1/0746/6817/9644/files/000077_032_front.jpg?v=1779377063,19,Gildan® 5000B — Navy — front view,https://cdn.shopify.com/s/files/1/0746/6817/9644/files/000077_032_front.jpg?v=1779377063,,,,navy,,,,,,,,,,,,,,
,gildan-5000b-g5000b,,,,,,,,G5000B-032-S,,Color,Navy,,Size,S,,,,,,,,TRUE,,,,,,shopify,300,deny,105,g,TRUE,manual,,,,https://cdn.shopify.com/s/files/1/0746/6817/9644/files/000077_032_front.jpg?v=1779377063,,,,navy,,,,,,,,,,,,,,
,gildan-5000b-g5000b,,,,,,,,G5000B-032-M,,Color,Navy,,Size,M,,,,,,,,TRUE,,,,,,shopify,300,deny,105,g,TRUE,manual,,,,https://cdn.shopify.com/s/files/1/0746/6817/9644/files/000077_032_front.jpg?v=1779377063,,,,navy,,,,,,,,,,,,,,
,gildan-5000b-g5000b,,,,,,,,G5000B-032-L,,Color,Navy,,Size,L,,,,,,,,TRUE,,,,,,shopify,300,deny,105,g,TRUE,manual,,,,https://cdn.shopify.com/s/files/1/0746/6817/9644/files/000077_032_front.jpg?v=1779377063,,,,navy,,,,,,,,,,,,,,
,gildan-5000b-g5000b,,,,,,,,G5000B-032-XL,,Color,Navy,,Size,XL,,,,,,,,TRUE,,,,,,shopify,300,deny,105,g,TRUE,manual,,,,https://cdn.shopify.com/s/files/1/0746/6817/9644/files/000077_032_front.jpg?v=1779377063,,,,navy,,,,,,,,,,,,,,
,gildan-5000b-g5000b,,,,,,,,,,,,,,,,,,,,,,,,,,,,,,,,,,,https://cdn.shopify.com/s/files/1/0746/6817/9644/files/000077_032_back.jpg?v=1779377060,20,Gildan® 5000B — Navy — back view,,,,,,,,,,,,,,,,,,,
,gildan-5000b-g5000b,,,,,,,,,,,,,,,,,,,,,,,,,,,,,,,,,,,https://cdn.shopify.com/s/files/1/0746/6817/9644/files/000077_032_left.jpg?v=1779377063,21,Gildan® 5000B — Navy — left side view,,,,,,,,,,,,,,,,,,,
,gildan-5000b-g5000b,,,,,,,,,,,,,,,,,,,,,,,,,,,,,,,,,,,https://cdn.shopify.com/s/files/1/0746/6817/9644/files/000077_032_right.jpg?v=1779377066,22,Gildan® 5000B — Navy — right side view,,,,,,,,,,,,,,,,,,,
,gildan-5000b-g5000b,,,,,,,,,,,,,,,,,,,,,,,,,,,,,,,,,,,https://cdn.shopify.com/s/files/1/0746/6817/9644/files/000077_032_neckline.jpg?v=1779377065,23,Gildan® 5000B — Navy — neckline detail,,,,,,,,,,,,,,,,,,,
,gildan-5000b-g5000b,,,,,,,,,,,,,,,,,,,,,,,,,,,,,,,,,,,https://cdn.shopify.com/s/files/1/0746/6817/9644/files/000077_032_fabric.jpg?v=1779377063,24,Gildan® 5000B — Navy — fabric detail,,,,,,,,,,,,,,,,,,,
,gildan-5000b-g5000b,,,,,,,,G5000B-036-XS,,Color,Black,,Size,XS,,,,,,,,TRUE,,,,,,shopify,300,deny,105,g,TRUE,manual,https://cdn.shopify.com/s/files/1/0746/6817/9644/files/000078_036_front.jpg?v=1779377068,25,Gildan® 5000B — Black — front view,https://cdn.shopify.com/s/files/1/0746/6817/9644/files/000078_036_front.jpg?v=1779377068,,,,black,,,,,,,,,,,,,,
,gildan-5000b-g5000b,,,,,,,,G5000B-036-S,,Color,Black,,Size,S,,,,,,,,TRUE,,,,,,shopify,300,deny,105,g,TRUE,manual,,,,https://cdn.shopify.com/s/files/1/0746/6817/9644/files/000078_036_front.jpg?v=1779377068,,,,black,,,,,,,,,,,,,,
,gildan-5000b-g5000b,,,,,,,,G5000B-036-M,,Color,Black,,Size,M,,,,,,,,TRUE,,,,,,shopify,300,deny,105,g,TRUE,manual,,,,https://cdn.shopify.com/s/files/1/0746/6817/9644/files/000078_036_front.jpg?v=1779377068,,,,black,,,,,,,,,,,,,,
,gildan-5000b-g5000b,,,,,,,,G5000B-036-L,,Color,Black,,Size,L,,,,,,,,TRUE,,,,,,shopify,300,deny,105,g,TRUE,manual,,,,https://cdn.shopify.com/s/files/1/0746/6817/9644/files/000078_036_front.jpg?v=1779377068,,,,black,,,,,,,,,,,,,,
,gildan-5000b-g5000b,,,,,,,,G5000B-036-XL,,Color,Black,,Size,XL,,,,,,,,TRUE,,,,,,shopify,300,deny,105,g,TRUE,manual,,,,https://cdn.shopify.com/s/files/1/0746/6817/9644/files/000078_036_front.jpg?v=1779377068,,,,black,,,,,,,,,,,,,,
,gildan-5000b-g5000b,,,,,,,,,,,,,,,,,,,,,,,,,,,,,,,,,,,https://cdn.shopify.com/s/files/1/0746/6817/9644/files/000078_036_back.jpg?v=1779377066,26,Gildan® 5000B — Black — back view,,,,,,,,,,,,,,,,,,,
,gildan-5000b-g5000b,,,,,,,,,,,,,,,,,,,,,,,,,,,,,,,,,,,https://cdn.shopify.com/s/files/1/0746/6817/9644/files/000078_036_left.jpg?v=1779377068,27,Gildan® 5000B — Black — left side view,,,,,,,,,,,,,,,,,,,
,gildan-5000b-g5000b,,,,,,,,,,,,,,,,,,,,,,,,,,,,,,,,,,,https://cdn.shopify.com/s/files/1/0746/6817/9644/files/000078_036_right.jpg?v=1779377071,28,Gildan® 5000B — Black — right side view,,,,,,,,,,,,,,,,,,,
,gildan-5000b-g5000b,,,,,,,,,,,,,,,,,,,,,,,,,,,,,,,,,,,https://cdn.shopify.com/s/files/1/0746/6817/9644/files/000078_036_neckline.jpg?v=1779377070,29,Gildan® 5000B — Black — neckline detail,,,,,,,,,,,,,,,,,,,
,gildan-5000b-g5000b,,,,,,,,,,,,,,,,,,,,,,,,,,,,,,,,,,,https://cdn.shopify.com/s/files/1/0746/6817/9644/files/000078_036_fabric.jpg?v=1779377068,30,Gildan® 5000B — Black — fabric detail,,,,,,,,,,,,,,,,,,,
,gildan-5000b-g5000b,,,,,,,,G5000B-040-XS,,Color,Red,,Size,XS,,,,,,,,TRUE,,,,,,shopify,300,deny,105,g,TRUE,manual,https://cdn.shopify.com/s/files/1/0746/6817/9644/files/000079_040_front.jpg?v=1779377074,31,Gildan® 5000B — Red — front view,https://cdn.shopify.com/s/files/1/0746/6817/9644/files/000079_040_front.jpg?v=1779377074,,,,red,,,,,,,,,,,,,,
,gildan-5000b-g5000b,,,,,,,,G5000B-040-S,,Color,Red,,Size,S,,,,,,,,TRUE,,,,,,shopify,300,deny,105,g,TRUE,manual,,,,https://cdn.shopify.com/s/files/1/0746/6817/9644/files/000079_040_front.jpg?v=1779377074,,,,red,,,,,,,,,,,,,,
,gildan-5000b-g5000b,,,,,,,,G5000B-040-M,,Color,Red,,Size,M,,,,,,,,TRUE,,,,,,shopify,300,deny,105,g,TRUE,manual,,,,https://cdn.shopify.com/s/files/1/0746/6817/9644/files/000079_040_front.jpg?v=1779377074,,,,red,,,,,,,,,,,,,,
,gildan-5000b-g5000b,,,,,,,,G5000B-040-L,,Color,Red,,Size,L,,,,,,,,TRUE,,,,,,shopify,300,deny,105,g,TRUE,manual,,,,https://cdn.shopify.com/s/files/1/0746/6817/9644/files/000079_040_front.jpg?v=1779377074,,,,red,,,,,,,,,,,,,,
,gildan-5000b-g5000b,,,,,,,,G5000B-040-XL,,Color,Red,,Size,XL,,,,,,,,TRUE,,,,,,shopify,300,deny,105,g,TRUE,manual,,,,https://cdn.shopify.com/s/files/1/0746/6817/9644/files/000079_040_front.jpg?v=1779377074,,,,red,,,,,,,,,,,,,,
,gildan-5000b-g5000b,,,,,,,,,,,,,,,,,,,,,,,,,,,,,,,,,,,https://cdn.shopify.com/s/files/1/0746/6817/9644/files/000079_040_back.jpg?v=1779377071,32,Gildan® 5000B — Red — back view,,,,,,,,,,,,,,,,,,,
,gildan-5000b-g5000b,,,,,,,,,,,,,,,,,,,,,,,,,,,,,,,,,,,https://cdn.shopify.com/s/files/1/0746/6817/9644/files/000079_040_left.jpg?v=1779377074,33,Gildan® 5000B — Red — left side view,,,,,,,,,,,,,,,,,,,
,gildan-5000b-g5000b,,,,,,,,,,,,,,,,,,,,,,,,,,,,,,,,,,,https://cdn.shopify.com/s/files/1/0746/6817/9644/files/000079_040_right.jpg?v=1779377076,34,Gildan® 5000B — Red — right side view,,,,,,,,,,,,,,,,,,,
,gildan-5000b-g5000b,,,,,,,,,,,,,,,,,,,,,,,,,,,,,,,,,,,https://cdn.shopify.com/s/files/1/0746/6817/9644/files/000079_040_neckline.jpg?v=1779377076,35,Gildan® 5000B — Red — neckline detail,,,,,,,,,,,,,,,,,,,
,gildan-5000b-g5000b,,,,,,,,,,,,,,,,,,,,,,,,,,,,,,,,,,,https://cdn.shopify.com/s/files/1/0746/6817/9644/files/000079_040_fabric.jpg?v=1779377073,36,Gildan® 5000B — Red — fabric detail,,,,,,,,,,,,,,,,,,,
,gildan-5000b-g5000b,,,,,,,,G5000B-051-XS,,Color,Royal Blue,,Size,XS,,,,,,,,TRUE,,,,,,shopify,300,deny,105,g,TRUE,manual,https://cdn.shopify.com/s/files/1/0746/6817/9644/files/000080_051_front.png?v=1779377080,1,Gildan® 5000B — Royal Blue — front view,https://cdn.shopify.com/s/files/1/0746/6817/9644/files/000080_051_front.png?v=1779377080,,,,royal blue,,,,,,,,,,,,,,
,gildan-5000b-g5000b,,,,,,,,G5000B-051-S,,Color,Royal Blue,,Size,S,,,,,,,,TRUE,,,,,,shopify,300,deny,105,g,TRUE,manual,,,,https://cdn.shopify.com/s/files/1/0746/6817/9644/files/000080_051_front.png?v=1779377080,,,,royal blue,,,,,,,,,,,,,,
,gildan-5000b-g5000b,,,,,,,,G5000B-051-M,,Color,Royal Blue,,Size,M,,,,,,,,TRUE,,,,,,shopify,300,deny,105,g,TRUE,manual,,,,https://cdn.shopify.com/s/files/1/0746/6817/9644/files/000080_051_front.png?v=1779377080,,,,royal blue,,,,,,,,,,,,,,
,gildan-5000b-g5000b,,,,,,,,G5000B-051-L,,Color,Royal Blue,,Size,L,,,,,,,,TRUE,,,,,,shopify,300,deny,105,g,TRUE,manual,,,,https://cdn.shopify.com/s/files/1/0746/6817/9644/files/000080_051_front.png?v=1779377080,,,,royal blue,,,,,,,,,,,,,,
,gildan-5000b-g5000b,,,,,,,,G5000B-051-XL,,Color,Royal Blue,,Size,XL,,,,,,,,TRUE,,,,,,shopify,300,deny,105,g,TRUE,manual,,,,https://cdn.shopify.com/s/files/1/0746/6817/9644/files/000080_051_front.png?v=1779377080,,,,royal blue,,,,,,,,,,,,,,
,gildan-5000b-g5000b,,,,,,,,,,,,,,,,,,,,,,,,,,,,,,,,,,,https://cdn.shopify.com/s/files/1/0746/6817/9644/files/000080_051_back.png?v=1779377077,2,Gildan® 5000B — Royal Blue — back view,,,,,,,,,,,,,,,,,,,
,gildan-5000b-g5000b,,,,,,,,,,,,,,,,,,,,,,,,,,,,,,,,,,,https://cdn.shopify.com/s/files/1/0746/6817/9644/files/000080_051_left.png?v=1779377081,3,Gildan® 5000B — Royal Blue — left side view,,,,,,,,,,,,,,,,,,,
,gildan-5000b-g5000b,,,,,,,,,,,,,,,,,,,,,,,,,,,,,,,,,,,https://cdn.shopify.com/s/files/1/0746/6817/9644/files/000080_051_right.png?v=1779377083,4,Gildan® 5000B — Royal Blue — right side view,,,,,,,,,,,,,,,,,,,
,gildan-5000b-g5000b,,,,,,,,,,,,,,,,,,,,,,,,,,,,,,,,,,,https://cdn.shopify.com/s/files/1/0746/6817/9644/files/000080_051_neckline.png?v=1779377082,5,Gildan® 5000B — Royal Blue — neckline detail,,,,,,,,,,,,,,,,,,,
,gildan-5000b-g5000b,,,,,,,,,,,,,,,,,,,,,,,,,,,,,,,,,,,https://cdn.shopify.com/s/files/1/0746/6817/9644/files/000080_051_fabric.png?v=1779377079,6,Gildan® 5000B — Royal Blue — fabric detail,,,,,,,,,,,,,,,,,,,
,gildan-5000b-g5000b,,,,,,,,G5000B-098-XS,,Color,Daisy,,Size,XS,,,,,,,,TRUE,,,,,,shopify,300,deny,105,g,TRUE,manual,https://cdn.shopify.com/s/files/1/0746/6817/9644/files/000082_098_front.jpg?v=1779377090,37,Gildan® 5000B — Daisy — front view,https://cdn.shopify.com/s/files/1/0746/6817/9644/files/000082_098_front.jpg?v=1779377090,,,,daisy,,,,,,,,,,,,,,
,gildan-5000b-g5000b,,,,,,,,G5000B-098-S,,Color,Daisy,,Size,S,,,,,,,,TRUE,,,,,,shopify,300,deny,105,g,TRUE,manual,,,,https://cdn.shopify.com/s/files/1/0746/6817/9644/files/000082_098_front.jpg?v=1779377090,,,,daisy,,,,,,,,,,,,,,
,gildan-5000b-g5000b,,,,,,,,G5000B-098-M,,Color,Daisy,,Size,M,,,,,,,,TRUE,,,,,,shopify,300,deny,105,g,TRUE,manual,,,,https://cdn.shopify.com/s/files/1/0746/6817/9644/files/000082_098_front.jpg?v=1779377090,,,,daisy,,,,,,,,,,,,,,
,gildan-5000b-g5000b,,,,,,,,G5000B-098-L,,Color,Daisy,,Size,L,,,,,,,,TRUE,,,,,,shopify,300,deny,105,g,TRUE,manual,,,,https://cdn.shopify.com/s/files/1/0746/6817/9644/files/000082_098_front.jpg?v=1779377090,,,,daisy,,,,,,,,,,,,,,
,gildan-5000b-g5000b,,,,,,,,G5000B-098-XL,,Color,Daisy,,Size,XL,,,,,,,,TRUE,,,,,,shopify,300,deny,105,g,TRUE,manual,,,,https://cdn.shopify.com/s/files/1/0746/6817/9644/files/000082_098_front.jpg?v=1779377090,,,,daisy,,,,,,,,,,,,,,
,gildan-5000b-g5000b,,,,,,,,,,,,,,,,,,,,,,,,,,,,,,,,,,,https://cdn.shopify.com/s/files/1/0746/6817/9644/files/000082_098_back.jpg?v=1779377088,38,Gildan® 5000B — Daisy — back view,,,,,,,,,,,,,,,,,,,
,gildan-5000b-g5000b,,,,,,,,,,,,,,,,,,,,,,,,,,,,,,,,,,,https://cdn.shopify.com/s/files/1/0746/6817/9644/files/000082_098_left.jpg?v=1779377091,39,Gildan® 5000B — Daisy — left side view,,,,,,,,,,,,,,,,,,,
,gildan-5000b-g5000b,,,,,,,,,,,,,,,,,,,,,,,,,,,,,,,,,,,https://cdn.shopify.com/s/files/1/0746/6817/9644/files/000082_098_right.jpg?v=1779377092,40,Gildan® 5000B — Daisy — right side view,,,,,,,,,,,,,,,,,,,
,gildan-5000b-g5000b,,,,,,,,,,,,,,,,,,,,,,,,,,,,,,,,,,,https://cdn.shopify.com/s/files/1/0746/6817/9644/files/000082_098_neckline.jpg?v=1779377092,41,Gildan® 5000B — Daisy — neckline detail,,,,,,,,,,,,,,,,,,,
,gildan-5000b-g5000b,,,,,,,,,,,,,,,,,,,,,,,,,,,,,,,,,,,https://cdn.shopify.com/s/files/1/0746/6817/9644/files/000082_098_fabric.jpg?v=1779377089,42,Gildan® 5000B — Daisy — fabric detail,,,,,,,,,,,,,,,,,,,
Gildan® 5400,gildan-5400-g5400,"<p>The G5400 gives you great year-round coverage. Made of 100% U.S Cotton, it features a classic fit and rib cuffs. This versatile fabric can be decorated with just about any ink, paint, embroidery, heat transfers, bleaching and tie dye.</p><ul><li>100% U.S. Cotton (Heather: 90/10 cotton/polyester)</li><li>Pre-shrunk for a lasting fit</li><li>Classic fit</li><li>Double-needle stitching throughout</li><li>Taped neck and shoulders</li><li>Tearaway label</li><li>Long-sleeve design for year-round wear</li></ul><h4>Size Chart (inches)</h4><table><thead><tr><th>Size</th><th>Chest</th><th>Body Length</th></tr></thead><tbody><tr><td>S</td><td>34–36</td><td>28</td></tr><tr><td>M</td><td>38–40</td><td>29</td></tr><tr><td>L</td><td>42–44</td><td>30</td></tr><tr><td>XL</td><td>46–48</td><td>31</td></tr><tr><td>2XL</td><td>50–52</td><td>32</td></tr><tr><td>3XL</td><td>54–56</td><td>33</td></tr><tr><td>4XL</td><td>58–60</td><td>34</td></tr><tr><td>5XL</td><td>62–64</td><td>35</td></tr></tbody></table>",Gildan,gid://shopify/TaxonomyCategory/aa-1-13-8,Long-Sleeve T-Shirt,"Long-Sleeve T-Shirt, Adult, Unisex, G5400",TRUE,active,G5400-030-S,,Color,White,,Size,S,,,,,,,,TRUE,,,,,,shopify,300,deny,200,g,TRUE,manual,https://cdn.shopify.com/s/files/1/0746/6817/9644/files/000036_030_front_5784f770-812b-4091-91b3-7e068294c364.jpg?v=1779391478,11,Gildan® 5400 — White — front view,https://cdn.shopify.com/s/files/1/0746/6817/9644/files/000036_030_front_5784f770-812b-4091-91b3-7e068294c364.jpg?v=1779391478,,Gildan® 5400,"<p>The G5400 gives you great year-round coverage. Made of 100% U.S Cotton, it features a classic fit and rib cuffs. This versatile fabric can be decorated ",white,gid://shopify/TaxonomyCategory/aa-1-13-8,Unisex,Adult,G5400,,,new,,,,,,,Adult Long Sleeve T-Shirt
,gildan-5400-g5400,,,,,,,,,,,,,,,,,,,,,,,,,,,,,,,,,,,https://cdn.shopify.com/s/files/1/0746/6817/9644/files/gildan-5400_royal-blue_asian.png?v=1779475060,1,Gildan® 5400 — Asian model — front view,,,,,,,,,,,,,,,,,,,
,gildan-5400-g5400,,,,,,,,,,,,,,,,,,,,,,,,,,,,,,,,,,,https://cdn.shopify.com/s/files/1/0746/6817/9644/files/gildan-5400_red_black.png?v=1779475060,2,Gildan® 5400 — Black model — front view,,,,,,,,,,,,,,,,,,,
,gildan-5400-g5400,,,,,,,,G5400-030-M,,Color,White,,Size,M,,,,,,,,TRUE,,,,,,shopify,300,deny,200,g,TRUE,manual,,,,https://cdn.shopify.com/s/files/1/0746/6817/9644/files/000036_030_front_5784f770-812b-4091-91b3-7e068294c364.jpg?v=1779391478,,,,white,,,,,,,,,,,,,,
,gildan-5400-g5400,,,,,,,,G5400-030-L,,Color,White,,Size,L,,,,,,,,TRUE,,,,,,shopify,300,deny,200,g,TRUE,manual,,,,https://cdn.shopify.com/s/files/1/0746/6817/9644/files/000036_030_front_5784f770-812b-4091-91b3-7e068294c364.jpg?v=1779391478,,,,white,,,,,,,,,,,,,,
,gildan-5400-g5400,,,,,,,,G5400-030-XL,,Color,White,,Size,XL,,,,,,,,TRUE,,,,,,shopify,300,deny,200,g,TRUE,manual,,,,https://cdn.shopify.com/s/files/1/0746/6817/9644/files/000036_030_front_5784f770-812b-4091-91b3-7e068294c364.jpg?v=1779391478,,,,white,,,,,,,,,,,,,,
,gildan-5400-g5400,,,,,,,,G5400-030-2XL,,Color,White,,Size,2XL,,,,,,,,TRUE,,,,,,shopify,300,deny,200,g,TRUE,manual,,,,https://cdn.shopify.com/s/files/1/0746/6817/9644/files/000036_030_front_5784f770-812b-4091-91b3-7e068294c364.jpg?v=1779391478,,,,white,,,,,,,,,,,,,,
,gildan-5400-g5400,,,,,,,,G5400-030-3XL,,Color,White,,Size,3XL,,,,,,,,TRUE,,,,,,shopify,300,deny,200,g,TRUE,manual,,,,https://cdn.shopify.com/s/files/1/0746/6817/9644/files/000036_030_front_5784f770-812b-4091-91b3-7e068294c364.jpg?v=1779391478,,,,white,,,,,,,,,,,,,,
,gildan-5400-g5400,,,,,,,,,,,,,,,,,,,,,,,,,,,,,,,,,,,https://cdn.shopify.com/s/files/1/0746/6817/9644/files/000036_030_back_176d9b4d-f6d7-4f74-b7f0-0b7908449da7.jpg?v=1779391474,12,Gildan® 5400 — White — back view,,,,,,,,,,,,,,,,,,,
,gildan-5400-g5400,,,,,,,,,,,,,,,,,,,,,,,,,,,,,,,,,,,https://cdn.shopify.com/s/files/1/0746/6817/9644/files/000036_030_left_d4ccb625-8207-4097-afdb-25a327c59b85.jpg?v=1779391478,13,Gildan® 5400 — White — left side view,,,,,,,,,,,,,,,,,,,
,gildan-5400-g5400,,,,,,,,,,,,,,,,,,,,,,,,,,,,,,,,,,,https://cdn.shopify.com/s/files/1/0746/6817/9644/files/000036_030_right_16a581de-395a-41a7-9971-45370b11ea5f.jpg?v=1779391482,14,Gildan® 5400 — White — right side view,,,,,,,,,,,,,,,,,,,
,gildan-5400-g5400,,,,,,,,,,,,,,,,,,,,,,,,,,,,,,,,,,,https://cdn.shopify.com/s/files/1/0746/6817/9644/files/000036_030_neckline_27b6f699-910d-48a2-b28f-0a2e1f377049.jpg?v=1779391482,15,Gildan® 5400 — White — neckline detail,,,,,,,,,,,,,,,,,,,
,gildan-5400-g5400,,,,,,,,,,,,,,,,,,,,,,,,,,,,,,,,,,,https://cdn.shopify.com/s/files/1/0746/6817/9644/files/000036_030_fabric_4b358fc7-2a41-417c-8f7c-9e066a47464c.jpg?v=1779391475,16,Gildan® 5400 — White — fabric detail,,,,,,,,,,,,,,,,,,,
,gildan-5400-g5400,,,,,,,,,,,,,,,,,,,,,,,,,,,,,,,,,,,https://cdn.shopify.com/s/files/1/0746/6817/9644/files/000036_030_front_f.jpg?v=1779391479,17,Gildan® 5400 — White — front view (women's fit),,,,,,,,,,,,,,,,,,,
,gildan-5400-g5400,,,,,,,,,,,,,,,,,,,,,,,,,,,,,,,,,,,https://cdn.shopify.com/s/files/1/0746/6817/9644/files/000036_030_back_f.jpg?v=1779391475,18,Gildan® 5400 — White — back view (women's fit),,,,,,,,,,,,,,,,,,,
,gildan-5400-g5400,,,,,,,,G5400-032-S,,Color,Navy,,Size,S,,,,,,,,TRUE,,,,,,shopify,300,deny,200,g,TRUE,manual,https://cdn.shopify.com/s/files/1/0746/6817/9644/files/000037_032_front_a9b05998-9afe-4de1-8ef2-3792fc2ac880.jpg?v=1779391485,19,Gildan® 5400 — Navy — front view,https://cdn.shopify.com/s/files/1/0746/6817/9644/files/000037_032_front_a9b05998-9afe-4de1-8ef2-3792fc2ac880.jpg?v=1779391485,,,,navy,,,,,,,,,,,,,,
,gildan-5400-g5400,,,,,,,,G5400-032-M,,Color,Navy,,Size,M,,,,,,,,TRUE,,,,,,shopify,300,deny,200,g,TRUE,manual,,,,https://cdn.shopify.com/s/files/1/0746/6817/9644/files/000037_032_front_a9b05998-9afe-4de1-8ef2-3792fc2ac880.jpg?v=1779391485,,,,navy,,,,,,,,,,,,,,
,gildan-5400-g5400,,,,,,,,G5400-032-L,,Color,Navy,,Size,L,,,,,,,,TRUE,,,,,,shopify,300,deny,200,g,TRUE,manual,,,,https://cdn.shopify.com/s/files/1/0746/6817/9644/files/000037_032_front_a9b05998-9afe-4de1-8ef2-3792fc2ac880.jpg?v=1779391485,,,,navy,,,,,,,,,,,,,,
,gildan-5400-g5400,,,,,,,,G5400-032-XL,,Color,Navy,,Size,XL,,,,,,,,TRUE,,,,,,shopify,300,deny,200,g,TRUE,manual,,,,https://cdn.shopify.com/s/files/1/0746/6817/9644/files/000037_032_front_a9b05998-9afe-4de1-8ef2-3792fc2ac880.jpg?v=1779391485,,,,navy,,,,,,,,,,,,,,
,gildan-5400-g5400,,,,,,,,G5400-032-2XL,,Color,Navy,,Size,2XL,,,,,,,,TRUE,,,,,,shopify,300,deny,200,g,TRUE,manual,,,,https://cdn.shopify.com/s/files/1/0746/6817/9644/files/000037_032_front_a9b05998-9afe-4de1-8ef2-3792fc2ac880.jpg?v=1779391485,,,,navy,,,,,,,,,,,,,,
,gildan-5400-g5400,,,,,,,,G5400-032-3XL,,Color,Navy,,Size,3XL,,,,,,,,TRUE,,,,,,shopify,300,deny,200,g,TRUE,manual,,,,https://cdn.shopify.com/s/files/1/0746/6817/9644/files/000037_032_front_a9b05998-9afe-4de1-8ef2-3792fc2ac880.jpg?v=1779391485,,,,navy,,,,,,,,,,,,,,
,gildan-5400-g5400,,,,,,,,,,,,,,,,,,,,,,,,,,,,,,,,,,,https://cdn.shopify.com/s/files/1/0746/6817/9644/files/000037_032_back_f6cb2893-77c4-433b-83f4-2c20d09befab.jpg?v=1779391482,20,Gildan® 5400 — Navy — back view,,,,,,,,,,,,,,,,,,,
,gildan-5400-g5400,,,,,,,,,,,,,,,,,,,,,,,,,,,,,,,,,,,https://cdn.shopify.com/s/files/1/0746/6817/9644/files/000037_032_left_d558cd71-4529-4b1e-b5fa-a97175ddee04.jpg?v=1779391488,21,Gildan® 5400 — Navy — left side view,,,,,,,,,,,,,,,,,,,
,gildan-5400-g5400,,,,,,,,,,,,,,,,,,,,,,,,,,,,,,,,,,,https://cdn.shopify.com/s/files/1/0746/6817/9644/files/000037_032_right_7eed4431-c281-4d08-a3de-59293a3fa7e3.jpg?v=1779391489,22,Gildan® 5400 — Navy — right side view,,,,,,,,,,,,,,,,,,,
,gildan-5400-g5400,,,,,,,,,,,,,,,,,,,,,,,,,,,,,,,,,,,https://cdn.shopify.com/s/files/1/0746/6817/9644/files/000037_032_neckline_60e8db8f-58f4-4eeb-916d-7c1da03cb59e.jpg?v=1779391488,23,Gildan® 5400 — Navy — neckline detail,,,,,,,,,,,,,,,,,,,
,gildan-5400-g5400,,,,,,,,,,,,,,,,,,,,,,,,,,,,,,,,,,,https://cdn.shopify.com/s/files/1/0746/6817/9644/files/000037_032_fabric_7e56e220-a96f-4f9d-8511-9769da2a9cb1.jpg?v=1779391484,24,Gildan® 5400 — Navy — fabric detail,,,,,,,,,,,,,,,,,,,
,gildan-5400-g5400,,,,,,,,,,,,,,,,,,,,,,,,,,,,,,,,,,,https://cdn.shopify.com/s/files/1/0746/6817/9644/files/000037_032_front_f.jpg?v=1779391487,25,Gildan® 5400 — Navy — front view (women's fit),,,,,,,,,,,,,,,,,,,
,gildan-5400-g5400,,,,,,,,,,,,,,,,,,,,,,,,,,,,,,,,,,,https://cdn.shopify.com/s/files/1/0746/6817/9644/files/000037_032_back_f.jpg?v=1779391484,26,Gildan® 5400 — Navy — back view (women's fit),,,,,,,,,,,,,,,,,,,
,gildan-5400-g5400,,,,,,,,G5400-036-S,,Color,Black,,Size,S,,,,,,,,TRUE,,,,,,shopify,300,deny,200,g,TRUE,manual,https://cdn.shopify.com/s/files/1/0746/6817/9644/files/000038_036_front_e8bdb269-ad46-4198-ac9c-e2d65a7051ae.jpg?v=1779391493,27,Gildan® 5400 — Black — front view,https://cdn.shopify.com/s/files/1/0746/6817/9644/files/000038_036_front_e8bdb269-ad46-4198-ac9c-e2d65a7051ae.jpg?v=1779391493,,,,black,,,,,,,,,,,,,,
,gildan-5400-g5400,,,,,,,,G5400-036-M,,Color,Black,,Size,M,,,,,,,,TRUE,,,,,,shopify,300,deny,200,g,TRUE,manual,,,,https://cdn.shopify.com/s/files/1/0746/6817/9644/files/000038_036_front_e8bdb269-ad46-4198-ac9c-e2d65a7051ae.jpg?v=1779391493,,,,black,,,,,,,,,,,,,,
,gildan-5400-g5400,,,,,,,,G5400-036-L,,Color,Black,,Size,L,,,,,,,,TRUE,,,,,,shopify,300,deny,200,g,TRUE,manual,,,,https://cdn.shopify.com/s/files/1/0746/6817/9644/files/000038_036_front_e8bdb269-ad46-4198-ac9c-e2d65a7051ae.jpg?v=1779391493,,,,black,,,,,,,,,,,,,,
,gildan-5400-g5400,,,,,,,,G5400-036-XL,,Color,Black,,Size,XL,,,,,,,,TRUE,,,,,,shopify,300,deny,200,g,TRUE,manual,,,,https://cdn.shopify.com/s/files/1/0746/6817/9644/files/000038_036_front_e8bdb269-ad46-4198-ac9c-e2d65a7051ae.jpg?v=1779391493,,,,black,,,,,,,,,,,,,,
,gildan-5400-g5400,,,,,,,,G5400-036-2XL,,Color,Black,,Size,2XL,,,,,,,,TRUE,,,,,,shopify,300,deny,200,g,TRUE,manual,,,,https://cdn.shopify.com/s/files/1/0746/6817/9644/files/000038_036_front_e8bdb269-ad46-4198-ac9c-e2d65a7051ae.jpg?v=1779391493,,,,black,,,,,,,,,,,,,,
,gildan-5400-g5400,,,,,,,,G5400-036-3XL,,Color,Black,,Size,3XL,,,,,,,,TRUE,,,,,,shopify,300,deny,200,g,TRUE,manual,,,,https://cdn.shopify.com/s/files/1/0746/6817/9644/files/000038_036_front_e8bdb269-ad46-4198-ac9c-e2d65a7051ae.jpg?v=1779391493,,,,black,,,,,,,,,,,,,,
,gildan-5400-g5400,,,,,,,,,,,,,,,,,,,,,,,,,,,,,,,,,,,https://cdn.shopify.com/s/files/1/0746/6817/9644/files/000038_036_back_5b71b6f9-346b-42d1-98b1-f7d7c62dce4a.jpg?v=1779391491,28,Gildan® 5400 — Black — back view,,,,,,,,,,,,,,,,,,,
,gildan-5400-g5400,,,,,,,,,,,,,,,,,,,,,,,,,,,,,,,,,,,https://cdn.shopify.com/s/files/1/0746/6817/9644/files/000038_036_left_fd0e55dc-bf49-4d4f-8952-e64fdfac0e6f.jpg?v=1779391496,29,Gildan® 5400 — Black — left side view,,,,,,,,,,,,,,,,,,,
,gildan-5400-g5400,,,,,,,,,,,,,,,,,,,,,,,,,,,,,,,,,,,https://cdn.shopify.com/s/files/1/0746/6817/9644/files/000038_036_right_bf1527c9-435d-4cc1-9654-f2b59758f992.jpg?v=1779391498,30,Gildan® 5400 — Black — right side view,,,,,,,,,,,,,,,,,,,
,gildan-5400-g5400,,,,,,,,,,,,,,,,,,,,,,,,,,,,,,,,,,,https://cdn.shopify.com/s/files/1/0746/6817/9644/files/000038_036_neckline_13d0e48d-6707-4b19-96d8-67ea09b9c92f.jpg?v=1779391497,31,Gildan® 5400 — Black — neckline detail,,,,,,,,,,,,,,,,,,,
,gildan-5400-g5400,,,,,,,,,,,,,,,,,,,,,,,,,,,,,,,,,,,https://cdn.shopify.com/s/files/1/0746/6817/9644/files/000038_036_fabric_7b844bf6-2d5a-4990-be28-372f1b0067da.jpg?v=1779391493,32,Gildan® 5400 — Black — fabric detail,,,,,,,,,,,,,,,,,,,
,gildan-5400-g5400,,,,,,,,,,,,,,,,,,,,,,,,,,,,,,,,,,,https://cdn.shopify.com/s/files/1/0746/6817/9644/files/000038_036_front_f.jpg?v=1779391495,33,Gildan® 5400 — Black — front view (women's fit),,,,,,,,,,,,,,,,,,,
,gildan-5400-g5400,,,,,,,,,,,,,,,,,,,,,,,,,,,,,,,,,,,https://cdn.shopify.com/s/files/1/0746/6817/9644/files/000038_036_back_f.jpg?v=1779391491,34,Gildan® 5400 — Black — back view (women's fit),,,,,,,,,,,,,,,,,,,
,gildan-5400-g5400,,,,,,,,G5400-040-S,,Color,Red,,Size,S,,,,,,,,TRUE,,,,,,shopify,300,deny,200,g,TRUE,manual,https://cdn.shopify.com/s/files/1/0746/6817/9644/files/000039_040_front_c313f06f-ba9b-4667-8544-e37c3f365e49.jpg?v=1779391502,3,Gildan® 5400 — Red — front view,https://cdn.shopify.com/s/files/1/0746/6817/9644/files/000039_040_front_c313f06f-ba9b-4667-8544-e37c3f365e49.jpg?v=1779391502,,,,red,,,,,,,,,,,,,,
,gildan-5400-g5400,,,,,,,,G5400-040-M,,Color,Red,,Size,M,,,,,,,,TRUE,,,,,,shopify,300,deny,200,g,TRUE,manual,,,,https://cdn.shopify.com/s/files/1/0746/6817/9644/files/000039_040_front_c313f06f-ba9b-4667-8544-e37c3f365e49.jpg?v=1779391502,,,,red,,,,,,,,,,,,,,
,gildan-5400-g5400,,,,,,,,G5400-040-L,,Color,Red,,Size,L,,,,,,,,TRUE,,,,,,shopify,300,deny,200,g,TRUE,manual,,,,https://cdn.shopify.com/s/files/1/0746/6817/9644/files/000039_040_front_c313f06f-ba9b-4667-8544-e37c3f365e49.jpg?v=1779391502,,,,red,,,,,,,,,,,,,,
,gildan-5400-g5400,,,,,,,,G5400-040-XL,,Color,Red,,Size,XL,,,,,,,,TRUE,,,,,,shopify,300,deny,200,g,TRUE,manual,,,,https://cdn.shopify.com/s/files/1/0746/6817/9644/files/000039_040_front_c313f06f-ba9b-4667-8544-e37c3f365e49.jpg?v=1779391502,,,,red,,,,,,,,,,,,,,
,gildan-5400-g5400,,,,,,,,G5400-040-2XL,,Color,Red,,Size,2XL,,,,,,,,TRUE,,,,,,shopify,300,deny,200,g,TRUE,manual,,,,https://cdn.shopify.com/s/files/1/0746/6817/9644/files/000039_040_front_c313f06f-ba9b-4667-8544-e37c3f365e49.jpg?v=1779391502,,,,red,,,,,,,,,,,,,,
,gildan-5400-g5400,,,,,,,,G5400-040-3XL,,Color,Red,,Size,3XL,,,,,,,,TRUE,,,,,,shopify,300,deny,200,g,TRUE,manual,,,,https://cdn.shopify.com/s/files/1/0746/6817/9644/files/000039_040_front_c313f06f-ba9b-4667-8544-e37c3f365e49.jpg?v=1779391502,,,,red,,,,,,,,,,,,,,
,gildan-5400-g5400,,,,,,,,,,,,,,,,,,,,,,,,,,,,,,,,,,,https://cdn.shopify.com/s/files/1/0746/6817/9644/files/000039_040_back_f55ae54d-5dde-4895-bb63-82b5d2a8ec30.jpg?v=1779391499,4,Gildan® 5400 — Red — back view,,,,,,,,,,,,,,,,,,,
,gildan-5400-g5400,,,,,,,,,,,,,,,,,,,,,,,,,,,,,,,,,,,https://cdn.shopify.com/s/files/1/0746/6817/9644/files/000039_040_left_e0cef49e-8114-46a4-b36d-c16220850c52.jpg?v=1779391505,5,Gildan® 5400 — Red — left side view,,,,,,,,,,,,,,,,,,,
,gildan-5400-g5400,,,,,,,,,,,,,,,,,,,,,,,,,,,,,,,,,,,https://cdn.shopify.com/s/files/1/0746/6817/9644/files/000039_040_right_053942e5-4d70-46f5-ad9d-c6fee90b7410.jpg?v=1779391506,6,Gildan® 5400 — Red — right side view,,,,,,,,,,,,,,,,,,,
,gildan-5400-g5400,,,,,,,,,,,,,,,,,,,,,,,,,,,,,,,,,,,https://cdn.shopify.com/s/files/1/0746/6817/9644/files/000039_040_neckline_945cacc2-de2e-4d3f-93b0-6a3337ab6184.jpg?v=1779391505,7,Gildan® 5400 — Red — neckline detail,,,,,,,,,,,,,,,,,,,
,gildan-5400-g5400,,,,,,,,,,,,,,,,,,,,,,,,,,,,,,,,,,,https://cdn.shopify.com/s/files/1/0746/6817/9644/files/000039_040_fabric_6e195518-db8f-41c7-857b-8ac6c3f3f891.jpg?v=1779391501,8,Gildan® 5400 — Red — fabric detail,,,,,,,,,,,,,,,,,,,
,gildan-5400-g5400,,,,,,,,,,,,,,,,,,,,,,,,,,,,,,,,,,,https://cdn.shopify.com/s/files/1/0746/6817/9644/files/000039_040_front_f.jpg?v=1779391503,9,Gildan® 5400 — Red — front view (women's fit),,,,,,,,,,,,,,,,,,,
,gildan-5400-g5400,,,,,,,,,,,,,,,,,,,,,,,,,,,,,,,,,,,https://cdn.shopify.com/s/files/1/0746/6817/9644/files/000039_040_back_f.jpg?v=1779391500,10,Gildan® 5400 — Red — back view (women's fit),,,,,,,,,,,,,,,,,,,
,gildan-5400-g5400,,,,,,,,G5400-051-S,,Color,Royal Blue,,Size,S,,,,,,,,TRUE,,,,,,shopify,300,deny,200,g,TRUE,manual,https://cdn.shopify.com/s/files/1/0746/6817/9644/files/000040_051_front_37bacf4d-7411-40e3-872f-49d0008008c1.png?v=1779391512,35,Gildan® 5400 — Royal Blue — front view,https://cdn.shopify.com/s/files/1/0746/6817/9644/files/000040_051_front_37bacf4d-7411-40e3-872f-49d0008008c1.png?v=1779391512,,,,royal blue,,,,,,,,,,,,,,
,gildan-5400-g5400,,,,,,,,G5400-051-M,,Color,Royal Blue,,Size,M,,,,,,,,TRUE,,,,,,shopify,300,deny,200,g,TRUE,manual,,,,https://cdn.shopify.com/s/files/1/0746/6817/9644/files/000040_051_front_37bacf4d-7411-40e3-872f-49d0008008c1.png?v=1779391512,,,,royal blue,,,,,,,,,,,,,,
,gildan-5400-g5400,,,,,,,,G5400-051-L,,Color,Royal Blue,,Size,L,,,,,,,,TRUE,,,,,,shopify,300,deny,200,g,TRUE,manual,,,,https://cdn.shopify.com/s/files/1/0746/6817/9644/files/000040_051_front_37bacf4d-7411-40e3-872f-49d0008008c1.png?v=1779391512,,,,royal blue,,,,,,,,,,,,,,
,gildan-5400-g5400,,,,,,,,G5400-051-XL,,Color,Royal Blue,,Size,XL,,,,,,,,TRUE,,,,,,shopify,300,deny,200,g,TRUE,manual,,,,https://cdn.shopify.com/s/files/1/0746/6817/9644/files/000040_051_front_37bacf4d-7411-40e3-872f-49d0008008c1.png?v=1779391512,,,,royal blue,,,,,,,,,,,,,,
,gildan-5400-g5400,,,,,,,,G5400-051-2XL,,Color,Royal Blue,,Size,2XL,,,,,,,,TRUE,,,,,,shopify,300,deny,200,g,TRUE,manual,,,,https://cdn.shopify.com/s/files/1/0746/6817/9644/files/000040_051_front_37bacf4d-7411-40e3-872f-49d0008008c1.png?v=1779391512,,,,royal blue,,,,,,,,,,,,,,
,gildan-5400-g5400,,,,,,,,G5400-051-3XL,,Color,Royal Blue,,Size,3XL,,,,,,,,TRUE,,,,,,shopify,300,deny,200,g,TRUE,manual,,,,https://cdn.shopify.com/s/files/1/0746/6817/9644/files/000040_051_front_37bacf4d-7411-40e3-872f-49d0008008c1.png?v=1779391512,,,,royal blue,,,,,,,,,,,,,,
,gildan-5400-g5400,,,,,,,,,,,,,,,,,,,,,,,,,,,,,,,,,,,https://cdn.shopify.com/s/files/1/0746/6817/9644/files/000040_051_back_8d1fffda-546f-44da-9725-c2d3c8ba2201.png?v=1779391508,36,Gildan® 5400 — Royal Blue — back view,,,,,,,,,,,,,,,,,,,
,gildan-5400-g5400,,,,,,,,,,,,,,,,,,,,,,,,,,,,,,,,,,,https://cdn.shopify.com/s/files/1/0746/6817/9644/files/000040_051_left_f72770eb-24f8-476c-882c-72ba87da8505.png?v=1779391513,37,Gildan® 5400 — Royal Blue — left side view,,,,,,,,,,,,,,,,,,,
,gildan-5400-g5400,,,,,,,,,,,,,,,,,,,,,,,,,,,,,,,,,,,https://cdn.shopify.com/s/files/1/0746/6817/9644/files/000040_051_right_13cc8232-947b-411a-9931-978f6f243607.png?v=1779391516,38,Gildan® 5400 — Royal Blue — right side view,,,,,,,,,,,,,,,,,,,
,gildan-5400-g5400,,,,,,,,,,,,,,,,,,,,,,,,,,,,,,,,,,,https://cdn.shopify.com/s/files/1/0746/6817/9644/files/000040_051_neckline_4afcbf65-f5a7-420b-900f-bc618d93eda8.png?v=1779391515,39,Gildan® 5400 — Royal Blue — neckline detail,,,,,,,,,,,,,,,,,,,
,gildan-5400-g5400,,,,,,,,,,,,,,,,,,,,,,,,,,,,,,,,,,,https://cdn.shopify.com/s/files/1/0746/6817/9644/files/000040_051_fabric_ac93cd30-3d72-4348-b356-5cc830c1b41b.png?v=1779391509,40,Gildan® 5400 — Royal Blue — fabric detail,,,,,,,,,,,,,,,,,,,
,gildan-5400-g5400,,,,,,,,,,,,,,,,,,,,,,,,,,,,,,,,,,,https://cdn.shopify.com/s/files/1/0746/6817/9644/files/000040_051_front_f.png?v=1779391512,41,Gildan® 5400 — Royal Blue — front view (women's fit),,,,,,,,,,,,,,,,,,,
,gildan-5400-g5400,,,,,,,,,,,,,,,,,,,,,,,,,,,,,,,,,,,https://cdn.shopify.com/s/files/1/0746/6817/9644/files/000040_051_back_f.png?v=1779391509,42,Gildan® 5400 — Royal Blue — back view (women's fit),,,,,,,,,,,,,,,,,,,
Gildan® 64000,gildan-64000-g64000,"<p>Made with soft ring-spun cotton, Softstyle’s high stitch density fabric offers a smooth printing surface. Features a narrow rib collar, taped neck and shoulders, and a seamless double-needle collar. Semi-fitted silhouette with side seams.</p><ul><li>Soft ring-spun cotton — high stitch density fabric</li><li>Semi-fitted silhouette with side seams</li><li>Narrow rib collar</li><li>Taped neck and shoulders</li><li>Seamless double-needle collar</li><li>Tearaway label</li></ul><h4>Size Chart (inches)</h4><table><thead><tr><th>Size</th><th>Chest</th><th>Body Length</th></tr></thead><tbody><tr><td>XS</td><td>31–33</td><td>27</td></tr><tr><td>S</td><td>34–36</td><td>28</td></tr><tr><td>M</td><td>38–40</td><td>29</td></tr><tr><td>L</td><td>42–44</td><td>30</td></tr><tr><td>XL</td><td>46–48</td><td>31</td></tr><tr><td>2XL</td><td>50–52</td><td>32</td></tr><tr><td>3XL</td><td>54–56</td><td>33</td></tr><tr><td>4XL</td><td>58–60</td><td>34</td></tr><tr><td>5XL</td><td>62–64</td><td>35</td></tr></tbody></table>",Gildan,gid://shopify/TaxonomyCategory/aa-1-13-8,T-Shirt,"T-Shirt, Adult, Unisex, G64000",TRUE,active,G64000-026-XS,,Color,Sapphire,,Size,XS,,,,,,,,TRUE,,,,,,shopify,300,deny,150,g,TRUE,manual,https://cdn.shopify.com/s/files/1/0746/6817/9644/files/000055_026_front_009d1a5a-6af0-4424-b242-fa33b0aee6cc.jpg?v=1779391630,11,Gildan® 64000 — Sapphire — front view,https://cdn.shopify.com/s/files/1/0746/6817/9644/files/000055_026_front_009d1a5a-6af0-4424-b242-fa33b0aee6cc.jpg?v=1779391630,,Gildan® 64000,"<p>Made with soft ring-spun cotton, Softstyle’s high stitch density fabric offers a smooth printing surface. Features a narrow rib collar, taped neck and s",sapphire,gid://shopify/TaxonomyCategory/aa-1-13-8,Unisex,Adult,G64000,,,new,,,,,,,Adult T-Shirt
,gildan-64000-g64000,,,,,,,,,,,,,,,,,,,,,,,,,,,,,,,,,,,https://cdn.shopify.com/s/files/1/0746/6817/9644/files/gildan-64000_navy_asian.png?v=1779475060,1,Gildan® 64000 — Asian model — front view,,,,,,,,,,,,,,,,,,,
,gildan-64000-g64000,,,,,,,,,,,,,,,,,,,,,,,,,,,,,,,,,,,https://cdn.shopify.com/s/files/1/0746/6817/9644/files/gildan-64000_cherry-red_black.png?v=1779475060,2,Gildan® 64000 — Black model — front view,,,,,,,,,,,,,,,,,,,
,gildan-64000-g64000,,,,,,,,G64000-026-S,,Color,Sapphire,,Size,S,,,,,,,,TRUE,,,,,,shopify,300,deny,150,g,TRUE,manual,,,,https://cdn.shopify.com/s/files/1/0746/6817/9644/files/000055_026_front_009d1a5a-6af0-4424-b242-fa33b0aee6cc.jpg?v=1779391630,,,,sapphire,,,,,,,,,,,,,,
,gildan-64000-g64000,,,,,,,,G64000-026-M,,Color,Sapphire,,Size,M,,,,,,,,TRUE,,,,,,shopify,300,deny,150,g,TRUE,manual,,,,https://cdn.shopify.com/s/files/1/0746/6817/9644/files/000055_026_front_009d1a5a-6af0-4424-b242-fa33b0aee6cc.jpg?v=1779391630,,,,sapphire,,,,,,,,,,,,,,
,gildan-64000-g64000,,,,,,,,G64000-026-L,,Color,Sapphire,,Size,L,,,,,,,,TRUE,,,,,,shopify,300,deny,150,g,TRUE,manual,,,,https://cdn.shopify.com/s/files/1/0746/6817/9644/files/000055_026_front_009d1a5a-6af0-4424-b242-fa33b0aee6cc.jpg?v=1779391630,,,,sapphire,,,,,,,,,,,,,,
,gildan-64000-g64000,,,,,,,,G64000-026-XL,,Color,Sapphire,,Size,XL,,,,,,,,TRUE,,,,,,shopify,300,deny,150,g,TRUE,manual,,,,https://cdn.shopify.com/s/files/1/0746/6817/9644/files/000055_026_front_009d1a5a-6af0-4424-b242-fa33b0aee6cc.jpg?v=1779391630,,,,sapphire,,,,,,,,,,,,,,
,gildan-64000-g64000,,,,,,,,G64000-026-2XL,,Color,Sapphire,,Size,2XL,,,,,,,,TRUE,,,,,,shopify,300,deny,150,g,TRUE,manual,,,,https://cdn.shopify.com/s/files/1/0746/6817/9644/files/000055_026_front_009d1a5a-6af0-4424-b242-fa33b0aee6cc.jpg?v=1779391630,,,,sapphire,,,,,,,,,,,,,,
,gildan-64000-g64000,,,,,,,,G64000-026-3XL,,Color,Sapphire,,Size,3XL,,,,,,,,TRUE,,,,,,shopify,300,deny,150,g,TRUE,manual,,,,https://cdn.shopify.com/s/files/1/0746/6817/9644/files/000055_026_front_009d1a5a-6af0-4424-b242-fa33b0aee6cc.jpg?v=1779391630,,,,sapphire,,,,,,,,,,,,,,
,gildan-64000-g64000,,,,,,,,G64000-026-4XL,,Color,Sapphire,,Size,4XL,,,,,,,,TRUE,,,,,,shopify,300,deny,150,g,TRUE,manual,,,,https://cdn.shopify.com/s/files/1/0746/6817/9644/files/000055_026_front_009d1a5a-6af0-4424-b242-fa33b0aee6cc.jpg?v=1779391630,,,,sapphire,,,,,,,,,,,,,,
,gildan-64000-g64000,,,,,,,,G64000-026-5XL,,Color,Sapphire,,Size,5XL,,,,,,,,TRUE,,,,,,shopify,300,deny,150,g,TRUE,manual,,,,https://cdn.shopify.com/s/files/1/0746/6817/9644/files/000055_026_front_009d1a5a-6af0-4424-b242-fa33b0aee6cc.jpg?v=1779391630,,,,sapphire,,,,,,,,,,,,,,
,gildan-64000-g64000,,,,,,,,,,,,,,,,,,,,,,,,,,,,,,,,,,,https://cdn.shopify.com/s/files/1/0746/6817/9644/files/000055_026_back_4829a19b-9171-4887-8134-95a83dd3a82c.jpg?v=1779391628,12,Gildan® 64000 — Sapphire — back view,,,,,,,,,,,,,,,,,,,
,gildan-64000-g64000,,,,,,,,,,,,,,,,,,,,,,,,,,,,,,,,,,,https://cdn.shopify.com/s/files/1/0746/6817/9644/files/000055_026_left_00a7c040-5d87-466d-8bef-9e8c4943ca02.jpg?v=1779391632,13,Gildan® 64000 — Sapphire — left side view,,,,,,,,,,,,,,,,,,,
,gildan-64000-g64000,,,,,,,,,,,,,,,,,,,,,,,,,,,,,,,,,,,https://cdn.shopify.com/s/files/1/0746/6817/9644/files/000055_026_right_f7e2c4ab-aee8-446b-9a9e-3fa055fcea3d.jpg?v=1779391634,14,Gildan® 64000 — Sapphire — right side view,,,,,,,,,,,,,,,,,,,
,gildan-64000-g64000,,,,,,,,,,,,,,,,,,,,,,,,,,,,,,,,,,,https://cdn.shopify.com/s/files/1/0746/6817/9644/files/000055_026_neckline_f1509c15-525e-4917-a0d0-35807892f9c5.jpg?v=1779391632,15,Gildan® 64000 — Sapphire — neckline detail,,,,,,,,,,,,,,,,,,,
,gildan-64000-g64000,,,,,,,,,,,,,,,,,,,,,,,,,,,,,,,,,,,https://cdn.shopify.com/s/files/1/0746/6817/9644/files/000055_026_fabric_e822e319-cdf9-40fe-b731-7698253a6dec.jpg?v=1779391629,16,Gildan® 64000 — Sapphire — fabric detail,,,,,,,,,,,,,,,,,,,
,gildan-64000-g64000,,,,,,,,,,,,,,,,,,,,,,,,,,,,,,,,,,,https://cdn.shopify.com/s/files/1/0746/6817/9644/files/000055_026_front_f.jpg?v=1779391631,17,Gildan® 64000 — Sapphire — front view (women's fit),,,,,,,,,,,,,,,,,,,
,gildan-64000-g64000,,,,,,,,,,,,,,,,,,,,,,,,,,,,,,,,,,,https://cdn.shopify.com/s/files/1/0746/6817/9644/files/000055_026_back_f.jpg?v=1779391627,18,Gildan® 64000 — Sapphire — back view (women's fit),,,,,,,,,,,,,,,,,,,
,gildan-64000-g64000,,,,,,,,G64000-030-XS,,Color,White,,Size,XS,,,,,,,,TRUE,,,,,,shopify,300,deny,150,g,TRUE,manual,https://cdn.shopify.com/s/files/1/0746/6817/9644/files/000050_030_front_e849c009-64b9-456c-bb57-97f1adffcfab.jpg?v=1779391590,19,Gildan® 64000 — White — front view,https://cdn.shopify.com/s/files/1/0746/6817/9644/files/000050_030_front_e849c009-64b9-456c-bb57-97f1adffcfab.jpg?v=1779391590,,,,white,,,,,,,,,,,,,,
,gildan-64000-g64000,,,,,,,,G64000-030-S,,Color,White,,Size,S,,,,,,,,TRUE,,,,,,shopify,300,deny,150,g,TRUE,manual,,,,https://cdn.shopify.com/s/files/1/0746/6817/9644/files/000050_030_front_e849c009-64b9-456c-bb57-97f1adffcfab.jpg?v=1779391590,,,,white,,,,,,,,,,,,,,
,gildan-64000-g64000,,,,,,,,G64000-030-M,,Color,White,,Size,M,,,,,,,,TRUE,,,,,,shopify,300,deny,150,g,TRUE,manual,,,,https://cdn.shopify.com/s/files/1/0746/6817/9644/files/000050_030_front_e849c009-64b9-456c-bb57-97f1adffcfab.jpg?v=1779391590,,,,white,,,,,,,,,,,,,,
,gildan-64000-g64000,,,,,,,,G64000-030-L,,Color,White,,Size,L,,,,,,,,TRUE,,,,,,shopify,300,deny,150,g,TRUE,manual,,,,https://cdn.shopify.com/s/files/1/0746/6817/9644/files/000050_030_front_e849c009-64b9-456c-bb57-97f1adffcfab.jpg?v=1779391590,,,,white,,,,,,,,,,,,,,
,gildan-64000-g64000,,,,,,,,G64000-030-XL,,Color,White,,Size,XL,,,,,,,,TRUE,,,,,,shopify,300,deny,150,g,TRUE,manual,,,,https://cdn.shopify.com/s/files/1/0746/6817/9644/files/000050_030_front_e849c009-64b9-456c-bb57-97f1adffcfab.jpg?v=1779391590,,,,white,,,,,,,,,,,,,,
,gildan-64000-g64000,,,,,,,,G64000-030-2XL,,Color,White,,Size,2XL,,,,,,,,TRUE,,,,,,shopify,300,deny,150,g,TRUE,manual,,,,https://cdn.shopify.com/s/files/1/0746/6817/9644/files/000050_030_front_e849c009-64b9-456c-bb57-97f1adffcfab.jpg?v=1779391590,,,,white,,,,,,,,,,,,,,
,gildan-64000-g64000,,,,,,,,G64000-030-3XL,,Color,White,,Size,3XL,,,,,,,,TRUE,,,,,,shopify,300,deny,150,g,TRUE,manual,,,,https://cdn.shopify.com/s/files/1/0746/6817/9644/files/000050_030_front_e849c009-64b9-456c-bb57-97f1adffcfab.jpg?v=1779391590,,,,white,,,,,,,,,,,,,,
,gildan-64000-g64000,,,,,,,,G64000-030-4XL,,Color,White,,Size,4XL,,,,,,,,TRUE,,,,,,shopify,300,deny,150,g,TRUE,manual,,,,https://cdn.shopify.com/s/files/1/0746/6817/9644/files/000050_030_front_e849c009-64b9-456c-bb57-97f1adffcfab.jpg?v=1779391590,,,,white,,,,,,,,,,,,,,
,gildan-64000-g64000,,,,,,,,G64000-030-5XL,,Color,White,,Size,5XL,,,,,,,,TRUE,,,,,,shopify,300,deny,150,g,TRUE,manual,,,,https://cdn.shopify.com/s/files/1/0746/6817/9644/files/000050_030_front_e849c009-64b9-456c-bb57-97f1adffcfab.jpg?v=1779391590,,,,white,,,,,,,,,,,,,,
,gildan-64000-g64000,,,,,,,,,,,,,,,,,,,,,,,,,,,,,,,,,,,https://cdn.shopify.com/s/files/1/0746/6817/9644/files/000050_030_back_1709dfe8-084d-49f5-906d-f9c4f528296c.jpg?v=1779391588,20,Gildan® 64000 — White — back view,,,,,,,,,,,,,,,,,,,
,gildan-64000-g64000,,,,,,,,,,,,,,,,,,,,,,,,,,,,,,,,,,,https://cdn.shopify.com/s/files/1/0746/6817/9644/files/000050_030_left_4c7fb68d-f4b3-4b60-800b-3ca6248ed2ac.jpg?v=1779391592,21,Gildan® 64000 — White — left side view,,,,,,,,,,,,,,,,,,,
,gildan-64000-g64000,,,,,,,,,,,,,,,,,,,,,,,,,,,,,,,,,,,https://cdn.shopify.com/s/files/1/0746/6817/9644/files/000050_030_right_016b2868-daa7-4a86-8fa3-7f3dfad35540.jpg?v=1779391594,22,Gildan® 64000 — White — right side view,,,,,,,,,,,,,,,,,,,
,gildan-64000-g64000,,,,,,,,,,,,,,,,,,,,,,,,,,,,,,,,,,,https://cdn.shopify.com/s/files/1/0746/6817/9644/files/000050_030_neckline_2080050b-9538-4929-9f35-50a014ec77c1.jpg?v=1779391593,23,Gildan® 64000 — White — neckline detail,,,,,,,,,,,,,,,,,,,
,gildan-64000-g64000,,,,,,,,,,,,,,,,,,,,,,,,,,,,,,,,,,,https://cdn.shopify.com/s/files/1/0746/6817/9644/files/000050_030_fabric_1c9f9246-940a-4cd4-84d3-05c7705b6661.jpg?v=1779391590,24,Gildan® 64000 — White — fabric detail,,,,,,,,,,,,,,,,,,,
,gildan-64000-g64000,,,,,,,,,,,,,,,,,,,,,,,,,,,,,,,,,,,https://cdn.shopify.com/s/files/1/0746/6817/9644/files/000050_030_front_f.jpg?v=1779391591,25,Gildan® 64000 — White — front view (women's fit),,,,,,,,,,,,,,,,,,,
,gildan-64000-g64000,,,,,,,,,,,,,,,,,,,,,,,,,,,,,,,,,,,https://cdn.shopify.com/s/files/1/0746/6817/9644/files/000050_030_back_f.jpg?v=1779391588,26,Gildan® 64000 — White — back view (women's fit),,,,,,,,,,,,,,,,,,,
,gildan-64000-g64000,,,,,,,,G64000-032-XS,,Color,Navy,,Size,XS,,,,,,,,TRUE,,,,,,shopify,300,deny,150,g,TRUE,manual,https://cdn.shopify.com/s/files/1/0746/6817/9644/files/000051_032_front_5895f9f3-ffc5-4128-94eb-bb902cb3272f.jpg?v=1779391597,3,Gildan® 64000 — Navy — front view,https://cdn.shopify.com/s/files/1/0746/6817/9644/files/000051_032_front_5895f9f3-ffc5-4128-94eb-bb902cb3272f.jpg?v=1779391597,,,,navy,,,,,,,,,,,,,,
,gildan-64000-g64000,,,,,,,,G64000-032-S,,Color,Navy,,Size,S,,,,,,,,TRUE,,,,,,shopify,300,deny,150,g,TRUE,manual,,,,https://cdn.shopify.com/s/files/1/0746/6817/9644/files/000051_032_front_5895f9f3-ffc5-4128-94eb-bb902cb3272f.jpg?v=1779391597,,,,navy,,,,,,,,,,,,,,
,gildan-64000-g64000,,,,,,,,G64000-032-M,,Color,Navy,,Size,M,,,,,,,,TRUE,,,,,,shopify,300,deny,150,g,TRUE,manual,,,,https://cdn.shopify.com/s/files/1/0746/6817/9644/files/000051_032_front_5895f9f3-ffc5-4128-94eb-bb902cb3272f.jpg?v=1779391597,,,,navy,,,,,,,,,,,,,,
,gildan-64000-g64000,,,,,,,,G64000-032-L,,Color,Navy,,Size,L,,,,,,,,TRUE,,,,,,shopify,300,deny,150,g,TRUE,manual,,,,https://cdn.shopify.com/s/files/1/0746/6817/9644/files/000051_032_front_5895f9f3-ffc5-4128-94eb-bb902cb3272f.jpg?v=1779391597,,,,navy,,,,,,,,,,,,,,
,gildan-64000-g64000,,,,,,,,G64000-032-XL,,Color,Navy,,Size,XL,,,,,,,,TRUE,,,,,,shopify,300,deny,150,g,TRUE,manual,,,,https://cdn.shopify.com/s/files/1/0746/6817/9644/files/000051_032_front_5895f9f3-ffc5-4128-94eb-bb902cb3272f.jpg?v=1779391597,,,,navy,,,,,,,,,,,,,,
,gildan-64000-g64000,,,,,,,,G64000-032-2XL,,Color,Navy,,Size,2XL,,,,,,,,TRUE,,,,,,shopify,300,deny,150,g,TRUE,manual,,,,https://cdn.shopify.com/s/files/1/0746/6817/9644/files/000051_032_front_5895f9f3-ffc5-4128-94eb-bb902cb3272f.jpg?v=1779391597,,,,navy,,,,,,,,,,,,,,
,gildan-64000-g64000,,,,,,,,G64000-032-3XL,,Color,Navy,,Size,3XL,,,,,,,,TRUE,,,,,,shopify,300,deny,150,g,TRUE,manual,,,,https://cdn.shopify.com/s/files/1/0746/6817/9644/files/000051_032_front_5895f9f3-ffc5-4128-94eb-bb902cb3272f.jpg?v=1779391597,,,,navy,,,,,,,,,,,,,,
,gildan-64000-g64000,,,,,,,,G64000-032-4XL,,Color,Navy,,Size,4XL,,,,,,,,TRUE,,,,,,shopify,300,deny,150,g,TRUE,manual,,,,https://cdn.shopify.com/s/files/1/0746/6817/9644/files/000051_032_front_5895f9f3-ffc5-4128-94eb-bb902cb3272f.jpg?v=1779391597,,,,navy,,,,,,,,,,,,,,
,gildan-64000-g64000,,,,,,,,G64000-032-5XL,,Color,Navy,,Size,5XL,,,,,,,,TRUE,,,,,,shopify,300,deny,150,g,TRUE,manual,,,,https://cdn.shopify.com/s/files/1/0746/6817/9644/files/000051_032_front_5895f9f3-ffc5-4128-94eb-bb902cb3272f.jpg?v=1779391597,,,,navy,,,,,,,,,,,,,,
,gildan-64000-g64000,,,,,,,,,,,,,,,,,,,,,,,,,,,,,,,,,,,https://cdn.shopify.com/s/files/1/0746/6817/9644/files/000051_032_back_4c83d535-dbf6-48f0-99ce-f4e9ba342b46.jpg?v=1779391596,4,Gildan® 64000 — Navy — back view,,,,,,,,,,,,,,,,,,,
,gildan-64000-g64000,,,,,,,,,,,,,,,,,,,,,,,,,,,,,,,,,,,https://cdn.shopify.com/s/files/1/0746/6817/9644/files/000051_032_left_ec6497a5-1349-4a3d-9cd6-c1dfc68d35b4.jpg?v=1779391600,5,Gildan® 64000 — Navy — left side view,,,,,,,,,,,,,,,,,,,
,gildan-64000-g64000,,,,,,,,,,,,,,,,,,,,,,,,,,,,,,,,,,,https://cdn.shopify.com/s/files/1/0746/6817/9644/files/000051_032_right_35b900c6-1143-4159-93e3-67456ece31a1.jpg?v=1779391602,6,Gildan® 64000 — Navy — right side view,,,,,,,,,,,,,,,,,,,
,gildan-64000-g64000,,,,,,,,,,,,,,,,,,,,,,,,,,,,,,,,,,,https://cdn.shopify.com/s/files/1/0746/6817/9644/files/000051_032_neckline_30486a4f-f6f5-4d11-8066-18cc01e79253.jpg?v=1779391600,7,Gildan® 64000 — Navy — neckline detail,,,,,,,,,,,,,,,,,,,
,gildan-64000-g64000,,,,,,,,,,,,,,,,,,,,,,,,,,,,,,,,,,,https://cdn.shopify.com/s/files/1/0746/6817/9644/files/000051_032_fabric_70f9cf91-c148-424b-8fb9-c6e7d019bae1.jpg?v=1779391597,8,Gildan® 64000 — Navy — fabric detail,,,,,,,,,,,,,,,,,,,
,gildan-64000-g64000,,,,,,,,,,,,,,,,,,,,,,,,,,,,,,,,,,,https://cdn.shopify.com/s/files/1/0746/6817/9644/files/000051_032_front_f.jpg?v=1779391598,9,Gildan® 64000 — Navy — front view (women's fit),,,,,,,,,,,,,,,,,,,
,gildan-64000-g64000,,,,,,,,,,,,,,,,,,,,,,,,,,,,,,,,,,,https://cdn.shopify.com/s/files/1/0746/6817/9644/files/000051_032_back_f.jpg?v=1779391595,10,Gildan® 64000 — Navy — back view (women's fit),,,,,,,,,,,,,,,,,,,
,gildan-64000-g64000,,,,,,,,G64000-036-XS,,Color,Black,,Size,XS,,,,,,,,TRUE,,,,,,shopify,300,deny,150,g,TRUE,manual,https://cdn.shopify.com/s/files/1/0746/6817/9644/files/000052_036_front_a2805c47-f0ab-4600-b63c-da1b15fae35b.jpg?v=1779391606,27,Gildan® 64000 — Black — front view,https://cdn.shopify.com/s/files/1/0746/6817/9644/files/000052_036_front_a2805c47-f0ab-4600-b63c-da1b15fae35b.jpg?v=1779391606,,,,black,,,,,,,,,,,,,,
,gildan-64000-g64000,,,,,,,,G64000-036-S,,Color,Black,,Size,S,,,,,,,,TRUE,,,,,,shopify,300,deny,150,g,TRUE,manual,,,,https://cdn.shopify.com/s/files/1/0746/6817/9644/files/000052_036_front_a2805c47-f0ab-4600-b63c-da1b15fae35b.jpg?v=1779391606,,,,black,,,,,,,,,,,,,,
,gildan-64000-g64000,,,,,,,,G64000-036-M,,Color,Black,,Size,M,,,,,,,,TRUE,,,,,,shopify,300,deny,150,g,TRUE,manual,,,,https://cdn.shopify.com/s/files/1/0746/6817/9644/files/000052_036_front_a2805c47-f0ab-4600-b63c-da1b15fae35b.jpg?v=1779391606,,,,black,,,,,,,,,,,,,,
,gildan-64000-g64000,,,,,,,,G64000-036-L,,Color,Black,,Size,L,,,,,,,,TRUE,,,,,,shopify,300,deny,150,g,TRUE,manual,,,,https://cdn.shopify.com/s/files/1/0746/6817/9644/files/000052_036_front_a2805c47-f0ab-4600-b63c-da1b15fae35b.jpg?v=1779391606,,,,black,,,,,,,,,,,,,,
,gildan-64000-g64000,,,,,,,,G64000-036-XL,,Color,Black,,Size,XL,,,,,,,,TRUE,,,,,,shopify,300,deny,150,g,TRUE,manual,,,,https://cdn.shopify.com/s/files/1/0746/6817/9644/files/000052_036_front_a2805c47-f0ab-4600-b63c-da1b15fae35b.jpg?v=1779391606,,,,black,,,,,,,,,,,,,,
,gildan-64000-g64000,,,,,,,,G64000-036-2XL,,Color,Black,,Size,2XL,,,,,,,,TRUE,,,,,,shopify,300,deny,150,g,TRUE,manual,,,,https://cdn.shopify.com/s/files/1/0746/6817/9644/files/000052_036_front_a2805c47-f0ab-4600-b63c-da1b15fae35b.jpg?v=1779391606,,,,black,,,,,,,,,,,,,,
,gildan-64000-g64000,,,,,,,,G64000-036-3XL,,Color,Black,,Size,3XL,,,,,,,,TRUE,,,,,,shopify,300,deny,150,g,TRUE,manual,,,,https://cdn.shopify.com/s/files/1/0746/6817/9644/files/000052_036_front_a2805c47-f0ab-4600-b63c-da1b15fae35b.jpg?v=1779391606,,,,black,,,,,,,,,,,,,,
,gildan-64000-g64000,,,,,,,,G64000-036-4XL,,Color,Black,,Size,4XL,,,,,,,,TRUE,,,,,,shopify,300,deny,150,g,TRUE,manual,,,,https://cdn.shopify.com/s/files/1/0746/6817/9644/files/000052_036_front_a2805c47-f0ab-4600-b63c-da1b15fae35b.jpg?v=1779391606,,,,black,,,,,,,,,,,,,,
,gildan-64000-g64000,,,,,,,,G64000-036-5XL,,Color,Black,,Size,5XL,,,,,,,,TRUE,,,,,,shopify,300,deny,150,g,TRUE,manual,,,,https://cdn.shopify.com/s/files/1/0746/6817/9644/files/000052_036_front_a2805c47-f0ab-4600-b63c-da1b15fae35b.jpg?v=1779391606,,,,black,,,,,,,,,,,,,,
,gildan-64000-g64000,,,,,,,,,,,,,,,,,,,,,,,,,,,,,,,,,,,https://cdn.shopify.com/s/files/1/0746/6817/9644/files/000052_036_back_55823389-6d4a-4aae-8e94-e38b0fb66de8.jpg?v=1779391603,28,Gildan® 64000 — Black — back view,,,,,,,,,,,,,,,,,,,
,gildan-64000-g64000,,,,,,,,,,,,,,,,,,,,,,,,,,,,,,,,,,,https://cdn.shopify.com/s/files/1/0746/6817/9644/files/000052_036_left_88aef462-ee1a-4a66-90c9-5f215474215c.jpg?v=1779391606,29,Gildan® 64000 — Black — left side view,,,,,,,,,,,,,,,,,,,
,gildan-64000-g64000,,,,,,,,,,,,,,,,,,,,,,,,,,,,,,,,,,,https://cdn.shopify.com/s/files/1/0746/6817/9644/files/000052_036_right_6974b164-2947-46a9-8fee-59afde3e9131.jpg?v=1779391609,30,Gildan® 64000 — Black — right side view,,,,,,,,,,,,,,,,,,,
,gildan-64000-g64000,,,,,,,,,,,,,,,,,,,,,,,,,,,,,,,,,,,https://cdn.shopify.com/s/files/1/0746/6817/9644/files/000052_036_neckline_9373f302-6af2-4d96-a9e5-8deefeb6ee3e.jpg?v=1779391608,31,Gildan® 64000 — Black — neckline detail,,,,,,,,,,,,,,,,,,,
,gildan-64000-g64000,,,,,,,,,,,,,,,,,,,,,,,,,,,,,,,,,,,https://cdn.shopify.com/s/files/1/0746/6817/9644/files/000052_036_fabric_a7c5f958-3983-4374-81eb-18346691809f.jpg?v=1779391604,32,Gildan® 64000 — Black — fabric detail,,,,,,,,,,,,,,,,,,,
,gildan-64000-g64000,,,,,,,,,,,,,,,,,,,,,,,,,,,,,,,,,,,https://cdn.shopify.com/s/files/1/0746/6817/9644/files/000052_036_front_f.jpg?v=1779391606,33,Gildan® 64000 — Black — front view (women's fit),,,,,,,,,,,,,,,,,,,
,gildan-64000-g64000,,,,,,,,,,,,,,,,,,,,,,,,,,,,,,,,,,,https://cdn.shopify.com/s/files/1/0746/6817/9644/files/000052_036_back_f.jpg?v=1779391603,34,Gildan® 64000 — Black — back view (women's fit),,,,,,,,,,,,,,,,,,,
,gildan-64000-g64000,,,,,,,,G64000-040-XS,,Color,Red,,Size,XS,,,,,,,,TRUE,,,,,,shopify,300,deny,150,g,TRUE,manual,https://cdn.shopify.com/s/files/1/0746/6817/9644/files/000053_040_front_b7552bf0-2e96-4468-b49b-5b14cfbc0491.jpg?v=1779391612,35,Gildan® 64000 — Red — front view,https://cdn.shopify.com/s/files/1/0746/6817/9644/files/000053_040_front_b7552bf0-2e96-4468-b49b-5b14cfbc0491.jpg?v=1779391612,,,,red,,,,,,,,,,,,,,
,gildan-64000-g64000,,,,,,,,G64000-040-S,,Color,Red,,Size,S,,,,,,,,TRUE,,,,,,shopify,300,deny,150,g,TRUE,manual,,,,https://cdn.shopify.com/s/files/1/0746/6817/9644/files/000053_040_front_b7552bf0-2e96-4468-b49b-5b14cfbc0491.jpg?v=1779391612,,,,red,,,,,,,,,,,,,,
,gildan-64000-g64000,,,,,,,,G64000-040-M,,Color,Red,,Size,M,,,,,,,,TRUE,,,,,,shopify,300,deny,150,g,TRUE,manual,,,,https://cdn.shopify.com/s/files/1/0746/6817/9644/files/000053_040_front_b7552bf0-2e96-4468-b49b-5b14cfbc0491.jpg?v=1779391612,,,,red,,,,,,,,,,,,,,
,gildan-64000-g64000,,,,,,,,G64000-040-L,,Color,Red,,Size,L,,,,,,,,TRUE,,,,,,shopify,300,deny,150,g,TRUE,manual,,,,https://cdn.shopify.com/s/files/1/0746/6817/9644/files/000053_040_front_b7552bf0-2e96-4468-b49b-5b14cfbc0491.jpg?v=1779391612,,,,red,,,,,,,,,,,,,,
,gildan-64000-g64000,,,,,,,,G64000-040-XL,,Color,Red,,Size,XL,,,,,,,,TRUE,,,,,,shopify,300,deny,150,g,TRUE,manual,,,,https://cdn.shopify.com/s/files/1/0746/6817/9644/files/000053_040_front_b7552bf0-2e96-4468-b49b-5b14cfbc0491.jpg?v=1779391612,,,,red,,,,,,,,,,,,,,
,gildan-64000-g64000,,,,,,,,G64000-040-2XL,,Color,Red,,Size,2XL,,,,,,,,TRUE,,,,,,shopify,300,deny,150,g,TRUE,manual,,,,https://cdn.shopify.com/s/files/1/0746/6817/9644/files/000053_040_front_b7552bf0-2e96-4468-b49b-5b14cfbc0491.jpg?v=1779391612,,,,red,,,,,,,,,,,,,,
,gildan-64000-g64000,,,,,,,,G64000-040-3XL,,Color,Red,,Size,3XL,,,,,,,,TRUE,,,,,,shopify,300,deny,150,g,TRUE,manual,,,,https://cdn.shopify.com/s/files/1/0746/6817/9644/files/000053_040_front_b7552bf0-2e96-4468-b49b-5b14cfbc0491.jpg?v=1779391612,,,,red,,,,,,,,,,,,,,
,gildan-64000-g64000,,,,,,,,G64000-040-4XL,,Color,Red,,Size,4XL,,,,,,,,TRUE,,,,,,shopify,300,deny,150,g,TRUE,manual,,,,https://cdn.shopify.com/s/files/1/0746/6817/9644/files/000053_040_front_b7552bf0-2e96-4468-b49b-5b14cfbc0491.jpg?v=1779391612,,,,red,,,,,,,,,,,,,,
,gildan-64000-g64000,,,,,,,,G64000-040-5XL,,Color,Red,,Size,5XL,,,,,,,,TRUE,,,,,,shopify,300,deny,150,g,TRUE,manual,,,,https://cdn.shopify.com/s/files/1/0746/6817/9644/files/000053_040_front_b7552bf0-2e96-4468-b49b-5b14cfbc0491.jpg?v=1779391612,,,,red,,,,,,,,,,,,,,
,gildan-64000-g64000,,,,,,,,,,,,,,,,,,,,,,,,,,,,,,,,,,,https://cdn.shopify.com/s/files/1/0746/6817/9644/files/000053_040_back_ce468217-4d21-4b6a-9de9-502f4a38d80a.jpg?v=1779391610,36,Gildan® 64000 — Red — back view,,,,,,,,,,,,,,,,,,,
,gildan-64000-g64000,,,,,,,,,,,,,,,,,,,,,,,,,,,,,,,,,,,https://cdn.shopify.com/s/files/1/0746/6817/9644/files/000053_040_left_bf5db32f-6747-4078-b8ea-3793e8bbd371.jpg?v=1779391615,37,Gildan® 64000 — Red — left side view,,,,,,,,,,,,,,,,,,,
,gildan-64000-g64000,,,,,,,,,,,,,,,,,,,,,,,,,,,,,,,,,,,https://cdn.shopify.com/s/files/1/0746/6817/9644/files/000053_040_right_746a6c3a-0f46-4b3b-adc1-b33c9ba7fd38.jpg?v=1779391617,38,Gildan® 64000 — Red — right side view,,,,,,,,,,,,,,,,,,,
,gildan-64000-g64000,,,,,,,,,,,,,,,,,,,,,,,,,,,,,,,,,,,https://cdn.shopify.com/s/files/1/0746/6817/9644/files/000053_040_neckline_5b67522c-c8dc-445a-97b3-1e7b495db042.jpg?v=1779391614,39,Gildan® 64000 — Red — neckline detail,,,,,,,,,,,,,,,,,,,
,gildan-64000-g64000,,,,,,,,,,,,,,,,,,,,,,,,,,,,,,,,,,,https://cdn.shopify.com/s/files/1/0746/6817/9644/files/000053_040_fabric_0c57dd33-49c7-4d16-a2f1-ae7e7e043da7.jpg?v=1779391611,40,Gildan® 64000 — Red — fabric detail,,,,,,,,,,,,,,,,,,,
,gildan-64000-g64000,,,,,,,,,,,,,,,,,,,,,,,,,,,,,,,,,,,https://cdn.shopify.com/s/files/1/0746/6817/9644/files/000053_040_front_f.jpg?v=1779391614,41,Gildan® 64000 — Red — front view (women's fit),,,,,,,,,,,,,,,,,,,
,gildan-64000-g64000,,,,,,,,,,,,,,,,,,,,,,,,,,,,,,,,,,,https://cdn.shopify.com/s/files/1/0746/6817/9644/files/000053_040_back_f.jpg?v=1779391611,42,Gildan® 64000 — Red — back view (women's fit),,,,,,,,,,,,,,,,,,,
,gildan-64000-g64000,,,,,,,,G64000-051-XS,,Color,Royal Blue,,Size,XS,,,,,,,,TRUE,,,,,,shopify,300,deny,150,g,TRUE,manual,https://cdn.shopify.com/s/files/1/0746/6817/9644/files/000054_051_front_88397232-309b-4dab-a160-4764754da46c.png?v=1779391622,43,Gildan® 64000 — Royal Blue — front view,https://cdn.shopify.com/s/files/1/0746/6817/9644/files/000054_051_front_88397232-309b-4dab-a160-4764754da46c.png?v=1779391622,,,,royal blue,,,,,,,,,,,,,,
,gildan-64000-g64000,,,,,,,,G64000-051-S,,Color,Royal Blue,,Size,S,,,,,,,,TRUE,,,,,,shopify,300,deny,150,g,TRUE,manual,,,,https://cdn.shopify.com/s/files/1/0746/6817/9644/files/000054_051_front_88397232-309b-4dab-a160-4764754da46c.png?v=1779391622,,,,royal blue,,,,,,,,,,,,,,
,gildan-64000-g64000,,,,,,,,G64000-051-M,,Color,Royal Blue,,Size,M,,,,,,,,TRUE,,,,,,shopify,300,deny,150,g,TRUE,manual,,,,https://cdn.shopify.com/s/files/1/0746/6817/9644/files/000054_051_front_88397232-309b-4dab-a160-4764754da46c.png?v=1779391622,,,,royal blue,,,,,,,,,,,,,,
,gildan-64000-g64000,,,,,,,,G64000-051-L,,Color,Royal Blue,,Size,L,,,,,,,,TRUE,,,,,,shopify,300,deny,150,g,TRUE,manual,,,,https://cdn.shopify.com/s/files/1/0746/6817/9644/files/000054_051_front_88397232-309b-4dab-a160-4764754da46c.png?v=1779391622,,,,royal blue,,,,,,,,,,,,,,
,gildan-64000-g64000,,,,,,,,G64000-051-XL,,Color,Royal Blue,,Size,XL,,,,,,,,TRUE,,,,,,shopify,300,deny,150,g,TRUE,manual,,,,https://cdn.shopify.com/s/files/1/0746/6817/9644/files/000054_051_front_88397232-309b-4dab-a160-4764754da46c.png?v=1779391622,,,,royal blue,,,,,,,,,,,,,,
,gildan-64000-g64000,,,,,,,,G64000-051-2XL,,Color,Royal Blue,,Size,2XL,,,,,,,,TRUE,,,,,,shopify,300,deny,150,g,TRUE,manual,,,,https://cdn.shopify.com/s/files/1/0746/6817/9644/files/000054_051_front_88397232-309b-4dab-a160-4764754da46c.png?v=1779391622,,,,royal blue,,,,,,,,,,,,,,
,gildan-64000-g64000,,,,,,,,G64000-051-3XL,,Color,Royal Blue,,Size,3XL,,,,,,,,TRUE,,,,,,shopify,300,deny,150,g,TRUE,manual,,,,https://cdn.shopify.com/s/files/1/0746/6817/9644/files/000054_051_front_88397232-309b-4dab-a160-4764754da46c.png?v=1779391622,,,,royal blue,,,,,,,,,,,,,,
,gildan-64000-g64000,,,,,,,,G64000-051-4XL,,Color,Royal Blue,,Size,4XL,,,,,,,,TRUE,,,,,,shopify,300,deny,150,g,TRUE,manual,,,,https://cdn.shopify.com/s/files/1/0746/6817/9644/files/000054_051_front_88397232-309b-4dab-a160-4764754da46c.png?v=1779391622,,,,royal blue,,,,,,,,,,,,,,
,gildan-64000-g64000,,,,,,,,G64000-051-5XL,,Color,Royal Blue,,Size,5XL,,,,,,,,TRUE,,,,,,shopify,300,deny,150,g,TRUE,manual,,,,https://cdn.shopify.com/s/files/1/0746/6817/9644/files/000054_051_front_88397232-309b-4dab-a160-4764754da46c.png?v=1779391622,,,,royal blue,,,,,,,,,,,,,,
,gildan-64000-g64000,,,,,,,,,,,,,,,,,,,,,,,,,,,,,,,,,,,https://cdn.shopify.com/s/files/1/0746/6817/9644/files/000054_051_back_cb266be3-df41-4c1b-a0b8-2689e667f80b.png?v=1779391618,44,Gildan® 64000 — Royal Blue — back view,,,,,,,,,,,,,,,,,,,
,gildan-64000-g64000,,,,,,,,,,,,,,,,,,,,,,,,,,,,,,,,,,,https://cdn.shopify.com/s/files/1/0746/6817/9644/files/000054_051_left_c7fd4de3-a74f-4b43-a792-cb4118238d99.png?v=1779391624,45,Gildan® 64000 — Royal Blue — left side view,,,,,,,,,,,,,,,,,,,
,gildan-64000-g64000,,,,,,,,,,,,,,,,,,,,,,,,,,,,,,,,,,,https://cdn.shopify.com/s/files/1/0746/6817/9644/files/000054_051_right_9a82b842-2b61-4133-a0d1-e1b0ae5d4ef0.png?v=1779391625,46,Gildan® 64000 — Royal Blue — right side view,,,,,,,,,,,,,,,,,,,
,gildan-64000-g64000,,,,,,,,,,,,,,,,,,,,,,,,,,,,,,,,,,,https://cdn.shopify.com/s/files/1/0746/6817/9644/files/000054_051_neckline_0110534a-e923-495f-9793-38dd276f753c.png?v=1779391625,47,Gildan® 64000 — Royal Blue — neckline detail,,,,,,,,,,,,,,,,,,,
,gildan-64000-g64000,,,,,,,,,,,,,,,,,,,,,,,,,,,,,,,,,,,https://cdn.shopify.com/s/files/1/0746/6817/9644/files/000054_051_fabric_d3698400-47c2-4062-bea4-aeee4ddf2197.png?v=1779391621,48,Gildan® 64000 — Royal Blue — fabric detail,,,,,,,,,,,,,,,,,,,
,gildan-64000-g64000,,,,,,,,,,,,,,,,,,,,,,,,,,,,,,,,,,,https://cdn.shopify.com/s/files/1/0746/6817/9644/files/000054_051_front_f.png?v=1779391622,49,Gildan® 64000 — Royal Blue — front view (women's fit),,,,,,,,,,,,,,,,,,,
,gildan-64000-g64000,,,,,,,,,,,,,,,,,,,,,,,,,,,,,,,,,,,https://cdn.shopify.com/s/files/1/0746/6817/9644/files/000054_051_back_f.png?v=1779391618,50,Gildan® 64000 — Royal Blue — back view (women's fit),,,,,,,,,,,,,,,,,,,
,gildan-64000-g64000,,,,,,,,G64000-098-XS,,Color,Daisy,,Size,XS,,,,,,,,TRUE,,,,,,shopify,300,deny,150,g,TRUE,manual,https://cdn.shopify.com/s/files/1/0746/6817/9644/files/000056_098_front_a3340ba8-f9a1-4eac-9cba-2e7df26099af.jpg?v=1779391637,51,Gildan® 64000 — Daisy — front view,https://cdn.shopify.com/s/files/1/0746/6817/9644/files/000056_098_front_a3340ba8-f9a1-4eac-9cba-2e7df26099af.jpg?v=1779391637,,,,daisy,,,,,,,,,,,,,,
,gildan-64000-g64000,,,,,,,,G64000-098-S,,Color,Daisy,,Size,S,,,,,,,,TRUE,,,,,,shopify,300,deny,150,g,TRUE,manual,,,,https://cdn.shopify.com/s/files/1/0746/6817/9644/files/000056_098_front_a3340ba8-f9a1-4eac-9cba-2e7df26099af.jpg?v=1779391637,,,,daisy,,,,,,,,,,,,,,
,gildan-64000-g64000,,,,,,,,G64000-098-M,,Color,Daisy,,Size,M,,,,,,,,TRUE,,,,,,shopify,300,deny,150,g,TRUE,manual,,,,https://cdn.shopify.com/s/files/1/0746/6817/9644/files/000056_098_front_a3340ba8-f9a1-4eac-9cba-2e7df26099af.jpg?v=1779391637,,,,daisy,,,,,,,,,,,,,,
,gildan-64000-g64000,,,,,,,,G64000-098-L,,Color,Daisy,,Size,L,,,,,,,,TRUE,,,,,,shopify,300,deny,150,g,TRUE,manual,,,,https://cdn.shopify.com/s/files/1/0746/6817/9644/files/000056_098_front_a3340ba8-f9a1-4eac-9cba-2e7df26099af.jpg?v=1779391637,,,,daisy,,,,,,,,,,,,,,
,gildan-64000-g64000,,,,,,,,G64000-098-XL,,Color,Daisy,,Size,XL,,,,,,,,TRUE,,,,,,shopify,300,deny,150,g,TRUE,manual,,,,https://cdn.shopify.com/s/files/1/0746/6817/9644/files/000056_098_front_a3340ba8-f9a1-4eac-9cba-2e7df26099af.jpg?v=1779391637,,,,daisy,,,,,,,,,,,,,,
,gildan-64000-g64000,,,,,,,,G64000-098-2XL,,Color,Daisy,,Size,2XL,,,,,,,,TRUE,,,,,,shopify,300,deny,150,g,TRUE,manual,,,,https://cdn.shopify.com/s/files/1/0746/6817/9644/files/000056_098_front_a3340ba8-f9a1-4eac-9cba-2e7df26099af.jpg?v=1779391637,,,,daisy,,,,,,,,,,,,,,
,gildan-64000-g64000,,,,,,,,G64000-098-3XL,,Color,Daisy,,Size,3XL,,,,,,,,TRUE,,,,,,shopify,300,deny,150,g,TRUE,manual,,,,https://cdn.shopify.com/s/files/1/0746/6817/9644/files/000056_098_front_a3340ba8-f9a1-4eac-9cba-2e7df26099af.jpg?v=1779391637,,,,daisy,,,,,,,,,,,,,,
,gildan-64000-g64000,,,,,,,,G64000-098-4XL,,Color,Daisy,,Size,4XL,,,,,,,,TRUE,,,,,,shopify,300,deny,150,g,TRUE,manual,,,,https://cdn.shopify.com/s/files/1/0746/6817/9644/files/000056_098_front_a3340ba8-f9a1-4eac-9cba-2e7df26099af.jpg?v=1779391637,,,,daisy,,,,,,,,,,,,,,
,gildan-64000-g64000,,,,,,,,G64000-098-5XL,,Color,Daisy,,Size,5XL,,,,,,,,TRUE,,,,,,shopify,300,deny,150,g,TRUE,manual,,,,https://cdn.shopify.com/s/files/1/0746/6817/9644/files/000056_098_front_a3340ba8-f9a1-4eac-9cba-2e7df26099af.jpg?v=1779391637,,,,daisy,,,,,,,,,,,,,,
,gildan-64000-g64000,,,,,,,,,,,,,,,,,,,,,,,,,,,,,,,,,,,https://cdn.shopify.com/s/files/1/0746/6817/9644/files/000056_098_back_605a3ad6-118d-4400-9958-0a678024c2c2.jpg?v=1779391635,52,Gildan® 64000 — Daisy — back view,,,,,,,,,,,,,,,,,,,
,gildan-64000-g64000,,,,,,,,,,,,,,,,,,,,,,,,,,,,,,,,,,,https://cdn.shopify.com/s/files/1/0746/6817/9644/files/000056_098_left_0118229f-8e81-4e65-a6d6-8ca193c0a4e1.jpg?v=1779391639,53,Gildan® 64000 — Daisy — left side view,,,,,,,,,,,,,,,,,,,
,gildan-64000-g64000,,,,,,,,,,,,,,,,,,,,,,,,,,,,,,,,,,,https://cdn.shopify.com/s/files/1/0746/6817/9644/files/000056_098_right_518655b0-bda3-48f8-9654-f7fadbb0e310.jpg?v=1779391640,54,Gildan® 64000 — Daisy — right side view,,,,,,,,,,,,,,,,,,,
,gildan-64000-g64000,,,,,,,,,,,,,,,,,,,,,,,,,,,,,,,,,,,https://cdn.shopify.com/s/files/1/0746/6817/9644/files/000056_098_neckline_95777323-3125-4244-a8ee-0e592c385be9.jpg?v=1779391639,55,Gildan® 64000 — Daisy — neckline detail,,,,,,,,,,,,,,,,,,,
,gildan-64000-g64000,,,,,,,,,,,,,,,,,,,,,,,,,,,,,,,,,,,https://cdn.shopify.com/s/files/1/0746/6817/9644/files/000056_098_fabric_8bd75fdc-ccfc-488a-90e7-f363638e1b8c.jpg?v=1779391637,56,Gildan® 64000 — Daisy — fabric detail,,,,,,,,,,,,,,,,,,,
,gildan-64000-g64000,,,,,,,,,,,,,,,,,,,,,,,,,,,,,,,,,,,https://cdn.shopify.com/s/files/1/0746/6817/9644/files/000056_098_front_f.jpg?v=1779391638,57,Gildan® 64000 — Daisy — front view (women's fit),,,,,,,,,,,,,,,,,,,
,gildan-64000-g64000,,,,,,,,,,,,,,,,,,,,,,,,,,,,,,,,,,,https://cdn.shopify.com/s/files/1/0746/6817/9644/files/000056_098_back_f.jpg?v=1779391635,58,Gildan® 64000 — Daisy — back view (women's fit),,,,,,,,,,,,,,,,,,,
,gildan-64000-g64000,,,,,,,,G64000-194-XS,,Color,Cherry Red,,Size,XS,,,,,,,,TRUE,,,,,,shopify,300,deny,150,g,TRUE,manual,https://cdn.shopify.com/s/files/1/0746/6817/9644/files/000057_194_front_8dd0de77-e9d9-45a7-bd2b-6223470924ff.jpg?v=1779391644,59,Gildan® 64000 — Cherry Red — front view,https://cdn.shopify.com/s/files/1/0746/6817/9644/files/000057_194_front_8dd0de77-e9d9-45a7-bd2b-6223470924ff.jpg?v=1779391644,,,,cherry red,,,,,,,,,,,,,,
,gildan-64000-g64000,,,,,,,,G64000-194-S,,Color,Cherry Red,,Size,S,,,,,,,,TRUE,,,,,,shopify,300,deny,150,g,TRUE,manual,,,,https://cdn.shopify.com/s/files/1/0746/6817/9644/files/000057_194_front_8dd0de77-e9d9-45a7-bd2b-6223470924ff.jpg?v=1779391644,,,,cherry red,,,,,,,,,,,,,,
,gildan-64000-g64000,,,,,,,,G64000-194-M,,Color,Cherry Red,,Size,M,,,,,,,,TRUE,,,,,,shopify,300,deny,150,g,TRUE,manual,,,,https://cdn.shopify.com/s/files/1/0746/6817/9644/files/000057_194_front_8dd0de77-e9d9-45a7-bd2b-6223470924ff.jpg?v=1779391644,,,,cherry red,,,,,,,,,,,,,,
,gildan-64000-g64000,,,,,,,,G64000-194-L,,Color,Cherry Red,,Size,L,,,,,,,,TRUE,,,,,,shopify,300,deny,150,g,TRUE,manual,,,,https://cdn.shopify.com/s/files/1/0746/6817/9644/files/000057_194_front_8dd0de77-e9d9-45a7-bd2b-6223470924ff.jpg?v=1779391644,,,,cherry red,,,,,,,,,,,,,,
,gildan-64000-g64000,,,,,,,,G64000-194-XL,,Color,Cherry Red,,Size,XL,,,,,,,,TRUE,,,,,,shopify,300,deny,150,g,TRUE,manual,,,,https://cdn.shopify.com/s/files/1/0746/6817/9644/files/000057_194_front_8dd0de77-e9d9-45a7-bd2b-6223470924ff.jpg?v=1779391644,,,,cherry red,,,,,,,,,,,,,,
,gildan-64000-g64000,,,,,,,,G64000-194-2XL,,Color,Cherry Red,,Size,2XL,,,,,,,,TRUE,,,,,,shopify,300,deny,150,g,TRUE,manual,,,,https://cdn.shopify.com/s/files/1/0746/6817/9644/files/000057_194_front_8dd0de77-e9d9-45a7-bd2b-6223470924ff.jpg?v=1779391644,,,,cherry red,,,,,,,,,,,,,,
,gildan-64000-g64000,,,,,,,,G64000-194-3XL,,Color,Cherry Red,,Size,3XL,,,,,,,,TRUE,,,,,,shopify,300,deny,150,g,TRUE,manual,,,,https://cdn.shopify.com/s/files/1/0746/6817/9644/files/000057_194_front_8dd0de77-e9d9-45a7-bd2b-6223470924ff.jpg?v=1779391644,,,,cherry red,,,,,,,,,,,,,,
,gildan-64000-g64000,,,,,,,,G64000-194-4XL,,Color,Cherry Red,,Size,4XL,,,,,,,,TRUE,,,,,,shopify,300,deny,150,g,TRUE,manual,,,,https://cdn.shopify.com/s/files/1/0746/6817/9644/files/000057_194_front_8dd0de77-e9d9-45a7-bd2b-6223470924ff.jpg?v=1779391644,,,,cherry red,,,,,,,,,,,,,,
,gildan-64000-g64000,,,,,,,,G64000-194-5XL,,Color,Cherry Red,,Size,5XL,,,,,,,,TRUE,,,,,,shopify,300,deny,150,g,TRUE,manual,,,,https://cdn.shopify.com/s/files/1/0746/6817/9644/files/000057_194_front_8dd0de77-e9d9-45a7-bd2b-6223470924ff.jpg?v=1779391644,,,,cherry red,,,,,,,,,,,,,,
,gildan-64000-g64000,,,,,,,,,,,,,,,,,,,,,,,,,,,,,,,,,,,https://cdn.shopify.com/s/files/1/0746/6817/9644/files/000057_194_back_e7d8c032-1820-490e-a416-385388088333.jpg?v=1779391642,60,Gildan® 64000 — Cherry Red — back view,,,,,,,,,,,,,,,,,,,
,gildan-64000-g64000,,,,,,,,,,,,,,,,,,,,,,,,,,,,,,,,,,,https://cdn.shopify.com/s/files/1/0746/6817/9644/files/000057_194_left_5985d95d-cfe0-459e-9eb3-3be62c05140d.jpg?v=1779391646,61,Gildan® 64000 — Cherry Red — left side view,,,,,,,,,,,,,,,,,,,
,gildan-64000-g64000,,,,,,,,,,,,,,,,,,,,,,,,,,,,,,,,,,,https://cdn.shopify.com/s/files/1/0746/6817/9644/files/000057_194_right_e9561e6d-1fbe-4ea8-9bf3-3204be5bc143.jpg?v=1779391647,62,Gildan® 64000 — Cherry Red — right side view,,,,,,,,,,,,,,,,,,,
,gildan-64000-g64000,,,,,,,,,,,,,,,,,,,,,,,,,,,,,,,,,,,https://cdn.shopify.com/s/files/1/0746/6817/9644/files/000057_194_neckline_6ef51143-8f1e-444c-8ccc-f8a3b9deecd9.jpg?v=1779391647,63,Gildan® 64000 — Cherry Red — neckline detail,,,,,,,,,,,,,,,,,,,
,gildan-64000-g64000,,,,,,,,,,,,,,,,,,,,,,,,,,,,,,,,,,,https://cdn.shopify.com/s/files/1/0746/6817/9644/files/000057_194_fabric_ae2aee81-1536-48ee-8f4d-45ff330ae3c3.jpg?v=1779391643,64,Gildan® 64000 — Cherry Red — fabric detail,,,,,,,,,,,,,,,,,,,
,gildan-64000-g64000,,,,,,,,,,,,,,,,,,,,,,,,,,,,,,,,,,,https://cdn.shopify.com/s/files/1/0746/6817/9644/files/000057_194_front_f.jpg?v=1779391645,65,Gildan® 64000 — Cherry Red — front view (women's fit),,,,,,,,,,,,,,,,,,,
,gildan-64000-g64000,,,,,,,,,,,,,,,,,,,,,,,,,,,,,,,,,,,https://cdn.shopify.com/s/files/1/0746/6817/9644/files/000057_194_back_f.jpg?v=1779391642,66,Gildan® 64000 — Cherry Red — back view (women's fit),,,,,,,,,,,,,,,,,,,
Gildan® 64000L,gildan-64000l-g64000l,"<p>Its 100% ring spun cotton feels soft against your skin; and the semi-fitted, side-seamed construction provides a comfortable fit. Decorate it using screen printing, DTG, embroidery, heat transfers, bleaching or discharge.</p><ul><li>Soft ring-spun cotton — high stitch density fabric</li><li>Feminine semi-fitted silhouette with side seams</li><li>Narrow rib collar</li><li>Taped neck and shoulders</li><li>Seamless double-needle collar</li><li>Tearaway label</li></ul><h4>Size Chart (inches)</h4><table><thead><tr><th>Size</th><th>Chest</th><th>Body Length</th></tr></thead><tbody><tr><td>S</td><td>32–34</td><td>26</td></tr><tr><td>M</td><td>34–36</td><td>27</td></tr><tr><td>L</td><td>36–38</td><td>28</td></tr><tr><td>XL</td><td>38–40</td><td>29</td></tr><tr><td>2XL</td><td>40–42</td><td>30</td></tr><tr><td>3XL</td><td>44–46</td><td>31</td></tr></tbody></table>",Gildan,gid://shopify/TaxonomyCategory/aa-1-13-8,T-Shirt,"T-Shirt, Adult, Women's, G64000L",TRUE,active,G64000L-030-S,,Color,White,,Size,S,,,,,,,,TRUE,,,,,,shopify,300,deny,150,g,TRUE,manual,https://cdn.shopify.com/s/files/1/0746/6817/9644/files/000001_030_front.jpg?v=1779376667,7,Gildan® 64000L — White — front view,https://cdn.shopify.com/s/files/1/0746/6817/9644/files/000001_030_front.jpg?v=1779376667,,Gildan® 64000L,"<p>Its 100% ring spun cotton feels soft against your skin; and the semi-fitted, side-seamed construction provides a comfortable fit. Decorate it using scre",white,gid://shopify/TaxonomyCategory/aa-1-13-8,Female,Adult,G64000L,,,new,,,,,,,Women's T-Shirt
,gildan-64000l-g64000l,,,,,,,,G64000L-030-M,,Color,White,,Size,M,,,,,,,,TRUE,,,,,,shopify,300,deny,150,g,TRUE,manual,,,,https://cdn.shopify.com/s/files/1/0746/6817/9644/files/000001_030_front.jpg?v=1779376667,,,,white,,,,,,,,,,,,,,
,gildan-64000l-g64000l,,,,,,,,G64000L-030-L,,Color,White,,Size,L,,,,,,,,TRUE,,,,,,shopify,300,deny,150,g,TRUE,manual,,,,https://cdn.shopify.com/s/files/1/0746/6817/9644/files/000001_030_front.jpg?v=1779376667,,,,white,,,,,,,,,,,,,,
,gildan-64000l-g64000l,,,,,,,,G64000L-030-XL,,Color,White,,Size,XL,,,,,,,,TRUE,,,,,,shopify,300,deny,150,g,TRUE,manual,,,,https://cdn.shopify.com/s/files/1/0746/6817/9644/files/000001_030_front.jpg?v=1779376667,,,,white,,,,,,,,,,,,,,
,gildan-64000l-g64000l,,,,,,,,G64000L-030-2XL,,Color,White,,Size,2XL,,,,,,,,TRUE,,,,,,shopify,300,deny,150,g,TRUE,manual,,,,https://cdn.shopify.com/s/files/1/0746/6817/9644/files/000001_030_front.jpg?v=1779376667,,,,white,,,,,,,,,,,,,,
,gildan-64000l-g64000l,,,,,,,,G64000L-030-3XL,,Color,White,,Size,3XL,,,,,,,,TRUE,,,,,,shopify,300,deny,150,g,TRUE,manual,,,,https://cdn.shopify.com/s/files/1/0746/6817/9644/files/000001_030_front.jpg?v=1779376667,,,,white,,,,,,,,,,,,,,
,gildan-64000l-g64000l,,,,,,,,,,,,,,,,,,,,,,,,,,,,,,,,,,,https://cdn.shopify.com/s/files/1/0746/6817/9644/files/000001_030_back.jpg?v=1779376667,8,Gildan® 64000L — White — back view,,,,,,,,,,,,,,,,,,,
,gildan-64000l-g64000l,,,,,,,,,,,,,,,,,,,,,,,,,,,,,,,,,,,https://cdn.shopify.com/s/files/1/0746/6817/9644/files/000001_030_left.jpg?v=1779376669,9,Gildan® 64000L — White — left side view,,,,,,,,,,,,,,,,,,,
,gildan-64000l-g64000l,,,,,,,,,,,,,,,,,,,,,,,,,,,,,,,,,,,https://cdn.shopify.com/s/files/1/0746/6817/9644/files/000001_030_right.jpg?v=1779376670,10,Gildan® 64000L — White — right side view,,,,,,,,,,,,,,,,,,,
,gildan-64000l-g64000l,,,,,,,,,,,,,,,,,,,,,,,,,,,,,,,,,,,https://cdn.shopify.com/s/files/1/0746/6817/9644/files/000001_030_neckline.jpg?v=1779376671,11,Gildan® 64000L — White — neckline detail,,,,,,,,,,,,,,,,,,,
,gildan-64000l-g64000l,,,,,,,,,,,,,,,,,,,,,,,,,,,,,,,,,,,https://cdn.shopify.com/s/files/1/0746/6817/9644/files/000001_030_fabric.jpg?v=1779376667,12,Gildan® 64000L — White — fabric detail,,,,,,,,,,,,,,,,,,,
,gildan-64000l-g64000l,,,,,,,,G64000L-032-S,,Color,Navy,,Size,S,,,,,,,,TRUE,,,,,,shopify,300,deny,150,g,TRUE,manual,https://cdn.shopify.com/s/files/1/0746/6817/9644/files/000002_032_front.jpg?v=1779376674,13,Gildan® 64000L — Navy — front view,https://cdn.shopify.com/s/files/1/0746/6817/9644/files/000002_032_front.jpg?v=1779376674,,,,navy,,,,,,,,,,,,,,
,gildan-64000l-g64000l,,,,,,,,G64000L-032-M,,Color,Navy,,Size,M,,,,,,,,TRUE,,,,,,shopify,300,deny,150,g,TRUE,manual,,,,https://cdn.shopify.com/s/files/1/0746/6817/9644/files/000002_032_front.jpg?v=1779376674,,,,navy,,,,,,,,,,,,,,
,gildan-64000l-g64000l,,,,,,,,G64000L-032-L,,Color,Navy,,Size,L,,,,,,,,TRUE,,,,,,shopify,300,deny,150,g,TRUE,manual,,,,https://cdn.shopify.com/s/files/1/0746/6817/9644/files/000002_032_front.jpg?v=1779376674,,,,navy,,,,,,,,,,,,,,
,gildan-64000l-g64000l,,,,,,,,G64000L-032-XL,,Color,Navy,,Size,XL,,,,,,,,TRUE,,,,,,shopify,300,deny,150,g,TRUE,manual,,,,https://cdn.shopify.com/s/files/1/0746/6817/9644/files/000002_032_front.jpg?v=1779376674,,,,navy,,,,,,,,,,,,,,
,gildan-64000l-g64000l,,,,,,,,G64000L-032-2XL,,Color,Navy,,Size,2XL,,,,,,,,TRUE,,,,,,shopify,300,deny,150,g,TRUE,manual,,,,https://cdn.shopify.com/s/files/1/0746/6817/9644/files/000002_032_front.jpg?v=1779376674,,,,navy,,,,,,,,,,,,,,
,gildan-64000l-g64000l,,,,,,,,G64000L-032-3XL,,Color,Navy,,Size,3XL,,,,,,,,TRUE,,,,,,shopify,300,deny,150,g,TRUE,manual,,,,https://cdn.shopify.com/s/files/1/0746/6817/9644/files/000002_032_front.jpg?v=1779376674,,,,navy,,,,,,,,,,,,,,
,gildan-64000l-g64000l,,,,,,,,,,,,,,,,,,,,,,,,,,,,,,,,,,,https://cdn.shopify.com/s/files/1/0746/6817/9644/files/000002_032_back.jpg?v=1779376673,14,Gildan® 64000L — Navy — back view,,,,,,,,,,,,,,,,,,,
,gildan-64000l-g64000l,,,,,,,,,,,,,,,,,,,,,,,,,,,,,,,,,,,https://cdn.shopify.com/s/files/1/0746/6817/9644/files/000002_032_left.jpg?v=1779376676,15,Gildan® 64000L — Navy — left side view,,,,,,,,,,,,,,,,,,,
,gildan-64000l-g64000l,,,,,,,,,,,,,,,,,,,,,,,,,,,,,,,,,,,https://cdn.shopify.com/s/files/1/0746/6817/9644/files/000002_032_right.jpg?v=1779376676,16,Gildan® 64000L — Navy — right side view,,,,,,,,,,,,,,,,,,,
,gildan-64000l-g64000l,,,,,,,,,,,,,,,,,,,,,,,,,,,,,,,,,,,https://cdn.shopify.com/s/files/1/0746/6817/9644/files/000002_032_neckline.jpg?v=1779376676,17,Gildan® 64000L — Navy — neckline detail,,,,,,,,,,,,,,,,,,,
,gildan-64000l-g64000l,,,,,,,,,,,,,,,,,,,,,,,,,,,,,,,,,,,https://cdn.shopify.com/s/files/1/0746/6817/9644/files/000002_032_fabric.jpg?v=1779376673,18,Gildan® 64000L — Navy — fabric detail,,,,,,,,,,,,,,,,,,,
,gildan-64000l-g64000l,,,,,,,,G64000L-036-S,,Color,Black,,Size,S,,,,,,,,TRUE,,,,,,shopify,300,deny,150,g,TRUE,manual,https://cdn.shopify.com/s/files/1/0746/6817/9644/files/000005_036_front.jpg?v=1779376692,1,Gildan® 64000L — Black — front view,https://cdn.shopify.com/s/files/1/0746/6817/9644/files/000005_036_front.jpg?v=1779376692,,,,black,,,,,,,,,,,,,,
,gildan-64000l-g64000l,,,,,,,,G64000L-036-M,,Color,Black,,Size,M,,,,,,,,TRUE,,,,,,shopify,300,deny,150,g,TRUE,manual,,,,https://cdn.shopify.com/s/files/1/0746/6817/9644/files/000005_036_front.jpg?v=1779376692,,,,black,,,,,,,,,,,,,,
,gildan-64000l-g64000l,,,,,,,,G64000L-036-L,,Color,Black,,Size,L,,,,,,,,TRUE,,,,,,shopify,300,deny,150,g,TRUE,manual,,,,https://cdn.shopify.com/s/files/1/0746/6817/9644/files/000005_036_front.jpg?v=1779376692,,,,black,,,,,,,,,,,,,,
,gildan-64000l-g64000l,,,,,,,,G64000L-036-XL,,Color,Black,,Size,XL,,,,,,,,TRUE,,,,,,shopify,300,deny,150,g,TRUE,manual,,,,https://cdn.shopify.com/s/files/1/0746/6817/9644/files/000005_036_front.jpg?v=1779376692,,,,black,,,,,,,,,,,,,,
,gildan-64000l-g64000l,,,,,,,,G64000L-036-2XL,,Color,Black,,Size,2XL,,,,,,,,TRUE,,,,,,shopify,300,deny,150,g,TRUE,manual,,,,https://cdn.shopify.com/s/files/1/0746/6817/9644/files/000005_036_front.jpg?v=1779376692,,,,black,,,,,,,,,,,,,,
,gildan-64000l-g64000l,,,,,,,,G64000L-036-3XL,,Color,Black,,Size,3XL,,,,,,,,TRUE,,,,,,shopify,300,deny,150,g,TRUE,manual,,,,https://cdn.shopify.com/s/files/1/0746/6817/9644/files/000005_036_front.jpg?v=1779376692,,,,black,,,,,,,,,,,,,,
,gildan-64000l-g64000l,,,,,,,,,,,,,,,,,,,,,,,,,,,,,,,,,,,https://cdn.shopify.com/s/files/1/0746/6817/9644/files/000005_036_back.jpg?v=1779376691,2,Gildan® 64000L — Black — back view,,,,,,,,,,,,,,,,,,,
,gildan-64000l-g64000l,,,,,,,,,,,,,,,,,,,,,,,,,,,,,,,,,,,https://cdn.shopify.com/s/files/1/0746/6817/9644/files/000005_036_left.jpg?v=1779376694,3,Gildan® 64000L — Black — left side view,,,,,,,,,,,,,,,,,,,
,gildan-64000l-g64000l,,,,,,,,,,,,,,,,,,,,,,,,,,,,,,,,,,,https://cdn.shopify.com/s/files/1/0746/6817/9644/files/000005_036_right.jpg?v=1779376695,4,Gildan® 64000L — Black — right side view,,,,,,,,,,,,,,,,,,,
,gildan-64000l-g64000l,,,,,,,,,,,,,,,,,,,,,,,,,,,,,,,,,,,https://cdn.shopify.com/s/files/1/0746/6817/9644/files/000005_036_neckline.jpg?v=1779376694,5,Gildan® 64000L — Black — neckline detail,,,,,,,,,,,,,,,,,,,
,gildan-64000l-g64000l,,,,,,,,,,,,,,,,,,,,,,,,,,,,,,,,,,,https://cdn.shopify.com/s/files/1/0746/6817/9644/files/000005_036_fabric.jpg?v=1779376692,6,Gildan® 64000L — Black — fabric detail,,,,,,,,,,,,,,,,,,,
,gildan-64000l-g64000l,,,,,,,,G64000L-040-S,,Color,Red,,Size,S,,,,,,,,TRUE,,,,,,shopify,300,deny,150,g,TRUE,manual,https://cdn.shopify.com/s/files/1/0746/6817/9644/files/000003_040_front.jpg?v=1779376680,19,Gildan® 64000L — Red — front view,https://cdn.shopify.com/s/files/1/0746/6817/9644/files/000003_040_front.jpg?v=1779376680,,,,red,,,,,,,,,,,,,,
,gildan-64000l-g64000l,,,,,,,,G64000L-040-M,,Color,Red,,Size,M,,,,,,,,TRUE,,,,,,shopify,300,deny,150,g,TRUE,manual,,,,https://cdn.shopify.com/s/files/1/0746/6817/9644/files/000003_040_front.jpg?v=1779376680,,,,red,,,,,,,,,,,,,,
,gildan-64000l-g64000l,,,,,,,,G64000L-040-L,,Color,Red,,Size,L,,,,,,,,TRUE,,,,,,shopify,300,deny,150,g,TRUE,manual,,,,https://cdn.shopify.com/s/files/1/0746/6817/9644/files/000003_040_front.jpg?v=1779376680,,,,red,,,,,,,,,,,,,,
,gildan-64000l-g64000l,,,,,,,,G64000L-040-XL,,Color,Red,,Size,XL,,,,,,,,TRUE,,,,,,shopify,300,deny,150,g,TRUE,manual,,,,https://cdn.shopify.com/s/files/1/0746/6817/9644/files/000003_040_front.jpg?v=1779376680,,,,red,,,,,,,,,,,,,,
,gildan-64000l-g64000l,,,,,,,,G64000L-040-2XL,,Color,Red,,Size,2XL,,,,,,,,TRUE,,,,,,shopify,300,deny,150,g,TRUE,manual,,,,https://cdn.shopify.com/s/files/1/0746/6817/9644/files/000003_040_front.jpg?v=1779376680,,,,red,,,,,,,,,,,,,,
,gildan-64000l-g64000l,,,,,,,,G64000L-040-3XL,,Color,Red,,Size,3XL,,,,,,,,TRUE,,,,,,shopify,300,deny,150,g,TRUE,manual,,,,https://cdn.shopify.com/s/files/1/0746/6817/9644/files/000003_040_front.jpg?v=1779376680,,,,red,,,,,,,,,,,,,,
,gildan-64000l-g64000l,,,,,,,,,,,,,,,,,,,,,,,,,,,,,,,,,,,https://cdn.shopify.com/s/files/1/0746/6817/9644/files/000003_040_back.jpg?v=1779376678,20,Gildan® 64000L — Red — back view,,,,,,,,,,,,,,,,,,,
,gildan-64000l-g64000l,,,,,,,,,,,,,,,,,,,,,,,,,,,,,,,,,,,https://cdn.shopify.com/s/files/1/0746/6817/9644/files/000003_040_left.jpg?v=1779376682,21,Gildan® 64000L — Red — left side view,,,,,,,,,,,,,,,,,,,
,gildan-64000l-g64000l,,,,,,,,,,,,,,,,,,,,,,,,,,,,,,,,,,,https://cdn.shopify.com/s/files/1/0746/6817/9644/files/000003_040_right.jpg?v=1779376683,22,Gildan® 64000L — Red — right side view,,,,,,,,,,,,,,,,,,,
,gildan-64000l-g64000l,,,,,,,,,,,,,,,,,,,,,,,,,,,,,,,,,,,https://cdn.shopify.com/s/files/1/0746/6817/9644/files/000003_040_neckline.jpg?v=1779376682,23,Gildan® 64000L — Red — neckline detail,,,,,,,,,,,,,,,,,,,
,gildan-64000l-g64000l,,,,,,,,,,,,,,,,,,,,,,,,,,,,,,,,,,,https://cdn.shopify.com/s/files/1/0746/6817/9644/files/000003_040_fabric.jpg?v=1779376679,24,Gildan® 64000L — Red — fabric detail,,,,,,,,,,,,,,,,,,,
,gildan-64000l-g64000l,,,,,,,,G64000L-051-S,,Color,Royal Blue,,Size,S,,,,,,,,TRUE,,,,,,shopify,300,deny,150,g,TRUE,manual,https://cdn.shopify.com/s/files/1/0746/6817/9644/files/000004_051_front.png?v=1779376685,25,Gildan® 64000L — Royal Blue — front view,https://cdn.shopify.com/s/files/1/0746/6817/9644/files/000004_051_front.png?v=1779376685,,,,royal blue,,,,,,,,,,,,,,
,gildan-64000l-g64000l,,,,,,,,G64000L-051-M,,Color,Royal Blue,,Size,M,,,,,,,,TRUE,,,,,,shopify,300,deny,150,g,TRUE,manual,,,,https://cdn.shopify.com/s/files/1/0746/6817/9644/files/000004_051_front.png?v=1779376685,,,,royal blue,,,,,,,,,,,,,,
,gildan-64000l-g64000l,,,,,,,,G64000L-051-L,,Color,Royal Blue,,Size,L,,,,,,,,TRUE,,,,,,shopify,300,deny,150,g,TRUE,manual,,,,https://cdn.shopify.com/s/files/1/0746/6817/9644/files/000004_051_front.png?v=1779376685,,,,royal blue,,,,,,,,,,,,,,
,gildan-64000l-g64000l,,,,,,,,G64000L-051-XL,,Color,Royal Blue,,Size,XL,,,,,,,,TRUE,,,,,,shopify,300,deny,150,g,TRUE,manual,,,,https://cdn.shopify.com/s/files/1/0746/6817/9644/files/000004_051_front.png?v=1779376685,,,,royal blue,,,,,,,,,,,,,,
,gildan-64000l-g64000l,,,,,,,,G64000L-051-2XL,,Color,Royal Blue,,Size,2XL,,,,,,,,TRUE,,,,,,shopify,300,deny,150,g,TRUE,manual,,,,https://cdn.shopify.com/s/files/1/0746/6817/9644/files/000004_051_front.png?v=1779376685,,,,royal blue,,,,,,,,,,,,,,
,gildan-64000l-g64000l,,,,,,,,G64000L-051-3XL,,Color,Royal Blue,,Size,3XL,,,,,,,,TRUE,,,,,,shopify,300,deny,150,g,TRUE,manual,,,,https://cdn.shopify.com/s/files/1/0746/6817/9644/files/000004_051_front.png?v=1779376685,,,,royal blue,,,,,,,,,,,,,,
,gildan-64000l-g64000l,,,,,,,,,,,,,,,,,,,,,,,,,,,,,,,,,,,https://cdn.shopify.com/s/files/1/0746/6817/9644/files/000004_051_back.png?v=1779376684,26,Gildan® 64000L — Royal Blue — back view,,,,,,,,,,,,,,,,,,,
,gildan-64000l-g64000l,,,,,,,,,,,,,,,,,,,,,,,,,,,,,,,,,,,https://cdn.shopify.com/s/files/1/0746/6817/9644/files/000004_051_left.png?v=1779376688,27,Gildan® 64000L — Royal Blue — left side view,,,,,,,,,,,,,,,,,,,
,gildan-64000l-g64000l,,,,,,,,,,,,,,,,,,,,,,,,,,,,,,,,,,,https://cdn.shopify.com/s/files/1/0746/6817/9644/files/000004_051_right.png?v=1779376689,28,Gildan® 64000L — Royal Blue — right side view,,,,,,,,,,,,,,,,,,,
,gildan-64000l-g64000l,,,,,,,,,,,,,,,,,,,,,,,,,,,,,,,,,,,https://cdn.shopify.com/s/files/1/0746/6817/9644/files/000004_051_neckline.png?v=1779376689,29,Gildan® 64000L — Royal Blue — neckline detail,,,,,,,,,,,,,,,,,,,
,gildan-64000l-g64000l,,,,,,,,,,,,,,,,,,,,,,,,,,,,,,,,,,,https://cdn.shopify.com/s/files/1/0746/6817/9644/files/000004_051_fabric.png?v=1779376685,30,Gildan® 64000L — Royal Blue — fabric detail,,,,,,,,,,,,,,,,,,,
Gildan® 64800,gildan-64800-g64800,"<p>Made with soft ring-spun cotton, Softstyle’s double piqué fabric is breathable and ideal for embroidery. Features a clean finished placket with dyed-to-match buttons, side seams for a modern fit, and a curved hem.</p><ul><li>Soft ring-spun cotton — double piqué fabric</li><li>Breathable and ideal for embroidery</li><li>Clean finished placket with dyed-to-match buttons</li><li>Side seams for a modern fit</li><li>Curved hem</li><li>Tearaway label</li></ul><h4>Size Chart (inches)</h4><table><thead><tr><th>Size</th><th>Chest</th><th>Body Length</th></tr></thead><tbody><tr><td>S</td><td>34–36</td><td>28</td></tr><tr><td>M</td><td>38–40</td><td>29</td></tr><tr><td>L</td><td>42–44</td><td>30</td></tr><tr><td>XL</td><td>46–48</td><td>31</td></tr><tr><td>2XL</td><td>50–52</td><td>32</td></tr><tr><td>3XL</td><td>54–56</td><td>33</td></tr><tr><td>4XL</td><td>58–60</td><td>34</td></tr></tbody></table>",Gildan,gid://shopify/TaxonomyCategory/aa-1-13-6,Polo Shirt,"Polo Shirt, Adult, Unisex, G64800",TRUE,active,G64800-026-S,,Color,Sapphire,,Size,S,,,,,,,,TRUE,,,,,,shopify,300,deny,220,g,TRUE,manual,https://cdn.shopify.com/s/files/1/0746/6817/9644/files/000063_026_front_b493757b-8426-4d4c-b1d1-496882b42558.jpg?v=1779391692,11,Gildan® 64800 — Sapphire — front view,https://cdn.shopify.com/s/files/1/0746/6817/9644/files/000063_026_front_b493757b-8426-4d4c-b1d1-496882b42558.jpg?v=1779391692,,Gildan® 64800,"<p>Made with soft ring-spun cotton, Softstyle’s double piqué fabric is breathable and ideal for embroidery. Features a clean finished placket with dyed-to-",sapphire,gid://shopify/TaxonomyCategory/aa-1-13-6,Unisex,Adult,G64800,,,new,,,,,,,Adult Pique Polo
,gildan-64800-g64800,,,,,,,,,,,,,,,,,,,,,,,,,,,,,,,,,,,https://cdn.shopify.com/s/files/1/0746/6817/9644/files/gildan-64800_red_asian.png?v=1779475060,1,Gildan® 64800 — Asian model — front view,,,,,,,,,,,,,,,,,,,
,gildan-64800-g64800,,,,,,,,,,,,,,,,,,,,,,,,,,,,,,,,,,,https://cdn.shopify.com/s/files/1/0746/6817/9644/files/gildan-64800_navy_black.png?v=1779475060,2,Gildan® 64800 — Black model — front view,,,,,,,,,,,,,,,,,,,
,gildan-64800-g64800,,,,,,,,G64800-026-M,,Color,Sapphire,,Size,M,,,,,,,,TRUE,,,,,,shopify,300,deny,220,g,TRUE,manual,,,,https://cdn.shopify.com/s/files/1/0746/6817/9644/files/000063_026_front_b493757b-8426-4d4c-b1d1-496882b42558.jpg?v=1779391692,,,,sapphire,,,,,,,,,,,,,,
,gildan-64800-g64800,,,,,,,,G64800-026-L,,Color,Sapphire,,Size,L,,,,,,,,TRUE,,,,,,shopify,300,deny,220,g,TRUE,manual,,,,https://cdn.shopify.com/s/files/1/0746/6817/9644/files/000063_026_front_b493757b-8426-4d4c-b1d1-496882b42558.jpg?v=1779391692,,,,sapphire,,,,,,,,,,,,,,
,gildan-64800-g64800,,,,,,,,G64800-026-XL,,Color,Sapphire,,Size,XL,,,,,,,,TRUE,,,,,,shopify,300,deny,220,g,TRUE,manual,,,,https://cdn.shopify.com/s/files/1/0746/6817/9644/files/000063_026_front_b493757b-8426-4d4c-b1d1-496882b42558.jpg?v=1779391692,,,,sapphire,,,,,,,,,,,,,,
,gildan-64800-g64800,,,,,,,,G64800-026-2XL,,Color,Sapphire,,Size,2XL,,,,,,,,TRUE,,,,,,shopify,300,deny,220,g,TRUE,manual,,,,https://cdn.shopify.com/s/files/1/0746/6817/9644/files/000063_026_front_b493757b-8426-4d4c-b1d1-496882b42558.jpg?v=1779391692,,,,sapphire,,,,,,,,,,,,,,
,gildan-64800-g64800,,,,,,,,G64800-026-3XL,,Color,Sapphire,,Size,3XL,,,,,,,,TRUE,,,,,,shopify,300,deny,220,g,TRUE,manual,,,,https://cdn.shopify.com/s/files/1/0746/6817/9644/files/000063_026_front_b493757b-8426-4d4c-b1d1-496882b42558.jpg?v=1779391692,,,,sapphire,,,,,,,,,,,,,,
,gildan-64800-g64800,,,,,,,,G64800-026-4XL,,Color,Sapphire,,Size,4XL,,,,,,,,TRUE,,,,,,shopify,300,deny,220,g,TRUE,manual,,,,https://cdn.shopify.com/s/files/1/0746/6817/9644/files/000063_026_front_b493757b-8426-4d4c-b1d1-496882b42558.jpg?v=1779391692,,,,sapphire,,,,,,,,,,,,,,
,gildan-64800-g64800,,,,,,,,,,,,,,,,,,,,,,,,,,,,,,,,,,,https://cdn.shopify.com/s/files/1/0746/6817/9644/files/000063_026_back_6bf83f73-3ecb-4da7-8a60-201590f48b77.jpg?v=1779391689,12,Gildan® 64800 — Sapphire — back view,,,,,,,,,,,,,,,,,,,
,gildan-64800-g64800,,,,,,,,,,,,,,,,,,,,,,,,,,,,,,,,,,,https://cdn.shopify.com/s/files/1/0746/6817/9644/files/000063_026_left_cd6e6bb8-65ce-4ed0-9ac3-58b6acc4116a.jpg?v=1779391692,13,Gildan® 64800 — Sapphire — left side view,,,,,,,,,,,,,,,,,,,
,gildan-64800-g64800,,,,,,,,,,,,,,,,,,,,,,,,,,,,,,,,,,,https://cdn.shopify.com/s/files/1/0746/6817/9644/files/000063_026_right_6fd81b8f-8160-44ba-a85e-2bc4a279c396.jpg?v=1779391694,14,Gildan® 64800 — Sapphire — right side view,,,,,,,,,,,,,,,,,,,
,gildan-64800-g64800,,,,,,,,,,,,,,,,,,,,,,,,,,,,,,,,,,,https://cdn.shopify.com/s/files/1/0746/6817/9644/files/000063_026_neckline_e296cb2e-0521-4191-b0ee-cb33df43e9b8.jpg?v=1779391694,15,Gildan® 64800 — Sapphire — neckline detail,,,,,,,,,,,,,,,,,,,
,gildan-64800-g64800,,,,,,,,,,,,,,,,,,,,,,,,,,,,,,,,,,,https://cdn.shopify.com/s/files/1/0746/6817/9644/files/000063_026_fabric_a799539a-22a7-4ea7-b694-f235045d65b3.jpg?v=1779391690,16,Gildan® 64800 — Sapphire — fabric detail,,,,,,,,,,,,,,,,,,,
,gildan-64800-g64800,,,,,,,,,,,,,,,,,,,,,,,,,,,,,,,,,,,https://cdn.shopify.com/s/files/1/0746/6817/9644/files/000063_026_front_f.jpg?v=1779391692,17,Gildan® 64800 — Sapphire — front view (women's fit),,,,,,,,,,,,,,,,,,,
,gildan-64800-g64800,,,,,,,,,,,,,,,,,,,,,,,,,,,,,,,,,,,https://cdn.shopify.com/s/files/1/0746/6817/9644/files/000063_026_back_f.jpg?v=1779391690,18,Gildan® 64800 — Sapphire — back view (women's fit),,,,,,,,,,,,,,,,,,,
,gildan-64800-g64800,,,,,,,,G64800-030-S,,Color,White,,Size,S,,,,,,,,TRUE,,,,,,shopify,300,deny,220,g,TRUE,manual,https://cdn.shopify.com/s/files/1/0746/6817/9644/files/000058_030_front_3393c09c-19c6-467a-b5ce-aa037d5c6fda.jpg?v=1779391652,19,Gildan® 64800 — White — front view,https://cdn.shopify.com/s/files/1/0746/6817/9644/files/000058_030_front_3393c09c-19c6-467a-b5ce-aa037d5c6fda.jpg?v=1779391652,,,,white,,,,,,,,,,,,,,
,gildan-64800-g64800,,,,,,,,G64800-030-M,,Color,White,,Size,M,,,,,,,,TRUE,,,,,,shopify,300,deny,220,g,TRUE,manual,,,,https://cdn.shopify.com/s/files/1/0746/6817/9644/files/000058_030_front_3393c09c-19c6-467a-b5ce-aa037d5c6fda.jpg?v=1779391652,,,,white,,,,,,,,,,,,,,
,gildan-64800-g64800,,,,,,,,G64800-030-L,,Color,White,,Size,L,,,,,,,,TRUE,,,,,,shopify,300,deny,220,g,TRUE,manual,,,,https://cdn.shopify.com/s/files/1/0746/6817/9644/files/000058_030_front_3393c09c-19c6-467a-b5ce-aa037d5c6fda.jpg?v=1779391652,,,,white,,,,,,,,,,,,,,
,gildan-64800-g64800,,,,,,,,G64800-030-XL,,Color,White,,Size,XL,,,,,,,,TRUE,,,,,,shopify,300,deny,220,g,TRUE,manual,,,,https://cdn.shopify.com/s/files/1/0746/6817/9644/files/000058_030_front_3393c09c-19c6-467a-b5ce-aa037d5c6fda.jpg?v=1779391652,,,,white,,,,,,,,,,,,,,
,gildan-64800-g64800,,,,,,,,G64800-030-2XL,,Color,White,,Size,2XL,,,,,,,,TRUE,,,,,,shopify,300,deny,220,g,TRUE,manual,,,,https://cdn.shopify.com/s/files/1/0746/6817/9644/files/000058_030_front_3393c09c-19c6-467a-b5ce-aa037d5c6fda.jpg?v=1779391652,,,,white,,,,,,,,,,,,,,
,gildan-64800-g64800,,,,,,,,G64800-030-3XL,,Color,White,,Size,3XL,,,,,,,,TRUE,,,,,,shopify,300,deny,220,g,TRUE,manual,,,,https://cdn.shopify.com/s/files/1/0746/6817/9644/files/000058_030_front_3393c09c-19c6-467a-b5ce-aa037d5c6fda.jpg?v=1779391652,,,,white,,,,,,,,,,,,,,
,gildan-64800-g64800,,,,,,,,G64800-030-4XL,,Color,White,,Size,4XL,,,,,,,,TRUE,,,,,,shopify,300,deny,220,g,TRUE,manual,,,,https://cdn.shopify.com/s/files/1/0746/6817/9644/files/000058_030_front_3393c09c-19c6-467a-b5ce-aa037d5c6fda.jpg?v=1779391652,,,,white,,,,,,,,,,,,,,
,gildan-64800-g64800,,,,,,,,,,,,,,,,,,,,,,,,,,,,,,,,,,,https://cdn.shopify.com/s/files/1/0746/6817/9644/files/000058_030_back_28d73c5f-2fd4-4b32-9c4e-7df92efa4549.jpg?v=1779391648,20,Gildan® 64800 — White — back view,,,,,,,,,,,,,,,,,,,
,gildan-64800-g64800,,,,,,,,,,,,,,,,,,,,,,,,,,,,,,,,,,,https://cdn.shopify.com/s/files/1/0746/6817/9644/files/000058_030_left_8396df1d-4872-402e-a067-9218423667ba.jpg?v=1779391653,21,Gildan® 64800 — White — left side view,,,,,,,,,,,,,,,,,,,
,gildan-64800-g64800,,,,,,,,,,,,,,,,,,,,,,,,,,,,,,,,,,,https://cdn.shopify.com/s/files/1/0746/6817/9644/files/000058_030_right_fe8e0479-7959-4172-9615-6134de7c7f63.jpg?v=1779391655,22,Gildan® 64800 — White — right side view,,,,,,,,,,,,,,,,,,,
,gildan-64800-g64800,,,,,,,,,,,,,,,,,,,,,,,,,,,,,,,,,,,https://cdn.shopify.com/s/files/1/0746/6817/9644/files/000058_030_neckline_f083ab1f-955f-4a99-8f6f-32c2b8ce7401.jpg?v=1779391654,23,Gildan® 64800 — White — neckline detail,,,,,,,,,,,,,,,,,,,
,gildan-64800-g64800,,,,,,,,,,,,,,,,,,,,,,,,,,,,,,,,,,,https://cdn.shopify.com/s/files/1/0746/6817/9644/files/000058_030_fabric_b037dfcf-5075-4f2d-b0d3-bbda1b0ee4bd.jpg?v=1779391650,24,Gildan® 64800 — White — fabric detail,,,,,,,,,,,,,,,,,,,
,gildan-64800-g64800,,,,,,,,,,,,,,,,,,,,,,,,,,,,,,,,,,,https://cdn.shopify.com/s/files/1/0746/6817/9644/files/000058_030_front_f.jpg?v=1779391653,25,Gildan® 64800 — White — front view (women's fit),,,,,,,,,,,,,,,,,,,
,gildan-64800-g64800,,,,,,,,,,,,,,,,,,,,,,,,,,,,,,,,,,,https://cdn.shopify.com/s/files/1/0746/6817/9644/files/000058_030_back_f.jpg?v=1779391649,26,Gildan® 64800 — White — back view (women's fit),,,,,,,,,,,,,,,,,,,
,gildan-64800-g64800,,,,,,,,G64800-032-S,,Color,Navy,,Size,S,,,,,,,,TRUE,,,,,,shopify,300,deny,220,g,TRUE,manual,https://cdn.shopify.com/s/files/1/0746/6817/9644/files/000059_032_front_b760bfcb-5ab3-4313-9533-1a308cc54360.jpg?v=1779391659,27,Gildan® 64800 — Navy — front view,https://cdn.shopify.com/s/files/1/0746/6817/9644/files/000059_032_front_b760bfcb-5ab3-4313-9533-1a308cc54360.jpg?v=1779391659,,,,navy,,,,,,,,,,,,,,
,gildan-64800-g64800,,,,,,,,G64800-032-M,,Color,Navy,,Size,M,,,,,,,,TRUE,,,,,,shopify,300,deny,220,g,TRUE,manual,,,,https://cdn.shopify.com/s/files/1/0746/6817/9644/files/000059_032_front_b760bfcb-5ab3-4313-9533-1a308cc54360.jpg?v=1779391659,,,,navy,,,,,,,,,,,,,,
,gildan-64800-g64800,,,,,,,,G64800-032-L,,Color,Navy,,Size,L,,,,,,,,TRUE,,,,,,shopify,300,deny,220,g,TRUE,manual,,,,https://cdn.shopify.com/s/files/1/0746/6817/9644/files/000059_032_front_b760bfcb-5ab3-4313-9533-1a308cc54360.jpg?v=1779391659,,,,navy,,,,,,,,,,,,,,
,gildan-64800-g64800,,,,,,,,G64800-032-XL,,Color,Navy,,Size,XL,,,,,,,,TRUE,,,,,,shopify,300,deny,220,g,TRUE,manual,,,,https://cdn.shopify.com/s/files/1/0746/6817/9644/files/000059_032_front_b760bfcb-5ab3-4313-9533-1a308cc54360.jpg?v=1779391659,,,,navy,,,,,,,,,,,,,,
,gildan-64800-g64800,,,,,,,,G64800-032-2XL,,Color,Navy,,Size,2XL,,,,,,,,TRUE,,,,,,shopify,300,deny,220,g,TRUE,manual,,,,https://cdn.shopify.com/s/files/1/0746/6817/9644/files/000059_032_front_b760bfcb-5ab3-4313-9533-1a308cc54360.jpg?v=1779391659,,,,navy,,,,,,,,,,,,,,
,gildan-64800-g64800,,,,,,,,G64800-032-3XL,,Color,Navy,,Size,3XL,,,,,,,,TRUE,,,,,,shopify,300,deny,220,g,TRUE,manual,,,,https://cdn.shopify.com/s/files/1/0746/6817/9644/files/000059_032_front_b760bfcb-5ab3-4313-9533-1a308cc54360.jpg?v=1779391659,,,,navy,,,,,,,,,,,,,,
,gildan-64800-g64800,,,,,,,,G64800-032-4XL,,Color,Navy,,Size,4XL,,,,,,,,TRUE,,,,,,shopify,300,deny,220,g,TRUE,manual,,,,https://cdn.shopify.com/s/files/1/0746/6817/9644/files/000059_032_front_b760bfcb-5ab3-4313-9533-1a308cc54360.jpg?v=1779391659,,,,navy,,,,,,,,,,,,,,
,gildan-64800-g64800,,,,,,,,,,,,,,,,,,,,,,,,,,,,,,,,,,,https://cdn.shopify.com/s/files/1/0746/6817/9644/files/000059_032_back_8b63a2c9-583b-4fc2-a29d-3b0c2743c892.jpg?v=1779391656,28,Gildan® 64800 — Navy — back view,,,,,,,,,,,,,,,,,,,
,gildan-64800-g64800,,,,,,,,,,,,,,,,,,,,,,,,,,,,,,,,,,,https://cdn.shopify.com/s/files/1/0746/6817/9644/files/000059_032_left_a7f0ca19-b58b-4de3-93f2-eaa44e21a2ba.jpg?v=1779391660,29,Gildan® 64800 — Navy — left side view,,,,,,,,,,,,,,,,,,,
,gildan-64800-g64800,,,,,,,,,,,,,,,,,,,,,,,,,,,,,,,,,,,https://cdn.shopify.com/s/files/1/0746/6817/9644/files/000059_032_right_4afacbc3-abbc-4b51-b849-c2fd096beb5b.jpg?v=1779391662,30,Gildan® 64800 — Navy — right side view,,,,,,,,,,,,,,,,,,,
,gildan-64800-g64800,,,,,,,,,,,,,,,,,,,,,,,,,,,,,,,,,,,https://cdn.shopify.com/s/files/1/0746/6817/9644/files/000059_032_neckline_5192b3c6-79af-43b4-a55e-6593bb088f8c.jpg?v=1779391662,31,Gildan® 64800 — Navy — neckline detail,,,,,,,,,,,,,,,,,,,
,gildan-64800-g64800,,,,,,,,,,,,,,,,,,,,,,,,,,,,,,,,,,,https://cdn.shopify.com/s/files/1/0746/6817/9644/files/000059_032_fabric_63c9e10d-5032-49b6-a222-6bdcc519d784.jpg?v=1779391658,32,Gildan® 64800 — Navy — fabric detail,,,,,,,,,,,,,,,,,,,
,gildan-64800-g64800,,,,,,,,,,,,,,,,,,,,,,,,,,,,,,,,,,,https://cdn.shopify.com/s/files/1/0746/6817/9644/files/000059_032_front_f.jpg?v=1779391659,33,Gildan® 64800 — Navy — front view (women's fit),,,,,,,,,,,,,,,,,,,
,gildan-64800-g64800,,,,,,,,,,,,,,,,,,,,,,,,,,,,,,,,,,,https://cdn.shopify.com/s/files/1/0746/6817/9644/files/000059_032_back_f.jpg?v=1779391657,34,Gildan® 64800 — Navy — back view (women's fit),,,,,,,,,,,,,,,,,,,
,gildan-64800-g64800,,,,,,,,G64800-036-S,,Color,Black,,Size,S,,,,,,,,TRUE,,,,,,shopify,300,deny,220,g,TRUE,manual,https://cdn.shopify.com/s/files/1/0746/6817/9644/files/000060_036_front_b2c4464e-d365-419d-a0f2-fbf7a422b27a.jpg?v=1779391667,3,Gildan® 64800 — Black — front view,https://cdn.shopify.com/s/files/1/0746/6817/9644/files/000060_036_front_b2c4464e-d365-419d-a0f2-fbf7a422b27a.jpg?v=1779391667,,,,black,,,,,,,,,,,,,,
,gildan-64800-g64800,,,,,,,,G64800-036-M,,Color,Black,,Size,M,,,,,,,,TRUE,,,,,,shopify,300,deny,220,g,TRUE,manual,,,,https://cdn.shopify.com/s/files/1/0746/6817/9644/files/000060_036_front_b2c4464e-d365-419d-a0f2-fbf7a422b27a.jpg?v=1779391667,,,,black,,,,,,,,,,,,,,
,gildan-64800-g64800,,,,,,,,G64800-036-L,,Color,Black,,Size,L,,,,,,,,TRUE,,,,,,shopify,300,deny,220,g,TRUE,manual,,,,https://cdn.shopify.com/s/files/1/0746/6817/9644/files/000060_036_front_b2c4464e-d365-419d-a0f2-fbf7a422b27a.jpg?v=1779391667,,,,black,,,,,,,,,,,,,,
,gildan-64800-g64800,,,,,,,,G64800-036-XL,,Color,Black,,Size,XL,,,,,,,,TRUE,,,,,,shopify,300,deny,220,g,TRUE,manual,,,,https://cdn.shopify.com/s/files/1/0746/6817/9644/files/000060_036_front_b2c4464e-d365-419d-a0f2-fbf7a422b27a.jpg?v=1779391667,,,,black,,,,,,,,,,,,,,
,gildan-64800-g64800,,,,,,,,G64800-036-2XL,,Color,Black,,Size,2XL,,,,,,,,TRUE,,,,,,shopify,300,deny,220,g,TRUE,manual,,,,https://cdn.shopify.com/s/files/1/0746/6817/9644/files/000060_036_front_b2c4464e-d365-419d-a0f2-fbf7a422b27a.jpg?v=1779391667,,,,black,,,,,,,,,,,,,,
,gildan-64800-g64800,,,,,,,,G64800-036-3XL,,Color,Black,,Size,3XL,,,,,,,,TRUE,,,,,,shopify,300,deny,220,g,TRUE,manual,,,,https://cdn.shopify.com/s/files/1/0746/6817/9644/files/000060_036_front_b2c4464e-d365-419d-a0f2-fbf7a422b27a.jpg?v=1779391667,,,,black,,,,,,,,,,,,,,
,gildan-64800-g64800,,,,,,,,G64800-036-4XL,,Color,Black,,Size,4XL,,,,,,,,TRUE,,,,,,shopify,300,deny,220,g,TRUE,manual,,,,https://cdn.shopify.com/s/files/1/0746/6817/9644/files/000060_036_front_b2c4464e-d365-419d-a0f2-fbf7a422b27a.jpg?v=1779391667,,,,black,,,,,,,,,,,,,,
,gildan-64800-g64800,,,,,,,,,,,,,,,,,,,,,,,,,,,,,,,,,,,https://cdn.shopify.com/s/files/1/0746/6817/9644/files/000060_036_back_561375fa-8487-405f-89a0-3741fac7ec81.jpg?v=1779391663,4,Gildan® 64800 — Black — back view,,,,,,,,,,,,,,,,,,,
,gildan-64800-g64800,,,,,,,,,,,,,,,,,,,,,,,,,,,,,,,,,,,https://cdn.shopify.com/s/files/1/0746/6817/9644/files/000060_036_left_9a464ab3-f379-4228-91b3-ce9dc81d397e.jpg?v=1779391667,5,Gildan® 64800 — Black — left side view,,,,,,,,,,,,,,,,,,,
,gildan-64800-g64800,,,,,,,,,,,,,,,,,,,,,,,,,,,,,,,,,,,https://cdn.shopify.com/s/files/1/0746/6817/9644/files/000060_036_right_965014e3-dfed-40c4-9680-0f84d05a605e.jpg?v=1779391670,6,Gildan® 64800 — Black — right side view,,,,,,,,,,,,,,,,,,,
,gildan-64800-g64800,,,,,,,,,,,,,,,,,,,,,,,,,,,,,,,,,,,https://cdn.shopify.com/s/files/1/0746/6817/9644/files/000060_036_neckline_5e933d93-945a-4368-b39e-d4c470bfe1d1.jpg?v=1779391669,7,Gildan® 64800 — Black — neckline detail,,,,,,,,,,,,,,,,,,,
,gildan-64800-g64800,,,,,,,,,,,,,,,,,,,,,,,,,,,,,,,,,,,https://cdn.shopify.com/s/files/1/0746/6817/9644/files/000060_036_fabric_327987a3-8881-4991-8ae7-acb68339e4ad.jpg?v=1779391665,8,Gildan® 64800 — Black — fabric detail,,,,,,,,,,,,,,,,,,,
,gildan-64800-g64800,,,,,,,,,,,,,,,,,,,,,,,,,,,,,,,,,,,https://cdn.shopify.com/s/files/1/0746/6817/9644/files/000060_036_front_f.jpg?v=1779391667,9,Gildan® 64800 — Black — front view (women's fit),,,,,,,,,,,,,,,,,,,
,gildan-64800-g64800,,,,,,,,,,,,,,,,,,,,,,,,,,,,,,,,,,,https://cdn.shopify.com/s/files/1/0746/6817/9644/files/000060_036_back_f.jpg?v=1779391664,10,Gildan® 64800 — Black — back view (women's fit),,,,,,,,,,,,,,,,,,,
,gildan-64800-g64800,,,,,,,,G64800-040-S,,Color,Red,,Size,S,,,,,,,,TRUE,,,,,,shopify,300,deny,220,g,TRUE,manual,https://cdn.shopify.com/s/files/1/0746/6817/9644/files/000061_040_front_95a8da82-7194-4f49-89c4-317a4789a406.jpg?v=1779391674,35,Gildan® 64800 — Red — front view,https://cdn.shopify.com/s/files/1/0746/6817/9644/files/000061_040_front_95a8da82-7194-4f49-89c4-317a4789a406.jpg?v=1779391674,,,,red,,,,,,,,,,,,,,
,gildan-64800-g64800,,,,,,,,G64800-040-M,,Color,Red,,Size,M,,,,,,,,TRUE,,,,,,shopify,300,deny,220,g,TRUE,manual,,,,https://cdn.shopify.com/s/files/1/0746/6817/9644/files/000061_040_front_95a8da82-7194-4f49-89c4-317a4789a406.jpg?v=1779391674,,,,red,,,,,,,,,,,,,,
,gildan-64800-g64800,,,,,,,,G64800-040-L,,Color,Red,,Size,L,,,,,,,,TRUE,,,,,,shopify,300,deny,220,g,TRUE,manual,,,,https://cdn.shopify.com/s/files/1/0746/6817/9644/files/000061_040_front_95a8da82-7194-4f49-89c4-317a4789a406.jpg?v=1779391674,,,,red,,,,,,,,,,,,,,
,gildan-64800-g64800,,,,,,,,G64800-040-XL,,Color,Red,,Size,XL,,,,,,,,TRUE,,,,,,shopify,300,deny,220,g,TRUE,manual,,,,https://cdn.shopify.com/s/files/1/0746/6817/9644/files/000061_040_front_95a8da82-7194-4f49-89c4-317a4789a406.jpg?v=1779391674,,,,red,,,,,,,,,,,,,,
,gildan-64800-g64800,,,,,,,,G64800-040-2XL,,Color,Red,,Size,2XL,,,,,,,,TRUE,,,,,,shopify,300,deny,220,g,TRUE,manual,,,,https://cdn.shopify.com/s/files/1/0746/6817/9644/files/000061_040_front_95a8da82-7194-4f49-89c4-317a4789a406.jpg?v=1779391674,,,,red,,,,,,,,,,,,,,
,gildan-64800-g64800,,,,,,,,G64800-040-3XL,,Color,Red,,Size,3XL,,,,,,,,TRUE,,,,,,shopify,300,deny,220,g,TRUE,manual,,,,https://cdn.shopify.com/s/files/1/0746/6817/9644/files/000061_040_front_95a8da82-7194-4f49-89c4-317a4789a406.jpg?v=1779391674,,,,red,,,,,,,,,,,,,,
,gildan-64800-g64800,,,,,,,,G64800-040-4XL,,Color,Red,,Size,4XL,,,,,,,,TRUE,,,,,,shopify,300,deny,220,g,TRUE,manual,,,,https://cdn.shopify.com/s/files/1/0746/6817/9644/files/000061_040_front_95a8da82-7194-4f49-89c4-317a4789a406.jpg?v=1779391674,,,,red,,,,,,,,,,,,,,
,gildan-64800-g64800,,,,,,,,,,,,,,,,,,,,,,,,,,,,,,,,,,,https://cdn.shopify.com/s/files/1/0746/6817/9644/files/000061_040_back_af23b0ae-643d-4a90-8868-da9d0d18ac89.jpg?v=1779391670,36,Gildan® 64800 — Red — back view,,,,,,,,,,,,,,,,,,,
,gildan-64800-g64800,,,,,,,,,,,,,,,,,,,,,,,,,,,,,,,,,,,https://cdn.shopify.com/s/files/1/0746/6817/9644/files/000061_040_left_6834292c-cb86-429e-8a90-04d85d9049ac.jpg?v=1779391675,37,Gildan® 64800 — Red — left side view,,,,,,,,,,,,,,,,,,,
,gildan-64800-g64800,,,,,,,,,,,,,,,,,,,,,,,,,,,,,,,,,,,https://cdn.shopify.com/s/files/1/0746/6817/9644/files/000061_040_right_0a6896a2-eaea-45c6-bca6-8fbbf9006d81.jpg?v=1779391678,38,Gildan® 64800 — Red — right side view,,,,,,,,,,,,,,,,,,,
,gildan-64800-g64800,,,,,,,,,,,,,,,,,,,,,,,,,,,,,,,,,,,https://cdn.shopify.com/s/files/1/0746/6817/9644/files/000061_040_neckline_9439bf69-ddb6-41fa-b9f4-ba005646d0c6.jpg?v=1779391677,39,Gildan® 64800 — Red — neckline detail,,,,,,,,,,,,,,,,,,,
,gildan-64800-g64800,,,,,,,,,,,,,,,,,,,,,,,,,,,,,,,,,,,https://cdn.shopify.com/s/files/1/0746/6817/9644/files/000061_040_fabric_5e5a47cf-c067-40d3-8af4-f3729efa8a24.jpg?v=1779391672,40,Gildan® 64800 — Red — fabric detail,,,,,,,,,,,,,,,,,,,
,gildan-64800-g64800,,,,,,,,,,,,,,,,,,,,,,,,,,,,,,,,,,,https://cdn.shopify.com/s/files/1/0746/6817/9644/files/000061_040_front_f.jpg?v=1779391675,41,Gildan® 64800 — Red — front view (women's fit),,,,,,,,,,,,,,,,,,,
,gildan-64800-g64800,,,,,,,,,,,,,,,,,,,,,,,,,,,,,,,,,,,https://cdn.shopify.com/s/files/1/0746/6817/9644/files/000061_040_back_f.jpg?v=1779391672,42,Gildan® 64800 — Red — back view (women's fit),,,,,,,,,,,,,,,,,,,
,gildan-64800-g64800,,,,,,,,G64800-051-S,,Color,Royal Blue,,Size,S,,,,,,,,TRUE,,,,,,shopify,300,deny,220,g,TRUE,manual,https://cdn.shopify.com/s/files/1/0746/6817/9644/files/000062_051_front_824fc2c4-54dd-45e1-a357-3ede58e3b0c2.png?v=1779391683,43,Gildan® 64800 — Royal Blue — front view,https://cdn.shopify.com/s/files/1/0746/6817/9644/files/000062_051_front_824fc2c4-54dd-45e1-a357-3ede58e3b0c2.png?v=1779391683,,,,royal blue,,,,,,,,,,,,,,
,gildan-64800-g64800,,,,,,,,G64800-051-M,,Color,Royal Blue,,Size,M,,,,,,,,TRUE,,,,,,shopify,300,deny,220,g,TRUE,manual,,,,https://cdn.shopify.com/s/files/1/0746/6817/9644/files/000062_051_front_824fc2c4-54dd-45e1-a357-3ede58e3b0c2.png?v=1779391683,,,,royal blue,,,,,,,,,,,,,,
,gildan-64800-g64800,,,,,,,,G64800-051-L,,Color,Royal Blue,,Size,L,,,,,,,,TRUE,,,,,,shopify,300,deny,220,g,TRUE,manual,,,,https://cdn.shopify.com/s/files/1/0746/6817/9644/files/000062_051_front_824fc2c4-54dd-45e1-a357-3ede58e3b0c2.png?v=1779391683,,,,royal blue,,,,,,,,,,,,,,
,gildan-64800-g64800,,,,,,,,G64800-051-XL,,Color,Royal Blue,,Size,XL,,,,,,,,TRUE,,,,,,shopify,300,deny,220,g,TRUE,manual,,,,https://cdn.shopify.com/s/files/1/0746/6817/9644/files/000062_051_front_824fc2c4-54dd-45e1-a357-3ede58e3b0c2.png?v=1779391683,,,,royal blue,,,,,,,,,,,,,,
,gildan-64800-g64800,,,,,,,,G64800-051-2XL,,Color,Royal Blue,,Size,2XL,,,,,,,,TRUE,,,,,,shopify,300,deny,220,g,TRUE,manual,,,,https://cdn.shopify.com/s/files/1/0746/6817/9644/files/000062_051_front_824fc2c4-54dd-45e1-a357-3ede58e3b0c2.png?v=1779391683,,,,royal blue,,,,,,,,,,,,,,
,gildan-64800-g64800,,,,,,,,G64800-051-3XL,,Color,Royal Blue,,Size,3XL,,,,,,,,TRUE,,,,,,shopify,300,deny,220,g,TRUE,manual,,,,https://cdn.shopify.com/s/files/1/0746/6817/9644/files/000062_051_front_824fc2c4-54dd-45e1-a357-3ede58e3b0c2.png?v=1779391683,,,,royal blue,,,,,,,,,,,,,,
,gildan-64800-g64800,,,,,,,,G64800-051-4XL,,Color,Royal Blue,,Size,4XL,,,,,,,,TRUE,,,,,,shopify,300,deny,220,g,TRUE,manual,,,,https://cdn.shopify.com/s/files/1/0746/6817/9644/files/000062_051_front_824fc2c4-54dd-45e1-a357-3ede58e3b0c2.png?v=1779391683,,,,royal blue,,,,,,,,,,,,,,
,gildan-64800-g64800,,,,,,,,,,,,,,,,,,,,,,,,,,,,,,,,,,,https://cdn.shopify.com/s/files/1/0746/6817/9644/files/000062_051_back_4a1c6774-ffef-4691-b2e1-e4c4d149ef4e.png?v=1779391679,44,Gildan® 64800 — Royal Blue — back view,,,,,,,,,,,,,,,,,,,
,gildan-64800-g64800,,,,,,,,,,,,,,,,,,,,,,,,,,,,,,,,,,,https://cdn.shopify.com/s/files/1/0746/6817/9644/files/000062_051_left_bc46119a-93f2-4c58-ba2b-4627f407df3d.png?v=1779391685,45,Gildan® 64800 — Royal Blue — left side view,,,,,,,,,,,,,,,,,,,
,gildan-64800-g64800,,,,,,,,,,,,,,,,,,,,,,,,,,,,,,,,,,,https://cdn.shopify.com/s/files/1/0746/6817/9644/files/000062_051_right_84d0957d-5c5c-4b28-9f7f-d1521858b902.png?v=1779391687,46,Gildan® 64800 — Royal Blue — right side view,,,,,,,,,,,,,,,,,,,
,gildan-64800-g64800,,,,,,,,,,,,,,,,,,,,,,,,,,,,,,,,,,,https://cdn.shopify.com/s/files/1/0746/6817/9644/files/000062_051_neckline_18944462-bdc6-4171-a224-8bdea6266316.png?v=1779391686,47,Gildan® 64800 — Royal Blue — neckline detail,,,,,,,,,,,,,,,,,,,
,gildan-64800-g64800,,,,,,,,,,,,,,,,,,,,,,,,,,,,,,,,,,,https://cdn.shopify.com/s/files/1/0746/6817/9644/files/000062_051_fabric_a8b43ada-b17d-41e1-af4d-e8b01e3a8ef2.png?v=1779391682,48,Gildan® 64800 — Royal Blue — fabric detail,,,,,,,,,,,,,,,,,,,
,gildan-64800-g64800,,,,,,,,,,,,,,,,,,,,,,,,,,,,,,,,,,,https://cdn.shopify.com/s/files/1/0746/6817/9644/files/000062_051_front_f.png?v=1779391684,49,Gildan® 64800 — Royal Blue — front view (women's fit),,,,,,,,,,,,,,,,,,,
,gildan-64800-g64800,,,,,,,,,,,,,,,,,,,,,,,,,,,,,,,,,,,https://cdn.shopify.com/s/files/1/0746/6817/9644/files/000062_051_back_f.png?v=1779391680,50,Gildan® 64800 — Royal Blue — back view (women's fit),,,,,,,,,,,,,,,,,,,
,gildan-64800-g64800,,,,,,,,G64800-098-S,,Color,Daisy,,Size,S,,,,,,,,TRUE,,,,,,shopify,300,deny,220,g,TRUE,manual,https://cdn.shopify.com/s/files/1/0746/6817/9644/files/000064_098_front_a1864ba7-54e4-46d8-b203-57c252fe49de.jpg?v=1779391699,51,Gildan® 64800 — Daisy — front view,https://cdn.shopify.com/s/files/1/0746/6817/9644/files/000064_098_front_a1864ba7-54e4-46d8-b203-57c252fe49de.jpg?v=1779391699,,,,daisy,,,,,,,,,,,,,,
,gildan-64800-g64800,,,,,,,,G64800-098-M,,Color,Daisy,,Size,M,,,,,,,,TRUE,,,,,,shopify,300,deny,220,g,TRUE,manual,,,,https://cdn.shopify.com/s/files/1/0746/6817/9644/files/000064_098_front_a1864ba7-54e4-46d8-b203-57c252fe49de.jpg?v=1779391699,,,,daisy,,,,,,,,,,,,,,
,gildan-64800-g64800,,,,,,,,G64800-098-L,,Color,Daisy,,Size,L,,,,,,,,TRUE,,,,,,shopify,300,deny,220,g,TRUE,manual,,,,https://cdn.shopify.com/s/files/1/0746/6817/9644/files/000064_098_front_a1864ba7-54e4-46d8-b203-57c252fe49de.jpg?v=1779391699,,,,daisy,,,,,,,,,,,,,,
,gildan-64800-g64800,,,,,,,,G64800-098-XL,,Color,Daisy,,Size,XL,,,,,,,,TRUE,,,,,,shopify,300,deny,220,g,TRUE,manual,,,,https://cdn.shopify.com/s/files/1/0746/6817/9644/files/000064_098_front_a1864ba7-54e4-46d8-b203-57c252fe49de.jpg?v=1779391699,,,,daisy,,,,,,,,,,,,,,
,gildan-64800-g64800,,,,,,,,G64800-098-2XL,,Color,Daisy,,Size,2XL,,,,,,,,TRUE,,,,,,shopify,300,deny,220,g,TRUE,manual,,,,https://cdn.shopify.com/s/files/1/0746/6817/9644/files/000064_098_front_a1864ba7-54e4-46d8-b203-57c252fe49de.jpg?v=1779391699,,,,daisy,,,,,,,,,,,,,,
,gildan-64800-g64800,,,,,,,,G64800-098-3XL,,Color,Daisy,,Size,3XL,,,,,,,,TRUE,,,,,,shopify,300,deny,220,g,TRUE,manual,,,,https://cdn.shopify.com/s/files/1/0746/6817/9644/files/000064_098_front_a1864ba7-54e4-46d8-b203-57c252fe49de.jpg?v=1779391699,,,,daisy,,,,,,,,,,,,,,
,gildan-64800-g64800,,,,,,,,G64800-098-4XL,,Color,Daisy,,Size,4XL,,,,,,,,TRUE,,,,,,shopify,300,deny,220,g,TRUE,manual,,,,https://cdn.shopify.com/s/files/1/0746/6817/9644/files/000064_098_front_a1864ba7-54e4-46d8-b203-57c252fe49de.jpg?v=1779391699,,,,daisy,,,,,,,,,,,,,,
,gildan-64800-g64800,,,,,,,,,,,,,,,,,,,,,,,,,,,,,,,,,,,https://cdn.shopify.com/s/files/1/0746/6817/9644/files/000064_098_back_ba6dc4b7-06b4-48e1-9f88-78520bfa6180.jpg?v=1779391695,52,Gildan® 64800 — Daisy — back view,,,,,,,,,,,,,,,,,,,
,gildan-64800-g64800,,,,,,,,,,,,,,,,,,,,,,,,,,,,,,,,,,,https://cdn.shopify.com/s/files/1/0746/6817/9644/files/000064_098_left_cd5a002f-e8c9-4063-88d2-27caba5b437d.jpg?v=1779391701,53,Gildan® 64800 — Daisy — left side view,,,,,,,,,,,,,,,,,,,
,gildan-64800-g64800,,,,,,,,,,,,,,,,,,,,,,,,,,,,,,,,,,,https://cdn.shopify.com/s/files/1/0746/6817/9644/files/000064_098_right_3a68e3f6-539f-4738-97a5-bbe56db2e58f.jpg?v=1779391703,54,Gildan® 64800 — Daisy — right side view,,,,,,,,,,,,,,,,,,,
,gildan-64800-g64800,,,,,,,,,,,,,,,,,,,,,,,,,,,,,,,,,,,https://cdn.shopify.com/s/files/1/0746/6817/9644/files/000064_098_neckline_95c88504-3cdd-4158-8aba-8c05e1757480.jpg?v=1779391702,55,Gildan® 64800 — Daisy — neckline detail,,,,,,,,,,,,,,,,,,,
,gildan-64800-g64800,,,,,,,,,,,,,,,,,,,,,,,,,,,,,,,,,,,https://cdn.shopify.com/s/files/1/0746/6817/9644/files/000064_098_fabric_f6d7ae20-573e-4491-ac62-9bc582d6b7c2.jpg?v=1779391699,56,Gildan® 64800 — Daisy — fabric detail,,,,,,,,,,,,,,,,,,,
,gildan-64800-g64800,,,,,,,,,,,,,,,,,,,,,,,,,,,,,,,,,,,https://cdn.shopify.com/s/files/1/0746/6817/9644/files/000064_098_front_f.jpg?v=1779391700,57,Gildan® 64800 — Daisy — front view (women's fit),,,,,,,,,,,,,,,,,,,
,gildan-64800-g64800,,,,,,,,,,,,,,,,,,,,,,,,,,,,,,,,,,,https://cdn.shopify.com/s/files/1/0746/6817/9644/files/000064_098_back_f.jpg?v=1779391696,58,Gildan® 64800 — Daisy — back view (women's fit),,,,,,,,,,,,,,,,,,,
,gildan-64800-g64800,,,,,,,,G64800-194-S,,Color,Cherry Red,,Size,S,,,,,,,,TRUE,,,,,,shopify,300,deny,220,g,TRUE,manual,https://cdn.shopify.com/s/files/1/0746/6817/9644/files/000065_194_front_9e9a8d39-18f8-4ab6-96e5-bc0f5ddd7588.jpg?v=1779391707,59,Gildan® 64800 — Cherry Red — front view,https://cdn.shopify.com/s/files/1/0746/6817/9644/files/000065_194_front_9e9a8d39-18f8-4ab6-96e5-bc0f5ddd7588.jpg?v=1779391707,,,,cherry red,,,,,,,,,,,,,,
,gildan-64800-g64800,,,,,,,,G64800-194-M,,Color,Cherry Red,,Size,M,,,,,,,,TRUE,,,,,,shopify,300,deny,220,g,TRUE,manual,,,,https://cdn.shopify.com/s/files/1/0746/6817/9644/files/000065_194_front_9e9a8d39-18f8-4ab6-96e5-bc0f5ddd7588.jpg?v=1779391707,,,,cherry red,,,,,,,,,,,,,,
,gildan-64800-g64800,,,,,,,,G64800-194-L,,Color,Cherry Red,,Size,L,,,,,,,,TRUE,,,,,,shopify,300,deny,220,g,TRUE,manual,,,,https://cdn.shopify.com/s/files/1/0746/6817/9644/files/000065_194_front_9e9a8d39-18f8-4ab6-96e5-bc0f5ddd7588.jpg?v=1779391707,,,,cherry red,,,,,,,,,,,,,,
,gildan-64800-g64800,,,,,,,,G64800-194-XL,,Color,Cherry Red,,Size,XL,,,,,,,,TRUE,,,,,,shopify,300,deny,220,g,TRUE,manual,,,,https://cdn.shopify.com/s/files/1/0746/6817/9644/files/000065_194_front_9e9a8d39-18f8-4ab6-96e5-bc0f5ddd7588.jpg?v=1779391707,,,,cherry red,,,,,,,,,,,,,,
,gildan-64800-g64800,,,,,,,,G64800-194-2XL,,Color,Cherry Red,,Size,2XL,,,,,,,,TRUE,,,,,,shopify,300,deny,220,g,TRUE,manual,,,,https://cdn.shopify.com/s/files/1/0746/6817/9644/files/000065_194_front_9e9a8d39-18f8-4ab6-96e5-bc0f5ddd7588.jpg?v=1779391707,,,,cherry red,,,,,,,,,,,,,,
,gildan-64800-g64800,,,,,,,,G64800-194-3XL,,Color,Cherry Red,,Size,3XL,,,,,,,,TRUE,,,,,,shopify,300,deny,220,g,TRUE,manual,,,,https://cdn.shopify.com/s/files/1/0746/6817/9644/files/000065_194_front_9e9a8d39-18f8-4ab6-96e5-bc0f5ddd7588.jpg?v=1779391707,,,,cherry red,,,,,,,,,,,,,,
,gildan-64800-g64800,,,,,,,,G64800-194-4XL,,Color,Cherry Red,,Size,4XL,,,,,,,,TRUE,,,,,,shopify,300,deny,220,g,TRUE,manual,,,,https://cdn.shopify.com/s/files/1/0746/6817/9644/files/000065_194_front_9e9a8d39-18f8-4ab6-96e5-bc0f5ddd7588.jpg?v=1779391707,,,,cherry red,,,,,,,,,,,,,,
,gildan-64800-g64800,,,,,,,,,,,,,,,,,,,,,,,,,,,,,,,,,,,https://cdn.shopify.com/s/files/1/0746/6817/9644/files/000065_194_back_c9004582-3de4-4e3e-9520-07225b0cdafc.jpg?v=1779391703,60,Gildan® 64800 — Cherry Red — back view,,,,,,,,,,,,,,,,,,,
,gildan-64800-g64800,,,,,,,,,,,,,,,,,,,,,,,,,,,,,,,,,,,https://cdn.shopify.com/s/files/1/0746/6817/9644/files/000065_194_left_4439daa5-b206-4f44-9a17-e96fd670a4ca.jpg?v=1779391709,61,Gildan® 64800 — Cherry Red — left side view,,,,,,,,,,,,,,,,,,,
,gildan-64800-g64800,,,,,,,,,,,,,,,,,,,,,,,,,,,,,,,,,,,https://cdn.shopify.com/s/files/1/0746/6817/9644/files/000065_194_right_8a834441-0fab-4cc2-b27e-3842b2eb68eb.jpg?v=1779391711,62,Gildan® 64800 — Cherry Red — right side view,,,,,,,,,,,,,,,,,,,
,gildan-64800-g64800,,,,,,,,,,,,,,,,,,,,,,,,,,,,,,,,,,,https://cdn.shopify.com/s/files/1/0746/6817/9644/files/000065_194_neckline_797d1d20-2e7b-4770-af76-6848ac2ce5d7.jpg?v=1779391709,63,Gildan® 64800 — Cherry Red — neckline detail,,,,,,,,,,,,,,,,,,,
,gildan-64800-g64800,,,,,,,,,,,,,,,,,,,,,,,,,,,,,,,,,,,https://cdn.shopify.com/s/files/1/0746/6817/9644/files/000065_194_fabric_83eea2d6-3c4f-48bb-a4d5-108d0d48b61b.jpg?v=1779391705,64,Gildan® 64800 — Cherry Red — fabric detail,,,,,,,,,,,,,,,,,,,
,gildan-64800-g64800,,,,,,,,,,,,,,,,,,,,,,,,,,,,,,,,,,,https://cdn.shopify.com/s/files/1/0746/6817/9644/files/000065_194_front_f.jpg?v=1779391708,65,Gildan® 64800 — Cherry Red — front view (women's fit),,,,,,,,,,,,,,,,,,,
,gildan-64800-g64800,,,,,,,,,,,,,,,,,,,,,,,,,,,,,,,,,,,https://cdn.shopify.com/s/files/1/0746/6817/9644/files/000065_194_back_f.jpg?v=1779391705,66,Gildan® 64800 — Cherry Red — back view (women's fit),,,,,,,,,,,,,,,,,,,
Gildan® 64V00,gildan-64v00-g64v00,"<p>Made with soft ring-spun cotton, Softstyle’s high stitch density fabric offers a smooth printing surface. Features a narrow rib V-neck collar, taped neck and shoulders, and a semi-fitted silhouette with side seams.</p><ul><li>Soft ring-spun cotton — high stitch density fabric</li><li>Semi-fitted silhouette with side seams</li><li>Narrow rib V-neck collar</li><li>Taped neck and shoulders</li><li>Tearaway label</li></ul><h4>Size Chart (inches)</h4><table><thead><tr><th>Size</th><th>Chest</th><th>Body Length</th></tr></thead><tbody><tr><td>XS</td><td>31–33</td><td>27</td></tr><tr><td>S</td><td>34–36</td><td>28</td></tr><tr><td>M</td><td>38–40</td><td>29</td></tr><tr><td>L</td><td>42–44</td><td>30</td></tr><tr><td>XL</td><td>46–48</td><td>31</td></tr><tr><td>2XL</td><td>50–52</td><td>32</td></tr><tr><td>3XL</td><td>54–56</td><td>33</td></tr><tr><td>4XL</td><td>58–60</td><td>34</td></tr><tr><td>5XL</td><td>62–64</td><td>35</td></tr></tbody></table>",Gildan,gid://shopify/TaxonomyCategory/aa-1-13-8,V-Neck T-Shirt,"V-Neck T-Shirt, Adult, Unisex, G64V00",TRUE,active,G64V00-030-XS,,Color,White,,Size,XS,,,,,,,,TRUE,,,,,,shopify,300,deny,150,g,TRUE,manual,https://cdn.shopify.com/s/files/1/0746/6817/9644/files/000041_030_front_e206def4-9d3e-4683-ad86-1a0e645f1aaf.jpg?v=1779391519,11,Gildan® 64V00 — White — front view,https://cdn.shopify.com/s/files/1/0746/6817/9644/files/000041_030_front_e206def4-9d3e-4683-ad86-1a0e645f1aaf.jpg?v=1779391519,,Gildan® 64V00,"<p>Made with soft ring-spun cotton, Softstyle’s high stitch density fabric offers a smooth printing surface. Features a narrow rib V-neck collar, taped nec",white,gid://shopify/TaxonomyCategory/aa-1-13-8,Unisex,Adult,G64V00,,,new,,,,,,,Adult V-Neck T-Shirt
,gildan-64v00-g64v00,,,,,,,,,,,,,,,,,,,,,,,,,,,,,,,,,,,https://cdn.shopify.com/s/files/1/0746/6817/9644/files/gildan-64v00_cherry-red_asian.png?v=1779475060,1,Gildan® 64V00 — Asian model — front view,,,,,,,,,,,,,,,,,,,
,gildan-64v00-g64v00,,,,,,,,,,,,,,,,,,,,,,,,,,,,,,,,,,,https://cdn.shopify.com/s/files/1/0746/6817/9644/files/gildan-64v00_royal-blue_black.png?v=1779475060,2,Gildan® 64V00 — Black model — front view,,,,,,,,,,,,,,,,,,,
,gildan-64v00-g64v00,,,,,,,,G64V00-030-S,,Color,White,,Size,S,,,,,,,,TRUE,,,,,,shopify,300,deny,150,g,TRUE,manual,,,,https://cdn.shopify.com/s/files/1/0746/6817/9644/files/000041_030_front_e206def4-9d3e-4683-ad86-1a0e645f1aaf.jpg?v=1779391519,,,,white,,,,,,,,,,,,,,
,gildan-64v00-g64v00,,,,,,,,G64V00-030-M,,Color,White,,Size,M,,,,,,,,TRUE,,,,,,shopify,300,deny,150,g,TRUE,manual,,,,https://cdn.shopify.com/s/files/1/0746/6817/9644/files/000041_030_front_e206def4-9d3e-4683-ad86-1a0e645f1aaf.jpg?v=1779391519,,,,white,,,,,,,,,,,,,,
,gildan-64v00-g64v00,,,,,,,,G64V00-030-L,,Color,White,,Size,L,,,,,,,,TRUE,,,,,,shopify,300,deny,150,g,TRUE,manual,,,,https://cdn.shopify.com/s/files/1/0746/6817/9644/files/000041_030_front_e206def4-9d3e-4683-ad86-1a0e645f1aaf.jpg?v=1779391519,,,,white,,,,,,,,,,,,,,
,gildan-64v00-g64v00,,,,,,,,G64V00-030-XL,,Color,White,,Size,XL,,,,,,,,TRUE,,,,,,shopify,300,deny,150,g,TRUE,manual,,,,https://cdn.shopify.com/s/files/1/0746/6817/9644/files/000041_030_front_e206def4-9d3e-4683-ad86-1a0e645f1aaf.jpg?v=1779391519,,,,white,,,,,,,,,,,,,,
,gildan-64v00-g64v00,,,,,,,,G64V00-030-2XL,,Color,White,,Size,2XL,,,,,,,,TRUE,,,,,,shopify,300,deny,150,g,TRUE,manual,,,,https://cdn.shopify.com/s/files/1/0746/6817/9644/files/000041_030_front_e206def4-9d3e-4683-ad86-1a0e645f1aaf.jpg?v=1779391519,,,,white,,,,,,,,,,,,,,
,gildan-64v00-g64v00,,,,,,,,G64V00-030-3XL,,Color,White,,Size,3XL,,,,,,,,TRUE,,,,,,shopify,300,deny,150,g,TRUE,manual,,,,https://cdn.shopify.com/s/files/1/0746/6817/9644/files/000041_030_front_e206def4-9d3e-4683-ad86-1a0e645f1aaf.jpg?v=1779391519,,,,white,,,,,,,,,,,,,,
,gildan-64v00-g64v00,,,,,,,,,,,,,,,,,,,,,,,,,,,,,,,,,,,https://cdn.shopify.com/s/files/1/0746/6817/9644/files/000041_030_back_03adb76c-f090-49bd-ac5c-50b63763f408.jpg?v=1779391516,12,Gildan® 64V00 — White — back view,,,,,,,,,,,,,,,,,,,
,gildan-64v00-g64v00,,,,,,,,,,,,,,,,,,,,,,,,,,,,,,,,,,,https://cdn.shopify.com/s/files/1/0746/6817/9644/files/000041_030_left_789cf8d5-7799-40a7-a1da-b8b54b0ceb13.jpg?v=1779391522,13,Gildan® 64V00 — White — left side view,,,,,,,,,,,,,,,,,,,
,gildan-64v00-g64v00,,,,,,,,,,,,,,,,,,,,,,,,,,,,,,,,,,,https://cdn.shopify.com/s/files/1/0746/6817/9644/files/000041_030_right_a62b87e1-60e0-444c-a6d5-3085a3e9322c.jpg?v=1779391525,14,Gildan® 64V00 — White — right side view,,,,,,,,,,,,,,,,,,,
,gildan-64v00-g64v00,,,,,,,,,,,,,,,,,,,,,,,,,,,,,,,,,,,https://cdn.shopify.com/s/files/1/0746/6817/9644/files/000041_030_neckline_2de02ff6-bc3a-48f5-bb3b-704fc2c12b23.jpg?v=1779391522,15,Gildan® 64V00 — White — neckline detail,,,,,,,,,,,,,,,,,,,
,gildan-64v00-g64v00,,,,,,,,,,,,,,,,,,,,,,,,,,,,,,,,,,,https://cdn.shopify.com/s/files/1/0746/6817/9644/files/000041_030_fabric_87e0f2d8-47b4-4d93-8661-b231d57a0cc1.jpg?v=1779391518,16,Gildan® 64V00 — White — fabric detail,,,,,,,,,,,,,,,,,,,
,gildan-64v00-g64v00,,,,,,,,,,,,,,,,,,,,,,,,,,,,,,,,,,,https://cdn.shopify.com/s/files/1/0746/6817/9644/files/000041_030_front_f.jpg?v=1779391521,17,Gildan® 64V00 — White — front view (women's fit),,,,,,,,,,,,,,,,,,,
,gildan-64v00-g64v00,,,,,,,,,,,,,,,,,,,,,,,,,,,,,,,,,,,https://cdn.shopify.com/s/files/1/0746/6817/9644/files/000041_030_back_f.jpg?v=1779391518,18,Gildan® 64V00 — White — back view (women's fit),,,,,,,,,,,,,,,,,,,
,gildan-64v00-g64v00,,,,,,,,G64V00-032-XS,,Color,Navy,,Size,XS,,,,,,,,TRUE,,,,,,shopify,300,deny,150,g,TRUE,manual,https://cdn.shopify.com/s/files/1/0746/6817/9644/files/000084_032_front_dc929a2b-6844-436b-9d33-e8adf096361c.jpg?v=1779391724,19,Gildan® 64V00 — Navy — front view,https://cdn.shopify.com/s/files/1/0746/6817/9644/files/000084_032_front_dc929a2b-6844-436b-9d33-e8adf096361c.jpg?v=1779391724,,,,navy,,,,,,,,,,,,,,
,gildan-64v00-g64v00,,,,,,,,G64V00-032-S,,Color,Navy,,Size,S,,,,,,,,TRUE,,,,,,shopify,300,deny,150,g,TRUE,manual,,,,https://cdn.shopify.com/s/files/1/0746/6817/9644/files/000084_032_front_dc929a2b-6844-436b-9d33-e8adf096361c.jpg?v=1779391724,,,,navy,,,,,,,,,,,,,,
,gildan-64v00-g64v00,,,,,,,,G64V00-032-M,,Color,Navy,,Size,M,,,,,,,,TRUE,,,,,,shopify,300,deny,150,g,TRUE,manual,,,,https://cdn.shopify.com/s/files/1/0746/6817/9644/files/000084_032_front_dc929a2b-6844-436b-9d33-e8adf096361c.jpg?v=1779391724,,,,navy,,,,,,,,,,,,,,
,gildan-64v00-g64v00,,,,,,,,G64V00-032-L,,Color,Navy,,Size,L,,,,,,,,TRUE,,,,,,shopify,300,deny,150,g,TRUE,manual,,,,https://cdn.shopify.com/s/files/1/0746/6817/9644/files/000084_032_front_dc929a2b-6844-436b-9d33-e8adf096361c.jpg?v=1779391724,,,,navy,,,,,,,,,,,,,,
,gildan-64v00-g64v00,,,,,,,,G64V00-032-XL,,Color,Navy,,Size,XL,,,,,,,,TRUE,,,,,,shopify,300,deny,150,g,TRUE,manual,,,,https://cdn.shopify.com/s/files/1/0746/6817/9644/files/000084_032_front_dc929a2b-6844-436b-9d33-e8adf096361c.jpg?v=1779391724,,,,navy,,,,,,,,,,,,,,
,gildan-64v00-g64v00,,,,,,,,G64V00-032-2XL,,Color,Navy,,Size,2XL,,,,,,,,TRUE,,,,,,shopify,300,deny,150,g,TRUE,manual,,,,https://cdn.shopify.com/s/files/1/0746/6817/9644/files/000084_032_front_dc929a2b-6844-436b-9d33-e8adf096361c.jpg?v=1779391724,,,,navy,,,,,,,,,,,,,,
,gildan-64v00-g64v00,,,,,,,,G64V00-032-3XL,,Color,Navy,,Size,3XL,,,,,,,,TRUE,,,,,,shopify,300,deny,150,g,TRUE,manual,,,,https://cdn.shopify.com/s/files/1/0746/6817/9644/files/000084_032_front_dc929a2b-6844-436b-9d33-e8adf096361c.jpg?v=1779391724,,,,navy,,,,,,,,,,,,,,
,gildan-64v00-g64v00,,,,,,,,,,,,,,,,,,,,,,,,,,,,,,,,,,,https://cdn.shopify.com/s/files/1/0746/6817/9644/files/000084_032_back_ed5fcf1e-3cf8-4db2-b37f-05a6e03e443c.jpg?v=1779391721,20,Gildan® 64V00 — Navy — back view,,,,,,,,,,,,,,,,,,,
,gildan-64v00-g64v00,,,,,,,,,,,,,,,,,,,,,,,,,,,,,,,,,,,https://cdn.shopify.com/s/files/1/0746/6817/9644/files/000084_032_left_ab33da16-01bb-4db0-9eff-a61d7221f82b.jpg?v=1779391726,21,Gildan® 64V00 — Navy — left side view,,,,,,,,,,,,,,,,,,,
,gildan-64v00-g64v00,,,,,,,,,,,,,,,,,,,,,,,,,,,,,,,,,,,https://cdn.shopify.com/s/files/1/0746/6817/9644/files/000084_032_right_31a1b23a-92ca-4da1-bc37-9718ddea1978.jpg?v=1779391729,22,Gildan® 64V00 — Navy — right side view,,,,,,,,,,,,,,,,,,,
,gildan-64v00-g64v00,,,,,,,,,,,,,,,,,,,,,,,,,,,,,,,,,,,https://cdn.shopify.com/s/files/1/0746/6817/9644/files/000084_032_neckline_bb5e29c4-6291-4f7b-9f7f-04be3f04c2a0.jpg?v=1779391727,23,Gildan® 64V00 — Navy — neckline detail,,,,,,,,,,,,,,,,,,,
,gildan-64v00-g64v00,,,,,,,,,,,,,,,,,,,,,,,,,,,,,,,,,,,https://cdn.shopify.com/s/files/1/0746/6817/9644/files/000084_032_fabric_b96f4209-c6d6-44c8-b81c-42d07de573aa.jpg?v=1779391724,24,Gildan® 64V00 — Navy — fabric detail,,,,,,,,,,,,,,,,,,,
,gildan-64v00-g64v00,,,,,,,,,,,,,,,,,,,,,,,,,,,,,,,,,,,https://cdn.shopify.com/s/files/1/0746/6817/9644/files/000084_032_front_f.jpg?v=1779391726,25,Gildan® 64V00 — Navy — front view (women's fit),,,,,,,,,,,,,,,,,,,
,gildan-64v00-g64v00,,,,,,,,,,,,,,,,,,,,,,,,,,,,,,,,,,,https://cdn.shopify.com/s/files/1/0746/6817/9644/files/000084_032_back_f.jpg?v=1779391724,26,Gildan® 64V00 — Navy — back view (women's fit),,,,,,,,,,,,,,,,,,,
,gildan-64v00-g64v00,,,,,,,,G64V00-036-XS,,Color,Black,,Size,XS,,,,,,,,TRUE,,,,,,shopify,300,deny,150,g,TRUE,manual,https://cdn.shopify.com/s/files/1/0746/6817/9644/files/000085_036_front_cbea839e-79a9-4ef2-becc-1972cbdb3b39.jpg?v=1779391733,27,Gildan® 64V00 — Black — front view,https://cdn.shopify.com/s/files/1/0746/6817/9644/files/000085_036_front_cbea839e-79a9-4ef2-becc-1972cbdb3b39.jpg?v=1779391733,,,,black,,,,,,,,,,,,,,
,gildan-64v00-g64v00,,,,,,,,G64V00-036-S,,Color,Black,,Size,S,,,,,,,,TRUE,,,,,,shopify,300,deny,150,g,TRUE,manual,,,,https://cdn.shopify.com/s/files/1/0746/6817/9644/files/000085_036_front_cbea839e-79a9-4ef2-becc-1972cbdb3b39.jpg?v=1779391733,,,,black,,,,,,,,,,,,,,
,gildan-64v00-g64v00,,,,,,,,G64V00-036-M,,Color,Black,,Size,M,,,,,,,,TRUE,,,,,,shopify,300,deny,150,g,TRUE,manual,,,,https://cdn.shopify.com/s/files/1/0746/6817/9644/files/000085_036_front_cbea839e-79a9-4ef2-becc-1972cbdb3b39.jpg?v=1779391733,,,,black,,,,,,,,,,,,,,
,gildan-64v00-g64v00,,,,,,,,G64V00-036-L,,Color,Black,,Size,L,,,,,,,,TRUE,,,,,,shopify,300,deny,150,g,TRUE,manual,,,,https://cdn.shopify.com/s/files/1/0746/6817/9644/files/000085_036_front_cbea839e-79a9-4ef2-becc-1972cbdb3b39.jpg?v=1779391733,,,,black,,,,,,,,,,,,,,
,gildan-64v00-g64v00,,,,,,,,G64V00-036-XL,,Color,Black,,Size,XL,,,,,,,,TRUE,,,,,,shopify,300,deny,150,g,TRUE,manual,,,,https://cdn.shopify.com/s/files/1/0746/6817/9644/files/000085_036_front_cbea839e-79a9-4ef2-becc-1972cbdb3b39.jpg?v=1779391733,,,,black,,,,,,,,,,,,,,
,gildan-64v00-g64v00,,,,,,,,G64V00-036-2XL,,Color,Black,,Size,2XL,,,,,,,,TRUE,,,,,,shopify,300,deny,150,g,TRUE,manual,,,,https://cdn.shopify.com/s/files/1/0746/6817/9644/files/000085_036_front_cbea839e-79a9-4ef2-becc-1972cbdb3b39.jpg?v=1779391733,,,,black,,,,,,,,,,,,,,
,gildan-64v00-g64v00,,,,,,,,G64V00-036-3XL,,Color,Black,,Size,3XL,,,,,,,,TRUE,,,,,,shopify,300,deny,150,g,TRUE,manual,,,,https://cdn.shopify.com/s/files/1/0746/6817/9644/files/000085_036_front_cbea839e-79a9-4ef2-becc-1972cbdb3b39.jpg?v=1779391733,,,,black,,,,,,,,,,,,,,
,gildan-64v00-g64v00,,,,,,,,,,,,,,,,,,,,,,,,,,,,,,,,,,,https://cdn.shopify.com/s/files/1/0746/6817/9644/files/000085_036_back_dedb8185-2725-44b0-babe-35052880b3c6.jpg?v=1779391729,28,Gildan® 64V00 — Black — back view,,,,,,,,,,,,,,,,,,,
,gildan-64v00-g64v00,,,,,,,,,,,,,,,,,,,,,,,,,,,,,,,,,,,https://cdn.shopify.com/s/files/1/0746/6817/9644/files/000085_036_left_c358ca22-4fcb-4986-9267-08f5d1c0c904.jpg?v=1779391735,29,Gildan® 64V00 — Black — left side view,,,,,,,,,,,,,,,,,,,
,gildan-64v00-g64v00,,,,,,,,,,,,,,,,,,,,,,,,,,,,,,,,,,,https://cdn.shopify.com/s/files/1/0746/6817/9644/files/000085_036_right_ccbefd5a-875c-4a82-87ae-70fa9a84abf4.jpg?v=1779391735,30,Gildan® 64V00 — Black — right side view,,,,,,,,,,,,,,,,,,,
,gildan-64v00-g64v00,,,,,,,,,,,,,,,,,,,,,,,,,,,,,,,,,,,https://cdn.shopify.com/s/files/1/0746/6817/9644/files/000085_036_neckline_d3d2d6a1-4f6d-457f-94f1-620849c42486.jpg?v=1779391735,31,Gildan® 64V00 — Black — neckline detail,,,,,,,,,,,,,,,,,,,
,gildan-64v00-g64v00,,,,,,,,,,,,,,,,,,,,,,,,,,,,,,,,,,,https://cdn.shopify.com/s/files/1/0746/6817/9644/files/000085_036_fabric_5cb46c21-ea38-4395-94fc-20734d788281.jpg?v=1779391733,32,Gildan® 64V00 — Black — fabric detail,,,,,,,,,,,,,,,,,,,
,gildan-64v00-g64v00,,,,,,,,,,,,,,,,,,,,,,,,,,,,,,,,,,,https://cdn.shopify.com/s/files/1/0746/6817/9644/files/000085_036_front_f.jpg?v=1779391733,33,Gildan® 64V00 — Black — front view (women's fit),,,,,,,,,,,,,,,,,,,
,gildan-64v00-g64v00,,,,,,,,,,,,,,,,,,,,,,,,,,,,,,,,,,,https://cdn.shopify.com/s/files/1/0746/6817/9644/files/000085_036_back_f.jpg?v=1779391730,34,Gildan® 64V00 — Black — back view (women's fit),,,,,,,,,,,,,,,,,,,
,gildan-64v00-g64v00,,,,,,,,G64V00-051-XS,,Color,Royal Blue,,Size,XS,,,,,,,,TRUE,,,,,,shopify,300,deny,150,g,TRUE,manual,https://cdn.shopify.com/s/files/1/0746/6817/9644/files/000086_051_front_19014362-cca3-401f-b0d6-1c4f5d0cc3bc.png?v=1779391742,35,Gildan® 64V00 — Royal Blue — front view,https://cdn.shopify.com/s/files/1/0746/6817/9644/files/000086_051_front_19014362-cca3-401f-b0d6-1c4f5d0cc3bc.png?v=1779391742,,,,royal blue,,,,,,,,,,,,,,
,gildan-64v00-g64v00,,,,,,,,G64V00-051-S,,Color,Royal Blue,,Size,S,,,,,,,,TRUE,,,,,,shopify,300,deny,150,g,TRUE,manual,,,,https://cdn.shopify.com/s/files/1/0746/6817/9644/files/000086_051_front_19014362-cca3-401f-b0d6-1c4f5d0cc3bc.png?v=1779391742,,,,royal blue,,,,,,,,,,,,,,
,gildan-64v00-g64v00,,,,,,,,G64V00-051-M,,Color,Royal Blue,,Size,M,,,,,,,,TRUE,,,,,,shopify,300,deny,150,g,TRUE,manual,,,,https://cdn.shopify.com/s/files/1/0746/6817/9644/files/000086_051_front_19014362-cca3-401f-b0d6-1c4f5d0cc3bc.png?v=1779391742,,,,royal blue,,,,,,,,,,,,,,
,gildan-64v00-g64v00,,,,,,,,G64V00-051-L,,Color,Royal Blue,,Size,L,,,,,,,,TRUE,,,,,,shopify,300,deny,150,g,TRUE,manual,,,,https://cdn.shopify.com/s/files/1/0746/6817/9644/files/000086_051_front_19014362-cca3-401f-b0d6-1c4f5d0cc3bc.png?v=1779391742,,,,royal blue,,,,,,,,,,,,,,
,gildan-64v00-g64v00,,,,,,,,G64V00-051-XL,,Color,Royal Blue,,Size,XL,,,,,,,,TRUE,,,,,,shopify,300,deny,150,g,TRUE,manual,,,,https://cdn.shopify.com/s/files/1/0746/6817/9644/files/000086_051_front_19014362-cca3-401f-b0d6-1c4f5d0cc3bc.png?v=1779391742,,,,royal blue,,,,,,,,,,,,,,
,gildan-64v00-g64v00,,,,,,,,G64V00-051-2XL,,Color,Royal Blue,,Size,2XL,,,,,,,,TRUE,,,,,,shopify,300,deny,150,g,TRUE,manual,,,,https://cdn.shopify.com/s/files/1/0746/6817/9644/files/000086_051_front_19014362-cca3-401f-b0d6-1c4f5d0cc3bc.png?v=1779391742,,,,royal blue,,,,,,,,,,,,,,
,gildan-64v00-g64v00,,,,,,,,G64V00-051-3XL,,Color,Royal Blue,,Size,3XL,,,,,,,,TRUE,,,,,,shopify,300,deny,150,g,TRUE,manual,,,,https://cdn.shopify.com/s/files/1/0746/6817/9644/files/000086_051_front_19014362-cca3-401f-b0d6-1c4f5d0cc3bc.png?v=1779391742,,,,royal blue,,,,,,,,,,,,,,
,gildan-64v00-g64v00,,,,,,,,,,,,,,,,,,,,,,,,,,,,,,,,,,,https://cdn.shopify.com/s/files/1/0746/6817/9644/files/000086_051_back_6b36a692-326c-4377-8a16-29a016f366bc.png?v=1779391740,36,Gildan® 64V00 — Royal Blue — back view,,,,,,,,,,,,,,,,,,,
,gildan-64v00-g64v00,,,,,,,,,,,,,,,,,,,,,,,,,,,,,,,,,,,https://cdn.shopify.com/s/files/1/0746/6817/9644/files/000086_051_left_f0c13aae-f2a2-4915-8c32-32b3c6bfd1ab.png?v=1779391743,37,Gildan® 64V00 — Royal Blue — left side view,,,,,,,,,,,,,,,,,,,
,gildan-64v00-g64v00,,,,,,,,,,,,,,,,,,,,,,,,,,,,,,,,,,,https://cdn.shopify.com/s/files/1/0746/6817/9644/files/000086_051_right_ffe196ac-3a0c-4cc0-a1f1-b0806d533493.png?v=1779391747,38,Gildan® 64V00 — Royal Blue — right side view,,,,,,,,,,,,,,,,,,,
,gildan-64v00-g64v00,,,,,,,,,,,,,,,,,,,,,,,,,,,,,,,,,,,https://cdn.shopify.com/s/files/1/0746/6817/9644/files/000086_051_neckline_9c102c54-c72d-4f3a-a590-3edaadd1ef02.png?v=1779391746,39,Gildan® 64V00 — Royal Blue — neckline detail,,,,,,,,,,,,,,,,,,,
,gildan-64v00-g64v00,,,,,,,,,,,,,,,,,,,,,,,,,,,,,,,,,,,https://cdn.shopify.com/s/files/1/0746/6817/9644/files/000086_051_fabric_984032dd-5de0-4aac-9a8d-ea7c51a8ecad.png?v=1779391740,40,Gildan® 64V00 — Royal Blue — fabric detail,,,,,,,,,,,,,,,,,,,
,gildan-64v00-g64v00,,,,,,,,,,,,,,,,,,,,,,,,,,,,,,,,,,,https://cdn.shopify.com/s/files/1/0746/6817/9644/files/000086_051_front_f.png?v=1779391743,41,Gildan® 64V00 — Royal Blue — front view (women's fit),,,,,,,,,,,,,,,,,,,
,gildan-64v00-g64v00,,,,,,,,,,,,,,,,,,,,,,,,,,,,,,,,,,,https://cdn.shopify.com/s/files/1/0746/6817/9644/files/000086_051_back_f.png?v=1779391739,42,Gildan® 64V00 — Royal Blue — back view (women's fit),,,,,,,,,,,,,,,,,,,
,gildan-64v00-g64v00,,,,,,,,G64V00-194-XS,,Color,Cherry Red,,Size,XS,,,,,,,,TRUE,,,,,,shopify,300,deny,150,g,TRUE,manual,https://cdn.shopify.com/s/files/1/0746/6817/9644/files/000087_194_front_46c3be7a-a511-4810-b530-7ba0d6a0fc2b.jpg?v=1779391750,3,Gildan® 64V00 — Cherry Red — front view,https://cdn.shopify.com/s/files/1/0746/6817/9644/files/000087_194_front_46c3be7a-a511-4810-b530-7ba0d6a0fc2b.jpg?v=1779391750,,,,cherry red,,,,,,,,,,,,,,
,gildan-64v00-g64v00,,,,,,,,G64V00-194-S,,Color,Cherry Red,,Size,S,,,,,,,,TRUE,,,,,,shopify,300,deny,150,g,TRUE,manual,,,,https://cdn.shopify.com/s/files/1/0746/6817/9644/files/000087_194_front_46c3be7a-a511-4810-b530-7ba0d6a0fc2b.jpg?v=1779391750,,,,cherry red,,,,,,,,,,,,,,
,gildan-64v00-g64v00,,,,,,,,G64V00-194-M,,Color,Cherry Red,,Size,M,,,,,,,,TRUE,,,,,,shopify,300,deny,150,g,TRUE,manual,,,,https://cdn.shopify.com/s/files/1/0746/6817/9644/files/000087_194_front_46c3be7a-a511-4810-b530-7ba0d6a0fc2b.jpg?v=1779391750,,,,cherry red,,,,,,,,,,,,,,
,gildan-64v00-g64v00,,,,,,,,G64V00-194-L,,Color,Cherry Red,,Size,L,,,,,,,,TRUE,,,,,,shopify,300,deny,150,g,TRUE,manual,,,,https://cdn.shopify.com/s/files/1/0746/6817/9644/files/000087_194_front_46c3be7a-a511-4810-b530-7ba0d6a0fc2b.jpg?v=1779391750,,,,cherry red,,,,,,,,,,,,,,
,gildan-64v00-g64v00,,,,,,,,G64V00-194-XL,,Color,Cherry Red,,Size,XL,,,,,,,,TRUE,,,,,,shopify,300,deny,150,g,TRUE,manual,,,,https://cdn.shopify.com/s/files/1/0746/6817/9644/files/000087_194_front_46c3be7a-a511-4810-b530-7ba0d6a0fc2b.jpg?v=1779391750,,,,cherry red,,,,,,,,,,,,,,
,gildan-64v00-g64v00,,,,,,,,G64V00-194-2XL,,Color,Cherry Red,,Size,2XL,,,,,,,,TRUE,,,,,,shopify,300,deny,150,g,TRUE,manual,,,,https://cdn.shopify.com/s/files/1/0746/6817/9644/files/000087_194_front_46c3be7a-a511-4810-b530-7ba0d6a0fc2b.jpg?v=1779391750,,,,cherry red,,,,,,,,,,,,,,
,gildan-64v00-g64v00,,,,,,,,G64V00-194-3XL,,Color,Cherry Red,,Size,3XL,,,,,,,,TRUE,,,,,,shopify,300,deny,150,g,TRUE,manual,,,,https://cdn.shopify.com/s/files/1/0746/6817/9644/files/000087_194_front_46c3be7a-a511-4810-b530-7ba0d6a0fc2b.jpg?v=1779391750,,,,cherry red,,,,,,,,,,,,,,
,gildan-64v00-g64v00,,,,,,,,,,,,,,,,,,,,,,,,,,,,,,,,,,,https://cdn.shopify.com/s/files/1/0746/6817/9644/files/000087_194_back_500818e6-74e4-44d8-8e2c-4e5d8ae3d08a.jpg?v=1779391747,4,Gildan® 64V00 — Cherry Red — back view,,,,,,,,,,,,,,,,,,,
,gildan-64v00-g64v00,,,,,,,,,,,,,,,,,,,,,,,,,,,,,,,,,,,https://cdn.shopify.com/s/files/1/0746/6817/9644/files/000087_194_left_0ccaaca1-70b1-4a49-90ec-eebb24065f9f.jpg?v=1779391753,5,Gildan® 64V00 — Cherry Red — left side view,,,,,,,,,,,,,,,,,,,
,gildan-64v00-g64v00,,,,,,,,,,,,,,,,,,,,,,,,,,,,,,,,,,,https://cdn.shopify.com/s/files/1/0746/6817/9644/files/000087_194_right_1a513ff2-0516-453a-8478-ea51e573d747.jpg?v=1779391755,6,Gildan® 64V00 — Cherry Red — right side view,,,,,,,,,,,,,,,,,,,
,gildan-64v00-g64v00,,,,,,,,,,,,,,,,,,,,,,,,,,,,,,,,,,,https://cdn.shopify.com/s/files/1/0746/6817/9644/files/000087_194_neckline_6a0aa57f-8aa7-4f06-81dc-d726bc826132.jpg?v=1779391753,7,Gildan® 64V00 — Cherry Red — neckline detail,,,,,,,,,,,,,,,,,,,
,gildan-64v00-g64v00,,,,,,,,,,,,,,,,,,,,,,,,,,,,,,,,,,,https://cdn.shopify.com/s/files/1/0746/6817/9644/files/000087_194_fabric_99d73b0c-4d09-4dc5-98cd-6157aba46cca.jpg?v=1779391749,8,Gildan® 64V00 — Cherry Red — fabric detail,,,,,,,,,,,,,,,,,,,
,gildan-64v00-g64v00,,,,,,,,,,,,,,,,,,,,,,,,,,,,,,,,,,,https://cdn.shopify.com/s/files/1/0746/6817/9644/files/000087_194_front_f.jpg?v=1779391751,9,Gildan® 64V00 — Cherry Red — front view (women's fit),,,,,,,,,,,,,,,,,,,
,gildan-64v00-g64v00,,,,,,,,,,,,,,,,,,,,,,,,,,,,,,,,,,,https://cdn.shopify.com/s/files/1/0746/6817/9644/files/000087_194_back_f.jpg?v=1779391749,10,Gildan® 64V00 — Cherry Red — back view (women's fit),,,,,,,,,,,,,,,,,,,
Gildan® 64V00L,gildan-64v00l-g64v00l,"<p>Made with soft ring-spun cotton, Softstyle’s high stitch density fabric offers a smooth printing surface. Features a narrow rib V-neck collar, taped neck and shoulders, and a feminine semi-fitted silhouette with side seams.</p><ul><li>Soft ring-spun cotton — high stitch density fabric</li><li>Feminine semi-fitted silhouette with side seams</li><li>Narrow rib V-neck collar</li><li>Taped neck and shoulders</li><li>Tearaway label</li></ul><h4>Size Chart (inches)</h4><table><thead><tr><th>Size</th><th>Chest</th><th>Body Length</th></tr></thead><tbody><tr><td>S</td><td>32–34</td><td>26</td></tr><tr><td>M</td><td>34–36</td><td>27</td></tr><tr><td>L</td><td>36–38</td><td>28</td></tr><tr><td>XL</td><td>38–40</td><td>29</td></tr><tr><td>2XL</td><td>40–42</td><td>30</td></tr><tr><td>3XL</td><td>44–46</td><td>31</td></tr></tbody></table>",Gildan,gid://shopify/TaxonomyCategory/aa-1-13-8,V-Neck T-Shirt,"V-Neck T-Shirt, Adult, Women's, G64V00L",TRUE,active,G64V00L-030-S,,Color,White,,Size,S,,,,,,,,TRUE,,,,,,shopify,300,deny,150,g,TRUE,manual,https://cdn.shopify.com/s/files/1/0746/6817/9644/files/000006_030_front_0cd0f3e4-34ce-4384-88a4-b6167ccba566.jpg?v=1779391244,7,Gildan® 64V00L — White — front view,https://cdn.shopify.com/s/files/1/0746/6817/9644/files/000006_030_front_0cd0f3e4-34ce-4384-88a4-b6167ccba566.jpg?v=1779391244,,Gildan® 64V00L,"<p>Made with soft ring-spun cotton, Softstyle’s high stitch density fabric offers a smooth printing surface. Features a narrow rib V-neck collar, taped nec",white,gid://shopify/TaxonomyCategory/aa-1-13-8,Female,Adult,G64V00L,,,new,,,,,,,Women's V-Neck T-Shirt
,gildan-64v00l-g64v00l,,,,,,,,G64V00L-030-M,,Color,White,,Size,M,,,,,,,,TRUE,,,,,,shopify,300,deny,150,g,TRUE,manual,,,,https://cdn.shopify.com/s/files/1/0746/6817/9644/files/000006_030_front_0cd0f3e4-34ce-4384-88a4-b6167ccba566.jpg?v=1779391244,,,,white,,,,,,,,,,,,,,
,gildan-64v00l-g64v00l,,,,,,,,G64V00L-030-L,,Color,White,,Size,L,,,,,,,,TRUE,,,,,,shopify,300,deny,150,g,TRUE,manual,,,,https://cdn.shopify.com/s/files/1/0746/6817/9644/files/000006_030_front_0cd0f3e4-34ce-4384-88a4-b6167ccba566.jpg?v=1779391244,,,,white,,,,,,,,,,,,,,
,gildan-64v00l-g64v00l,,,,,,,,G64V00L-030-XL,,Color,White,,Size,XL,,,,,,,,TRUE,,,,,,shopify,300,deny,150,g,TRUE,manual,,,,https://cdn.shopify.com/s/files/1/0746/6817/9644/files/000006_030_front_0cd0f3e4-34ce-4384-88a4-b6167ccba566.jpg?v=1779391244,,,,white,,,,,,,,,,,,,,
,gildan-64v00l-g64v00l,,,,,,,,G64V00L-030-2XL,,Color,White,,Size,2XL,,,,,,,,TRUE,,,,,,shopify,300,deny,150,g,TRUE,manual,,,,https://cdn.shopify.com/s/files/1/0746/6817/9644/files/000006_030_front_0cd0f3e4-34ce-4384-88a4-b6167ccba566.jpg?v=1779391244,,,,white,,,,,,,,,,,,,,
,gildan-64v00l-g64v00l,,,,,,,,,,,,,,,,,,,,,,,,,,,,,,,,,,,https://cdn.shopify.com/s/files/1/0746/6817/9644/files/000006_030_back_7c68a067-7e8e-42eb-8d44-e94c5b1c6d55.jpg?v=1779391245,8,Gildan® 64V00L — White — back view,,,,,,,,,,,,,,,,,,,
,gildan-64v00l-g64v00l,,,,,,,,,,,,,,,,,,,,,,,,,,,,,,,,,,,https://cdn.shopify.com/s/files/1/0746/6817/9644/files/000006_030_left_2713e4cd-b484-47dd-8ad2-58612b248fe7.jpg?v=1779391247,9,Gildan® 64V00L — White — left side view,,,,,,,,,,,,,,,,,,,
,gildan-64v00l-g64v00l,,,,,,,,,,,,,,,,,,,,,,,,,,,,,,,,,,,https://cdn.shopify.com/s/files/1/0746/6817/9644/files/000006_030_right_191ede86-9d97-417b-9e57-3855b4212b03.jpg?v=1779391248,10,Gildan® 64V00L — White — right side view,,,,,,,,,,,,,,,,,,,
,gildan-64v00l-g64v00l,,,,,,,,,,,,,,,,,,,,,,,,,,,,,,,,,,,https://cdn.shopify.com/s/files/1/0746/6817/9644/files/000006_030_neckline_25bb3e68-db63-4db8-924c-a39cd38895a3.jpg?v=1779391247,11,Gildan® 64V00L — White — neckline detail,,,,,,,,,,,,,,,,,,,
,gildan-64v00l-g64v00l,,,,,,,,,,,,,,,,,,,,,,,,,,,,,,,,,,,https://cdn.shopify.com/s/files/1/0746/6817/9644/files/000006_030_fabric_fdcc1757-6d78-4ca4-bef7-498807d3b43f.jpg?v=1779391245,12,Gildan® 64V00L — White — fabric detail,,,,,,,,,,,,,,,,,,,
,gildan-64v00l-g64v00l,,,,,,,,G64V00L-032-S,,Color,Navy,,Size,S,,,,,,,,TRUE,,,,,,shopify,300,deny,150,g,TRUE,manual,https://cdn.shopify.com/s/files/1/0746/6817/9644/files/000073_032_front_92a196fc-4203-482f-b882-d562cb3f393d.jpg?v=1779391713,1,Gildan® 64V00L — Navy — front view,https://cdn.shopify.com/s/files/1/0746/6817/9644/files/000073_032_front_92a196fc-4203-482f-b882-d562cb3f393d.jpg?v=1779391713,,,,navy,,,,,,,,,,,,,,
,gildan-64v00l-g64v00l,,,,,,,,G64V00L-032-M,,Color,Navy,,Size,M,,,,,,,,TRUE,,,,,,shopify,300,deny,150,g,TRUE,manual,,,,https://cdn.shopify.com/s/files/1/0746/6817/9644/files/000073_032_front_92a196fc-4203-482f-b882-d562cb3f393d.jpg?v=1779391713,,,,navy,,,,,,,,,,,,,,
,gildan-64v00l-g64v00l,,,,,,,,G64V00L-032-L,,Color,Navy,,Size,L,,,,,,,,TRUE,,,,,,shopify,300,deny,150,g,TRUE,manual,,,,https://cdn.shopify.com/s/files/1/0746/6817/9644/files/000073_032_front_92a196fc-4203-482f-b882-d562cb3f393d.jpg?v=1779391713,,,,navy,,,,,,,,,,,,,,
,gildan-64v00l-g64v00l,,,,,,,,G64V00L-032-XL,,Color,Navy,,Size,XL,,,,,,,,TRUE,,,,,,shopify,300,deny,150,g,TRUE,manual,,,,https://cdn.shopify.com/s/files/1/0746/6817/9644/files/000073_032_front_92a196fc-4203-482f-b882-d562cb3f393d.jpg?v=1779391713,,,,navy,,,,,,,,,,,,,,
,gildan-64v00l-g64v00l,,,,,,,,G64V00L-032-2XL,,Color,Navy,,Size,2XL,,,,,,,,TRUE,,,,,,shopify,300,deny,150,g,TRUE,manual,,,,https://cdn.shopify.com/s/files/1/0746/6817/9644/files/000073_032_front_92a196fc-4203-482f-b882-d562cb3f393d.jpg?v=1779391713,,,,navy,,,,,,,,,,,,,,
,gildan-64v00l-g64v00l,,,,,,,,,,,,,,,,,,,,,,,,,,,,,,,,,,,https://cdn.shopify.com/s/files/1/0746/6817/9644/files/000073_032_back_641fc8db-4d27-48f0-b0e4-2c74ff4107a1.jpg?v=1779391711,2,Gildan® 64V00L — Navy — back view,,,,,,,,,,,,,,,,,,,
,gildan-64v00l-g64v00l,,,,,,,,,,,,,,,,,,,,,,,,,,,,,,,,,,,https://cdn.shopify.com/s/files/1/0746/6817/9644/files/000073_032_left_8adf0129-2e18-4bbf-ade2-1a7380a74fbb.jpg?v=1779391713,3,Gildan® 64V00L — Navy — left side view,,,,,,,,,,,,,,,,,,,
,gildan-64v00l-g64v00l,,,,,,,,,,,,,,,,,,,,,,,,,,,,,,,,,,,https://cdn.shopify.com/s/files/1/0746/6817/9644/files/000073_032_right_81aa8022-8344-426d-8595-e12e944c4be6.jpg?v=1779391715,4,Gildan® 64V00L — Navy — right side view,,,,,,,,,,,,,,,,,,,
,gildan-64v00l-g64v00l,,,,,,,,,,,,,,,,,,,,,,,,,,,,,,,,,,,https://cdn.shopify.com/s/files/1/0746/6817/9644/files/000073_032_neckline_3e33dab1-6b91-45c9-bd42-f5f975d7dea0.jpg?v=1779391715,5,Gildan® 64V00L — Navy — neckline detail,,,,,,,,,,,,,,,,,,,
,gildan-64v00l-g64v00l,,,,,,,,,,,,,,,,,,,,,,,,,,,,,,,,,,,https://cdn.shopify.com/s/files/1/0746/6817/9644/files/000073_032_fabric_2c8fe83f-fa9b-4d63-bec2-5a9198511e5e.jpg?v=1779391713,6,Gildan® 64V00L — Navy — fabric detail,,,,,,,,,,,,,,,,,,,
,gildan-64v00l-g64v00l,,,,,,,,G64V00L-036-S,,Color,Black,,Size,S,,,,,,,,TRUE,,,,,,shopify,300,deny,150,g,TRUE,manual,https://cdn.shopify.com/s/files/1/0746/6817/9644/files/000074_036_front_f9977d57-684a-473e-b1ee-0cdaf2c08d41.jpg?v=1779391718,13,Gildan® 64V00L — Black — front view,https://cdn.shopify.com/s/files/1/0746/6817/9644/files/000074_036_front_f9977d57-684a-473e-b1ee-0cdaf2c08d41.jpg?v=1779391718,,,,black,,,,,,,,,,,,,,
,gildan-64v00l-g64v00l,,,,,,,,G64V00L-036-M,,Color,Black,,Size,M,,,,,,,,TRUE,,,,,,shopify,300,deny,150,g,TRUE,manual,,,,https://cdn.shopify.com/s/files/1/0746/6817/9644/files/000074_036_front_f9977d57-684a-473e-b1ee-0cdaf2c08d41.jpg?v=1779391718,,,,black,,,,,,,,,,,,,,
,gildan-64v00l-g64v00l,,,,,,,,G64V00L-036-L,,Color,Black,,Size,L,,,,,,,,TRUE,,,,,,shopify,300,deny,150,g,TRUE,manual,,,,https://cdn.shopify.com/s/files/1/0746/6817/9644/files/000074_036_front_f9977d57-684a-473e-b1ee-0cdaf2c08d41.jpg?v=1779391718,,,,black,,,,,,,,,,,,,,
,gildan-64v00l-g64v00l,,,,,,,,G64V00L-036-XL,,Color,Black,,Size,XL,,,,,,,,TRUE,,,,,,shopify,300,deny,150,g,TRUE,manual,,,,https://cdn.shopify.com/s/files/1/0746/6817/9644/files/000074_036_front_f9977d57-684a-473e-b1ee-0cdaf2c08d41.jpg?v=1779391718,,,,black,,,,,,,,,,,,,,
,gildan-64v00l-g64v00l,,,,,,,,G64V00L-036-2XL,,Color,Black,,Size,2XL,,,,,,,,TRUE,,,,,,shopify,300,deny,150,g,TRUE,manual,,,,https://cdn.shopify.com/s/files/1/0746/6817/9644/files/000074_036_front_f9977d57-684a-473e-b1ee-0cdaf2c08d41.jpg?v=1779391718,,,,black,,,,,,,,,,,,,,
,gildan-64v00l-g64v00l,,,,,,,,,,,,,,,,,,,,,,,,,,,,,,,,,,,https://cdn.shopify.com/s/files/1/0746/6817/9644/files/000074_036_back_56e2ef41-a8aa-4016-bfdb-377336a41fa8.jpg?v=1779391716,14,Gildan® 64V00L — Black — back view,,,,,,,,,,,,,,,,,,,
,gildan-64v00l-g64v00l,,,,,,,,,,,,,,,,,,,,,,,,,,,,,,,,,,,https://cdn.shopify.com/s/files/1/0746/6817/9644/files/000074_036_left_f1bef0bc-448d-45b3-ab0b-ffdfb8aa3011.jpg?v=1779391719,15,Gildan® 64V00L — Black — left side view,,,,,,,,,,,,,,,,,,,
,gildan-64v00l-g64v00l,,,,,,,,,,,,,,,,,,,,,,,,,,,,,,,,,,,https://cdn.shopify.com/s/files/1/0746/6817/9644/files/000074_036_right_d73c2874-4409-4c7e-a2ce-90cf198358f0.jpg?v=1779391721,16,Gildan® 64V00L — Black — right side view,,,,,,,,,,,,,,,,,,,
,gildan-64v00l-g64v00l,,,,,,,,,,,,,,,,,,,,,,,,,,,,,,,,,,,https://cdn.shopify.com/s/files/1/0746/6817/9644/files/000074_036_neckline_b6326a11-a9ee-41b9-a1ed-a5078162a61d.jpg?v=1779391720,17,Gildan® 64V00L — Black — neckline detail,,,,,,,,,,,,,,,,,,,
,gildan-64v00l-g64v00l,,,,,,,,,,,,,,,,,,,,,,,,,,,,,,,,,,,https://cdn.shopify.com/s/files/1/0746/6817/9644/files/000074_036_fabric_1a9dcfda-590b-4db1-b7d6-b0a662cd2237.jpg?v=1779391718,18,Gildan® 64V00L — Black — fabric detail,,,,,,,,,,,,,,,,,,,
,gildan-64v00l-g64v00l,,,,,,,,G64V00L-194-S,,Color,Cherry Red,,Size,S,,,,,,,,TRUE,,,,,,shopify,300,deny,150,g,TRUE,manual,https://cdn.shopify.com/s/files/1/0746/6817/9644/files/000075_194_front.png?v=1779377057,19,Gildan® 64V00L — Cherry Red — front view,https://cdn.shopify.com/s/files/1/0746/6817/9644/files/000075_194_front.png?v=1779377057,,,,cherry red,,,,,,,,,,,,,,
,gildan-64v00l-g64v00l,,,,,,,,G64V00L-194-M,,Color,Cherry Red,,Size,M,,,,,,,,TRUE,,,,,,shopify,300,deny,150,g,TRUE,manual,,,,https://cdn.shopify.com/s/files/1/0746/6817/9644/files/000075_194_front.png?v=1779377057,,,,cherry red,,,,,,,,,,,,,,
,gildan-64v00l-g64v00l,,,,,,,,G64V00L-194-L,,Color,Cherry Red,,Size,L,,,,,,,,TRUE,,,,,,shopify,300,deny,150,g,TRUE,manual,,,,https://cdn.shopify.com/s/files/1/0746/6817/9644/files/000075_194_front.png?v=1779377057,,,,cherry red,,,,,,,,,,,,,,
,gildan-64v00l-g64v00l,,,,,,,,G64V00L-194-XL,,Color,Cherry Red,,Size,XL,,,,,,,,TRUE,,,,,,shopify,300,deny,150,g,TRUE,manual,,,,https://cdn.shopify.com/s/files/1/0746/6817/9644/files/000075_194_front.png?v=1779377057,,,,cherry red,,,,,,,,,,,,,,
,gildan-64v00l-g64v00l,,,,,,,,G64V00L-194-2XL,,Color,Cherry Red,,Size,2XL,,,,,,,,TRUE,,,,,,shopify,300,deny,150,g,TRUE,manual,,,,https://cdn.shopify.com/s/files/1/0746/6817/9644/files/000075_194_front.png?v=1779377057,,,,cherry red,,,,,,,,,,,,,,
,gildan-64v00l-g64v00l,,,,,,,,,,,,,,,,,,,,,,,,,,,,,,,,,,,https://cdn.shopify.com/s/files/1/0746/6817/9644/files/000075_194_back.png?v=1779377054,20,Gildan® 64V00L — Cherry Red — back view,,,,,,,,,,,,,,,,,,,
,gildan-64v00l-g64v00l,,,,,,,,,,,,,,,,,,,,,,,,,,,,,,,,,,,https://cdn.shopify.com/s/files/1/0746/6817/9644/files/000075_194_left.png?v=1779377057,21,Gildan® 64V00L — Cherry Red — left side view,,,,,,,,,,,,,,,,,,,
,gildan-64v00l-g64v00l,,,,,,,,,,,,,,,,,,,,,,,,,,,,,,,,,,,https://cdn.shopify.com/s/files/1/0746/6817/9644/files/000075_194_right.png?v=1779377060,22,Gildan® 64V00L — Cherry Red — right side view,,,,,,,,,,,,,,,,,,,
,gildan-64v00l-g64v00l,,,,,,,,,,,,,,,,,,,,,,,,,,,,,,,,,,,https://cdn.shopify.com/s/files/1/0746/6817/9644/files/000075_194_neckline.png?v=1779377060,23,Gildan® 64V00L — Cherry Red — neckline detail,,,,,,,,,,,,,,,,,,,
,gildan-64v00l-g64v00l,,,,,,,,,,,,,,,,,,,,,,,,,,,,,,,,,,,https://cdn.shopify.com/s/files/1/0746/6817/9644/files/000075_194_fabric.png?v=1779377056,24,Gildan® 64V00L — Cherry Red — fabric detail,,,,,,,,,,,,,,,,,,,
Gildan® 8000,gildan-8000-g8000,"<p>This t-shirt has moisture-wicking technology which leaves you dry and cool. With its classic fit, you move freely with no restriction. It can be decorated with DTG, screen printing, embroidery, heat transfers and discharge.</p><ul><li>Soft ring-spun cotton</li><li>Pre-shrunk for a lasting fit</li><li>Classic fit</li><li>Double-needle stitching throughout</li><li>Taped neck and shoulders</li><li>Tearaway label</li></ul><h4>Size Chart (inches)</h4><table><thead><tr><th>Size</th><th>Chest</th><th>Body Length</th></tr></thead><tbody><tr><td>S</td><td>34–36</td><td>28</td></tr><tr><td>M</td><td>38–40</td><td>29</td></tr><tr><td>L</td><td>42–44</td><td>30</td></tr><tr><td>XL</td><td>46–48</td><td>31</td></tr><tr><td>2XL</td><td>50–52</td><td>32</td></tr><tr><td>3XL</td><td>54–56</td><td>33</td></tr><tr><td>4XL</td><td>58–60</td><td>34</td></tr><tr><td>5XL</td><td>62–64</td><td>35</td></tr></tbody></table>",Gildan,gid://shopify/TaxonomyCategory/aa-1-13-8,T-Shirt,"T-Shirt, Adult, Unisex, G8000",TRUE,active,G8000-026-S,,Color,Sapphire,,Size,S,,,,,,,,TRUE,,,,,,shopify,300,deny,150,g,TRUE,manual,https://cdn.shopify.com/s/files/1/0746/6817/9644/files/000047_026_front_4acf35e9-787e-41e7-961f-f55d75085ef4.jpg?v=1779391566,11,Gildan® 8000 — Sapphire — front view,https://cdn.shopify.com/s/files/1/0746/6817/9644/files/000047_026_front_4acf35e9-787e-41e7-961f-f55d75085ef4.jpg?v=1779391566,,Gildan® 8000,"<p>This t-shirt has moisture-wicking technology which leaves you dry and cool. With its classic fit, you move freely with no restriction. It can be decorat",sapphire,gid://shopify/TaxonomyCategory/aa-1-13-8,Unisex,Adult,G8000,,,new,,,,,,,Adult T-Shirt
,gildan-8000-g8000,,,,,,,,,,,,,,,,,,,,,,,,,,,,,,,,,,,https://cdn.shopify.com/s/files/1/0746/6817/9644/files/gildan-8000_daisy_asian.png?v=1779475060,1,Gildan® 8000 — Asian model — front view,,,,,,,,,,,,,,,,,,,
,gildan-8000-g8000,,,,,,,,,,,,,,,,,,,,,,,,,,,,,,,,,,,https://cdn.shopify.com/s/files/1/0746/6817/9644/files/gildan-8000_navy_black.png?v=1779475060,2,Gildan® 8000 — Black model — front view,,,,,,,,,,,,,,,,,,,
,gildan-8000-g8000,,,,,,,,G8000-026-M,,Color,Sapphire,,Size,M,,,,,,,,TRUE,,,,,,shopify,300,deny,150,g,TRUE,manual,,,,https://cdn.shopify.com/s/files/1/0746/6817/9644/files/000047_026_front_4acf35e9-787e-41e7-961f-f55d75085ef4.jpg?v=1779391566,,,,sapphire,,,,,,,,,,,,,,
,gildan-8000-g8000,,,,,,,,G8000-026-L,,Color,Sapphire,,Size,L,,,,,,,,TRUE,,,,,,shopify,300,deny,150,g,TRUE,manual,,,,https://cdn.shopify.com/s/files/1/0746/6817/9644/files/000047_026_front_4acf35e9-787e-41e7-961f-f55d75085ef4.jpg?v=1779391566,,,,sapphire,,,,,,,,,,,,,,
,gildan-8000-g8000,,,,,,,,G8000-026-XL,,Color,Sapphire,,Size,XL,,,,,,,,TRUE,,,,,,shopify,300,deny,150,g,TRUE,manual,,,,https://cdn.shopify.com/s/files/1/0746/6817/9644/files/000047_026_front_4acf35e9-787e-41e7-961f-f55d75085ef4.jpg?v=1779391566,,,,sapphire,,,,,,,,,,,,,,
,gildan-8000-g8000,,,,,,,,G8000-026-2XL,,Color,Sapphire,,Size,2XL,,,,,,,,TRUE,,,,,,shopify,300,deny,150,g,TRUE,manual,,,,https://cdn.shopify.com/s/files/1/0746/6817/9644/files/000047_026_front_4acf35e9-787e-41e7-961f-f55d75085ef4.jpg?v=1779391566,,,,sapphire,,,,,,,,,,,,,,
,gildan-8000-g8000,,,,,,,,G8000-026-3XL,,Color,Sapphire,,Size,3XL,,,,,,,,TRUE,,,,,,shopify,300,deny,150,g,TRUE,manual,,,,https://cdn.shopify.com/s/files/1/0746/6817/9644/files/000047_026_front_4acf35e9-787e-41e7-961f-f55d75085ef4.jpg?v=1779391566,,,,sapphire,,,,,,,,,,,,,,
,gildan-8000-g8000,,,,,,,,G8000-026-4XL,,Color,Sapphire,,Size,4XL,,,,,,,,TRUE,,,,,,shopify,300,deny,150,g,TRUE,manual,,,,https://cdn.shopify.com/s/files/1/0746/6817/9644/files/000047_026_front_4acf35e9-787e-41e7-961f-f55d75085ef4.jpg?v=1779391566,,,,sapphire,,,,,,,,,,,,,,
,gildan-8000-g8000,,,,,,,,G8000-026-5XL,,Color,Sapphire,,Size,5XL,,,,,,,,TRUE,,,,,,shopify,300,deny,150,g,TRUE,manual,,,,https://cdn.shopify.com/s/files/1/0746/6817/9644/files/000047_026_front_4acf35e9-787e-41e7-961f-f55d75085ef4.jpg?v=1779391566,,,,sapphire,,,,,,,,,,,,,,
,gildan-8000-g8000,,,,,,,,,,,,,,,,,,,,,,,,,,,,,,,,,,,https://cdn.shopify.com/s/files/1/0746/6817/9644/files/000047_026_back_19c17194-afdf-4a7d-af34-bf58f1a9ff03.jpg?v=1779391564,12,Gildan® 8000 — Sapphire — back view,,,,,,,,,,,,,,,,,,,
,gildan-8000-g8000,,,,,,,,,,,,,,,,,,,,,,,,,,,,,,,,,,,https://cdn.shopify.com/s/files/1/0746/6817/9644/files/000047_026_left_cfdf5917-98f3-4e72-93d1-25aad91384f2.jpg?v=1779391568,13,Gildan® 8000 — Sapphire — left side view,,,,,,,,,,,,,,,,,,,
,gildan-8000-g8000,,,,,,,,,,,,,,,,,,,,,,,,,,,,,,,,,,,https://cdn.shopify.com/s/files/1/0746/6817/9644/files/000047_026_right_66fa0261-9cbe-42a8-8494-c38228f103ff.jpg?v=1779391568,14,Gildan® 8000 — Sapphire — right side view,,,,,,,,,,,,,,,,,,,
,gildan-8000-g8000,,,,,,,,,,,,,,,,,,,,,,,,,,,,,,,,,,,https://cdn.shopify.com/s/files/1/0746/6817/9644/files/000047_026_neckline_790d6177-48a1-45da-995e-6d684057f61f.jpg?v=1779391568,15,Gildan® 8000 — Sapphire — neckline detail,,,,,,,,,,,,,,,,,,,
,gildan-8000-g8000,,,,,,,,,,,,,,,,,,,,,,,,,,,,,,,,,,,https://cdn.shopify.com/s/files/1/0746/6817/9644/files/000047_026_fabric_e5e9a1fd-6fb8-43f8-a6e7-23ae5801c980.jpg?v=1779391565,16,Gildan® 8000 — Sapphire — fabric detail,,,,,,,,,,,,,,,,,,,
,gildan-8000-g8000,,,,,,,,,,,,,,,,,,,,,,,,,,,,,,,,,,,https://cdn.shopify.com/s/files/1/0746/6817/9644/files/000047_026_front_f.jpg?v=1779391566,17,Gildan® 8000 — Sapphire — front view (women's fit),,,,,,,,,,,,,,,,,,,
,gildan-8000-g8000,,,,,,,,,,,,,,,,,,,,,,,,,,,,,,,,,,,https://cdn.shopify.com/s/files/1/0746/6817/9644/files/000047_026_back_f.jpg?v=1779391564,18,Gildan® 8000 — Sapphire — back view (women's fit),,,,,,,,,,,,,,,,,,,
,gildan-8000-g8000,,,,,,,,G8000-030-S,,Color,White,,Size,S,,,,,,,,TRUE,,,,,,shopify,300,deny,150,g,TRUE,manual,https://cdn.shopify.com/s/files/1/0746/6817/9644/files/000042_030_front_499188e9-57c0-4133-9b16-0154573e051a.jpg?v=1779391528,19,Gildan® 8000 — White — front view,https://cdn.shopify.com/s/files/1/0746/6817/9644/files/000042_030_front_499188e9-57c0-4133-9b16-0154573e051a.jpg?v=1779391528,,,,white,,,,,,,,,,,,,,
,gildan-8000-g8000,,,,,,,,G8000-030-M,,Color,White,,Size,M,,,,,,,,TRUE,,,,,,shopify,300,deny,150,g,TRUE,manual,,,,https://cdn.shopify.com/s/files/1/0746/6817/9644/files/000042_030_front_499188e9-57c0-4133-9b16-0154573e051a.jpg?v=1779391528,,,,white,,,,,,,,,,,,,,
,gildan-8000-g8000,,,,,,,,G8000-030-L,,Color,White,,Size,L,,,,,,,,TRUE,,,,,,shopify,300,deny,150,g,TRUE,manual,,,,https://cdn.shopify.com/s/files/1/0746/6817/9644/files/000042_030_front_499188e9-57c0-4133-9b16-0154573e051a.jpg?v=1779391528,,,,white,,,,,,,,,,,,,,
,gildan-8000-g8000,,,,,,,,G8000-030-XL,,Color,White,,Size,XL,,,,,,,,TRUE,,,,,,shopify,300,deny,150,g,TRUE,manual,,,,https://cdn.shopify.com/s/files/1/0746/6817/9644/files/000042_030_front_499188e9-57c0-4133-9b16-0154573e051a.jpg?v=1779391528,,,,white,,,,,,,,,,,,,,
,gildan-8000-g8000,,,,,,,,G8000-030-2XL,,Color,White,,Size,2XL,,,,,,,,TRUE,,,,,,shopify,300,deny,150,g,TRUE,manual,,,,https://cdn.shopify.com/s/files/1/0746/6817/9644/files/000042_030_front_499188e9-57c0-4133-9b16-0154573e051a.jpg?v=1779391528,,,,white,,,,,,,,,,,,,,
,gildan-8000-g8000,,,,,,,,G8000-030-3XL,,Color,White,,Size,3XL,,,,,,,,TRUE,,,,,,shopify,300,deny,150,g,TRUE,manual,,,,https://cdn.shopify.com/s/files/1/0746/6817/9644/files/000042_030_front_499188e9-57c0-4133-9b16-0154573e051a.jpg?v=1779391528,,,,white,,,,,,,,,,,,,,
,gildan-8000-g8000,,,,,,,,G8000-030-4XL,,Color,White,,Size,4XL,,,,,,,,TRUE,,,,,,shopify,300,deny,150,g,TRUE,manual,,,,https://cdn.shopify.com/s/files/1/0746/6817/9644/files/000042_030_front_499188e9-57c0-4133-9b16-0154573e051a.jpg?v=1779391528,,,,white,,,,,,,,,,,,,,
,gildan-8000-g8000,,,,,,,,G8000-030-5XL,,Color,White,,Size,5XL,,,,,,,,TRUE,,,,,,shopify,300,deny,150,g,TRUE,manual,,,,https://cdn.shopify.com/s/files/1/0746/6817/9644/files/000042_030_front_499188e9-57c0-4133-9b16-0154573e051a.jpg?v=1779391528,,,,white,,,,,,,,,,,,,,
,gildan-8000-g8000,,,,,,,,,,,,,,,,,,,,,,,,,,,,,,,,,,,https://cdn.shopify.com/s/files/1/0746/6817/9644/files/000042_030_back_03e99eeb-921e-4b60-9664-c480bc1084a4.jpg?v=1779391525,20,Gildan® 8000 — White — back view,,,,,,,,,,,,,,,,,,,
,gildan-8000-g8000,,,,,,,,,,,,,,,,,,,,,,,,,,,,,,,,,,,https://cdn.shopify.com/s/files/1/0746/6817/9644/files/000042_030_left_9b059660-ca45-400a-ba9e-05109ee05289.jpg?v=1779391529,21,Gildan® 8000 — White — left side view,,,,,,,,,,,,,,,,,,,
,gildan-8000-g8000,,,,,,,,,,,,,,,,,,,,,,,,,,,,,,,,,,,https://cdn.shopify.com/s/files/1/0746/6817/9644/files/000042_030_right_ba608422-875b-493b-a065-d6e9d92e8396.jpg?v=1779391530,22,Gildan® 8000 — White — right side view,,,,,,,,,,,,,,,,,,,
,gildan-8000-g8000,,,,,,,,,,,,,,,,,,,,,,,,,,,,,,,,,,,https://cdn.shopify.com/s/files/1/0746/6817/9644/files/000042_030_neckline_1b1cb0c6-ed7c-4da8-be2e-c7c6076c766c.jpg?v=1779391530,23,Gildan® 8000 — White — neckline detail,,,,,,,,,,,,,,,,,,,
,gildan-8000-g8000,,,,,,,,,,,,,,,,,,,,,,,,,,,,,,,,,,,https://cdn.shopify.com/s/files/1/0746/6817/9644/files/000042_030_fabric_4a2813ab-4853-4ba6-a273-ecc11ff82751.jpg?v=1779391527,24,Gildan® 8000 — White — fabric detail,,,,,,,,,,,,,,,,,,,
,gildan-8000-g8000,,,,,,,,,,,,,,,,,,,,,,,,,,,,,,,,,,,https://cdn.shopify.com/s/files/1/0746/6817/9644/files/000042_030_front_f.jpg?v=1779391528,25,Gildan® 8000 — White — front view (women's fit),,,,,,,,,,,,,,,,,,,
,gildan-8000-g8000,,,,,,,,,,,,,,,,,,,,,,,,,,,,,,,,,,,https://cdn.shopify.com/s/files/1/0746/6817/9644/files/000042_030_back_f.jpg?v=1779391525,26,Gildan® 8000 — White — back view (women's fit),,,,,,,,,,,,,,,,,,,
,gildan-8000-g8000,,,,,,,,G8000-032-S,,Color,Navy,,Size,S,,,,,,,,TRUE,,,,,,shopify,300,deny,150,g,TRUE,manual,https://cdn.shopify.com/s/files/1/0746/6817/9644/files/000043_032_front_26d9be4b-afc4-45b4-9a82-5bc8c81fd0b7.jpg?v=1779391533,27,Gildan® 8000 — Navy — front view,https://cdn.shopify.com/s/files/1/0746/6817/9644/files/000043_032_front_26d9be4b-afc4-45b4-9a82-5bc8c81fd0b7.jpg?v=1779391533,,,,navy,,,,,,,,,,,,,,
,gildan-8000-g8000,,,,,,,,G8000-032-M,,Color,Navy,,Size,M,,,,,,,,TRUE,,,,,,shopify,300,deny,150,g,TRUE,manual,,,,https://cdn.shopify.com/s/files/1/0746/6817/9644/files/000043_032_front_26d9be4b-afc4-45b4-9a82-5bc8c81fd0b7.jpg?v=1779391533,,,,navy,,,,,,,,,,,,,,
,gildan-8000-g8000,,,,,,,,G8000-032-L,,Color,Navy,,Size,L,,,,,,,,TRUE,,,,,,shopify,300,deny,150,g,TRUE,manual,,,,https://cdn.shopify.com/s/files/1/0746/6817/9644/files/000043_032_front_26d9be4b-afc4-45b4-9a82-5bc8c81fd0b7.jpg?v=1779391533,,,,navy,,,,,,,,,,,,,,
,gildan-8000-g8000,,,,,,,,G8000-032-XL,,Color,Navy,,Size,XL,,,,,,,,TRUE,,,,,,shopify,300,deny,150,g,TRUE,manual,,,,https://cdn.shopify.com/s/files/1/0746/6817/9644/files/000043_032_front_26d9be4b-afc4-45b4-9a82-5bc8c81fd0b7.jpg?v=1779391533,,,,navy,,,,,,,,,,,,,,
,gildan-8000-g8000,,,,,,,,G8000-032-2XL,,Color,Navy,,Size,2XL,,,,,,,,TRUE,,,,,,shopify,300,deny,150,g,TRUE,manual,,,,https://cdn.shopify.com/s/files/1/0746/6817/9644/files/000043_032_front_26d9be4b-afc4-45b4-9a82-5bc8c81fd0b7.jpg?v=1779391533,,,,navy,,,,,,,,,,,,,,
,gildan-8000-g8000,,,,,,,,G8000-032-3XL,,Color,Navy,,Size,3XL,,,,,,,,TRUE,,,,,,shopify,300,deny,150,g,TRUE,manual,,,,https://cdn.shopify.com/s/files/1/0746/6817/9644/files/000043_032_front_26d9be4b-afc4-45b4-9a82-5bc8c81fd0b7.jpg?v=1779391533,,,,navy,,,,,,,,,,,,,,
,gildan-8000-g8000,,,,,,,,G8000-032-4XL,,Color,Navy,,Size,4XL,,,,,,,,TRUE,,,,,,shopify,300,deny,150,g,TRUE,manual,,,,https://cdn.shopify.com/s/files/1/0746/6817/9644/files/000043_032_front_26d9be4b-afc4-45b4-9a82-5bc8c81fd0b7.jpg?v=1779391533,,,,navy,,,,,,,,,,,,,,
,gildan-8000-g8000,,,,,,,,G8000-032-5XL,,Color,Navy,,Size,5XL,,,,,,,,TRUE,,,,,,shopify,300,deny,150,g,TRUE,manual,,,,https://cdn.shopify.com/s/files/1/0746/6817/9644/files/000043_032_front_26d9be4b-afc4-45b4-9a82-5bc8c81fd0b7.jpg?v=1779391533,,,,navy,,,,,,,,,,,,,,
,gildan-8000-g8000,,,,,,,,,,,,,,,,,,,,,,,,,,,,,,,,,,,https://cdn.shopify.com/s/files/1/0746/6817/9644/files/000043_032_back_460f7193-9230-4e0e-bf1b-1e60e9af21d0.jpg?v=1779391531,28,Gildan® 8000 — Navy — back view,,,,,,,,,,,,,,,,,,,
,gildan-8000-g8000,,,,,,,,,,,,,,,,,,,,,,,,,,,,,,,,,,,https://cdn.shopify.com/s/files/1/0746/6817/9644/files/000043_032_left_7a52a738-fb61-467e-8792-9e77756aa63a.jpg?v=1779391535,29,Gildan® 8000 — Navy — left side view,,,,,,,,,,,,,,,,,,,
,gildan-8000-g8000,,,,,,,,,,,,,,,,,,,,,,,,,,,,,,,,,,,https://cdn.shopify.com/s/files/1/0746/6817/9644/files/000043_032_right_b172a272-8db2-411b-9655-b812e7b6cb8f.jpg?v=1779391537,30,Gildan® 8000 — Navy — right side view,,,,,,,,,,,,,,,,,,,
,gildan-8000-g8000,,,,,,,,,,,,,,,,,,,,,,,,,,,,,,,,,,,https://cdn.shopify.com/s/files/1/0746/6817/9644/files/000043_032_neckline_1ada5f64-6c97-4b4d-b3a9-8b0821e6fb94.jpg?v=1779391535,31,Gildan® 8000 — Navy — neckline detail,,,,,,,,,,,,,,,,,,,
,gildan-8000-g8000,,,,,,,,,,,,,,,,,,,,,,,,,,,,,,,,,,,https://cdn.shopify.com/s/files/1/0746/6817/9644/files/000043_032_fabric_3e7a99fb-5f60-409a-83f1-1ab1bdd1be4b.jpg?v=1779391532,32,Gildan® 8000 — Navy — fabric detail,,,,,,,,,,,,,,,,,,,
,gildan-8000-g8000,,,,,,,,,,,,,,,,,,,,,,,,,,,,,,,,,,,https://cdn.shopify.com/s/files/1/0746/6817/9644/files/000043_032_front_f.jpg?v=1779391535,33,Gildan® 8000 — Navy — front view (women's fit),,,,,,,,,,,,,,,,,,,
,gildan-8000-g8000,,,,,,,,,,,,,,,,,,,,,,,,,,,,,,,,,,,https://cdn.shopify.com/s/files/1/0746/6817/9644/files/000043_032_back_f.jpg?v=1779391532,34,Gildan® 8000 — Navy — back view (women's fit),,,,,,,,,,,,,,,,,,,
,gildan-8000-g8000,,,,,,,,G8000-036-S,,Color,Black,,Size,S,,,,,,,,TRUE,,,,,,shopify,300,deny,150,g,TRUE,manual,https://cdn.shopify.com/s/files/1/0746/6817/9644/files/000044_036_front_f515b7fa-6f4b-4dba-b421-ec64942e3aa7.jpg?v=1779391541,35,Gildan® 8000 — Black — front view,https://cdn.shopify.com/s/files/1/0746/6817/9644/files/000044_036_front_f515b7fa-6f4b-4dba-b421-ec64942e3aa7.jpg?v=1779391541,,,,black,,,,,,,,,,,,,,
,gildan-8000-g8000,,,,,,,,G8000-036-M,,Color,Black,,Size,M,,,,,,,,TRUE,,,,,,shopify,300,deny,150,g,TRUE,manual,,,,https://cdn.shopify.com/s/files/1/0746/6817/9644/files/000044_036_front_f515b7fa-6f4b-4dba-b421-ec64942e3aa7.jpg?v=1779391541,,,,black,,,,,,,,,,,,,,
,gildan-8000-g8000,,,,,,,,G8000-036-L,,Color,Black,,Size,L,,,,,,,,TRUE,,,,,,shopify,300,deny,150,g,TRUE,manual,,,,https://cdn.shopify.com/s/files/1/0746/6817/9644/files/000044_036_front_f515b7fa-6f4b-4dba-b421-ec64942e3aa7.jpg?v=1779391541,,,,black,,,,,,,,,,,,,,
,gildan-8000-g8000,,,,,,,,G8000-036-XL,,Color,Black,,Size,XL,,,,,,,,TRUE,,,,,,shopify,300,deny,150,g,TRUE,manual,,,,https://cdn.shopify.com/s/files/1/0746/6817/9644/files/000044_036_front_f515b7fa-6f4b-4dba-b421-ec64942e3aa7.jpg?v=1779391541,,,,black,,,,,,,,,,,,,,
,gildan-8000-g8000,,,,,,,,G8000-036-2XL,,Color,Black,,Size,2XL,,,,,,,,TRUE,,,,,,shopify,300,deny,150,g,TRUE,manual,,,,https://cdn.shopify.com/s/files/1/0746/6817/9644/files/000044_036_front_f515b7fa-6f4b-4dba-b421-ec64942e3aa7.jpg?v=1779391541,,,,black,,,,,,,,,,,,,,
,gildan-8000-g8000,,,,,,,,G8000-036-3XL,,Color,Black,,Size,3XL,,,,,,,,TRUE,,,,,,shopify,300,deny,150,g,TRUE,manual,,,,https://cdn.shopify.com/s/files/1/0746/6817/9644/files/000044_036_front_f515b7fa-6f4b-4dba-b421-ec64942e3aa7.jpg?v=1779391541,,,,black,,,,,,,,,,,,,,
,gildan-8000-g8000,,,,,,,,G8000-036-4XL,,Color,Black,,Size,4XL,,,,,,,,TRUE,,,,,,shopify,300,deny,150,g,TRUE,manual,,,,https://cdn.shopify.com/s/files/1/0746/6817/9644/files/000044_036_front_f515b7fa-6f4b-4dba-b421-ec64942e3aa7.jpg?v=1779391541,,,,black,,,,,,,,,,,,,,
,gildan-8000-g8000,,,,,,,,G8000-036-5XL,,Color,Black,,Size,5XL,,,,,,,,TRUE,,,,,,shopify,300,deny,150,g,TRUE,manual,,,,https://cdn.shopify.com/s/files/1/0746/6817/9644/files/000044_036_front_f515b7fa-6f4b-4dba-b421-ec64942e3aa7.jpg?v=1779391541,,,,black,,,,,,,,,,,,,,
,gildan-8000-g8000,,,,,,,,,,,,,,,,,,,,,,,,,,,,,,,,,,,https://cdn.shopify.com/s/files/1/0746/6817/9644/files/000044_036_back_a998373f-6020-4b3a-8298-872a6fe9f134.jpg?v=1779391538,36,Gildan® 8000 — Black — back view,,,,,,,,,,,,,,,,,,,
,gildan-8000-g8000,,,,,,,,,,,,,,,,,,,,,,,,,,,,,,,,,,,https://cdn.shopify.com/s/files/1/0746/6817/9644/files/000044_036_left_2f304588-43d9-4813-93aa-74afb785ac96.jpg?v=1779391543,37,Gildan® 8000 — Black — left side view,,,,,,,,,,,,,,,,,,,
,gildan-8000-g8000,,,,,,,,,,,,,,,,,,,,,,,,,,,,,,,,,,,https://cdn.shopify.com/s/files/1/0746/6817/9644/files/000044_036_right_9d9414b0-6eeb-48d5-bf23-de2ec4e18824.jpg?v=1779391545,38,Gildan® 8000 — Black — right side view,,,,,,,,,,,,,,,,,,,
,gildan-8000-g8000,,,,,,,,,,,,,,,,,,,,,,,,,,,,,,,,,,,https://cdn.shopify.com/s/files/1/0746/6817/9644/files/000044_036_neckline_5dd6c1ae-2015-43b9-9483-1b8fa53c0d52.jpg?v=1779391544,39,Gildan® 8000 — Black — neckline detail,,,,,,,,,,,,,,,,,,,
,gildan-8000-g8000,,,,,,,,,,,,,,,,,,,,,,,,,,,,,,,,,,,https://cdn.shopify.com/s/files/1/0746/6817/9644/files/000044_036_fabric_c5e7ea4c-b607-484c-ba87-1ae5b48c4010.jpg?v=1779391540,40,Gildan® 8000 — Black — fabric detail,,,,,,,,,,,,,,,,,,,
,gildan-8000-g8000,,,,,,,,,,,,,,,,,,,,,,,,,,,,,,,,,,,https://cdn.shopify.com/s/files/1/0746/6817/9644/files/000044_036_front_f.jpg?v=1779391541,41,Gildan® 8000 — Black — front view (women's fit),,,,,,,,,,,,,,,,,,,
,gildan-8000-g8000,,,,,,,,,,,,,,,,,,,,,,,,,,,,,,,,,,,https://cdn.shopify.com/s/files/1/0746/6817/9644/files/000044_036_back_f.jpg?v=1779391538,42,Gildan® 8000 — Black — back view (women's fit),,,,,,,,,,,,,,,,,,,
,gildan-8000-g8000,,,,,,,,G8000-040-S,,Color,Red,,Size,S,,,,,,,,TRUE,,,,,,shopify,300,deny,150,g,TRUE,manual,https://cdn.shopify.com/s/files/1/0746/6817/9644/files/000045_040_front_d3a1e9e1-b2a6-4487-96ff-45efb1c1ee5f.jpg?v=1779391547,3,Gildan® 8000 — Red — front view,https://cdn.shopify.com/s/files/1/0746/6817/9644/files/000045_040_front_d3a1e9e1-b2a6-4487-96ff-45efb1c1ee5f.jpg?v=1779391547,,,,red,,,,,,,,,,,,,,
,gildan-8000-g8000,,,,,,,,G8000-040-M,,Color,Red,,Size,M,,,,,,,,TRUE,,,,,,shopify,300,deny,150,g,TRUE,manual,,,,https://cdn.shopify.com/s/files/1/0746/6817/9644/files/000045_040_front_d3a1e9e1-b2a6-4487-96ff-45efb1c1ee5f.jpg?v=1779391547,,,,red,,,,,,,,,,,,,,
,gildan-8000-g8000,,,,,,,,G8000-040-L,,Color,Red,,Size,L,,,,,,,,TRUE,,,,,,shopify,300,deny,150,g,TRUE,manual,,,,https://cdn.shopify.com/s/files/1/0746/6817/9644/files/000045_040_front_d3a1e9e1-b2a6-4487-96ff-45efb1c1ee5f.jpg?v=1779391547,,,,red,,,,,,,,,,,,,,
,gildan-8000-g8000,,,,,,,,G8000-040-XL,,Color,Red,,Size,XL,,,,,,,,TRUE,,,,,,shopify,300,deny,150,g,TRUE,manual,,,,https://cdn.shopify.com/s/files/1/0746/6817/9644/files/000045_040_front_d3a1e9e1-b2a6-4487-96ff-45efb1c1ee5f.jpg?v=1779391547,,,,red,,,,,,,,,,,,,,
,gildan-8000-g8000,,,,,,,,G8000-040-2XL,,Color,Red,,Size,2XL,,,,,,,,TRUE,,,,,,shopify,300,deny,150,g,TRUE,manual,,,,https://cdn.shopify.com/s/files/1/0746/6817/9644/files/000045_040_front_d3a1e9e1-b2a6-4487-96ff-45efb1c1ee5f.jpg?v=1779391547,,,,red,,,,,,,,,,,,,,
,gildan-8000-g8000,,,,,,,,G8000-040-3XL,,Color,Red,,Size,3XL,,,,,,,,TRUE,,,,,,shopify,300,deny,150,g,TRUE,manual,,,,https://cdn.shopify.com/s/files/1/0746/6817/9644/files/000045_040_front_d3a1e9e1-b2a6-4487-96ff-45efb1c1ee5f.jpg?v=1779391547,,,,red,,,,,,,,,,,,,,
,gildan-8000-g8000,,,,,,,,G8000-040-4XL,,Color,Red,,Size,4XL,,,,,,,,TRUE,,,,,,shopify,300,deny,150,g,TRUE,manual,,,,https://cdn.shopify.com/s/files/1/0746/6817/9644/files/000045_040_front_d3a1e9e1-b2a6-4487-96ff-45efb1c1ee5f.jpg?v=1779391547,,,,red,,,,,,,,,,,,,,
,gildan-8000-g8000,,,,,,,,G8000-040-5XL,,Color,Red,,Size,5XL,,,,,,,,TRUE,,,,,,shopify,300,deny,150,g,TRUE,manual,,,,https://cdn.shopify.com/s/files/1/0746/6817/9644/files/000045_040_front_d3a1e9e1-b2a6-4487-96ff-45efb1c1ee5f.jpg?v=1779391547,,,,red,,,,,,,,,,,,,,
,gildan-8000-g8000,,,,,,,,,,,,,,,,,,,,,,,,,,,,,,,,,,,https://cdn.shopify.com/s/files/1/0746/6817/9644/files/000045_040_back_2c42fc82-5f11-4167-9307-2446f45e8c1f.jpg?v=1779391545,4,Gildan® 8000 — Red — back view,,,,,,,,,,,,,,,,,,,
,gildan-8000-g8000,,,,,,,,,,,,,,,,,,,,,,,,,,,,,,,,,,,https://cdn.shopify.com/s/files/1/0746/6817/9644/files/000045_040_left_b4ca5230-2022-45f6-ad78-b6f2eb8d9800.jpg?v=1779391550,5,Gildan® 8000 — Red — left side view,,,,,,,,,,,,,,,,,,,
,gildan-8000-g8000,,,,,,,,,,,,,,,,,,,,,,,,,,,,,,,,,,,https://cdn.shopify.com/s/files/1/0746/6817/9644/files/000045_040_right_e46c4faa-1eff-4d41-861d-07db74adbe5d.jpg?v=1779391553,6,Gildan® 8000 — Red — right side view,,,,,,,,,,,,,,,,,,,
,gildan-8000-g8000,,,,,,,,,,,,,,,,,,,,,,,,,,,,,,,,,,,https://cdn.shopify.com/s/files/1/0746/6817/9644/files/000045_040_neckline_81b64db6-f41b-4579-8600-90d61a188a6e.jpg?v=1779391550,7,Gildan® 8000 — Red — neckline detail,,,,,,,,,,,,,,,,,,,
,gildan-8000-g8000,,,,,,,,,,,,,,,,,,,,,,,,,,,,,,,,,,,https://cdn.shopify.com/s/files/1/0746/6817/9644/files/000045_040_fabric_db8c5b3c-16ee-42da-b3c8-8448465b6987.jpg?v=1779391547,8,Gildan® 8000 — Red — fabric detail,,,,,,,,,,,,,,,,,,,
,gildan-8000-g8000,,,,,,,,,,,,,,,,,,,,,,,,,,,,,,,,,,,https://cdn.shopify.com/s/files/1/0746/6817/9644/files/000045_040_front_f.jpg?v=1779391550,9,Gildan® 8000 — Red — front view (women's fit),,,,,,,,,,,,,,,,,,,
,gildan-8000-g8000,,,,,,,,,,,,,,,,,,,,,,,,,,,,,,,,,,,https://cdn.shopify.com/s/files/1/0746/6817/9644/files/000045_040_back_f.jpg?v=1779391547,10,Gildan® 8000 — Red — back view (women's fit),,,,,,,,,,,,,,,,,,,
,gildan-8000-g8000,,,,,,,,G8000-051-S,,Color,Royal Blue,,Size,S,,,,,,,,TRUE,,,,,,shopify,300,deny,150,g,TRUE,manual,https://cdn.shopify.com/s/files/1/0746/6817/9644/files/000046_051_front_98a7ec83-7d8f-4b41-9b34-108e496b69e4.png?v=1779391557,43,Gildan® 8000 — Royal Blue — front view,https://cdn.shopify.com/s/files/1/0746/6817/9644/files/000046_051_front_98a7ec83-7d8f-4b41-9b34-108e496b69e4.png?v=1779391557,,,,royal blue,,,,,,,,,,,,,,
,gildan-8000-g8000,,,,,,,,G8000-051-M,,Color,Royal Blue,,Size,M,,,,,,,,TRUE,,,,,,shopify,300,deny,150,g,TRUE,manual,,,,https://cdn.shopify.com/s/files/1/0746/6817/9644/files/000046_051_front_98a7ec83-7d8f-4b41-9b34-108e496b69e4.png?v=1779391557,,,,royal blue,,,,,,,,,,,,,,
,gildan-8000-g8000,,,,,,,,G8000-051-L,,Color,Royal Blue,,Size,L,,,,,,,,TRUE,,,,,,shopify,300,deny,150,g,TRUE,manual,,,,https://cdn.shopify.com/s/files/1/0746/6817/9644/files/000046_051_front_98a7ec83-7d8f-4b41-9b34-108e496b69e4.png?v=1779391557,,,,royal blue,,,,,,,,,,,,,,
,gildan-8000-g8000,,,,,,,,G8000-051-XL,,Color,Royal Blue,,Size,XL,,,,,,,,TRUE,,,,,,shopify,300,deny,150,g,TRUE,manual,,,,https://cdn.shopify.com/s/files/1/0746/6817/9644/files/000046_051_front_98a7ec83-7d8f-4b41-9b34-108e496b69e4.png?v=1779391557,,,,royal blue,,,,,,,,,,,,,,
,gildan-8000-g8000,,,,,,,,G8000-051-2XL,,Color,Royal Blue,,Size,2XL,,,,,,,,TRUE,,,,,,shopify,300,deny,150,g,TRUE,manual,,,,https://cdn.shopify.com/s/files/1/0746/6817/9644/files/000046_051_front_98a7ec83-7d8f-4b41-9b34-108e496b69e4.png?v=1779391557,,,,royal blue,,,,,,,,,,,,,,
,gildan-8000-g8000,,,,,,,,G8000-051-3XL,,Color,Royal Blue,,Size,3XL,,,,,,,,TRUE,,,,,,shopify,300,deny,150,g,TRUE,manual,,,,https://cdn.shopify.com/s/files/1/0746/6817/9644/files/000046_051_front_98a7ec83-7d8f-4b41-9b34-108e496b69e4.png?v=1779391557,,,,royal blue,,,,,,,,,,,,,,
,gildan-8000-g8000,,,,,,,,G8000-051-4XL,,Color,Royal Blue,,Size,4XL,,,,,,,,TRUE,,,,,,shopify,300,deny,150,g,TRUE,manual,,,,https://cdn.shopify.com/s/files/1/0746/6817/9644/files/000046_051_front_98a7ec83-7d8f-4b41-9b34-108e496b69e4.png?v=1779391557,,,,royal blue,,,,,,,,,,,,,,
,gildan-8000-g8000,,,,,,,,G8000-051-5XL,,Color,Royal Blue,,Size,5XL,,,,,,,,TRUE,,,,,,shopify,300,deny,150,g,TRUE,manual,,,,https://cdn.shopify.com/s/files/1/0746/6817/9644/files/000046_051_front_98a7ec83-7d8f-4b41-9b34-108e496b69e4.png?v=1779391557,,,,royal blue,,,,,,,,,,,,,,
,gildan-8000-g8000,,,,,,,,,,,,,,,,,,,,,,,,,,,,,,,,,,,https://cdn.shopify.com/s/files/1/0746/6817/9644/files/000046_051_back_368966fb-b720-4b34-90d6-d6c97556223e.png?v=1779391553,44,Gildan® 8000 — Royal Blue — back view,,,,,,,,,,,,,,,,,,,
,gildan-8000-g8000,,,,,,,,,,,,,,,,,,,,,,,,,,,,,,,,,,,https://cdn.shopify.com/s/files/1/0746/6817/9644/files/000046_051_left_81c78b14-51c3-47c2-bf58-2141f211dc70.png?v=1779391560,45,Gildan® 8000 — Royal Blue — left side view,,,,,,,,,,,,,,,,,,,
,gildan-8000-g8000,,,,,,,,,,,,,,,,,,,,,,,,,,,,,,,,,,,https://cdn.shopify.com/s/files/1/0746/6817/9644/files/000046_051_right_734b02a1-9122-4503-acd5-dc995747d47f.png?v=1779391561,46,Gildan® 8000 — Royal Blue — right side view,,,,,,,,,,,,,,,,,,,
,gildan-8000-g8000,,,,,,,,,,,,,,,,,,,,,,,,,,,,,,,,,,,https://cdn.shopify.com/s/files/1/0746/6817/9644/files/000046_051_neckline_3a5c219c-18f4-4002-bc9b-61401fae64a5.png?v=1779391561,47,Gildan® 8000 — Royal Blue — neckline detail,,,,,,,,,,,,,,,,,,,
,gildan-8000-g8000,,,,,,,,,,,,,,,,,,,,,,,,,,,,,,,,,,,https://cdn.shopify.com/s/files/1/0746/6817/9644/files/000046_051_fabric_7dafc3b4-d3e6-4d23-9ec6-115aefb6b9af.png?v=1779391557,48,Gildan® 8000 — Royal Blue — fabric detail,,,,,,,,,,,,,,,,,,,
,gildan-8000-g8000,,,,,,,,,,,,,,,,,,,,,,,,,,,,,,,,,,,https://cdn.shopify.com/s/files/1/0746/6817/9644/files/000046_051_front_f.png?v=1779391558,49,Gildan® 8000 — Royal Blue — front view (women's fit),,,,,,,,,,,,,,,,,,,
,gildan-8000-g8000,,,,,,,,,,,,,,,,,,,,,,,,,,,,,,,,,,,https://cdn.shopify.com/s/files/1/0746/6817/9644/files/000046_051_back_f.png?v=1779391554,50,Gildan® 8000 — Royal Blue — back view (women's fit),,,,,,,,,,,,,,,,,,,
,gildan-8000-g8000,,,,,,,,G8000-098-S,,Color,Daisy,,Size,S,,,,,,,,TRUE,,,,,,shopify,300,deny,150,g,TRUE,manual,https://cdn.shopify.com/s/files/1/0746/6817/9644/files/000048_098_front_a77063b6-4e6a-4f79-850c-d08e78cf1ea6.jpg?v=1779391574,51,Gildan® 8000 — Daisy — front view,https://cdn.shopify.com/s/files/1/0746/6817/9644/files/000048_098_front_a77063b6-4e6a-4f79-850c-d08e78cf1ea6.jpg?v=1779391574,,,,daisy,,,,,,,,,,,,,,
,gildan-8000-g8000,,,,,,,,G8000-098-M,,Color,Daisy,,Size,M,,,,,,,,TRUE,,,,,,shopify,300,deny,150,g,TRUE,manual,,,,https://cdn.shopify.com/s/files/1/0746/6817/9644/files/000048_098_front_a77063b6-4e6a-4f79-850c-d08e78cf1ea6.jpg?v=1779391574,,,,daisy,,,,,,,,,,,,,,
,gildan-8000-g8000,,,,,,,,G8000-098-L,,Color,Daisy,,Size,L,,,,,,,,TRUE,,,,,,shopify,300,deny,150,g,TRUE,manual,,,,https://cdn.shopify.com/s/files/1/0746/6817/9644/files/000048_098_front_a77063b6-4e6a-4f79-850c-d08e78cf1ea6.jpg?v=1779391574,,,,daisy,,,,,,,,,,,,,,
,gildan-8000-g8000,,,,,,,,G8000-098-XL,,Color,Daisy,,Size,XL,,,,,,,,TRUE,,,,,,shopify,300,deny,150,g,TRUE,manual,,,,https://cdn.shopify.com/s/files/1/0746/6817/9644/files/000048_098_front_a77063b6-4e6a-4f79-850c-d08e78cf1ea6.jpg?v=1779391574,,,,daisy,,,,,,,,,,,,,,
,gildan-8000-g8000,,,,,,,,G8000-098-2XL,,Color,Daisy,,Size,2XL,,,,,,,,TRUE,,,,,,shopify,300,deny,150,g,TRUE,manual,,,,https://cdn.shopify.com/s/files/1/0746/6817/9644/files/000048_098_front_a77063b6-4e6a-4f79-850c-d08e78cf1ea6.jpg?v=1779391574,,,,daisy,,,,,,,,,,,,,,
,gildan-8000-g8000,,,,,,,,G8000-098-3XL,,Color,Daisy,,Size,3XL,,,,,,,,TRUE,,,,,,shopify,300,deny,150,g,TRUE,manual,,,,https://cdn.shopify.com/s/files/1/0746/6817/9644/files/000048_098_front_a77063b6-4e6a-4f79-850c-d08e78cf1ea6.jpg?v=1779391574,,,,daisy,,,,,,,,,,,,,,
,gildan-8000-g8000,,,,,,,,G8000-098-4XL,,Color,Daisy,,Size,4XL,,,,,,,,TRUE,,,,,,shopify,300,deny,150,g,TRUE,manual,,,,https://cdn.shopify.com/s/files/1/0746/6817/9644/files/000048_098_front_a77063b6-4e6a-4f79-850c-d08e78cf1ea6.jpg?v=1779391574,,,,daisy,,,,,,,,,,,,,,
,gildan-8000-g8000,,,,,,,,G8000-098-5XL,,Color,Daisy,,Size,5XL,,,,,,,,TRUE,,,,,,shopify,300,deny,150,g,TRUE,manual,,,,https://cdn.shopify.com/s/files/1/0746/6817/9644/files/000048_098_front_a77063b6-4e6a-4f79-850c-d08e78cf1ea6.jpg?v=1779391574,,,,daisy,,,,,,,,,,,,,,
,gildan-8000-g8000,,,,,,,,,,,,,,,,,,,,,,,,,,,,,,,,,,,https://cdn.shopify.com/s/files/1/0746/6817/9644/files/000048_098_back_8a59a541-ab19-45e4-b706-555a6c9e078e.jpg?v=1779391570,52,Gildan® 8000 — Daisy — back view,,,,,,,,,,,,,,,,,,,
,gildan-8000-g8000,,,,,,,,,,,,,,,,,,,,,,,,,,,,,,,,,,,https://cdn.shopify.com/s/files/1/0746/6817/9644/files/000048_098_left_1ddd9bc3-0e9b-45d4-970b-2271f2946417.jpg?v=1779391575,53,Gildan® 8000 — Daisy — left side view,,,,,,,,,,,,,,,,,,,
,gildan-8000-g8000,,,,,,,,,,,,,,,,,,,,,,,,,,,,,,,,,,,https://cdn.shopify.com/s/files/1/0746/6817/9644/files/000048_098_right_0219a7a6-a869-491b-83d6-de3f6e367517.jpg?v=1779391577,54,Gildan® 8000 — Daisy — right side view,,,,,,,,,,,,,,,,,,,
,gildan-8000-g8000,,,,,,,,,,,,,,,,,,,,,,,,,,,,,,,,,,,https://cdn.shopify.com/s/files/1/0746/6817/9644/files/000048_098_neckline_85be643e-3219-4806-aed7-e12188df1a12.jpg?v=1779391577,55,Gildan® 8000 — Daisy — neckline detail,,,,,,,,,,,,,,,,,,,
,gildan-8000-g8000,,,,,,,,,,,,,,,,,,,,,,,,,,,,,,,,,,,https://cdn.shopify.com/s/files/1/0746/6817/9644/files/000048_098_fabric_f47b1068-889a-4c88-ac5b-6bc2aaff315c.jpg?v=1779391572,56,Gildan® 8000 — Daisy — fabric detail,,,,,,,,,,,,,,,,,,,
,gildan-8000-g8000,,,,,,,,,,,,,,,,,,,,,,,,,,,,,,,,,,,https://cdn.shopify.com/s/files/1/0746/6817/9644/files/000048_098_front_f.jpg?v=1779391574,57,Gildan® 8000 — Daisy — front view (women's fit),,,,,,,,,,,,,,,,,,,
,gildan-8000-g8000,,,,,,,,,,,,,,,,,,,,,,,,,,,,,,,,,,,https://cdn.shopify.com/s/files/1/0746/6817/9644/files/000048_098_back_f.jpg?v=1779391571,58,Gildan® 8000 — Daisy — back view (women's fit),,,,,,,,,,,,,,,,,,,
Gildan® H000,gildan-h000-gh000,"<p>Made with soft ring-spun cotton, Hammer’s high stitch density fabric provides a heavier weight and smooth printing surface. Features a classic rib collar, taped neck and shoulders, and double-needle stitching throughout.</p><ul><li>100% Ring-spun Cotton — heavier weight for a premium feel</li><li>High stitch density for a smooth printing surface</li><li>Classic rib collar</li><li>Taped neck and shoulders</li><li>Double-needle stitching throughout</li><li>Tearaway label</li></ul><h4>Size Chart (inches)</h4><table><thead><tr><th>Size</th><th>Chest</th><th>Body Length</th></tr></thead><tbody><tr><td>S</td><td>34–36</td><td>28</td></tr><tr><td>M</td><td>38–40</td><td>29</td></tr><tr><td>L</td><td>42–44</td><td>30</td></tr><tr><td>XL</td><td>46–48</td><td>31</td></tr><tr><td>2XL</td><td>50–52</td><td>32</td></tr><tr><td>3XL</td><td>54–56</td><td>33</td></tr><tr><td>4XL</td><td>58–60</td><td>34</td></tr><tr><td>5XL</td><td>62–64</td><td>35</td></tr></tbody></table>",Gildan,gid://shopify/TaxonomyCategory/aa-1-13-8,T-Shirt,"T-Shirt, Adult, Unisex, GH000",TRUE,active,GH000-030-S,,Color,White,,Size,S,,,,,,,,TRUE,,,,,,shopify,300,deny,150,g,TRUE,manual,https://cdn.shopify.com/s/files/1/0746/6817/9644/files/000049_030_front_4d5150b0-1668-4186-89bb-0a37c805e57f.png?v=1779391582,11,Gildan® H000 — White — front view,https://cdn.shopify.com/s/files/1/0746/6817/9644/files/000049_030_front_4d5150b0-1668-4186-89bb-0a37c805e57f.png?v=1779391582,,Gildan® H000,"<p>Made with soft ring-spun cotton, Hammer’s high stitch density fabric provides a heavier weight and smooth printing surface. Features a classic rib colla",white,gid://shopify/TaxonomyCategory/aa-1-13-8,Unisex,Adult,GH000,,,new,,,,,,,Adult T-Shirt
,gildan-h000-gh000,,,,,,,,,,,,,,,,,,,,,,,,,,,,,,,,,,,https://cdn.shopify.com/s/files/1/0746/6817/9644/files/gildan-h000_white_asian.png?v=1779475060,1,Gildan® H000 — Asian model — front view,,,,,,,,,,,,,,,,,,,
,gildan-h000-gh000,,,,,,,,,,,,,,,,,,,,,,,,,,,,,,,,,,,https://cdn.shopify.com/s/files/1/0746/6817/9644/files/gildan-h000_black_black.png?v=1779475060,2,Gildan® H000 — Black model — front view,,,,,,,,,,,,,,,,,,,
,gildan-h000-gh000,,,,,,,,GH000-030-M,,Color,White,,Size,M,,,,,,,,TRUE,,,,,,shopify,300,deny,150,g,TRUE,manual,,,,https://cdn.shopify.com/s/files/1/0746/6817/9644/files/000049_030_front_4d5150b0-1668-4186-89bb-0a37c805e57f.png?v=1779391582,,,,white,,,,,,,,,,,,,,
,gildan-h000-gh000,,,,,,,,GH000-030-L,,Color,White,,Size,L,,,,,,,,TRUE,,,,,,shopify,300,deny,150,g,TRUE,manual,,,,https://cdn.shopify.com/s/files/1/0746/6817/9644/files/000049_030_front_4d5150b0-1668-4186-89bb-0a37c805e57f.png?v=1779391582,,,,white,,,,,,,,,,,,,,
,gildan-h000-gh000,,,,,,,,GH000-030-XL,,Color,White,,Size,XL,,,,,,,,TRUE,,,,,,shopify,300,deny,150,g,TRUE,manual,,,,https://cdn.shopify.com/s/files/1/0746/6817/9644/files/000049_030_front_4d5150b0-1668-4186-89bb-0a37c805e57f.png?v=1779391582,,,,white,,,,,,,,,,,,,,
,gildan-h000-gh000,,,,,,,,GH000-030-2XL,,Color,White,,Size,2XL,,,,,,,,TRUE,,,,,,shopify,300,deny,150,g,TRUE,manual,,,,https://cdn.shopify.com/s/files/1/0746/6817/9644/files/000049_030_front_4d5150b0-1668-4186-89bb-0a37c805e57f.png?v=1779391582,,,,white,,,,,,,,,,,,,,
,gildan-h000-gh000,,,,,,,,GH000-030-3XL,,Color,White,,Size,3XL,,,,,,,,TRUE,,,,,,shopify,300,deny,150,g,TRUE,manual,,,,https://cdn.shopify.com/s/files/1/0746/6817/9644/files/000049_030_front_4d5150b0-1668-4186-89bb-0a37c805e57f.png?v=1779391582,,,,white,,,,,,,,,,,,,,
,gildan-h000-gh000,,,,,,,,GH000-030-4XL,,Color,White,,Size,4XL,,,,,,,,TRUE,,,,,,shopify,300,deny,150,g,TRUE,manual,,,,https://cdn.shopify.com/s/files/1/0746/6817/9644/files/000049_030_front_4d5150b0-1668-4186-89bb-0a37c805e57f.png?v=1779391582,,,,white,,,,,,,,,,,,,,
,gildan-h000-gh000,,,,,,,,,,,,,,,,,,,,,,,,,,,,,,,,,,,https://cdn.shopify.com/s/files/1/0746/6817/9644/files/000049_030_back_253552ac-551a-4327-9c8a-ed8aa9879d9e.png?v=1779391579,12,Gildan® H000 — White — back view,,,,,,,,,,,,,,,,,,,
,gildan-h000-gh000,,,,,,,,,,,,,,,,,,,,,,,,,,,,,,,,,,,https://cdn.shopify.com/s/files/1/0746/6817/9644/files/000049_030_left_b7b615a4-ddec-46d6-a5fb-a637575f220e.png?v=1779391584,13,Gildan® H000 — White — left side view,,,,,,,,,,,,,,,,,,,
,gildan-h000-gh000,,,,,,,,,,,,,,,,,,,,,,,,,,,,,,,,,,,https://cdn.shopify.com/s/files/1/0746/6817/9644/files/000049_030_right_1cabab18-68aa-4c49-b3af-823e27a905d6.png?v=1779391587,14,Gildan® H000 — White — right side view,,,,,,,,,,,,,,,,,,,
,gildan-h000-gh000,,,,,,,,,,,,,,,,,,,,,,,,,,,,,,,,,,,https://cdn.shopify.com/s/files/1/0746/6817/9644/files/000049_030_neckline_2f271565-6c51-4534-9a1b-3e7351756338.png?v=1779391585,15,Gildan® H000 — White — neckline detail,,,,,,,,,,,,,,,,,,,
,gildan-h000-gh000,,,,,,,,,,,,,,,,,,,,,,,,,,,,,,,,,,,https://cdn.shopify.com/s/files/1/0746/6817/9644/files/000049_030_fabric_41442276-2720-4df6-8f3c-6c3aa2102225.png?v=1779391581,16,Gildan® H000 — White — fabric detail,,,,,,,,,,,,,,,,,,,
,gildan-h000-gh000,,,,,,,,,,,,,,,,,,,,,,,,,,,,,,,,,,,https://cdn.shopify.com/s/files/1/0746/6817/9644/files/000049_030_front_f.png?v=1779391584,17,Gildan® H000 — White — front view (women's fit),,,,,,,,,,,,,,,,,,,
,gildan-h000-gh000,,,,,,,,,,,,,,,,,,,,,,,,,,,,,,,,,,,https://cdn.shopify.com/s/files/1/0746/6817/9644/files/000049_030_back_f.png?v=1779391580,18,Gildan® H000 — White — back view (women's fit),,,,,,,,,,,,,,,,,,,
,gildan-h000-gh000,,,,,,,,GH000-036-S,,Color,Black,,Size,S,,,,,,,,TRUE,,,,,,shopify,300,deny,150,g,TRUE,manual,https://cdn.shopify.com/s/files/1/0746/6817/9644/files/000089_036_front_cdf66a4b-9cc8-4825-b86b-e366509237a1.png?v=1779391759,3,Gildan® H000 — Black — front view,https://cdn.shopify.com/s/files/1/0746/6817/9644/files/000089_036_front_cdf66a4b-9cc8-4825-b86b-e366509237a1.png?v=1779391759,,,,black,,,,,,,,,,,,,,
,gildan-h000-gh000,,,,,,,,GH000-036-M,,Color,Black,,Size,M,,,,,,,,TRUE,,,,,,shopify,300,deny,150,g,TRUE,manual,,,,https://cdn.shopify.com/s/files/1/0746/6817/9644/files/000089_036_front_cdf66a4b-9cc8-4825-b86b-e366509237a1.png?v=1779391759,,,,black,,,,,,,,,,,,,,
,gildan-h000-gh000,,,,,,,,GH000-036-L,,Color,Black,,Size,L,,,,,,,,TRUE,,,,,,shopify,300,deny,150,g,TRUE,manual,,,,https://cdn.shopify.com/s/files/1/0746/6817/9644/files/000089_036_front_cdf66a4b-9cc8-4825-b86b-e366509237a1.png?v=1779391759,,,,black,,,,,,,,,,,,,,
,gildan-h000-gh000,,,,,,,,GH000-036-XL,,Color,Black,,Size,XL,,,,,,,,TRUE,,,,,,shopify,300,deny,150,g,TRUE,manual,,,,https://cdn.shopify.com/s/files/1/0746/6817/9644/files/000089_036_front_cdf66a4b-9cc8-4825-b86b-e366509237a1.png?v=1779391759,,,,black,,,,,,,,,,,,,,
,gildan-h000-gh000,,,,,,,,GH000-036-2XL,,Color,Black,,Size,2XL,,,,,,,,TRUE,,,,,,shopify,300,deny,150,g,TRUE,manual,,,,https://cdn.shopify.com/s/files/1/0746/6817/9644/files/000089_036_front_cdf66a4b-9cc8-4825-b86b-e366509237a1.png?v=1779391759,,,,black,,,,,,,,,,,,,,
,gildan-h000-gh000,,,,,,,,GH000-036-3XL,,Color,Black,,Size,3XL,,,,,,,,TRUE,,,,,,shopify,300,deny,150,g,TRUE,manual,,,,https://cdn.shopify.com/s/files/1/0746/6817/9644/files/000089_036_front_cdf66a4b-9cc8-4825-b86b-e366509237a1.png?v=1779391759,,,,black,,,,,,,,,,,,,,
,gildan-h000-gh000,,,,,,,,GH000-036-4XL,,Color,Black,,Size,4XL,,,,,,,,TRUE,,,,,,shopify,300,deny,150,g,TRUE,manual,,,,https://cdn.shopify.com/s/files/1/0746/6817/9644/files/000089_036_front_cdf66a4b-9cc8-4825-b86b-e366509237a1.png?v=1779391759,,,,black,,,,,,,,,,,,,,
,gildan-h000-gh000,,,,,,,,,,,,,,,,,,,,,,,,,,,,,,,,,,,https://cdn.shopify.com/s/files/1/0746/6817/9644/files/000089_036_back_b0387556-f828-4032-baaf-e6e49647d602.png?v=1779391755,4,Gildan® H000 — Black — back view,,,,,,,,,,,,,,,,,,,
,gildan-h000-gh000,,,,,,,,,,,,,,,,,,,,,,,,,,,,,,,,,,,https://cdn.shopify.com/s/files/1/0746/6817/9644/files/000089_036_left_2829da53-9752-4aea-8579-243493ca8e90.png?v=1779391760,5,Gildan® H000 — Black — left side view,,,,,,,,,,,,,,,,,,,
,gildan-h000-gh000,,,,,,,,,,,,,,,,,,,,,,,,,,,,,,,,,,,https://cdn.shopify.com/s/files/1/0746/6817/9644/files/000089_036_right_c938a541-c2c2-4e17-9628-a5841e6f716d.png?v=1779391763,6,Gildan® H000 — Black — right side view,,,,,,,,,,,,,,,,,,,
,gildan-h000-gh000,,,,,,,,,,,,,,,,,,,,,,,,,,,,,,,,,,,https://cdn.shopify.com/s/files/1/0746/6817/9644/files/000089_036_neckline_3319d7a0-6120-4a54-92aa-e0279c96b302.png?v=1779391761,7,Gildan® H000 — Black — neckline detail,,,,,,,,,,,,,,,,,,,
,gildan-h000-gh000,,,,,,,,,,,,,,,,,,,,,,,,,,,,,,,,,,,https://cdn.shopify.com/s/files/1/0746/6817/9644/files/000089_036_fabric_1a659f17-75bf-4010-920a-8c6b58505578.png?v=1779391757,8,Gildan® H000 — Black — fabric detail,,,,,,,,,,,,,,,,,,,
,gildan-h000-gh000,,,,,,,,,,,,,,,,,,,,,,,,,,,,,,,,,,,https://cdn.shopify.com/s/files/1/0746/6817/9644/files/000089_036_front_f.png?v=1779391760,9,Gildan® H000 — Black — front view (women's fit),,,,,,,,,,,,,,,,,,,
,gildan-h000-gh000,,,,,,,,,,,,,,,,,,,,,,,,,,,,,,,,,,,https://cdn.shopify.com/s/files/1/0746/6817/9644/files/000089_036_back_f.png?v=1779391756,10,Gildan® H000 — Black — back view (women's fit),,,,,,,,,,,,,,,,,,,
