Title,URL handle,Description,Vendor,Product category,Type,Tags,Published on online store,Status,SKU,Barcode,Option1 name,Option1 value,Option1 Linked To,Option2 name,Option2 value,Option2 Linked To,Option3 name,Option3 value,Option3 Linked To,Price,Compare-at price,Cost per item,Charge tax,Tax code,Unit price total measure,Unit price total measure unit,Unit price base measure,Unit price base measure unit,Inventory tracker,Inventory quantity,Continue selling when out of stock,Weight value (grams),Weight unit for display,Requires shipping,Fulfillment service,Product image URL,Image position,Image alt text,Variant image URL,Gift card,SEO title,SEO description,Color (product.metafields.shopify.color-pattern),Google Shopping / Google product category,Google Shopping / Gender,Google Shopping / Age group,Google Shopping / Manufacturer part number (MPN),Google Shopping / Ad group name,Google Shopping / Ads labels,Google Shopping / Condition,Google Shopping / Custom product,Google Shopping / Custom label 0,Google Shopping / Custom label 1,Google Shopping / Custom label 2,Google Shopping / Custom label 3,Google Shopping / Custom label 4,Subtitle (product.metafields.descriptors.subtitle)
Gildan® 18000,gildan-18000-g18000,"<p>When soft comfort is what you seek, the Heavy Blend® Adult Crewneck Sweatshirt is what you need. Made from a 50% U.S. cotton/50% polyester blend, this warm classic fit style looks great and makes a great canvas for decorating.</p><ul><li>50% Cotton / 50% Polyester — 8.0 oz/yd²</li><li>Air jet yarn — softer feel and reduced pilling</li><li>Classic fit</li><li>Quarter-turned to eliminate centre crease</li><li>Set-in sleeves</li><li>1 × 1 athletic rib knit cuffs and waistband with spandex</li><li>Double-needle stitching throughout</li></ul><h4>Size Chart (inches)</h4><table><thead><tr><th>Size</th><th>Chest</th><th>Body Length</th></tr></thead><tbody><tr><td>XS</td><td>31–33</td><td>25½</td></tr><tr><td>S</td><td>34–36</td><td>26½</td></tr><tr><td>M</td><td>38–40</td><td>27½</td></tr><tr><td>L</td><td>42–44</td><td>28½</td></tr><tr><td>XL</td><td>46–48</td><td>29½</td></tr><tr><td>2XL</td><td>50–52</td><td>30½</td></tr><tr><td>3XL</td><td>54–56</td><td>31½</td></tr><tr><td>4XL</td><td>58–60</td><td>32½</td></tr><tr><td>5XL</td><td>62–64</td><td>33½</td></tr></tbody></table>",Gildan,gid://shopify/TaxonomyCategory/aa-1-13-14,Crewneck Sweatshirt,"Crewneck Sweatshirt, Adult, Unisex, G18000, Crew Neck, Poly-Cotton",TRUE,active,G18000-030-XS,,Color,White,,Size,XS,,,,,,,,TRUE,,,,,,shopify,300,deny,400,g,TRUE,manual,https://cdn.shopify.com/s/files/1/0746/6817/9644/files/000008_030_front_2ed721a8-c5ef-4499-9476-e8c14702c4c8.jpg?v=1779478989,1,Gildan® 18000 — White — front view,https://cdn.shopify.com/s/files/1/0746/6817/9644/files/000008_030_front_2ed721a8-c5ef-4499-9476-e8c14702c4c8.jpg?v=1779478989,,Gildan® 18000,"<p>When soft comfort is what you seek, the Heavy Blend® Adult Crewneck Sweatshirt is what you need. Made from a 50% U.S. cotton/50% polyester blend, this w",white,gid://shopify/TaxonomyCategory/aa-1-13-14,Unisex,Adult,G18000,,,new,,,,,,,Adult Crewneck Sweatshirt
,gildan-18000-g18000,,,,,,,,G18000-030-S,,Color,White,,Size,S,,,,,,,,TRUE,,,,,,shopify,300,deny,400,g,TRUE,manual,,,,https://cdn.shopify.com/s/files/1/0746/6817/9644/files/000008_030_front_2ed721a8-c5ef-4499-9476-e8c14702c4c8.jpg?v=1779478989,,,,white,,,,,,,,,,,,,,
,gildan-18000-g18000,,,,,,,,G18000-030-M,,Color,White,,Size,M,,,,,,,,TRUE,,,,,,shopify,300,deny,400,g,TRUE,manual,,,,https://cdn.shopify.com/s/files/1/0746/6817/9644/files/000008_030_front_2ed721a8-c5ef-4499-9476-e8c14702c4c8.jpg?v=1779478989,,,,white,,,,,,,,,,,,,,
,gildan-18000-g18000,,,,,,,,G18000-030-L,,Color,White,,Size,L,,,,,,,,TRUE,,,,,,shopify,300,deny,400,g,TRUE,manual,,,,https://cdn.shopify.com/s/files/1/0746/6817/9644/files/000008_030_front_2ed721a8-c5ef-4499-9476-e8c14702c4c8.jpg?v=1779478989,,,,white,,,,,,,,,,,,,,
,gildan-18000-g18000,,,,,,,,G18000-030-XL,,Color,White,,Size,XL,,,,,,,,TRUE,,,,,,shopify,300,deny,400,g,TRUE,manual,,,,https://cdn.shopify.com/s/files/1/0746/6817/9644/files/000008_030_front_2ed721a8-c5ef-4499-9476-e8c14702c4c8.jpg?v=1779478989,,,,white,,,,,,,,,,,,,,
,gildan-18000-g18000,,,,,,,,G18000-030-2XL,,Color,White,,Size,2XL,,,,,,,,TRUE,,,,,,shopify,300,deny,400,g,TRUE,manual,,,,https://cdn.shopify.com/s/files/1/0746/6817/9644/files/000008_030_front_2ed721a8-c5ef-4499-9476-e8c14702c4c8.jpg?v=1779478989,,,,white,,,,,,,,,,,,,,
,gildan-18000-g18000,,,,,,,,G18000-030-3XL,,Color,White,,Size,3XL,,,,,,,,TRUE,,,,,,shopify,300,deny,400,g,TRUE,manual,,,,https://cdn.shopify.com/s/files/1/0746/6817/9644/files/000008_030_front_2ed721a8-c5ef-4499-9476-e8c14702c4c8.jpg?v=1779478989,,,,white,,,,,,,,,,,,,,
,gildan-18000-g18000,,,,,,,,G18000-030-4XL,,Color,White,,Size,4XL,,,,,,,,TRUE,,,,,,shopify,300,deny,400,g,TRUE,manual,,,,https://cdn.shopify.com/s/files/1/0746/6817/9644/files/000008_030_front_2ed721a8-c5ef-4499-9476-e8c14702c4c8.jpg?v=1779478989,,,,white,,,,,,,,,,,,,,
,gildan-18000-g18000,,,,,,,,G18000-030-5XL,,Color,White,,Size,5XL,,,,,,,,TRUE,,,,,,shopify,300,deny,400,g,TRUE,manual,,,,https://cdn.shopify.com/s/files/1/0746/6817/9644/files/000008_030_front_2ed721a8-c5ef-4499-9476-e8c14702c4c8.jpg?v=1779478989,,,,white,,,,,,,,,,,,,,
,gildan-18000-g18000,,,,,,,,,,,,,,,,,,,,,,,,,,,,,,,,,,,https://cdn.shopify.com/s/files/1/0746/6817/9644/files/000008_030_back_0810e9c5-b13e-431d-87ed-1e35a5f6dbc2.jpg?v=1779478987,2,Gildan® 18000 — White — back view,,,,,,,,,,,,,,,,,,,
,gildan-18000-g18000,,,,,,,,,,,,,,,,,,,,,,,,,,,,,,,,,,,https://cdn.shopify.com/s/files/1/0746/6817/9644/files/000008_030_left_aa1f7f95-7aeb-46c5-a98b-dd6830c6b64e.jpg?v=1779478992,3,Gildan® 18000 — White — left side view,,,,,,,,,,,,,,,,,,,
,gildan-18000-g18000,,,,,,,,,,,,,,,,,,,,,,,,,,,,,,,,,,,https://cdn.shopify.com/s/files/1/0746/6817/9644/files/000008_030_right_1198d470-9113-41ea-af49-0c981ae3e11c.jpg?v=1779478993,4,Gildan® 18000 — White — right side view,,,,,,,,,,,,,,,,,,,
,gildan-18000-g18000,,,,,,,,,,,,,,,,,,,,,,,,,,,,,,,,,,,https://cdn.shopify.com/s/files/1/0746/6817/9644/files/000008_030_neckline_a12fd01a-dad5-40d2-8014-91d5efd0cb57.jpg?v=1779478993,5,Gildan® 18000 — White — neckline detail,,,,,,,,,,,,,,,,,,,
,gildan-18000-g18000,,,,,,,,,,,,,,,,,,,,,,,,,,,,,,,,,,,https://cdn.shopify.com/s/files/1/0746/6817/9644/files/000008_030_fabric_4f5fca72-0a79-4c02-8e23-3189f582a56f.jpg?v=1779478989,6,Gildan® 18000 — White — fabric detail,,,,,,,,,,,,,,,,,,,
,gildan-18000-g18000,,,,,,,,,,,,,,,,,,,,,,,,,,,,,,,,,,,https://cdn.shopify.com/s/files/1/0746/6817/9644/files/000008_030_front_f_f712fb33-5883-4328-b27b-56b1d597e7b4.jpg?v=1779478990,7,Gildan® 18000 — White — front view (women's fit),,,,,,,,,,,,,,,,,,,
,gildan-18000-g18000,,,,,,,,,,,,,,,,,,,,,,,,,,,,,,,,,,,https://cdn.shopify.com/s/files/1/0746/6817/9644/files/000008_030_back_f_6dc2f49e-a05a-4145-9cca-c9d0b41a05c7.jpg?v=1779478987,8,Gildan® 18000 — White — back view (women's fit),,,,,,,,,,,,,,,,,,,
,gildan-18000-g18000,,,,,,,,G18000-032-XS,,Color,Navy,,Size,XS,,,,,,,,TRUE,,,,,,shopify,300,deny,400,g,TRUE,manual,https://cdn.shopify.com/s/files/1/0746/6817/9644/files/000009_032_front_09ca706a-5834-46e7-bb46-cdc616802d5b.jpg?v=1779478997,9,Gildan® 18000 — Navy — front view,https://cdn.shopify.com/s/files/1/0746/6817/9644/files/000009_032_front_09ca706a-5834-46e7-bb46-cdc616802d5b.jpg?v=1779478997,,,,navy,,,,,,,,,,,,,,
,gildan-18000-g18000,,,,,,,,G18000-032-S,,Color,Navy,,Size,S,,,,,,,,TRUE,,,,,,shopify,300,deny,400,g,TRUE,manual,,,,https://cdn.shopify.com/s/files/1/0746/6817/9644/files/000009_032_front_09ca706a-5834-46e7-bb46-cdc616802d5b.jpg?v=1779478997,,,,navy,,,,,,,,,,,,,,
,gildan-18000-g18000,,,,,,,,G18000-032-M,,Color,Navy,,Size,M,,,,,,,,TRUE,,,,,,shopify,300,deny,400,g,TRUE,manual,,,,https://cdn.shopify.com/s/files/1/0746/6817/9644/files/000009_032_front_09ca706a-5834-46e7-bb46-cdc616802d5b.jpg?v=1779478997,,,,navy,,,,,,,,,,,,,,
,gildan-18000-g18000,,,,,,,,G18000-032-L,,Color,Navy,,Size,L,,,,,,,,TRUE,,,,,,shopify,300,deny,400,g,TRUE,manual,,,,https://cdn.shopify.com/s/files/1/0746/6817/9644/files/000009_032_front_09ca706a-5834-46e7-bb46-cdc616802d5b.jpg?v=1779478997,,,,navy,,,,,,,,,,,,,,
,gildan-18000-g18000,,,,,,,,G18000-032-XL,,Color,Navy,,Size,XL,,,,,,,,TRUE,,,,,,shopify,300,deny,400,g,TRUE,manual,,,,https://cdn.shopify.com/s/files/1/0746/6817/9644/files/000009_032_front_09ca706a-5834-46e7-bb46-cdc616802d5b.jpg?v=1779478997,,,,navy,,,,,,,,,,,,,,
,gildan-18000-g18000,,,,,,,,G18000-032-2XL,,Color,Navy,,Size,2XL,,,,,,,,TRUE,,,,,,shopify,300,deny,400,g,TRUE,manual,,,,https://cdn.shopify.com/s/files/1/0746/6817/9644/files/000009_032_front_09ca706a-5834-46e7-bb46-cdc616802d5b.jpg?v=1779478997,,,,navy,,,,,,,,,,,,,,
,gildan-18000-g18000,,,,,,,,G18000-032-3XL,,Color,Navy,,Size,3XL,,,,,,,,TRUE,,,,,,shopify,300,deny,400,g,TRUE,manual,,,,https://cdn.shopify.com/s/files/1/0746/6817/9644/files/000009_032_front_09ca706a-5834-46e7-bb46-cdc616802d5b.jpg?v=1779478997,,,,navy,,,,,,,,,,,,,,
,gildan-18000-g18000,,,,,,,,G18000-032-4XL,,Color,Navy,,Size,4XL,,,,,,,,TRUE,,,,,,shopify,300,deny,400,g,TRUE,manual,,,,https://cdn.shopify.com/s/files/1/0746/6817/9644/files/000009_032_front_09ca706a-5834-46e7-bb46-cdc616802d5b.jpg?v=1779478997,,,,navy,,,,,,,,,,,,,,
,gildan-18000-g18000,,,,,,,,G18000-032-5XL,,Color,Navy,,Size,5XL,,,,,,,,TRUE,,,,,,shopify,300,deny,400,g,TRUE,manual,,,,https://cdn.shopify.com/s/files/1/0746/6817/9644/files/000009_032_front_09ca706a-5834-46e7-bb46-cdc616802d5b.jpg?v=1779478997,,,,navy,,,,,,,,,,,,,,
,gildan-18000-g18000,,,,,,,,,,,,,,,,,,,,,,,,,,,,,,,,,,,https://cdn.shopify.com/s/files/1/0746/6817/9644/files/000009_032_back_60779604-b2ed-42cd-a4fd-08090f6f6c84.jpg?v=1779478995,10,Gildan® 18000 — Navy — back view,,,,,,,,,,,,,,,,,,,
,gildan-18000-g18000,,,,,,,,,,,,,,,,,,,,,,,,,,,,,,,,,,,https://cdn.shopify.com/s/files/1/0746/6817/9644/files/000009_032_left_a3810892-f960-4bf8-834b-178b9f64ee7c.jpg?v=1779478998,11,Gildan® 18000 — Navy — left side view,,,,,,,,,,,,,,,,,,,
,gildan-18000-g18000,,,,,,,,,,,,,,,,,,,,,,,,,,,,,,,,,,,https://cdn.shopify.com/s/files/1/0746/6817/9644/files/000009_032_right_cf4c4996-754c-4b81-ba38-a4ab33775a79.jpg?v=1779479000,12,Gildan® 18000 — Navy — right side view,,,,,,,,,,,,,,,,,,,
,gildan-18000-g18000,,,,,,,,,,,,,,,,,,,,,,,,,,,,,,,,,,,https://cdn.shopify.com/s/files/1/0746/6817/9644/files/000009_032_neckline_1baa5da5-0c43-4213-8978-61c67df799c9.jpg?v=1779478999,13,Gildan® 18000 — Navy — neckline detail,,,,,,,,,,,,,,,,,,,
,gildan-18000-g18000,,,,,,,,,,,,,,,,,,,,,,,,,,,,,,,,,,,https://cdn.shopify.com/s/files/1/0746/6817/9644/files/000009_032_fabric_846dffef-135d-4b75-bc40-cab0abdfd9df.jpg?v=1779478995,14,Gildan® 18000 — Navy — fabric detail,,,,,,,,,,,,,,,,,,,
,gildan-18000-g18000,,,,,,,,,,,,,,,,,,,,,,,,,,,,,,,,,,,https://cdn.shopify.com/s/files/1/0746/6817/9644/files/000009_032_front_f_8256e39e-9deb-4b1c-a435-c0a839b69f83.jpg?v=1779478997,15,Gildan® 18000 — Navy — front view (women's fit),,,,,,,,,,,,,,,,,,,
,gildan-18000-g18000,,,,,,,,,,,,,,,,,,,,,,,,,,,,,,,,,,,https://cdn.shopify.com/s/files/1/0746/6817/9644/files/000009_032_back_f_fffe49ea-cdfa-4286-a1f7-45ebe171da90.jpg?v=1779478995,16,Gildan® 18000 — Navy — back view (women's fit),,,,,,,,,,,,,,,,,,,
,gildan-18000-g18000,,,,,,,,G18000-036-XS,,Color,Black,,Size,XS,,,,,,,,TRUE,,,,,,shopify,300,deny,400,g,TRUE,manual,https://cdn.shopify.com/s/files/1/0746/6817/9644/files/000010_036_front_2750ec15-84e4-4f4c-bcd8-a78b1c7361ee.jpg?v=1779479003,17,Gildan® 18000 — Black — front view,https://cdn.shopify.com/s/files/1/0746/6817/9644/files/000010_036_front_2750ec15-84e4-4f4c-bcd8-a78b1c7361ee.jpg?v=1779479003,,,,black,,,,,,,,,,,,,,
,gildan-18000-g18000,,,,,,,,G18000-036-S,,Color,Black,,Size,S,,,,,,,,TRUE,,,,,,shopify,300,deny,400,g,TRUE,manual,,,,https://cdn.shopify.com/s/files/1/0746/6817/9644/files/000010_036_front_2750ec15-84e4-4f4c-bcd8-a78b1c7361ee.jpg?v=1779479003,,,,black,,,,,,,,,,,,,,
,gildan-18000-g18000,,,,,,,,G18000-036-M,,Color,Black,,Size,M,,,,,,,,TRUE,,,,,,shopify,300,deny,400,g,TRUE,manual,,,,https://cdn.shopify.com/s/files/1/0746/6817/9644/files/000010_036_front_2750ec15-84e4-4f4c-bcd8-a78b1c7361ee.jpg?v=1779479003,,,,black,,,,,,,,,,,,,,
,gildan-18000-g18000,,,,,,,,G18000-036-L,,Color,Black,,Size,L,,,,,,,,TRUE,,,,,,shopify,300,deny,400,g,TRUE,manual,,,,https://cdn.shopify.com/s/files/1/0746/6817/9644/files/000010_036_front_2750ec15-84e4-4f4c-bcd8-a78b1c7361ee.jpg?v=1779479003,,,,black,,,,,,,,,,,,,,
,gildan-18000-g18000,,,,,,,,G18000-036-XL,,Color,Black,,Size,XL,,,,,,,,TRUE,,,,,,shopify,300,deny,400,g,TRUE,manual,,,,https://cdn.shopify.com/s/files/1/0746/6817/9644/files/000010_036_front_2750ec15-84e4-4f4c-bcd8-a78b1c7361ee.jpg?v=1779479003,,,,black,,,,,,,,,,,,,,
,gildan-18000-g18000,,,,,,,,G18000-036-2XL,,Color,Black,,Size,2XL,,,,,,,,TRUE,,,,,,shopify,300,deny,400,g,TRUE,manual,,,,https://cdn.shopify.com/s/files/1/0746/6817/9644/files/000010_036_front_2750ec15-84e4-4f4c-bcd8-a78b1c7361ee.jpg?v=1779479003,,,,black,,,,,,,,,,,,,,
,gildan-18000-g18000,,,,,,,,G18000-036-3XL,,Color,Black,,Size,3XL,,,,,,,,TRUE,,,,,,shopify,300,deny,400,g,TRUE,manual,,,,https://cdn.shopify.com/s/files/1/0746/6817/9644/files/000010_036_front_2750ec15-84e4-4f4c-bcd8-a78b1c7361ee.jpg?v=1779479003,,,,black,,,,,,,,,,,,,,
,gildan-18000-g18000,,,,,,,,G18000-036-4XL,,Color,Black,,Size,4XL,,,,,,,,TRUE,,,,,,shopify,300,deny,400,g,TRUE,manual,,,,https://cdn.shopify.com/s/files/1/0746/6817/9644/files/000010_036_front_2750ec15-84e4-4f4c-bcd8-a78b1c7361ee.jpg?v=1779479003,,,,black,,,,,,,,,,,,,,
,gildan-18000-g18000,,,,,,,,G18000-036-5XL,,Color,Black,,Size,5XL,,,,,,,,TRUE,,,,,,shopify,300,deny,400,g,TRUE,manual,,,,https://cdn.shopify.com/s/files/1/0746/6817/9644/files/000010_036_front_2750ec15-84e4-4f4c-bcd8-a78b1c7361ee.jpg?v=1779479003,,,,black,,,,,,,,,,,,,,
,gildan-18000-g18000,,,,,,,,,,,,,,,,,,,,,,,,,,,,,,,,,,,https://cdn.shopify.com/s/files/1/0746/6817/9644/files/000010_036_back_aadad7a8-e61a-439f-b45d-51db14cf8b1f.jpg?v=1779479000,18,Gildan® 18000 — Black — back view,,,,,,,,,,,,,,,,,,,
,gildan-18000-g18000,,,,,,,,,,,,,,,,,,,,,,,,,,,,,,,,,,,https://cdn.shopify.com/s/files/1/0746/6817/9644/files/000010_036_left_4d4684bc-0e83-4a3f-ac1e-2f82f1bee713.jpg?v=1779479005,19,Gildan® 18000 — Black — left side view,,,,,,,,,,,,,,,,,,,
,gildan-18000-g18000,,,,,,,,,,,,,,,,,,,,,,,,,,,,,,,,,,,https://cdn.shopify.com/s/files/1/0746/6817/9644/files/000010_036_right_0531123f-f081-47f4-b8a0-2620c1e37c0b.jpg?v=1779479007,20,Gildan® 18000 — Black — right side view,,,,,,,,,,,,,,,,,,,
,gildan-18000-g18000,,,,,,,,,,,,,,,,,,,,,,,,,,,,,,,,,,,https://cdn.shopify.com/s/files/1/0746/6817/9644/files/000010_036_neckline_ec6907b3-1e81-4b66-b4ca-747e8a5c0e1b.jpg?v=1779479006,21,Gildan® 18000 — Black — neckline detail,,,,,,,,,,,,,,,,,,,
,gildan-18000-g18000,,,,,,,,,,,,,,,,,,,,,,,,,,,,,,,,,,,https://cdn.shopify.com/s/files/1/0746/6817/9644/files/000010_036_fabric_a539936f-83e5-4de7-b280-a230ffb8e1f5.jpg?v=1779479003,22,Gildan® 18000 — Black — fabric detail,,,,,,,,,,,,,,,,,,,
,gildan-18000-g18000,,,,,,,,,,,,,,,,,,,,,,,,,,,,,,,,,,,https://cdn.shopify.com/s/files/1/0746/6817/9644/files/000010_036_front_f_48d80d48-7488-4478-a4cb-c02be814e2ea.jpg?v=1779479003,23,Gildan® 18000 — Black — front view (women's fit),,,,,,,,,,,,,,,,,,,
,gildan-18000-g18000,,,,,,,,,,,,,,,,,,,,,,,,,,,,,,,,,,,https://cdn.shopify.com/s/files/1/0746/6817/9644/files/000010_036_back_f_2d7dfee5-6519-46b8-ac3c-4bab9e2cfedb.jpg?v=1779479001,24,Gildan® 18000 — Black — back view (women's fit),,,,,,,,,,,,,,,,,,,
,gildan-18000-g18000,,,,,,,,G18000-040-XS,,Color,Red,,Size,XS,,,,,,,,TRUE,,,,,,shopify,300,deny,400,g,TRUE,manual,https://cdn.shopify.com/s/files/1/0746/6817/9644/files/000011_040_front_b1ef17bb-df91-4a2a-9c06-ae22f29603d7.jpg?v=1779479010,25,Gildan® 18000 — Red — front view,https://cdn.shopify.com/s/files/1/0746/6817/9644/files/000011_040_front_b1ef17bb-df91-4a2a-9c06-ae22f29603d7.jpg?v=1779479010,,,,red,,,,,,,,,,,,,,
,gildan-18000-g18000,,,,,,,,G18000-040-S,,Color,Red,,Size,S,,,,,,,,TRUE,,,,,,shopify,300,deny,400,g,TRUE,manual,,,,https://cdn.shopify.com/s/files/1/0746/6817/9644/files/000011_040_front_b1ef17bb-df91-4a2a-9c06-ae22f29603d7.jpg?v=1779479010,,,,red,,,,,,,,,,,,,,
,gildan-18000-g18000,,,,,,,,G18000-040-M,,Color,Red,,Size,M,,,,,,,,TRUE,,,,,,shopify,300,deny,400,g,TRUE,manual,,,,https://cdn.shopify.com/s/files/1/0746/6817/9644/files/000011_040_front_b1ef17bb-df91-4a2a-9c06-ae22f29603d7.jpg?v=1779479010,,,,red,,,,,,,,,,,,,,
,gildan-18000-g18000,,,,,,,,G18000-040-L,,Color,Red,,Size,L,,,,,,,,TRUE,,,,,,shopify,300,deny,400,g,TRUE,manual,,,,https://cdn.shopify.com/s/files/1/0746/6817/9644/files/000011_040_front_b1ef17bb-df91-4a2a-9c06-ae22f29603d7.jpg?v=1779479010,,,,red,,,,,,,,,,,,,,
,gildan-18000-g18000,,,,,,,,G18000-040-XL,,Color,Red,,Size,XL,,,,,,,,TRUE,,,,,,shopify,300,deny,400,g,TRUE,manual,,,,https://cdn.shopify.com/s/files/1/0746/6817/9644/files/000011_040_front_b1ef17bb-df91-4a2a-9c06-ae22f29603d7.jpg?v=1779479010,,,,red,,,,,,,,,,,,,,
,gildan-18000-g18000,,,,,,,,G18000-040-2XL,,Color,Red,,Size,2XL,,,,,,,,TRUE,,,,,,shopify,300,deny,400,g,TRUE,manual,,,,https://cdn.shopify.com/s/files/1/0746/6817/9644/files/000011_040_front_b1ef17bb-df91-4a2a-9c06-ae22f29603d7.jpg?v=1779479010,,,,red,,,,,,,,,,,,,,
,gildan-18000-g18000,,,,,,,,G18000-040-3XL,,Color,Red,,Size,3XL,,,,,,,,TRUE,,,,,,shopify,300,deny,400,g,TRUE,manual,,,,https://cdn.shopify.com/s/files/1/0746/6817/9644/files/000011_040_front_b1ef17bb-df91-4a2a-9c06-ae22f29603d7.jpg?v=1779479010,,,,red,,,,,,,,,,,,,,
,gildan-18000-g18000,,,,,,,,G18000-040-4XL,,Color,Red,,Size,4XL,,,,,,,,TRUE,,,,,,shopify,300,deny,400,g,TRUE,manual,,,,https://cdn.shopify.com/s/files/1/0746/6817/9644/files/000011_040_front_b1ef17bb-df91-4a2a-9c06-ae22f29603d7.jpg?v=1779479010,,,,red,,,,,,,,,,,,,,
,gildan-18000-g18000,,,,,,,,G18000-040-5XL,,Color,Red,,Size,5XL,,,,,,,,TRUE,,,,,,shopify,300,deny,400,g,TRUE,manual,,,,https://cdn.shopify.com/s/files/1/0746/6817/9644/files/000011_040_front_b1ef17bb-df91-4a2a-9c06-ae22f29603d7.jpg?v=1779479010,,,,red,,,,,,,,,,,,,,
,gildan-18000-g18000,,,,,,,,,,,,,,,,,,,,,,,,,,,,,,,,,,,https://cdn.shopify.com/s/files/1/0746/6817/9644/files/000011_040_back_367c3f0a-21bb-4dfb-a36a-28a209235480.jpg?v=1779479007,26,Gildan® 18000 — Red — back view,,,,,,,,,,,,,,,,,,,
,gildan-18000-g18000,,,,,,,,,,,,,,,,,,,,,,,,,,,,,,,,,,,https://cdn.shopify.com/s/files/1/0746/6817/9644/files/000011_040_left_85767197-6dfd-4dc4-bf71-bbb6f6f07587.jpg?v=1779479012,27,Gildan® 18000 — Red — left side view,,,,,,,,,,,,,,,,,,,
,gildan-18000-g18000,,,,,,,,,,,,,,,,,,,,,,,,,,,,,,,,,,,https://cdn.shopify.com/s/files/1/0746/6817/9644/files/000011_040_right_986bbf71-6dc2-41f1-84d8-7059961d9a59.jpg?v=1779479014,28,Gildan® 18000 — Red — right side view,,,,,,,,,,,,,,,,,,,
,gildan-18000-g18000,,,,,,,,,,,,,,,,,,,,,,,,,,,,,,,,,,,https://cdn.shopify.com/s/files/1/0746/6817/9644/files/000011_040_neckline_4feb2d37-194d-4cb7-84f2-e9dff18b1b4a.jpg?v=1779479012,29,Gildan® 18000 — Red — neckline detail,,,,,,,,,,,,,,,,,,,
,gildan-18000-g18000,,,,,,,,,,,,,,,,,,,,,,,,,,,,,,,,,,,https://cdn.shopify.com/s/files/1/0746/6817/9644/files/000011_040_fabric_a96b26ba-10c2-4d70-8922-52d8a69d84f7.jpg?v=1779479009,30,Gildan® 18000 — Red — fabric detail,,,,,,,,,,,,,,,,,,,
,gildan-18000-g18000,,,,,,,,,,,,,,,,,,,,,,,,,,,,,,,,,,,https://cdn.shopify.com/s/files/1/0746/6817/9644/files/000011_040_front_f_1ee1d823-bac0-42a8-866f-75b08b0ef4cf.jpg?v=1779479011,31,Gildan® 18000 — Red — front view (women's fit),,,,,,,,,,,,,,,,,,,
,gildan-18000-g18000,,,,,,,,,,,,,,,,,,,,,,,,,,,,,,,,,,,https://cdn.shopify.com/s/files/1/0746/6817/9644/files/000011_040_back_f_e04fbed7-db68-45cb-86c9-2e2d94e0fab1.jpg?v=1779479009,32,Gildan® 18000 — Red — back view (women's fit),,,,,,,,,,,,,,,,,,,
,gildan-18000-g18000,,,,,,,,G18000-051-XS,,Color,Royal Blue,,Size,XS,,,,,,,,TRUE,,,,,,shopify,300,deny,400,g,TRUE,manual,https://cdn.shopify.com/s/files/1/0746/6817/9644/files/000012_051_front.png?v=1779479018,33,Gildan® 18000 — Royal Blue — front view,https://cdn.shopify.com/s/files/1/0746/6817/9644/files/000012_051_front.png?v=1779479018,,,,royal blue,,,,,,,,,,,,,,
,gildan-18000-g18000,,,,,,,,G18000-051-S,,Color,Royal Blue,,Size,S,,,,,,,,TRUE,,,,,,shopify,300,deny,400,g,TRUE,manual,,,,https://cdn.shopify.com/s/files/1/0746/6817/9644/files/000012_051_front.png?v=1779479018,,,,royal blue,,,,,,,,,,,,,,
,gildan-18000-g18000,,,,,,,,G18000-051-M,,Color,Royal Blue,,Size,M,,,,,,,,TRUE,,,,,,shopify,300,deny,400,g,TRUE,manual,,,,https://cdn.shopify.com/s/files/1/0746/6817/9644/files/000012_051_front.png?v=1779479018,,,,royal blue,,,,,,,,,,,,,,
,gildan-18000-g18000,,,,,,,,G18000-051-L,,Color,Royal Blue,,Size,L,,,,,,,,TRUE,,,,,,shopify,300,deny,400,g,TRUE,manual,,,,https://cdn.shopify.com/s/files/1/0746/6817/9644/files/000012_051_front.png?v=1779479018,,,,royal blue,,,,,,,,,,,,,,
,gildan-18000-g18000,,,,,,,,G18000-051-XL,,Color,Royal Blue,,Size,XL,,,,,,,,TRUE,,,,,,shopify,300,deny,400,g,TRUE,manual,,,,https://cdn.shopify.com/s/files/1/0746/6817/9644/files/000012_051_front.png?v=1779479018,,,,royal blue,,,,,,,,,,,,,,
,gildan-18000-g18000,,,,,,,,G18000-051-2XL,,Color,Royal Blue,,Size,2XL,,,,,,,,TRUE,,,,,,shopify,300,deny,400,g,TRUE,manual,,,,https://cdn.shopify.com/s/files/1/0746/6817/9644/files/000012_051_front.png?v=1779479018,,,,royal blue,,,,,,,,,,,,,,
,gildan-18000-g18000,,,,,,,,G18000-051-3XL,,Color,Royal Blue,,Size,3XL,,,,,,,,TRUE,,,,,,shopify,300,deny,400,g,TRUE,manual,,,,https://cdn.shopify.com/s/files/1/0746/6817/9644/files/000012_051_front.png?v=1779479018,,,,royal blue,,,,,,,,,,,,,,
,gildan-18000-g18000,,,,,,,,G18000-051-4XL,,Color,Royal Blue,,Size,4XL,,,,,,,,TRUE,,,,,,shopify,300,deny,400,g,TRUE,manual,,,,https://cdn.shopify.com/s/files/1/0746/6817/9644/files/000012_051_front.png?v=1779479018,,,,royal blue,,,,,,,,,,,,,,
,gildan-18000-g18000,,,,,,,,G18000-051-5XL,,Color,Royal Blue,,Size,5XL,,,,,,,,TRUE,,,,,,shopify,300,deny,400,g,TRUE,manual,,,,https://cdn.shopify.com/s/files/1/0746/6817/9644/files/000012_051_front.png?v=1779479018,,,,royal blue,,,,,,,,,,,,,,
,gildan-18000-g18000,,,,,,,,,,,,,,,,,,,,,,,,,,,,,,,,,,,https://cdn.shopify.com/s/files/1/0746/6817/9644/files/000012_051_back.png?v=1779479015,34,Gildan® 18000 — Royal Blue — back view,,,,,,,,,,,,,,,,,,,
,gildan-18000-g18000,,,,,,,,,,,,,,,,,,,,,,,,,,,,,,,,,,,https://cdn.shopify.com/s/files/1/0746/6817/9644/files/000012_051_left.png?v=1779479020,35,Gildan® 18000 — Royal Blue — left side view,,,,,,,,,,,,,,,,,,,
,gildan-18000-g18000,,,,,,,,,,,,,,,,,,,,,,,,,,,,,,,,,,,https://cdn.shopify.com/s/files/1/0746/6817/9644/files/000012_051_right.png?v=1779479022,36,Gildan® 18000 — Royal Blue — right side view,,,,,,,,,,,,,,,,,,,
,gildan-18000-g18000,,,,,,,,,,,,,,,,,,,,,,,,,,,,,,,,,,,https://cdn.shopify.com/s/files/1/0746/6817/9644/files/000012_051_neckline.png?v=1779479021,37,Gildan® 18000 — Royal Blue — neckline detail,,,,,,,,,,,,,,,,,,,
,gildan-18000-g18000,,,,,,,,,,,,,,,,,,,,,,,,,,,,,,,,,,,https://cdn.shopify.com/s/files/1/0746/6817/9644/files/000012_051_fabric.png?v=1779479017,38,Gildan® 18000 — Royal Blue — fabric detail,,,,,,,,,,,,,,,,,,,
,gildan-18000-g18000,,,,,,,,,,,,,,,,,,,,,,,,,,,,,,,,,,,https://cdn.shopify.com/s/files/1/0746/6817/9644/files/000012_051_front_f.png?v=1779479019,39,Gildan® 18000 — Royal Blue — front view (women's fit),,,,,,,,,,,,,,,,,,,
,gildan-18000-g18000,,,,,,,,,,,,,,,,,,,,,,,,,,,,,,,,,,,https://cdn.shopify.com/s/files/1/0746/6817/9644/files/000012_051_back_f.png?v=1779479016,40,Gildan® 18000 — Royal Blue — back view (women's fit),,,,,,,,,,,,,,,,,,,
,gildan-18000-g18000,,,,,,,,G18000-194-XS,,Color,Cherry Red,,Size,XS,,,,,,,,TRUE,,,,,,shopify,300,deny,400,g,TRUE,manual,https://cdn.shopify.com/s/files/1/0746/6817/9644/files/000014_194_front_e54cccee-9de4-4213-be46-b0d4e59d97e8.jpg?v=1779479033,41,Gildan® 18000 — Cherry Red — front view,https://cdn.shopify.com/s/files/1/0746/6817/9644/files/000014_194_front_e54cccee-9de4-4213-be46-b0d4e59d97e8.jpg?v=1779479033,,,,cherry red,,,,,,,,,,,,,,
,gildan-18000-g18000,,,,,,,,G18000-194-S,,Color,Cherry Red,,Size,S,,,,,,,,TRUE,,,,,,shopify,300,deny,400,g,TRUE,manual,,,,https://cdn.shopify.com/s/files/1/0746/6817/9644/files/000014_194_front_e54cccee-9de4-4213-be46-b0d4e59d97e8.jpg?v=1779479033,,,,cherry red,,,,,,,,,,,,,,
,gildan-18000-g18000,,,,,,,,G18000-194-M,,Color,Cherry Red,,Size,M,,,,,,,,TRUE,,,,,,shopify,300,deny,400,g,TRUE,manual,,,,https://cdn.shopify.com/s/files/1/0746/6817/9644/files/000014_194_front_e54cccee-9de4-4213-be46-b0d4e59d97e8.jpg?v=1779479033,,,,cherry red,,,,,,,,,,,,,,
,gildan-18000-g18000,,,,,,,,G18000-194-L,,Color,Cherry Red,,Size,L,,,,,,,,TRUE,,,,,,shopify,300,deny,400,g,TRUE,manual,,,,https://cdn.shopify.com/s/files/1/0746/6817/9644/files/000014_194_front_e54cccee-9de4-4213-be46-b0d4e59d97e8.jpg?v=1779479033,,,,cherry red,,,,,,,,,,,,,,
,gildan-18000-g18000,,,,,,,,G18000-194-XL,,Color,Cherry Red,,Size,XL,,,,,,,,TRUE,,,,,,shopify,300,deny,400,g,TRUE,manual,,,,https://cdn.shopify.com/s/files/1/0746/6817/9644/files/000014_194_front_e54cccee-9de4-4213-be46-b0d4e59d97e8.jpg?v=1779479033,,,,cherry red,,,,,,,,,,,,,,
,gildan-18000-g18000,,,,,,,,G18000-194-2XL,,Color,Cherry Red,,Size,2XL,,,,,,,,TRUE,,,,,,shopify,300,deny,400,g,TRUE,manual,,,,https://cdn.shopify.com/s/files/1/0746/6817/9644/files/000014_194_front_e54cccee-9de4-4213-be46-b0d4e59d97e8.jpg?v=1779479033,,,,cherry red,,,,,,,,,,,,,,
,gildan-18000-g18000,,,,,,,,G18000-194-3XL,,Color,Cherry Red,,Size,3XL,,,,,,,,TRUE,,,,,,shopify,300,deny,400,g,TRUE,manual,,,,https://cdn.shopify.com/s/files/1/0746/6817/9644/files/000014_194_front_e54cccee-9de4-4213-be46-b0d4e59d97e8.jpg?v=1779479033,,,,cherry red,,,,,,,,,,,,,,
,gildan-18000-g18000,,,,,,,,G18000-194-4XL,,Color,Cherry Red,,Size,4XL,,,,,,,,TRUE,,,,,,shopify,300,deny,400,g,TRUE,manual,,,,https://cdn.shopify.com/s/files/1/0746/6817/9644/files/000014_194_front_e54cccee-9de4-4213-be46-b0d4e59d97e8.jpg?v=1779479033,,,,cherry red,,,,,,,,,,,,,,
,gildan-18000-g18000,,,,,,,,G18000-194-5XL,,Color,Cherry Red,,Size,5XL,,,,,,,,TRUE,,,,,,shopify,300,deny,400,g,TRUE,manual,,,,https://cdn.shopify.com/s/files/1/0746/6817/9644/files/000014_194_front_e54cccee-9de4-4213-be46-b0d4e59d97e8.jpg?v=1779479033,,,,cherry red,,,,,,,,,,,,,,
,gildan-18000-g18000,,,,,,,,,,,,,,,,,,,,,,,,,,,,,,,,,,,https://cdn.shopify.com/s/files/1/0746/6817/9644/files/000014_194_back_3ca8ac9c-085f-411d-870e-d5d2c18d729d.jpg?v=1779479032,42,Gildan® 18000 — Cherry Red — back view,,,,,,,,,,,,,,,,,,,
,gildan-18000-g18000,,,,,,,,,,,,,,,,,,,,,,,,,,,,,,,,,,,https://cdn.shopify.com/s/files/1/0746/6817/9644/files/000014_194_left_a367c7fb-b7de-460a-9ba9-abda51613e90.jpg?v=1779479035,43,Gildan® 18000 — Cherry Red — left side view,,,,,,,,,,,,,,,,,,,
,gildan-18000-g18000,,,,,,,,,,,,,,,,,,,,,,,,,,,,,,,,,,,https://cdn.shopify.com/s/files/1/0746/6817/9644/files/000014_194_right_fbf4de82-c490-41e0-b668-59dd9d57cab4.jpg?v=1779479038,44,Gildan® 18000 — Cherry Red — right side view,,,,,,,,,,,,,,,,,,,
,gildan-18000-g18000,,,,,,,,,,,,,,,,,,,,,,,,,,,,,,,,,,,https://cdn.shopify.com/s/files/1/0746/6817/9644/files/000014_194_neckline_1705a753-14ec-4731-b477-cb8cd8b25ff5.jpg?v=1779479036,45,Gildan® 18000 — Cherry Red — neckline detail,,,,,,,,,,,,,,,,,,,
,gildan-18000-g18000,,,,,,,,,,,,,,,,,,,,,,,,,,,,,,,,,,,https://cdn.shopify.com/s/files/1/0746/6817/9644/files/000014_194_fabric_1308d4f9-233f-45c2-a063-17514e3448a3.jpg?v=1779479032,46,Gildan® 18000 — Cherry Red — fabric detail,,,,,,,,,,,,,,,,,,,
,gildan-18000-g18000,,,,,,,,,,,,,,,,,,,,,,,,,,,,,,,,,,,https://cdn.shopify.com/s/files/1/0746/6817/9644/files/000014_194_front_f_67790a2b-c504-4142-bf5d-dd7b042310f3.jpg?v=1779479035,47,Gildan® 18000 — Cherry Red — front view (women's fit),,,,,,,,,,,,,,,,,,,
,gildan-18000-g18000,,,,,,,,,,,,,,,,,,,,,,,,,,,,,,,,,,,https://cdn.shopify.com/s/files/1/0746/6817/9644/files/000014_194_back_f_e05719fa-3bac-4b7d-8c6e-c978707f6d15.jpg?v=1779479031,48,Gildan® 18000 — Cherry Red — back view (women's fit),,,,,,,,,,,,,,,,,,,
,gildan-18000-g18000,,,,,,,,G18000-026-XS,,Color,Sapphire,,Size,XS,,,,,,,,TRUE,,,,,,shopify,300,deny,400,g,TRUE,manual,https://cdn.shopify.com/s/files/1/0746/6817/9644/files/000013_026_front_b52bd9f1-bbfd-4fa2-8958-479acf073907.jpg?v=1779479025,49,Gildan® 18000 — Sapphire — front view,https://cdn.shopify.com/s/files/1/0746/6817/9644/files/000013_026_front_b52bd9f1-bbfd-4fa2-8958-479acf073907.jpg?v=1779479025,,,,sapphire,,,,,,,,,,,,,,
,gildan-18000-g18000,,,,,,,,G18000-026-S,,Color,Sapphire,,Size,S,,,,,,,,TRUE,,,,,,shopify,300,deny,400,g,TRUE,manual,,,,https://cdn.shopify.com/s/files/1/0746/6817/9644/files/000013_026_front_b52bd9f1-bbfd-4fa2-8958-479acf073907.jpg?v=1779479025,,,,sapphire,,,,,,,,,,,,,,
,gildan-18000-g18000,,,,,,,,G18000-026-M,,Color,Sapphire,,Size,M,,,,,,,,TRUE,,,,,,shopify,300,deny,400,g,TRUE,manual,,,,https://cdn.shopify.com/s/files/1/0746/6817/9644/files/000013_026_front_b52bd9f1-bbfd-4fa2-8958-479acf073907.jpg?v=1779479025,,,,sapphire,,,,,,,,,,,,,,
,gildan-18000-g18000,,,,,,,,G18000-026-L,,Color,Sapphire,,Size,L,,,,,,,,TRUE,,,,,,shopify,300,deny,400,g,TRUE,manual,,,,https://cdn.shopify.com/s/files/1/0746/6817/9644/files/000013_026_front_b52bd9f1-bbfd-4fa2-8958-479acf073907.jpg?v=1779479025,,,,sapphire,,,,,,,,,,,,,,
,gildan-18000-g18000,,,,,,,,G18000-026-XL,,Color,Sapphire,,Size,XL,,,,,,,,TRUE,,,,,,shopify,300,deny,400,g,TRUE,manual,,,,https://cdn.shopify.com/s/files/1/0746/6817/9644/files/000013_026_front_b52bd9f1-bbfd-4fa2-8958-479acf073907.jpg?v=1779479025,,,,sapphire,,,,,,,,,,,,,,
,gildan-18000-g18000,,,,,,,,G18000-026-2XL,,Color,Sapphire,,Size,2XL,,,,,,,,TRUE,,,,,,shopify,300,deny,400,g,TRUE,manual,,,,https://cdn.shopify.com/s/files/1/0746/6817/9644/files/000013_026_front_b52bd9f1-bbfd-4fa2-8958-479acf073907.jpg?v=1779479025,,,,sapphire,,,,,,,,,,,,,,
,gildan-18000-g18000,,,,,,,,G18000-026-3XL,,Color,Sapphire,,Size,3XL,,,,,,,,TRUE,,,,,,shopify,300,deny,400,g,TRUE,manual,,,,https://cdn.shopify.com/s/files/1/0746/6817/9644/files/000013_026_front_b52bd9f1-bbfd-4fa2-8958-479acf073907.jpg?v=1779479025,,,,sapphire,,,,,,,,,,,,,,
,gildan-18000-g18000,,,,,,,,G18000-026-4XL,,Color,Sapphire,,Size,4XL,,,,,,,,TRUE,,,,,,shopify,300,deny,400,g,TRUE,manual,,,,https://cdn.shopify.com/s/files/1/0746/6817/9644/files/000013_026_front_b52bd9f1-bbfd-4fa2-8958-479acf073907.jpg?v=1779479025,,,,sapphire,,,,,,,,,,,,,,
,gildan-18000-g18000,,,,,,,,G18000-026-5XL,,Color,Sapphire,,Size,5XL,,,,,,,,TRUE,,,,,,shopify,300,deny,400,g,TRUE,manual,,,,https://cdn.shopify.com/s/files/1/0746/6817/9644/files/000013_026_front_b52bd9f1-bbfd-4fa2-8958-479acf073907.jpg?v=1779479025,,,,sapphire,,,,,,,,,,,,,,
,gildan-18000-g18000,,,,,,,,,,,,,,,,,,,,,,,,,,,,,,,,,,,https://cdn.shopify.com/s/files/1/0746/6817/9644/files/000013_026_back_6d2fe744-927c-4958-9d54-f985e6218cd7.jpg?v=1779479023,50,Gildan® 18000 — Sapphire — back view,,,,,,,,,,,,,,,,,,,
,gildan-18000-g18000,,,,,,,,,,,,,,,,,,,,,,,,,,,,,,,,,,,https://cdn.shopify.com/s/files/1/0746/6817/9644/files/000013_026_left_8c0ecc97-53b8-416d-bda9-1b329170d7d5.jpg?v=1779479028,51,Gildan® 18000 — Sapphire — left side view,,,,,,,,,,,,,,,,,,,
,gildan-18000-g18000,,,,,,,,,,,,,,,,,,,,,,,,,,,,,,,,,,,https://cdn.shopify.com/s/files/1/0746/6817/9644/files/000013_026_right_d382e3af-0585-4d58-ac0a-32a4ecd8266c.jpg?v=1779479029,52,Gildan® 18000 — Sapphire — right side view,,,,,,,,,,,,,,,,,,,
,gildan-18000-g18000,,,,,,,,,,,,,,,,,,,,,,,,,,,,,,,,,,,https://cdn.shopify.com/s/files/1/0746/6817/9644/files/000013_026_neckline_4bf09f4b-8375-45fa-a216-5783eb902110.jpg?v=1779479029,53,Gildan® 18000 — Sapphire — neckline detail,,,,,,,,,,,,,,,,,,,
,gildan-18000-g18000,,,,,,,,,,,,,,,,,,,,,,,,,,,,,,,,,,,https://cdn.shopify.com/s/files/1/0746/6817/9644/files/000013_026_fabric_f012ec56-da71-4a16-8b80-f95e2f017567.jpg?v=1779479025,54,Gildan® 18000 — Sapphire — fabric detail,,,,,,,,,,,,,,,,,,,
,gildan-18000-g18000,,,,,,,,,,,,,,,,,,,,,,,,,,,,,,,,,,,https://cdn.shopify.com/s/files/1/0746/6817/9644/files/000013_026_front_f_7dd781c2-a843-4e12-83f4-8bac2314e0cf.jpg?v=1779479027,55,Gildan® 18000 — Sapphire — front view (women's fit),,,,,,,,,,,,,,,,,,,
,gildan-18000-g18000,,,,,,,,,,,,,,,,,,,,,,,,,,,,,,,,,,,https://cdn.shopify.com/s/files/1/0746/6817/9644/files/000013_026_back_f_4c4b3311-b3d3-4e4e-a198-626569746760.jpg?v=1779479024,56,Gildan® 18000 — Sapphire — back view (women's fit),,,,,,,,,,,,,,,,,,,
Gildan® 18500,gildan-18500-g18500,"<p>Comfortable and stylish, this sweatshirt belongs in every collection. Whether you're hanging out or relaxing at home, this must-have delivers everything you want in a hoodie, including a great surface for making designs pop.</p><ul><li>50% Cotton / 50% Polyester — 8.0 oz/yd²</li><li>Air jet yarn — softer feel and reduced pilling</li><li>Classic fit</li><li>Double-lined hood with matching drawstring</li><li>Pouch pocket</li><li>1 × 1 athletic rib knit cuffs and waistband with spandex</li><li>Double-needle stitching throughout</li></ul><h4>Size Chart (inches)</h4><table><thead><tr><th>Size</th><th>Chest</th><th>Body Length</th></tr></thead><tbody><tr><td>XS</td><td>31–33</td><td>25½</td></tr><tr><td>S</td><td>34–36</td><td>26½</td></tr><tr><td>M</td><td>38–40</td><td>27½</td></tr><tr><td>L</td><td>42–44</td><td>28½</td></tr><tr><td>XL</td><td>46–48</td><td>29½</td></tr><tr><td>2XL</td><td>50–52</td><td>30½</td></tr><tr><td>3XL</td><td>54–56</td><td>31½</td></tr><tr><td>4XL</td><td>58–60</td><td>32½</td></tr><tr><td>5XL</td><td>62–64</td><td>33½</td></tr></tbody></table>",Gildan,gid://shopify/TaxonomyCategory/aa-1-13-13,Hoodie,"Hoodie, Adult, Unisex, G18500, Hooded, Poly-Cotton",TRUE,active,G18500-030-XS,,Color,White,,Size,XS,,,,,,,,TRUE,,,,,,shopify,300,deny,450,g,TRUE,manual,https://cdn.shopify.com/s/files/1/0746/6817/9644/files/000015_030_front_098f6f4d-a3a0-42dc-9437-954a0609ff04.jpg?v=1779479041,1,Gildan® 18500 — White — front view,https://cdn.shopify.com/s/files/1/0746/6817/9644/files/000015_030_front_098f6f4d-a3a0-42dc-9437-954a0609ff04.jpg?v=1779479041,,Gildan® 18500,"<p>Comfortable and stylish, this sweatshirt belongs in every collection. Whether you're hanging out or relaxing at home, this must-have delivers everything",white,gid://shopify/TaxonomyCategory/aa-1-13-13,Unisex,Adult,G18500,,,new,,,,,,,Adult Hooded Sweatshirt
,gildan-18500-g18500,,,,,,,,G18500-030-S,,Color,White,,Size,S,,,,,,,,TRUE,,,,,,shopify,300,deny,450,g,TRUE,manual,,,,https://cdn.shopify.com/s/files/1/0746/6817/9644/files/000015_030_front_098f6f4d-a3a0-42dc-9437-954a0609ff04.jpg?v=1779479041,,,,white,,,,,,,,,,,,,,
,gildan-18500-g18500,,,,,,,,G18500-030-M,,Color,White,,Size,M,,,,,,,,TRUE,,,,,,shopify,300,deny,450,g,TRUE,manual,,,,https://cdn.shopify.com/s/files/1/0746/6817/9644/files/000015_030_front_098f6f4d-a3a0-42dc-9437-954a0609ff04.jpg?v=1779479041,,,,white,,,,,,,,,,,,,,
,gildan-18500-g18500,,,,,,,,G18500-030-L,,Color,White,,Size,L,,,,,,,,TRUE,,,,,,shopify,300,deny,450,g,TRUE,manual,,,,https://cdn.shopify.com/s/files/1/0746/6817/9644/files/000015_030_front_098f6f4d-a3a0-42dc-9437-954a0609ff04.jpg?v=1779479041,,,,white,,,,,,,,,,,,,,
,gildan-18500-g18500,,,,,,,,G18500-030-XL,,Color,White,,Size,XL,,,,,,,,TRUE,,,,,,shopify,300,deny,450,g,TRUE,manual,,,,https://cdn.shopify.com/s/files/1/0746/6817/9644/files/000015_030_front_098f6f4d-a3a0-42dc-9437-954a0609ff04.jpg?v=1779479041,,,,white,,,,,,,,,,,,,,
,gildan-18500-g18500,,,,,,,,G18500-030-2XL,,Color,White,,Size,2XL,,,,,,,,TRUE,,,,,,shopify,300,deny,450,g,TRUE,manual,,,,https://cdn.shopify.com/s/files/1/0746/6817/9644/files/000015_030_front_098f6f4d-a3a0-42dc-9437-954a0609ff04.jpg?v=1779479041,,,,white,,,,,,,,,,,,,,
,gildan-18500-g18500,,,,,,,,G18500-030-3XL,,Color,White,,Size,3XL,,,,,,,,TRUE,,,,,,shopify,300,deny,450,g,TRUE,manual,,,,https://cdn.shopify.com/s/files/1/0746/6817/9644/files/000015_030_front_098f6f4d-a3a0-42dc-9437-954a0609ff04.jpg?v=1779479041,,,,white,,,,,,,,,,,,,,
,gildan-18500-g18500,,,,,,,,G18500-030-4XL,,Color,White,,Size,4XL,,,,,,,,TRUE,,,,,,shopify,300,deny,450,g,TRUE,manual,,,,https://cdn.shopify.com/s/files/1/0746/6817/9644/files/000015_030_front_098f6f4d-a3a0-42dc-9437-954a0609ff04.jpg?v=1779479041,,,,white,,,,,,,,,,,,,,
,gildan-18500-g18500,,,,,,,,G18500-030-5XL,,Color,White,,Size,5XL,,,,,,,,TRUE,,,,,,shopify,300,deny,450,g,TRUE,manual,,,,https://cdn.shopify.com/s/files/1/0746/6817/9644/files/000015_030_front_098f6f4d-a3a0-42dc-9437-954a0609ff04.jpg?v=1779479041,,,,white,,,,,,,,,,,,,,
,gildan-18500-g18500,,,,,,,,,,,,,,,,,,,,,,,,,,,,,,,,,,,https://cdn.shopify.com/s/files/1/0746/6817/9644/files/000015_030_back_d48fac26-e551-4211-bc88-8b4a266b0e4f.jpg?v=1779479038,2,Gildan® 18500 — White — back view,,,,,,,,,,,,,,,,,,,
,gildan-18500-g18500,,,,,,,,,,,,,,,,,,,,,,,,,,,,,,,,,,,https://cdn.shopify.com/s/files/1/0746/6817/9644/files/000015_030_left_efe58ce2-cdfd-4f8d-80bc-c2e3d9c1e42a.jpg?v=1779479042,3,Gildan® 18500 — White — left side view,,,,,,,,,,,,,,,,,,,
,gildan-18500-g18500,,,,,,,,,,,,,,,,,,,,,,,,,,,,,,,,,,,https://cdn.shopify.com/s/files/1/0746/6817/9644/files/000015_030_right_ee64d934-bce0-4549-a228-d6c655965e8c.jpg?v=1779479044,4,Gildan® 18500 — White — right side view,,,,,,,,,,,,,,,,,,,
,gildan-18500-g18500,,,,,,,,,,,,,,,,,,,,,,,,,,,,,,,,,,,https://cdn.shopify.com/s/files/1/0746/6817/9644/files/000015_030_neckline_2e6ddfc0-c2ad-429c-82cd-ce693fed982d.jpg?v=1779479043,5,Gildan® 18500 — White — neckline detail,,,,,,,,,,,,,,,,,,,
,gildan-18500-g18500,,,,,,,,,,,,,,,,,,,,,,,,,,,,,,,,,,,https://cdn.shopify.com/s/files/1/0746/6817/9644/files/000015_030_fabric_3b42b816-b64b-4167-a808-b475435d81be.jpg?v=1779479040,6,Gildan® 18500 — White — fabric detail,,,,,,,,,,,,,,,,,,,
,gildan-18500-g18500,,,,,,,,,,,,,,,,,,,,,,,,,,,,,,,,,,,https://cdn.shopify.com/s/files/1/0746/6817/9644/files/000015_030_front_f_3238d49a-3acc-4c6a-9198-5bfb10deab80.jpg?v=1779479040,7,Gildan® 18500 — White — front view (women's fit),,,,,,,,,,,,,,,,,,,
,gildan-18500-g18500,,,,,,,,,,,,,,,,,,,,,,,,,,,,,,,,,,,https://cdn.shopify.com/s/files/1/0746/6817/9644/files/000015_030_back_f_88988d6a-7b7e-4f57-8180-e1d9af7a3839.jpg?v=1779479038,8,Gildan® 18500 — White — back view (women's fit),,,,,,,,,,,,,,,,,,,
,gildan-18500-g18500,,,,,,,,G18500-032-XS,,Color,Navy,,Size,XS,,,,,,,,TRUE,,,,,,shopify,300,deny,450,g,TRUE,manual,https://cdn.shopify.com/s/files/1/0746/6817/9644/files/000016_032_front_a14b59e4-1671-4f63-8750-5c50fbac62ee.jpg?v=1779479048,9,Gildan® 18500 — Navy — front view,https://cdn.shopify.com/s/files/1/0746/6817/9644/files/000016_032_front_a14b59e4-1671-4f63-8750-5c50fbac62ee.jpg?v=1779479048,,,,navy,,,,,,,,,,,,,,
,gildan-18500-g18500,,,,,,,,G18500-032-S,,Color,Navy,,Size,S,,,,,,,,TRUE,,,,,,shopify,300,deny,450,g,TRUE,manual,,,,https://cdn.shopify.com/s/files/1/0746/6817/9644/files/000016_032_front_a14b59e4-1671-4f63-8750-5c50fbac62ee.jpg?v=1779479048,,,,navy,,,,,,,,,,,,,,
,gildan-18500-g18500,,,,,,,,G18500-032-M,,Color,Navy,,Size,M,,,,,,,,TRUE,,,,,,shopify,300,deny,450,g,TRUE,manual,,,,https://cdn.shopify.com/s/files/1/0746/6817/9644/files/000016_032_front_a14b59e4-1671-4f63-8750-5c50fbac62ee.jpg?v=1779479048,,,,navy,,,,,,,,,,,,,,
,gildan-18500-g18500,,,,,,,,G18500-032-L,,Color,Navy,,Size,L,,,,,,,,TRUE,,,,,,shopify,300,deny,450,g,TRUE,manual,,,,https://cdn.shopify.com/s/files/1/0746/6817/9644/files/000016_032_front_a14b59e4-1671-4f63-8750-5c50fbac62ee.jpg?v=1779479048,,,,navy,,,,,,,,,,,,,,
,gildan-18500-g18500,,,,,,,,G18500-032-XL,,Color,Navy,,Size,XL,,,,,,,,TRUE,,,,,,shopify,300,deny,450,g,TRUE,manual,,,,https://cdn.shopify.com/s/files/1/0746/6817/9644/files/000016_032_front_a14b59e4-1671-4f63-8750-5c50fbac62ee.jpg?v=1779479048,,,,navy,,,,,,,,,,,,,,
,gildan-18500-g18500,,,,,,,,G18500-032-2XL,,Color,Navy,,Size,2XL,,,,,,,,TRUE,,,,,,shopify,300,deny,450,g,TRUE,manual,,,,https://cdn.shopify.com/s/files/1/0746/6817/9644/files/000016_032_front_a14b59e4-1671-4f63-8750-5c50fbac62ee.jpg?v=1779479048,,,,navy,,,,,,,,,,,,,,
,gildan-18500-g18500,,,,,,,,G18500-032-3XL,,Color,Navy,,Size,3XL,,,,,,,,TRUE,,,,,,shopify,300,deny,450,g,TRUE,manual,,,,https://cdn.shopify.com/s/files/1/0746/6817/9644/files/000016_032_front_a14b59e4-1671-4f63-8750-5c50fbac62ee.jpg?v=1779479048,,,,navy,,,,,,,,,,,,,,
,gildan-18500-g18500,,,,,,,,G18500-032-4XL,,Color,Navy,,Size,4XL,,,,,,,,TRUE,,,,,,shopify,300,deny,450,g,TRUE,manual,,,,https://cdn.shopify.com/s/files/1/0746/6817/9644/files/000016_032_front_a14b59e4-1671-4f63-8750-5c50fbac62ee.jpg?v=1779479048,,,,navy,,,,,,,,,,,,,,
,gildan-18500-g18500,,,,,,,,G18500-032-5XL,,Color,Navy,,Size,5XL,,,,,,,,TRUE,,,,,,shopify,300,deny,450,g,TRUE,manual,,,,https://cdn.shopify.com/s/files/1/0746/6817/9644/files/000016_032_front_a14b59e4-1671-4f63-8750-5c50fbac62ee.jpg?v=1779479048,,,,navy,,,,,,,,,,,,,,
,gildan-18500-g18500,,,,,,,,,,,,,,,,,,,,,,,,,,,,,,,,,,,https://cdn.shopify.com/s/files/1/0746/6817/9644/files/000016_032_back_27753d6c-a260-4859-9bbe-ce65e9fb1741.jpg?v=1779479045,10,Gildan® 18500 — Navy — back view,,,,,,,,,,,,,,,,,,,
,gildan-18500-g18500,,,,,,,,,,,,,,,,,,,,,,,,,,,,,,,,,,,https://cdn.shopify.com/s/files/1/0746/6817/9644/files/000016_032_left_bdce275f-4a2a-4339-b3f6-1e68549802ec.jpg?v=1779479048,11,Gildan® 18500 — Navy — left side view,,,,,,,,,,,,,,,,,,,
,gildan-18500-g18500,,,,,,,,,,,,,,,,,,,,,,,,,,,,,,,,,,,https://cdn.shopify.com/s/files/1/0746/6817/9644/files/000016_032_right_9e3248dc-8668-4979-8a47-aff2a93d5726.jpg?v=1779479051,12,Gildan® 18500 — Navy — right side view,,,,,,,,,,,,,,,,,,,
,gildan-18500-g18500,,,,,,,,,,,,,,,,,,,,,,,,,,,,,,,,,,,https://cdn.shopify.com/s/files/1/0746/6817/9644/files/000016_032_neckline_658ce418-aca4-46c4-b7c3-261a2e9af39d.jpg?v=1779479050,13,Gildan® 18500 — Navy — neckline detail,,,,,,,,,,,,,,,,,,,
,gildan-18500-g18500,,,,,,,,,,,,,,,,,,,,,,,,,,,,,,,,,,,https://cdn.shopify.com/s/files/1/0746/6817/9644/files/000016_032_fabric_1ba45ab4-5d1f-4944-bd48-d8280f9bf1f1.jpg?v=1779479046,14,Gildan® 18500 — Navy — fabric detail,,,,,,,,,,,,,,,,,,,
,gildan-18500-g18500,,,,,,,,,,,,,,,,,,,,,,,,,,,,,,,,,,,https://cdn.shopify.com/s/files/1/0746/6817/9644/files/000016_032_front_f_819d4682-fd61-4604-bcb5-58ca730bbcc3.jpg?v=1779479048,15,Gildan® 18500 — Navy — front view (women's fit),,,,,,,,,,,,,,,,,,,
,gildan-18500-g18500,,,,,,,,,,,,,,,,,,,,,,,,,,,,,,,,,,,https://cdn.shopify.com/s/files/1/0746/6817/9644/files/000016_032_back_f_c9313d70-696c-4b2f-855a-0d5acd363e11.jpg?v=1779479046,16,Gildan® 18500 — Navy — back view (women's fit),,,,,,,,,,,,,,,,,,,
,gildan-18500-g18500,,,,,,,,G18500-036-XS,,Color,Black,,Size,XS,,,,,,,,TRUE,,,,,,shopify,300,deny,450,g,TRUE,manual,https://cdn.shopify.com/s/files/1/0746/6817/9644/files/000017_036_front_989cf632-703d-440d-adf6-1737370396dc.jpg?v=1779479055,17,Gildan® 18500 — Black — front view,https://cdn.shopify.com/s/files/1/0746/6817/9644/files/000017_036_front_989cf632-703d-440d-adf6-1737370396dc.jpg?v=1779479055,,,,black,,,,,,,,,,,,,,
,gildan-18500-g18500,,,,,,,,G18500-036-S,,Color,Black,,Size,S,,,,,,,,TRUE,,,,,,shopify,300,deny,450,g,TRUE,manual,,,,https://cdn.shopify.com/s/files/1/0746/6817/9644/files/000017_036_front_989cf632-703d-440d-adf6-1737370396dc.jpg?v=1779479055,,,,black,,,,,,,,,,,,,,
,gildan-18500-g18500,,,,,,,,G18500-036-M,,Color,Black,,Size,M,,,,,,,,TRUE,,,,,,shopify,300,deny,450,g,TRUE,manual,,,,https://cdn.shopify.com/s/files/1/0746/6817/9644/files/000017_036_front_989cf632-703d-440d-adf6-1737370396dc.jpg?v=1779479055,,,,black,,,,,,,,,,,,,,
,gildan-18500-g18500,,,,,,,,G18500-036-L,,Color,Black,,Size,L,,,,,,,,TRUE,,,,,,shopify,300,deny,450,g,TRUE,manual,,,,https://cdn.shopify.com/s/files/1/0746/6817/9644/files/000017_036_front_989cf632-703d-440d-adf6-1737370396dc.jpg?v=1779479055,,,,black,,,,,,,,,,,,,,
,gildan-18500-g18500,,,,,,,,G18500-036-XL,,Color,Black,,Size,XL,,,,,,,,TRUE,,,,,,shopify,300,deny,450,g,TRUE,manual,,,,https://cdn.shopify.com/s/files/1/0746/6817/9644/files/000017_036_front_989cf632-703d-440d-adf6-1737370396dc.jpg?v=1779479055,,,,black,,,,,,,,,,,,,,
,gildan-18500-g18500,,,,,,,,G18500-036-2XL,,Color,Black,,Size,2XL,,,,,,,,TRUE,,,,,,shopify,300,deny,450,g,TRUE,manual,,,,https://cdn.shopify.com/s/files/1/0746/6817/9644/files/000017_036_front_989cf632-703d-440d-adf6-1737370396dc.jpg?v=1779479055,,,,black,,,,,,,,,,,,,,
,gildan-18500-g18500,,,,,,,,G18500-036-3XL,,Color,Black,,Size,3XL,,,,,,,,TRUE,,,,,,shopify,300,deny,450,g,TRUE,manual,,,,https://cdn.shopify.com/s/files/1/0746/6817/9644/files/000017_036_front_989cf632-703d-440d-adf6-1737370396dc.jpg?v=1779479055,,,,black,,,,,,,,,,,,,,
,gildan-18500-g18500,,,,,,,,G18500-036-4XL,,Color,Black,,Size,4XL,,,,,,,,TRUE,,,,,,shopify,300,deny,450,g,TRUE,manual,,,,https://cdn.shopify.com/s/files/1/0746/6817/9644/files/000017_036_front_989cf632-703d-440d-adf6-1737370396dc.jpg?v=1779479055,,,,black,,,,,,,,,,,,,,
,gildan-18500-g18500,,,,,,,,G18500-036-5XL,,Color,Black,,Size,5XL,,,,,,,,TRUE,,,,,,shopify,300,deny,450,g,TRUE,manual,,,,https://cdn.shopify.com/s/files/1/0746/6817/9644/files/000017_036_front_989cf632-703d-440d-adf6-1737370396dc.jpg?v=1779479055,,,,black,,,,,,,,,,,,,,
,gildan-18500-g18500,,,,,,,,,,,,,,,,,,,,,,,,,,,,,,,,,,,https://cdn.shopify.com/s/files/1/0746/6817/9644/files/000017_036_back_b8512423-5c7b-46e9-ab62-ca11abc05ccb.jpg?v=1779479051,18,Gildan® 18500 — Black — back view,,,,,,,,,,,,,,,,,,,
,gildan-18500-g18500,,,,,,,,,,,,,,,,,,,,,,,,,,,,,,,,,,,https://cdn.shopify.com/s/files/1/0746/6817/9644/files/000017_036_left_f9ddf78c-a92e-432e-be96-1e92654b88ea.jpg?v=1779479057,19,Gildan® 18500 — Black — left side view,,,,,,,,,,,,,,,,,,,
,gildan-18500-g18500,,,,,,,,,,,,,,,,,,,,,,,,,,,,,,,,,,,https://cdn.shopify.com/s/files/1/0746/6817/9644/files/000017_036_right_cf4c29a2-df6a-43f6-85cb-d1fb1080e805.jpg?v=1779479059,20,Gildan® 18500 — Black — right side view,,,,,,,,,,,,,,,,,,,
,gildan-18500-g18500,,,,,,,,,,,,,,,,,,,,,,,,,,,,,,,,,,,https://cdn.shopify.com/s/files/1/0746/6817/9644/files/000017_036_neckline_894dde56-1b4e-4d48-b05b-0fe6bbfabd22.jpg?v=1779479058,21,Gildan® 18500 — Black — neckline detail,,,,,,,,,,,,,,,,,,,
,gildan-18500-g18500,,,,,,,,,,,,,,,,,,,,,,,,,,,,,,,,,,,https://cdn.shopify.com/s/files/1/0746/6817/9644/files/000017_036_fabric_ec9f22df-31c1-4462-9c7b-fadbef90baf3.jpg?v=1779479054,22,Gildan® 18500 — Black — fabric detail,,,,,,,,,,,,,,,,,,,
,gildan-18500-g18500,,,,,,,,,,,,,,,,,,,,,,,,,,,,,,,,,,,https://cdn.shopify.com/s/files/1/0746/6817/9644/files/000017_036_front_f_5ad48b23-e334-4495-b9ee-bf8783a56803.jpg?v=1779479055,23,Gildan® 18500 — Black — front view (women's fit),,,,,,,,,,,,,,,,,,,
,gildan-18500-g18500,,,,,,,,,,,,,,,,,,,,,,,,,,,,,,,,,,,https://cdn.shopify.com/s/files/1/0746/6817/9644/files/000017_036_back_f_746a3972-ec82-431c-8839-714cb1a32cf8.jpg?v=1779479053,24,Gildan® 18500 — Black — back view (women's fit),,,,,,,,,,,,,,,,,,,
,gildan-18500-g18500,,,,,,,,G18500-040-XS,,Color,Red,,Size,XS,,,,,,,,TRUE,,,,,,shopify,300,deny,450,g,TRUE,manual,https://cdn.shopify.com/s/files/1/0746/6817/9644/files/000018_040_front_cb582d97-d892-4558-93be-afb1eb3ef2a9.jpg?v=1779479061,25,Gildan® 18500 — Red — front view,https://cdn.shopify.com/s/files/1/0746/6817/9644/files/000018_040_front_cb582d97-d892-4558-93be-afb1eb3ef2a9.jpg?v=1779479061,,,,red,,,,,,,,,,,,,,
,gildan-18500-g18500,,,,,,,,G18500-040-S,,Color,Red,,Size,S,,,,,,,,TRUE,,,,,,shopify,300,deny,450,g,TRUE,manual,,,,https://cdn.shopify.com/s/files/1/0746/6817/9644/files/000018_040_front_cb582d97-d892-4558-93be-afb1eb3ef2a9.jpg?v=1779479061,,,,red,,,,,,,,,,,,,,
,gildan-18500-g18500,,,,,,,,G18500-040-M,,Color,Red,,Size,M,,,,,,,,TRUE,,,,,,shopify,300,deny,450,g,TRUE,manual,,,,https://cdn.shopify.com/s/files/1/0746/6817/9644/files/000018_040_front_cb582d97-d892-4558-93be-afb1eb3ef2a9.jpg?v=1779479061,,,,red,,,,,,,,,,,,,,
,gildan-18500-g18500,,,,,,,,G18500-040-L,,Color,Red,,Size,L,,,,,,,,TRUE,,,,,,shopify,300,deny,450,g,TRUE,manual,,,,https://cdn.shopify.com/s/files/1/0746/6817/9644/files/000018_040_front_cb582d97-d892-4558-93be-afb1eb3ef2a9.jpg?v=1779479061,,,,red,,,,,,,,,,,,,,
,gildan-18500-g18500,,,,,,,,G18500-040-XL,,Color,Red,,Size,XL,,,,,,,,TRUE,,,,,,shopify,300,deny,450,g,TRUE,manual,,,,https://cdn.shopify.com/s/files/1/0746/6817/9644/files/000018_040_front_cb582d97-d892-4558-93be-afb1eb3ef2a9.jpg?v=1779479061,,,,red,,,,,,,,,,,,,,
,gildan-18500-g18500,,,,,,,,G18500-040-2XL,,Color,Red,,Size,2XL,,,,,,,,TRUE,,,,,,shopify,300,deny,450,g,TRUE,manual,,,,https://cdn.shopify.com/s/files/1/0746/6817/9644/files/000018_040_front_cb582d97-d892-4558-93be-afb1eb3ef2a9.jpg?v=1779479061,,,,red,,,,,,,,,,,,,,
,gildan-18500-g18500,,,,,,,,G18500-040-3XL,,Color,Red,,Size,3XL,,,,,,,,TRUE,,,,,,shopify,300,deny,450,g,TRUE,manual,,,,https://cdn.shopify.com/s/files/1/0746/6817/9644/files/000018_040_front_cb582d97-d892-4558-93be-afb1eb3ef2a9.jpg?v=1779479061,,,,red,,,,,,,,,,,,,,
,gildan-18500-g18500,,,,,,,,G18500-040-4XL,,Color,Red,,Size,4XL,,,,,,,,TRUE,,,,,,shopify,300,deny,450,g,TRUE,manual,,,,https://cdn.shopify.com/s/files/1/0746/6817/9644/files/000018_040_front_cb582d97-d892-4558-93be-afb1eb3ef2a9.jpg?v=1779479061,,,,red,,,,,,,,,,,,,,
,gildan-18500-g18500,,,,,,,,G18500-040-5XL,,Color,Red,,Size,5XL,,,,,,,,TRUE,,,,,,shopify,300,deny,450,g,TRUE,manual,,,,https://cdn.shopify.com/s/files/1/0746/6817/9644/files/000018_040_front_cb582d97-d892-4558-93be-afb1eb3ef2a9.jpg?v=1779479061,,,,red,,,,,,,,,,,,,,
,gildan-18500-g18500,,,,,,,,,,,,,,,,,,,,,,,,,,,,,,,,,,,https://cdn.shopify.com/s/files/1/0746/6817/9644/files/000018_040_back_53ce839d-6815-4aa6-968e-19e85362d42a.jpg?v=1779479059,26,Gildan® 18500 — Red — back view,,,,,,,,,,,,,,,,,,,
,gildan-18500-g18500,,,,,,,,,,,,,,,,,,,,,,,,,,,,,,,,,,,https://cdn.shopify.com/s/files/1/0746/6817/9644/files/000018_040_left_069b42e9-add6-4b3b-a924-007963ffa324.jpg?v=1779479063,27,Gildan® 18500 — Red — left side view,,,,,,,,,,,,,,,,,,,
,gildan-18500-g18500,,,,,,,,,,,,,,,,,,,,,,,,,,,,,,,,,,,https://cdn.shopify.com/s/files/1/0746/6817/9644/files/000018_040_right_7e4195d6-8f52-43b5-ba6a-29e670bb3d51.jpg?v=1779479065,28,Gildan® 18500 — Red — right side view,,,,,,,,,,,,,,,,,,,
,gildan-18500-g18500,,,,,,,,,,,,,,,,,,,,,,,,,,,,,,,,,,,https://cdn.shopify.com/s/files/1/0746/6817/9644/files/000018_040_neckline_45796669-641f-4c10-a23b-213631fd54d2.jpg?v=1779479063,29,Gildan® 18500 — Red — neckline detail,,,,,,,,,,,,,,,,,,,
,gildan-18500-g18500,,,,,,,,,,,,,,,,,,,,,,,,,,,,,,,,,,,https://cdn.shopify.com/s/files/1/0746/6817/9644/files/000018_040_fabric_508d5b73-6663-41f9-aee6-6d2c40b1ac62.jpg?v=1779479061,30,Gildan® 18500 — Red — fabric detail,,,,,,,,,,,,,,,,,,,
,gildan-18500-g18500,,,,,,,,,,,,,,,,,,,,,,,,,,,,,,,,,,,https://cdn.shopify.com/s/files/1/0746/6817/9644/files/000018_040_front_f_92623aab-0989-4b71-adc5-bdc65581c28a.jpg?v=1779479063,31,Gildan® 18500 — Red — front view (women's fit),,,,,,,,,,,,,,,,,,,
,gildan-18500-g18500,,,,,,,,,,,,,,,,,,,,,,,,,,,,,,,,,,,https://cdn.shopify.com/s/files/1/0746/6817/9644/files/000018_040_back_f_96e26b3d-0202-479d-aecb-4735bcce9b70.jpg?v=1779479060,32,Gildan® 18500 — Red — back view (women's fit),,,,,,,,,,,,,,,,,,,
,gildan-18500-g18500,,,,,,,,G18500-051-XS,,Color,Royal Blue,,Size,XS,,,,,,,,TRUE,,,,,,shopify,300,deny,450,g,TRUE,manual,https://cdn.shopify.com/s/files/1/0746/6817/9644/files/000019_051_front.png?v=1779479070,33,Gildan® 18500 — Royal Blue — front view,https://cdn.shopify.com/s/files/1/0746/6817/9644/files/000019_051_front.png?v=1779479070,,,,royal blue,,,,,,,,,,,,,,
,gildan-18500-g18500,,,,,,,,G18500-051-S,,Color,Royal Blue,,Size,S,,,,,,,,TRUE,,,,,,shopify,300,deny,450,g,TRUE,manual,,,,https://cdn.shopify.com/s/files/1/0746/6817/9644/files/000019_051_front.png?v=1779479070,,,,royal blue,,,,,,,,,,,,,,
,gildan-18500-g18500,,,,,,,,G18500-051-M,,Color,Royal Blue,,Size,M,,,,,,,,TRUE,,,,,,shopify,300,deny,450,g,TRUE,manual,,,,https://cdn.shopify.com/s/files/1/0746/6817/9644/files/000019_051_front.png?v=1779479070,,,,royal blue,,,,,,,,,,,,,,
,gildan-18500-g18500,,,,,,,,G18500-051-L,,Color,Royal Blue,,Size,L,,,,,,,,TRUE,,,,,,shopify,300,deny,450,g,TRUE,manual,,,,https://cdn.shopify.com/s/files/1/0746/6817/9644/files/000019_051_front.png?v=1779479070,,,,royal blue,,,,,,,,,,,,,,
,gildan-18500-g18500,,,,,,,,G18500-051-XL,,Color,Royal Blue,,Size,XL,,,,,,,,TRUE,,,,,,shopify,300,deny,450,g,TRUE,manual,,,,https://cdn.shopify.com/s/files/1/0746/6817/9644/files/000019_051_front.png?v=1779479070,,,,royal blue,,,,,,,,,,,,,,
,gildan-18500-g18500,,,,,,,,G18500-051-2XL,,Color,Royal Blue,,Size,2XL,,,,,,,,TRUE,,,,,,shopify,300,deny,450,g,TRUE,manual,,,,https://cdn.shopify.com/s/files/1/0746/6817/9644/files/000019_051_front.png?v=1779479070,,,,royal blue,,,,,,,,,,,,,,
,gildan-18500-g18500,,,,,,,,G18500-051-3XL,,Color,Royal Blue,,Size,3XL,,,,,,,,TRUE,,,,,,shopify,300,deny,450,g,TRUE,manual,,,,https://cdn.shopify.com/s/files/1/0746/6817/9644/files/000019_051_front.png?v=1779479070,,,,royal blue,,,,,,,,,,,,,,
,gildan-18500-g18500,,,,,,,,G18500-051-4XL,,Color,Royal Blue,,Size,4XL,,,,,,,,TRUE,,,,,,shopify,300,deny,450,g,TRUE,manual,,,,https://cdn.shopify.com/s/files/1/0746/6817/9644/files/000019_051_front.png?v=1779479070,,,,royal blue,,,,,,,,,,,,,,
,gildan-18500-g18500,,,,,,,,G18500-051-5XL,,Color,Royal Blue,,Size,5XL,,,,,,,,TRUE,,,,,,shopify,300,deny,450,g,TRUE,manual,,,,https://cdn.shopify.com/s/files/1/0746/6817/9644/files/000019_051_front.png?v=1779479070,,,,royal blue,,,,,,,,,,,,,,
,gildan-18500-g18500,,,,,,,,,,,,,,,,,,,,,,,,,,,,,,,,,,,https://cdn.shopify.com/s/files/1/0746/6817/9644/files/000019_051_back.png?v=1779479066,34,Gildan® 18500 — Royal Blue — back view,,,,,,,,,,,,,,,,,,,
,gildan-18500-g18500,,,,,,,,,,,,,,,,,,,,,,,,,,,,,,,,,,,https://cdn.shopify.com/s/files/1/0746/6817/9644/files/000019_051_left.png?v=1779479071,35,Gildan® 18500 — Royal Blue — left side view,,,,,,,,,,,,,,,,,,,
,gildan-18500-g18500,,,,,,,,,,,,,,,,,,,,,,,,,,,,,,,,,,,https://cdn.shopify.com/s/files/1/0746/6817/9644/files/000019_051_right.png?v=1779479074,36,Gildan® 18500 — Royal Blue — right side view,,,,,,,,,,,,,,,,,,,
,gildan-18500-g18500,,,,,,,,,,,,,,,,,,,,,,,,,,,,,,,,,,,https://cdn.shopify.com/s/files/1/0746/6817/9644/files/000019_051_neckline.png?v=1779479073,37,Gildan® 18500 — Royal Blue — neckline detail,,,,,,,,,,,,,,,,,,,
,gildan-18500-g18500,,,,,,,,,,,,,,,,,,,,,,,,,,,,,,,,,,,https://cdn.shopify.com/s/files/1/0746/6817/9644/files/000019_051_fabric.png?v=1779479068,38,Gildan® 18500 — Royal Blue — fabric detail,,,,,,,,,,,,,,,,,,,
,gildan-18500-g18500,,,,,,,,,,,,,,,,,,,,,,,,,,,,,,,,,,,https://cdn.shopify.com/s/files/1/0746/6817/9644/files/000019_051_front_f.png?v=1779479070,39,Gildan® 18500 — Royal Blue — front view (women's fit),,,,,,,,,,,,,,,,,,,
,gildan-18500-g18500,,,,,,,,,,,,,,,,,,,,,,,,,,,,,,,,,,,https://cdn.shopify.com/s/files/1/0746/6817/9644/files/000019_051_back_f.png?v=1779479066,40,Gildan® 18500 — Royal Blue — back view (women's fit),,,,,,,,,,,,,,,,,,,
,gildan-18500-g18500,,,,,,,,G18500-194-XS,,Color,Cherry Red,,Size,XS,,,,,,,,TRUE,,,,,,shopify,300,deny,450,g,TRUE,manual,https://cdn.shopify.com/s/files/1/0746/6817/9644/files/000020_194_front_7680ce55-2bc0-41f8-8900-2afe391364f5.jpg?v=1779479077,41,Gildan® 18500 — Cherry Red — front view,https://cdn.shopify.com/s/files/1/0746/6817/9644/files/000020_194_front_7680ce55-2bc0-41f8-8900-2afe391364f5.jpg?v=1779479077,,,,cherry red,,,,,,,,,,,,,,
,gildan-18500-g18500,,,,,,,,G18500-194-S,,Color,Cherry Red,,Size,S,,,,,,,,TRUE,,,,,,shopify,300,deny,450,g,TRUE,manual,,,,https://cdn.shopify.com/s/files/1/0746/6817/9644/files/000020_194_front_7680ce55-2bc0-41f8-8900-2afe391364f5.jpg?v=1779479077,,,,cherry red,,,,,,,,,,,,,,
,gildan-18500-g18500,,,,,,,,G18500-194-M,,Color,Cherry Red,,Size,M,,,,,,,,TRUE,,,,,,shopify,300,deny,450,g,TRUE,manual,,,,https://cdn.shopify.com/s/files/1/0746/6817/9644/files/000020_194_front_7680ce55-2bc0-41f8-8900-2afe391364f5.jpg?v=1779479077,,,,cherry red,,,,,,,,,,,,,,
,gildan-18500-g18500,,,,,,,,G18500-194-L,,Color,Cherry Red,,Size,L,,,,,,,,TRUE,,,,,,shopify,300,deny,450,g,TRUE,manual,,,,https://cdn.shopify.com/s/files/1/0746/6817/9644/files/000020_194_front_7680ce55-2bc0-41f8-8900-2afe391364f5.jpg?v=1779479077,,,,cherry red,,,,,,,,,,,,,,
,gildan-18500-g18500,,,,,,,,G18500-194-XL,,Color,Cherry Red,,Size,XL,,,,,,,,TRUE,,,,,,shopify,300,deny,450,g,TRUE,manual,,,,https://cdn.shopify.com/s/files/1/0746/6817/9644/files/000020_194_front_7680ce55-2bc0-41f8-8900-2afe391364f5.jpg?v=1779479077,,,,cherry red,,,,,,,,,,,,,,
,gildan-18500-g18500,,,,,,,,G18500-194-2XL,,Color,Cherry Red,,Size,2XL,,,,,,,,TRUE,,,,,,shopify,300,deny,450,g,TRUE,manual,,,,https://cdn.shopify.com/s/files/1/0746/6817/9644/files/000020_194_front_7680ce55-2bc0-41f8-8900-2afe391364f5.jpg?v=1779479077,,,,cherry red,,,,,,,,,,,,,,
,gildan-18500-g18500,,,,,,,,G18500-194-3XL,,Color,Cherry Red,,Size,3XL,,,,,,,,TRUE,,,,,,shopify,300,deny,450,g,TRUE,manual,,,,https://cdn.shopify.com/s/files/1/0746/6817/9644/files/000020_194_front_7680ce55-2bc0-41f8-8900-2afe391364f5.jpg?v=1779479077,,,,cherry red,,,,,,,,,,,,,,
,gildan-18500-g18500,,,,,,,,G18500-194-4XL,,Color,Cherry Red,,Size,4XL,,,,,,,,TRUE,,,,,,shopify,300,deny,450,g,TRUE,manual,,,,https://cdn.shopify.com/s/files/1/0746/6817/9644/files/000020_194_front_7680ce55-2bc0-41f8-8900-2afe391364f5.jpg?v=1779479077,,,,cherry red,,,,,,,,,,,,,,
,gildan-18500-g18500,,,,,,,,G18500-194-5XL,,Color,Cherry Red,,Size,5XL,,,,,,,,TRUE,,,,,,shopify,300,deny,450,g,TRUE,manual,,,,https://cdn.shopify.com/s/files/1/0746/6817/9644/files/000020_194_front_7680ce55-2bc0-41f8-8900-2afe391364f5.jpg?v=1779479077,,,,cherry red,,,,,,,,,,,,,,
,gildan-18500-g18500,,,,,,,,,,,,,,,,,,,,,,,,,,,,,,,,,,,https://cdn.shopify.com/s/files/1/0746/6817/9644/files/000020_194_back_130973e6-4aba-4a0d-8df8-eab6671d3830.jpg?v=1779479074,42,Gildan® 18500 — Cherry Red — back view,,,,,,,,,,,,,,,,,,,
,gildan-18500-g18500,,,,,,,,,,,,,,,,,,,,,,,,,,,,,,,,,,,https://cdn.shopify.com/s/files/1/0746/6817/9644/files/000020_194_left_b306ef70-bce8-4fcc-bd6c-290d1468b68c.jpg?v=1779479079,43,Gildan® 18500 — Cherry Red — left side view,,,,,,,,,,,,,,,,,,,
,gildan-18500-g18500,,,,,,,,,,,,,,,,,,,,,,,,,,,,,,,,,,,https://cdn.shopify.com/s/files/1/0746/6817/9644/files/000020_194_right_697bee60-a190-48e9-b088-0d54b3fab1bf.jpg?v=1779479081,44,Gildan® 18500 — Cherry Red — right side view,,,,,,,,,,,,,,,,,,,
,gildan-18500-g18500,,,,,,,,,,,,,,,,,,,,,,,,,,,,,,,,,,,https://cdn.shopify.com/s/files/1/0746/6817/9644/files/000020_194_neckline_7414185d-bbe6-45fc-9e42-d7062cade292.jpg?v=1779479080,45,Gildan® 18500 — Cherry Red — neckline detail,,,,,,,,,,,,,,,,,,,
,gildan-18500-g18500,,,,,,,,,,,,,,,,,,,,,,,,,,,,,,,,,,,https://cdn.shopify.com/s/files/1/0746/6817/9644/files/000020_194_fabric_7d89053a-be8f-4a53-bc8c-f61076a522ef.jpg?v=1779479077,46,Gildan® 18500 — Cherry Red — fabric detail,,,,,,,,,,,,,,,,,,,
,gildan-18500-g18500,,,,,,,,,,,,,,,,,,,,,,,,,,,,,,,,,,,https://cdn.shopify.com/s/files/1/0746/6817/9644/files/000020_194_front_f_12bc9dd2-b33b-4127-9bb3-d37ea772d576.jpg?v=1779479080,47,Gildan® 18500 — Cherry Red — front view (women's fit),,,,,,,,,,,,,,,,,,,
,gildan-18500-g18500,,,,,,,,,,,,,,,,,,,,,,,,,,,,,,,,,,,https://cdn.shopify.com/s/files/1/0746/6817/9644/files/000020_194_back_f_284eaefe-c30e-48b8-8a5f-2020768b156c.jpg?v=1779479077,48,Gildan® 18500 — Cherry Red — back view (women's fit),,,,,,,,,,,,,,,,,,,
Gildan® 18500B,gildan-18500b-g18500b,"<p>The Heavy Blend® Youth Hooded Sweatshirt works just as hard to keep up with whatever kids throw at it. From the backyard to the playground, it delivers long-lasting comfort along with a smooth, decorator-friendly, finish.</p><ul><li>50% Cotton / 50% Polyester — 8.0 oz/yd²</li><li>Air jet yarn — softer feel and reduced pilling</li><li>Double-lined hood with matching drawstring</li><li>Pouch pocket</li><li>1 × 1 athletic rib knit cuffs and waistband with spandex</li><li>Youth sizing — XS to XL</li></ul><h4>Size Chart (inches)</h4><table><thead><tr><th>Size</th><th>Chest</th><th>Body Length</th></tr></thead><tbody><tr><td>XS</td><td>23–24</td><td>17½</td></tr><tr><td>S</td><td>25–26</td><td>18½</td></tr><tr><td>M</td><td>27–28</td><td>19½</td></tr><tr><td>L</td><td>29–30</td><td>21</td></tr><tr><td>XL</td><td>31–32</td><td>22½</td></tr></tbody></table>",Gildan,gid://shopify/TaxonomyCategory/aa-1-13-13,Hoodie,"Hoodie, Youth, G18500B, Hooded, Poly-Cotton",TRUE,active,G18500B-032-XS,,Color,Navy,,Size,XS,,,,,,,,TRUE,,,,,,shopify,300,deny,315,g,TRUE,manual,https://cdn.shopify.com/s/files/1/0746/6817/9644/files/000091_032_front_1ff735aa-9205-4542-a3f0-9928806b447d.jpg?v=1779479506,1,Gildan® 18500B — Navy — front view,https://cdn.shopify.com/s/files/1/0746/6817/9644/files/000091_032_front_1ff735aa-9205-4542-a3f0-9928806b447d.jpg?v=1779479506,,Gildan® 18500B,"<p>The Heavy Blend® Youth Hooded Sweatshirt works just as hard to keep up with whatever kids throw at it. From the backyard to the playground, it delivers ",navy,gid://shopify/TaxonomyCategory/aa-1-13-13,Unisex,Kids,G18500B,,,new,,,,,,,Youth Hooded Sweatshirt
,gildan-18500b-g18500b,,,,,,,,G18500B-032-S,,Color,Navy,,Size,S,,,,,,,,TRUE,,,,,,shopify,300,deny,315,g,TRUE,manual,,,,https://cdn.shopify.com/s/files/1/0746/6817/9644/files/000091_032_front_1ff735aa-9205-4542-a3f0-9928806b447d.jpg?v=1779479506,,,,navy,,,,,,,,,,,,,,
,gildan-18500b-g18500b,,,,,,,,G18500B-032-M,,Color,Navy,,Size,M,,,,,,,,TRUE,,,,,,shopify,300,deny,315,g,TRUE,manual,,,,https://cdn.shopify.com/s/files/1/0746/6817/9644/files/000091_032_front_1ff735aa-9205-4542-a3f0-9928806b447d.jpg?v=1779479506,,,,navy,,,,,,,,,,,,,,
,gildan-18500b-g18500b,,,,,,,,G18500B-032-L,,Color,Navy,,Size,L,,,,,,,,TRUE,,,,,,shopify,300,deny,315,g,TRUE,manual,,,,https://cdn.shopify.com/s/files/1/0746/6817/9644/files/000091_032_front_1ff735aa-9205-4542-a3f0-9928806b447d.jpg?v=1779479506,,,,navy,,,,,,,,,,,,,,
,gildan-18500b-g18500b,,,,,,,,G18500B-032-XL,,Color,Navy,,Size,XL,,,,,,,,TRUE,,,,,,shopify,300,deny,315,g,TRUE,manual,,,,https://cdn.shopify.com/s/files/1/0746/6817/9644/files/000091_032_front_1ff735aa-9205-4542-a3f0-9928806b447d.jpg?v=1779479506,,,,navy,,,,,,,,,,,,,,
,gildan-18500b-g18500b,,,,,,,,,,,,,,,,,,,,,,,,,,,,,,,,,,,https://cdn.shopify.com/s/files/1/0746/6817/9644/files/000091_032_back_1a8d0f1b-8a50-408e-8981-342417cbc5dd.jpg?v=1779479503,2,Gildan® 18500B — Navy — back view,,,,,,,,,,,,,,,,,,,
,gildan-18500b-g18500b,,,,,,,,,,,,,,,,,,,,,,,,,,,,,,,,,,,https://cdn.shopify.com/s/files/1/0746/6817/9644/files/000091_032_left_94e27d91-4ba6-4391-b33f-9d2ef44bbe56.jpg?v=1779479506,3,Gildan® 18500B — Navy — left side view,,,,,,,,,,,,,,,,,,,
,gildan-18500b-g18500b,,,,,,,,,,,,,,,,,,,,,,,,,,,,,,,,,,,https://cdn.shopify.com/s/files/1/0746/6817/9644/files/000091_032_right_26e14cd6-fe1a-4982-8e0e-8ce5c43d7426.jpg?v=1779479508,4,Gildan® 18500B — Navy — right side view,,,,,,,,,,,,,,,,,,,
,gildan-18500b-g18500b,,,,,,,,,,,,,,,,,,,,,,,,,,,,,,,,,,,https://cdn.shopify.com/s/files/1/0746/6817/9644/files/000091_032_neckline_f58fc16e-4445-4afe-9876-2e3025069cba.jpg?v=1779479509,5,Gildan® 18500B — Navy — neckline detail,,,,,,,,,,,,,,,,,,,
,gildan-18500b-g18500b,,,,,,,,,,,,,,,,,,,,,,,,,,,,,,,,,,,https://cdn.shopify.com/s/files/1/0746/6817/9644/files/000091_032_fabric_05be96e8-feed-407e-83d6-2f4b9051bb2e.jpg?v=1779479505,6,Gildan® 18500B — Navy — fabric detail,,,,,,,,,,,,,,,,,,,
,gildan-18500b-g18500b,,,,,,,,G18500B-036-XS,,Color,Black,,Size,XS,,,,,,,,TRUE,,,,,,shopify,300,deny,315,g,TRUE,manual,https://cdn.shopify.com/s/files/1/0746/6817/9644/files/000092_036_front_b5376a89-7ea2-440d-a6ed-5a6282228845.jpg?v=1779479511,7,Gildan® 18500B — Black — front view,https://cdn.shopify.com/s/files/1/0746/6817/9644/files/000092_036_front_b5376a89-7ea2-440d-a6ed-5a6282228845.jpg?v=1779479511,,,,black,,,,,,,,,,,,,,
,gildan-18500b-g18500b,,,,,,,,G18500B-036-S,,Color,Black,,Size,S,,,,,,,,TRUE,,,,,,shopify,300,deny,315,g,TRUE,manual,,,,https://cdn.shopify.com/s/files/1/0746/6817/9644/files/000092_036_front_b5376a89-7ea2-440d-a6ed-5a6282228845.jpg?v=1779479511,,,,black,,,,,,,,,,,,,,
,gildan-18500b-g18500b,,,,,,,,G18500B-036-M,,Color,Black,,Size,M,,,,,,,,TRUE,,,,,,shopify,300,deny,315,g,TRUE,manual,,,,https://cdn.shopify.com/s/files/1/0746/6817/9644/files/000092_036_front_b5376a89-7ea2-440d-a6ed-5a6282228845.jpg?v=1779479511,,,,black,,,,,,,,,,,,,,
,gildan-18500b-g18500b,,,,,,,,G18500B-036-L,,Color,Black,,Size,L,,,,,,,,TRUE,,,,,,shopify,300,deny,315,g,TRUE,manual,,,,https://cdn.shopify.com/s/files/1/0746/6817/9644/files/000092_036_front_b5376a89-7ea2-440d-a6ed-5a6282228845.jpg?v=1779479511,,,,black,,,,,,,,,,,,,,
,gildan-18500b-g18500b,,,,,,,,G18500B-036-XL,,Color,Black,,Size,XL,,,,,,,,TRUE,,,,,,shopify,300,deny,315,g,TRUE,manual,,,,https://cdn.shopify.com/s/files/1/0746/6817/9644/files/000092_036_front_b5376a89-7ea2-440d-a6ed-5a6282228845.jpg?v=1779479511,,,,black,,,,,,,,,,,,,,
,gildan-18500b-g18500b,,,,,,,,,,,,,,,,,,,,,,,,,,,,,,,,,,,https://cdn.shopify.com/s/files/1/0746/6817/9644/files/000092_036_back_d296f494-10e7-4da9-a1ba-21ad542689ff.jpg?v=1779479509,8,Gildan® 18500B — Black — back view,,,,,,,,,,,,,,,,,,,
,gildan-18500b-g18500b,,,,,,,,,,,,,,,,,,,,,,,,,,,,,,,,,,,https://cdn.shopify.com/s/files/1/0746/6817/9644/files/000092_036_left_63d2016f-2d10-4f0c-b745-36b33048bb42.jpg?v=1779479512,9,Gildan® 18500B — Black — left side view,,,,,,,,,,,,,,,,,,,
,gildan-18500b-g18500b,,,,,,,,,,,,,,,,,,,,,,,,,,,,,,,,,,,https://cdn.shopify.com/s/files/1/0746/6817/9644/files/000092_036_right_5ddaf876-aa61-411e-9b91-748f7b2a2126.jpg?v=1779479514,10,Gildan® 18500B — Black — right side view,,,,,,,,,,,,,,,,,,,
,gildan-18500b-g18500b,,,,,,,,,,,,,,,,,,,,,,,,,,,,,,,,,,,https://cdn.shopify.com/s/files/1/0746/6817/9644/files/000092_036_neckline_226c6d3e-e8b3-49ec-b4a9-c95fbfe90637.jpg?v=1779479513,11,Gildan® 18500B — Black — neckline detail,,,,,,,,,,,,,,,,,,,
,gildan-18500b-g18500b,,,,,,,,,,,,,,,,,,,,,,,,,,,,,,,,,,,https://cdn.shopify.com/s/files/1/0746/6817/9644/files/000092_036_fabric_7f87e93f-893e-4398-a285-aa087e2efe2d.jpg?v=1779479510,12,Gildan® 18500B — Black — fabric detail,,,,,,,,,,,,,,,,,,,
,gildan-18500b-g18500b,,,,,,,,G18500B-040-XS,,Color,Red,,Size,XS,,,,,,,,TRUE,,,,,,shopify,300,deny,315,g,TRUE,manual,https://cdn.shopify.com/s/files/1/0746/6817/9644/files/000093_040_front_c1106cb3-7755-4564-8885-a8351a8fb7dc.jpg?v=1779479516,13,Gildan® 18500B — Red — front view,https://cdn.shopify.com/s/files/1/0746/6817/9644/files/000093_040_front_c1106cb3-7755-4564-8885-a8351a8fb7dc.jpg?v=1779479516,,,,red,,,,,,,,,,,,,,
,gildan-18500b-g18500b,,,,,,,,G18500B-040-S,,Color,Red,,Size,S,,,,,,,,TRUE,,,,,,shopify,300,deny,315,g,TRUE,manual,,,,https://cdn.shopify.com/s/files/1/0746/6817/9644/files/000093_040_front_c1106cb3-7755-4564-8885-a8351a8fb7dc.jpg?v=1779479516,,,,red,,,,,,,,,,,,,,
,gildan-18500b-g18500b,,,,,,,,G18500B-040-M,,Color,Red,,Size,M,,,,,,,,TRUE,,,,,,shopify,300,deny,315,g,TRUE,manual,,,,https://cdn.shopify.com/s/files/1/0746/6817/9644/files/000093_040_front_c1106cb3-7755-4564-8885-a8351a8fb7dc.jpg?v=1779479516,,,,red,,,,,,,,,,,,,,
,gildan-18500b-g18500b,,,,,,,,G18500B-040-L,,Color,Red,,Size,L,,,,,,,,TRUE,,,,,,shopify,300,deny,315,g,TRUE,manual,,,,https://cdn.shopify.com/s/files/1/0746/6817/9644/files/000093_040_front_c1106cb3-7755-4564-8885-a8351a8fb7dc.jpg?v=1779479516,,,,red,,,,,,,,,,,,,,
,gildan-18500b-g18500b,,,,,,,,G18500B-040-XL,,Color,Red,,Size,XL,,,,,,,,TRUE,,,,,,shopify,300,deny,315,g,TRUE,manual,,,,https://cdn.shopify.com/s/files/1/0746/6817/9644/files/000093_040_front_c1106cb3-7755-4564-8885-a8351a8fb7dc.jpg?v=1779479516,,,,red,,,,,,,,,,,,,,
,gildan-18500b-g18500b,,,,,,,,,,,,,,,,,,,,,,,,,,,,,,,,,,,https://cdn.shopify.com/s/files/1/0746/6817/9644/files/000093_040_back_1489f848-e22c-4b49-95c6-c51179bc888c.jpg?v=1779479514,14,Gildan® 18500B — Red — back view,,,,,,,,,,,,,,,,,,,
,gildan-18500b-g18500b,,,,,,,,,,,,,,,,,,,,,,,,,,,,,,,,,,,https://cdn.shopify.com/s/files/1/0746/6817/9644/files/000093_040_left_32d259c6-f1b7-464b-93cf-7c31c1ce4241.jpg?v=1779479517,15,Gildan® 18500B — Red — left side view,,,,,,,,,,,,,,,,,,,
,gildan-18500b-g18500b,,,,,,,,,,,,,,,,,,,,,,,,,,,,,,,,,,,https://cdn.shopify.com/s/files/1/0746/6817/9644/files/000093_040_right_9c582cc9-2a28-432a-b2ed-63bc76f903d1.jpg?v=1779479519,16,Gildan® 18500B — Red — right side view,,,,,,,,,,,,,,,,,,,
,gildan-18500b-g18500b,,,,,,,,,,,,,,,,,,,,,,,,,,,,,,,,,,,https://cdn.shopify.com/s/files/1/0746/6817/9644/files/000093_040_neckline_c83740b7-f261-4bfc-9ba4-8827f9b64707.jpg?v=1779479517,17,Gildan® 18500B — Red — neckline detail,,,,,,,,,,,,,,,,,,,
,gildan-18500b-g18500b,,,,,,,,,,,,,,,,,,,,,,,,,,,,,,,,,,,https://cdn.shopify.com/s/files/1/0746/6817/9644/files/000093_040_fabric_934500a0-45b3-4c1b-b63c-c063494a585c.jpg?v=1779479515,18,Gildan® 18500B — Red — fabric detail,,,,,,,,,,,,,,,,,,,
,gildan-18500b-g18500b,,,,,,,,G18500B-051-XS,,Color,Royal Blue,,Size,XS,,,,,,,,TRUE,,,,,,shopify,300,deny,315,g,TRUE,manual,https://cdn.shopify.com/s/files/1/0746/6817/9644/files/000094_051_front.png?v=1779479522,19,Gildan® 18500B — Royal Blue — front view,https://cdn.shopify.com/s/files/1/0746/6817/9644/files/000094_051_front.png?v=1779479522,,,,royal blue,,,,,,,,,,,,,,
,gildan-18500b-g18500b,,,,,,,,G18500B-051-S,,Color,Royal Blue,,Size,S,,,,,,,,TRUE,,,,,,shopify,300,deny,315,g,TRUE,manual,,,,https://cdn.shopify.com/s/files/1/0746/6817/9644/files/000094_051_front.png?v=1779479522,,,,royal blue,,,,,,,,,,,,,,
,gildan-18500b-g18500b,,,,,,,,G18500B-051-M,,Color,Royal Blue,,Size,M,,,,,,,,TRUE,,,,,,shopify,300,deny,315,g,TRUE,manual,,,,https://cdn.shopify.com/s/files/1/0746/6817/9644/files/000094_051_front.png?v=1779479522,,,,royal blue,,,,,,,,,,,,,,
,gildan-18500b-g18500b,,,,,,,,G18500B-051-L,,Color,Royal Blue,,Size,L,,,,,,,,TRUE,,,,,,shopify,300,deny,315,g,TRUE,manual,,,,https://cdn.shopify.com/s/files/1/0746/6817/9644/files/000094_051_front.png?v=1779479522,,,,royal blue,,,,,,,,,,,,,,
,gildan-18500b-g18500b,,,,,,,,G18500B-051-XL,,Color,Royal Blue,,Size,XL,,,,,,,,TRUE,,,,,,shopify,300,deny,315,g,TRUE,manual,,,,https://cdn.shopify.com/s/files/1/0746/6817/9644/files/000094_051_front.png?v=1779479522,,,,royal blue,,,,,,,,,,,,,,
,gildan-18500b-g18500b,,,,,,,,,,,,,,,,,,,,,,,,,,,,,,,,,,,https://cdn.shopify.com/s/files/1/0746/6817/9644/files/000094_051_back.png?v=1779479521,20,Gildan® 18500B — Royal Blue — back view,,,,,,,,,,,,,,,,,,,
,gildan-18500b-g18500b,,,,,,,,,,,,,,,,,,,,,,,,,,,,,,,,,,,https://cdn.shopify.com/s/files/1/0746/6817/9644/files/000094_051_left.png?v=1779479524,21,Gildan® 18500B — Royal Blue — left side view,,,,,,,,,,,,,,,,,,,
,gildan-18500b-g18500b,,,,,,,,,,,,,,,,,,,,,,,,,,,,,,,,,,,https://cdn.shopify.com/s/files/1/0746/6817/9644/files/000094_051_right.png?v=1779479525,22,Gildan® 18500B — Royal Blue — right side view,,,,,,,,,,,,,,,,,,,
,gildan-18500b-g18500b,,,,,,,,,,,,,,,,,,,,,,,,,,,,,,,,,,,https://cdn.shopify.com/s/files/1/0746/6817/9644/files/000094_051_neckline.png?v=1779479524,23,Gildan® 18500B — Royal Blue — neckline detail,,,,,,,,,,,,,,,,,,,
,gildan-18500b-g18500b,,,,,,,,,,,,,,,,,,,,,,,,,,,,,,,,,,,https://cdn.shopify.com/s/files/1/0746/6817/9644/files/000094_051_fabric.png?v=1779479521,24,Gildan® 18500B — Royal Blue — fabric detail,,,,,,,,,,,,,,,,,,,
,gildan-18500b-g18500b,,,,,,,,G18500B-030-XS,,Color,White,,Size,XS,,,,,,,,TRUE,,,,,,shopify,300,deny,315,g,TRUE,manual,https://cdn.shopify.com/s/files/1/0746/6817/9644/files/000070_030_front_c9179ba3-7ae7-43b3-b551-d27b339d5690.jpg?v=1779479409,25,Gildan® 18500B — White — front view,https://cdn.shopify.com/s/files/1/0746/6817/9644/files/000070_030_front_c9179ba3-7ae7-43b3-b551-d27b339d5690.jpg?v=1779479409,,,,white,,,,,,,,,,,,,,
,gildan-18500b-g18500b,,,,,,,,G18500B-030-S,,Color,White,,Size,S,,,,,,,,TRUE,,,,,,shopify,300,deny,315,g,TRUE,manual,,,,https://cdn.shopify.com/s/files/1/0746/6817/9644/files/000070_030_front_c9179ba3-7ae7-43b3-b551-d27b339d5690.jpg?v=1779479409,,,,white,,,,,,,,,,,,,,
,gildan-18500b-g18500b,,,,,,,,G18500B-030-M,,Color,White,,Size,M,,,,,,,,TRUE,,,,,,shopify,300,deny,315,g,TRUE,manual,,,,https://cdn.shopify.com/s/files/1/0746/6817/9644/files/000070_030_front_c9179ba3-7ae7-43b3-b551-d27b339d5690.jpg?v=1779479409,,,,white,,,,,,,,,,,,,,
,gildan-18500b-g18500b,,,,,,,,G18500B-030-L,,Color,White,,Size,L,,,,,,,,TRUE,,,,,,shopify,300,deny,315,g,TRUE,manual,,,,https://cdn.shopify.com/s/files/1/0746/6817/9644/files/000070_030_front_c9179ba3-7ae7-43b3-b551-d27b339d5690.jpg?v=1779479409,,,,white,,,,,,,,,,,,,,
,gildan-18500b-g18500b,,,,,,,,G18500B-030-XL,,Color,White,,Size,XL,,,,,,,,TRUE,,,,,,shopify,300,deny,315,g,TRUE,manual,,,,https://cdn.shopify.com/s/files/1/0746/6817/9644/files/000070_030_front_c9179ba3-7ae7-43b3-b551-d27b339d5690.jpg?v=1779479409,,,,white,,,,,,,,,,,,,,
,gildan-18500b-g18500b,,,,,,,,,,,,,,,,,,,,,,,,,,,,,,,,,,,https://cdn.shopify.com/s/files/1/0746/6817/9644/files/000070_030_back_db84da76-d375-4850-9bc9-906eb5b6e040.jpg?v=1779479409,26,Gildan® 18500B — White — back view,,,,,,,,,,,,,,,,,,,
,gildan-18500b-g18500b,,,,,,,,,,,,,,,,,,,,,,,,,,,,,,,,,,,https://cdn.shopify.com/s/files/1/0746/6817/9644/files/000070_030_left_8392d131-d92f-41c2-89c0-34e757d6db64.jpg?v=1779479411,27,Gildan® 18500B — White — left side view,,,,,,,,,,,,,,,,,,,
,gildan-18500b-g18500b,,,,,,,,,,,,,,,,,,,,,,,,,,,,,,,,,,,https://cdn.shopify.com/s/files/1/0746/6817/9644/files/000070_030_right_689972b7-74ec-4e23-87dc-dae7ceb21bd8.jpg?v=1779479412,28,Gildan® 18500B — White — right side view,,,,,,,,,,,,,,,,,,,
,gildan-18500b-g18500b,,,,,,,,,,,,,,,,,,,,,,,,,,,,,,,,,,,https://cdn.shopify.com/s/files/1/0746/6817/9644/files/000070_030_neckline_16f68849-c0fc-438d-82e4-4d65c4f729c4.jpg?v=1779479412,29,Gildan® 18500B — White — neckline detail,,,,,,,,,,,,,,,,,,,
,gildan-18500b-g18500b,,,,,,,,,,,,,,,,,,,,,,,,,,,,,,,,,,,https://cdn.shopify.com/s/files/1/0746/6817/9644/files/000070_030_fabric_a753c9c5-bd26-4987-b93f-1dd2f1add056.jpg?v=1779479408,30,Gildan® 18500B — White — fabric detail,,,,,,,,,,,,,,,,,,,
Gildan® 2000,gildan-2000-g2000,"<p>Innovation you can feel. Made with 100% U.S. cotton and the latest breakthrough in soft cotton technology, the Gildan® Ultra Cotton™ family has been remastered for improved printability and a softer feel. Classic fit with double-needle stitching throughout and taped neck and shoulders.</p><ul><li>100% U.S. Cotton (Heather: 90/10 cotton/polyester; Sport Grey: 90/10)</li><li>Pre-shrunk for a lasting fit</li><li>Classic fit</li><li>Double-needle stitching throughout</li><li>Taped neck and shoulders</li><li>Tearaway label</li></ul><h4>Size Chart (inches)</h4><table><thead><tr><th>Size</th><th>Chest</th><th>Body Length</th></tr></thead><tbody><tr><td>S</td><td>34–36</td><td>28</td></tr><tr><td>M</td><td>38–40</td><td>29</td></tr><tr><td>L</td><td>42–44</td><td>30</td></tr><tr><td>XL</td><td>46–48</td><td>31</td></tr><tr><td>2XL</td><td>50–52</td><td>32</td></tr><tr><td>3XL</td><td>54–56</td><td>33</td></tr><tr><td>4XL</td><td>58–60</td><td>34</td></tr><tr><td>5XL</td><td>62–64</td><td>35</td></tr></tbody></table>",Gildan,gid://shopify/TaxonomyCategory/aa-1-13-8,T-Shirt,"T-Shirt, Adult, Unisex, G2000, Crew Neck, Cotton, Classic Fit",TRUE,active,G2000-036-S,,Color,Black,,Size,S,,,,,,,,TRUE,,,,,,shopify,300,deny,150,g,TRUE,manual,https://cdn.shopify.com/s/files/1/0746/6817/9644/files/000023_036_front_9e4564c5-559a-48c0-a49c-547ee4be4e56.jpg?v=1779479095,1,Gildan® 2000 — Black — front view,https://cdn.shopify.com/s/files/1/0746/6817/9644/files/000023_036_front_9e4564c5-559a-48c0-a49c-547ee4be4e56.jpg?v=1779479095,,Gildan® 2000,"<p>Innovation you can feel. Made with 100% U.S. cotton and the latest breakthrough in soft cotton technology, the Gildan® Ultra Cotton™ family has been rem",black,gid://shopify/TaxonomyCategory/aa-1-13-8,Unisex,Adult,G2000,,,new,,,,,,,Adult T-Shirt
,gildan-2000-g2000,,,,,,,,G2000-036-M,,Color,Black,,Size,M,,,,,,,,TRUE,,,,,,shopify,300,deny,150,g,TRUE,manual,,,,https://cdn.shopify.com/s/files/1/0746/6817/9644/files/000023_036_front_9e4564c5-559a-48c0-a49c-547ee4be4e56.jpg?v=1779479095,,,,black,,,,,,,,,,,,,,
,gildan-2000-g2000,,,,,,,,G2000-036-L,,Color,Black,,Size,L,,,,,,,,TRUE,,,,,,shopify,300,deny,150,g,TRUE,manual,,,,https://cdn.shopify.com/s/files/1/0746/6817/9644/files/000023_036_front_9e4564c5-559a-48c0-a49c-547ee4be4e56.jpg?v=1779479095,,,,black,,,,,,,,,,,,,,
,gildan-2000-g2000,,,,,,,,G2000-036-XL,,Color,Black,,Size,XL,,,,,,,,TRUE,,,,,,shopify,300,deny,150,g,TRUE,manual,,,,https://cdn.shopify.com/s/files/1/0746/6817/9644/files/000023_036_front_9e4564c5-559a-48c0-a49c-547ee4be4e56.jpg?v=1779479095,,,,black,,,,,,,,,,,,,,
,gildan-2000-g2000,,,,,,,,G2000-036-2XL,,Color,Black,,Size,2XL,,,,,,,,TRUE,,,,,,shopify,300,deny,150,g,TRUE,manual,,,,https://cdn.shopify.com/s/files/1/0746/6817/9644/files/000023_036_front_9e4564c5-559a-48c0-a49c-547ee4be4e56.jpg?v=1779479095,,,,black,,,,,,,,,,,,,,
,gildan-2000-g2000,,,,,,,,G2000-036-3XL,,Color,Black,,Size,3XL,,,,,,,,TRUE,,,,,,shopify,300,deny,150,g,TRUE,manual,,,,https://cdn.shopify.com/s/files/1/0746/6817/9644/files/000023_036_front_9e4564c5-559a-48c0-a49c-547ee4be4e56.jpg?v=1779479095,,,,black,,,,,,,,,,,,,,
,gildan-2000-g2000,,,,,,,,G2000-036-4XL,,Color,Black,,Size,4XL,,,,,,,,TRUE,,,,,,shopify,300,deny,150,g,TRUE,manual,,,,https://cdn.shopify.com/s/files/1/0746/6817/9644/files/000023_036_front_9e4564c5-559a-48c0-a49c-547ee4be4e56.jpg?v=1779479095,,,,black,,,,,,,,,,,,,,
,gildan-2000-g2000,,,,,,,,G2000-036-5XL,,Color,Black,,Size,5XL,,,,,,,,TRUE,,,,,,shopify,300,deny,150,g,TRUE,manual,,,,https://cdn.shopify.com/s/files/1/0746/6817/9644/files/000023_036_front_9e4564c5-559a-48c0-a49c-547ee4be4e56.jpg?v=1779479095,,,,black,,,,,,,,,,,,,,
,gildan-2000-g2000,,,,,,,,,,,,,,,,,,,,,,,,,,,,,,,,,,,https://cdn.shopify.com/s/files/1/0746/6817/9644/files/000023_036_back_3d8022c1-f5d9-476e-9a42-44fd3a8986cf.jpg?v=1779479093,2,Gildan® 2000 — Black — back view,,,,,,,,,,,,,,,,,,,
,gildan-2000-g2000,,,,,,,,,,,,,,,,,,,,,,,,,,,,,,,,,,,https://cdn.shopify.com/s/files/1/0746/6817/9644/files/000023_036_left_8c277cc8-755e-4cf6-9d3d-59e7cd96cfc5.jpg?v=1779479097,3,Gildan® 2000 — Black — left side view,,,,,,,,,,,,,,,,,,,
,gildan-2000-g2000,,,,,,,,,,,,,,,,,,,,,,,,,,,,,,,,,,,https://cdn.shopify.com/s/files/1/0746/6817/9644/files/000023_036_right_de0fa8be-abc4-4562-b920-154ffc853aa5.jpg?v=1779479099,4,Gildan® 2000 — Black — right side view,,,,,,,,,,,,,,,,,,,
,gildan-2000-g2000,,,,,,,,,,,,,,,,,,,,,,,,,,,,,,,,,,,https://cdn.shopify.com/s/files/1/0746/6817/9644/files/000023_036_neckline_8328c1e8-e8c0-42b9-8c5b-45e18b605039.jpg?v=1779479098,5,Gildan® 2000 — Black — neckline detail,,,,,,,,,,,,,,,,,,,
,gildan-2000-g2000,,,,,,,,,,,,,,,,,,,,,,,,,,,,,,,,,,,https://cdn.shopify.com/s/files/1/0746/6817/9644/files/000023_036_fabric_7d4e80c2-c7c5-4da5-8cb2-f8fca7a4865a.jpg?v=1779479094,6,Gildan® 2000 — Black — fabric detail,,,,,,,,,,,,,,,,,,,
,gildan-2000-g2000,,,,,,,,,,,,,,,,,,,,,,,,,,,,,,,,,,,https://cdn.shopify.com/s/files/1/0746/6817/9644/files/000023_036_front_f_4b6aa814-83f7-4dd0-a55b-7489b31b2644.jpg?v=1779479097,7,Gildan® 2000 — Black — front view (women's fit),,,,,,,,,,,,,,,,,,,
,gildan-2000-g2000,,,,,,,,,,,,,,,,,,,,,,,,,,,,,,,,,,,https://cdn.shopify.com/s/files/1/0746/6817/9644/files/000023_036_back_f_91d433b2-1f29-453e-80c3-6b4f6735ed37.jpg?v=1779479094,8,Gildan® 2000 — Black — back view (women's fit),,,,,,,,,,,,,,,,,,,
,gildan-2000-g2000,,,,,,,,G2000-040-S,,Color,Red,,Size,S,,,,,,,,TRUE,,,,,,shopify,300,deny,150,g,TRUE,manual,https://cdn.shopify.com/s/files/1/0746/6817/9644/files/000024_040_front_929cfdb8-b216-46cd-9607-e7ac668655c8.jpg?v=1779479101,9,Gildan® 2000 — Red — front view,https://cdn.shopify.com/s/files/1/0746/6817/9644/files/000024_040_front_929cfdb8-b216-46cd-9607-e7ac668655c8.jpg?v=1779479101,,,,red,,,,,,,,,,,,,,
,gildan-2000-g2000,,,,,,,,G2000-040-M,,Color,Red,,Size,M,,,,,,,,TRUE,,,,,,shopify,300,deny,150,g,TRUE,manual,,,,https://cdn.shopify.com/s/files/1/0746/6817/9644/files/000024_040_front_929cfdb8-b216-46cd-9607-e7ac668655c8.jpg?v=1779479101,,,,red,,,,,,,,,,,,,,
,gildan-2000-g2000,,,,,,,,G2000-040-L,,Color,Red,,Size,L,,,,,,,,TRUE,,,,,,shopify,300,deny,150,g,TRUE,manual,,,,https://cdn.shopify.com/s/files/1/0746/6817/9644/files/000024_040_front_929cfdb8-b216-46cd-9607-e7ac668655c8.jpg?v=1779479101,,,,red,,,,,,,,,,,,,,
,gildan-2000-g2000,,,,,,,,G2000-040-XL,,Color,Red,,Size,XL,,,,,,,,TRUE,,,,,,shopify,300,deny,150,g,TRUE,manual,,,,https://cdn.shopify.com/s/files/1/0746/6817/9644/files/000024_040_front_929cfdb8-b216-46cd-9607-e7ac668655c8.jpg?v=1779479101,,,,red,,,,,,,,,,,,,,
,gildan-2000-g2000,,,,,,,,G2000-040-2XL,,Color,Red,,Size,2XL,,,,,,,,TRUE,,,,,,shopify,300,deny,150,g,TRUE,manual,,,,https://cdn.shopify.com/s/files/1/0746/6817/9644/files/000024_040_front_929cfdb8-b216-46cd-9607-e7ac668655c8.jpg?v=1779479101,,,,red,,,,,,,,,,,,,,
,gildan-2000-g2000,,,,,,,,G2000-040-3XL,,Color,Red,,Size,3XL,,,,,,,,TRUE,,,,,,shopify,300,deny,150,g,TRUE,manual,,,,https://cdn.shopify.com/s/files/1/0746/6817/9644/files/000024_040_front_929cfdb8-b216-46cd-9607-e7ac668655c8.jpg?v=1779479101,,,,red,,,,,,,,,,,,,,
,gildan-2000-g2000,,,,,,,,G2000-040-4XL,,Color,Red,,Size,4XL,,,,,,,,TRUE,,,,,,shopify,300,deny,150,g,TRUE,manual,,,,https://cdn.shopify.com/s/files/1/0746/6817/9644/files/000024_040_front_929cfdb8-b216-46cd-9607-e7ac668655c8.jpg?v=1779479101,,,,red,,,,,,,,,,,,,,
,gildan-2000-g2000,,,,,,,,G2000-040-5XL,,Color,Red,,Size,5XL,,,,,,,,TRUE,,,,,,shopify,300,deny,150,g,TRUE,manual,,,,https://cdn.shopify.com/s/files/1/0746/6817/9644/files/000024_040_front_929cfdb8-b216-46cd-9607-e7ac668655c8.jpg?v=1779479101,,,,red,,,,,,,,,,,,,,
,gildan-2000-g2000,,,,,,,,,,,,,,,,,,,,,,,,,,,,,,,,,,,https://cdn.shopify.com/s/files/1/0746/6817/9644/files/000024_040_back_b6063066-ab27-4b19-82ac-c3777bd032d8.jpg?v=1779479099,10,Gildan® 2000 — Red — back view,,,,,,,,,,,,,,,,,,,
,gildan-2000-g2000,,,,,,,,,,,,,,,,,,,,,,,,,,,,,,,,,,,https://cdn.shopify.com/s/files/1/0746/6817/9644/files/000024_040_left_e7d4ea28-3761-4c06-96c4-9baa7e0400b7.jpg?v=1779479103,11,Gildan® 2000 — Red — left side view,,,,,,,,,,,,,,,,,,,
,gildan-2000-g2000,,,,,,,,,,,,,,,,,,,,,,,,,,,,,,,,,,,https://cdn.shopify.com/s/files/1/0746/6817/9644/files/000024_040_right_2e6184b2-7f69-4266-9da7-1499ffa9e39b.jpg?v=1779479105,12,Gildan® 2000 — Red — right side view,,,,,,,,,,,,,,,,,,,
,gildan-2000-g2000,,,,,,,,,,,,,,,,,,,,,,,,,,,,,,,,,,,https://cdn.shopify.com/s/files/1/0746/6817/9644/files/000024_040_neckline_bc77f04a-50ad-4da1-9243-4239299ce527.jpg?v=1779479104,13,Gildan® 2000 — Red — neckline detail,,,,,,,,,,,,,,,,,,,
,gildan-2000-g2000,,,,,,,,,,,,,,,,,,,,,,,,,,,,,,,,,,,https://cdn.shopify.com/s/files/1/0746/6817/9644/files/000024_040_fabric_5caa5b5b-90b3-4cb2-add4-064db3d10c82.jpg?v=1779479101,14,Gildan® 2000 — Red — fabric detail,,,,,,,,,,,,,,,,,,,
,gildan-2000-g2000,,,,,,,,,,,,,,,,,,,,,,,,,,,,,,,,,,,https://cdn.shopify.com/s/files/1/0746/6817/9644/files/000024_040_front_f_0dc80469-f7d1-488a-80aa-2f8f7b0bf870.jpg?v=1779479103,15,Gildan® 2000 — Red — front view (women's fit),,,,,,,,,,,,,,,,,,,
,gildan-2000-g2000,,,,,,,,,,,,,,,,,,,,,,,,,,,,,,,,,,,https://cdn.shopify.com/s/files/1/0746/6817/9644/files/000024_040_back_f_f4efc966-c880-48d8-920b-7b4fe3c6310a.jpg?v=1779479101,16,Gildan® 2000 — Red — back view (women's fit),,,,,,,,,,,,,,,,,,,
,gildan-2000-g2000,,,,,,,,G2000-051-S,,Color,Royal Blue,,Size,S,,,,,,,,TRUE,,,,,,shopify,300,deny,150,g,TRUE,manual,https://cdn.shopify.com/s/files/1/0746/6817/9644/files/000025_051_front.png?v=1779479109,17,Gildan® 2000 — Royal Blue — front view,https://cdn.shopify.com/s/files/1/0746/6817/9644/files/000025_051_front.png?v=1779479109,,,,royal blue,,,,,,,,,,,,,,
,gildan-2000-g2000,,,,,,,,G2000-051-M,,Color,Royal Blue,,Size,M,,,,,,,,TRUE,,,,,,shopify,300,deny,150,g,TRUE,manual,,,,https://cdn.shopify.com/s/files/1/0746/6817/9644/files/000025_051_front.png?v=1779479109,,,,royal blue,,,,,,,,,,,,,,
,gildan-2000-g2000,,,,,,,,G2000-051-L,,Color,Royal Blue,,Size,L,,,,,,,,TRUE,,,,,,shopify,300,deny,150,g,TRUE,manual,,,,https://cdn.shopify.com/s/files/1/0746/6817/9644/files/000025_051_front.png?v=1779479109,,,,royal blue,,,,,,,,,,,,,,
,gildan-2000-g2000,,,,,,,,G2000-051-XL,,Color,Royal Blue,,Size,XL,,,,,,,,TRUE,,,,,,shopify,300,deny,150,g,TRUE,manual,,,,https://cdn.shopify.com/s/files/1/0746/6817/9644/files/000025_051_front.png?v=1779479109,,,,royal blue,,,,,,,,,,,,,,
,gildan-2000-g2000,,,,,,,,G2000-051-2XL,,Color,Royal Blue,,Size,2XL,,,,,,,,TRUE,,,,,,shopify,300,deny,150,g,TRUE,manual,,,,https://cdn.shopify.com/s/files/1/0746/6817/9644/files/000025_051_front.png?v=1779479109,,,,royal blue,,,,,,,,,,,,,,
,gildan-2000-g2000,,,,,,,,G2000-051-3XL,,Color,Royal Blue,,Size,3XL,,,,,,,,TRUE,,,,,,shopify,300,deny,150,g,TRUE,manual,,,,https://cdn.shopify.com/s/files/1/0746/6817/9644/files/000025_051_front.png?v=1779479109,,,,royal blue,,,,,,,,,,,,,,
,gildan-2000-g2000,,,,,,,,G2000-051-4XL,,Color,Royal Blue,,Size,4XL,,,,,,,,TRUE,,,,,,shopify,300,deny,150,g,TRUE,manual,,,,https://cdn.shopify.com/s/files/1/0746/6817/9644/files/000025_051_front.png?v=1779479109,,,,royal blue,,,,,,,,,,,,,,
,gildan-2000-g2000,,,,,,,,G2000-051-5XL,,Color,Royal Blue,,Size,5XL,,,,,,,,TRUE,,,,,,shopify,300,deny,150,g,TRUE,manual,,,,https://cdn.shopify.com/s/files/1/0746/6817/9644/files/000025_051_front.png?v=1779479109,,,,royal blue,,,,,,,,,,,,,,
,gildan-2000-g2000,,,,,,,,,,,,,,,,,,,,,,,,,,,,,,,,,,,https://cdn.shopify.com/s/files/1/0746/6817/9644/files/000025_051_back.png?v=1779479106,18,Gildan® 2000 — Royal Blue — back view,,,,,,,,,,,,,,,,,,,
,gildan-2000-g2000,,,,,,,,,,,,,,,,,,,,,,,,,,,,,,,,,,,https://cdn.shopify.com/s/files/1/0746/6817/9644/files/000025_051_left.png?v=1779479111,19,Gildan® 2000 — Royal Blue — left side view,,,,,,,,,,,,,,,,,,,
,gildan-2000-g2000,,,,,,,,,,,,,,,,,,,,,,,,,,,,,,,,,,,https://cdn.shopify.com/s/files/1/0746/6817/9644/files/000025_051_right.png?v=1779479113,20,Gildan® 2000 — Royal Blue — right side view,,,,,,,,,,,,,,,,,,,
,gildan-2000-g2000,,,,,,,,,,,,,,,,,,,,,,,,,,,,,,,,,,,https://cdn.shopify.com/s/files/1/0746/6817/9644/files/000025_051_neckline.png?v=1779479113,21,Gildan® 2000 — Royal Blue — neckline detail,,,,,,,,,,,,,,,,,,,
,gildan-2000-g2000,,,,,,,,,,,,,,,,,,,,,,,,,,,,,,,,,,,https://cdn.shopify.com/s/files/1/0746/6817/9644/files/000025_051_fabric.png?v=1779479107,22,Gildan® 2000 — Royal Blue — fabric detail,,,,,,,,,,,,,,,,,,,
,gildan-2000-g2000,,,,,,,,,,,,,,,,,,,,,,,,,,,,,,,,,,,https://cdn.shopify.com/s/files/1/0746/6817/9644/files/000025_051_front_f.png?v=1779479110,23,Gildan® 2000 — Royal Blue — front view (women's fit),,,,,,,,,,,,,,,,,,,
,gildan-2000-g2000,,,,,,,,,,,,,,,,,,,,,,,,,,,,,,,,,,,https://cdn.shopify.com/s/files/1/0746/6817/9644/files/000025_051_back_f.png?v=1779479107,24,Gildan® 2000 — Royal Blue — back view (women's fit),,,,,,,,,,,,,,,,,,,
,gildan-2000-g2000,,,,,,,,G2000-098-S,,Color,Daisy,,Size,S,,,,,,,,TRUE,,,,,,shopify,300,deny,150,g,TRUE,manual,https://cdn.shopify.com/s/files/1/0746/6817/9644/files/000027_098_front_9793934b-b770-4e96-87d3-e8268de9b927.jpg?v=1779479123,25,Gildan® 2000 — Daisy — front view,https://cdn.shopify.com/s/files/1/0746/6817/9644/files/000027_098_front_9793934b-b770-4e96-87d3-e8268de9b927.jpg?v=1779479123,,,,daisy,,,,,,,,,,,,,,
,gildan-2000-g2000,,,,,,,,G2000-098-M,,Color,Daisy,,Size,M,,,,,,,,TRUE,,,,,,shopify,300,deny,150,g,TRUE,manual,,,,https://cdn.shopify.com/s/files/1/0746/6817/9644/files/000027_098_front_9793934b-b770-4e96-87d3-e8268de9b927.jpg?v=1779479123,,,,daisy,,,,,,,,,,,,,,
,gildan-2000-g2000,,,,,,,,G2000-098-L,,Color,Daisy,,Size,L,,,,,,,,TRUE,,,,,,shopify,300,deny,150,g,TRUE,manual,,,,https://cdn.shopify.com/s/files/1/0746/6817/9644/files/000027_098_front_9793934b-b770-4e96-87d3-e8268de9b927.jpg?v=1779479123,,,,daisy,,,,,,,,,,,,,,
,gildan-2000-g2000,,,,,,,,G2000-098-XL,,Color,Daisy,,Size,XL,,,,,,,,TRUE,,,,,,shopify,300,deny,150,g,TRUE,manual,,,,https://cdn.shopify.com/s/files/1/0746/6817/9644/files/000027_098_front_9793934b-b770-4e96-87d3-e8268de9b927.jpg?v=1779479123,,,,daisy,,,,,,,,,,,,,,
,gildan-2000-g2000,,,,,,,,G2000-098-2XL,,Color,Daisy,,Size,2XL,,,,,,,,TRUE,,,,,,shopify,300,deny,150,g,TRUE,manual,,,,https://cdn.shopify.com/s/files/1/0746/6817/9644/files/000027_098_front_9793934b-b770-4e96-87d3-e8268de9b927.jpg?v=1779479123,,,,daisy,,,,,,,,,,,,,,
,gildan-2000-g2000,,,,,,,,G2000-098-3XL,,Color,Daisy,,Size,3XL,,,,,,,,TRUE,,,,,,shopify,300,deny,150,g,TRUE,manual,,,,https://cdn.shopify.com/s/files/1/0746/6817/9644/files/000027_098_front_9793934b-b770-4e96-87d3-e8268de9b927.jpg?v=1779479123,,,,daisy,,,,,,,,,,,,,,
,gildan-2000-g2000,,,,,,,,G2000-098-4XL,,Color,Daisy,,Size,4XL,,,,,,,,TRUE,,,,,,shopify,300,deny,150,g,TRUE,manual,,,,https://cdn.shopify.com/s/files/1/0746/6817/9644/files/000027_098_front_9793934b-b770-4e96-87d3-e8268de9b927.jpg?v=1779479123,,,,daisy,,,,,,,,,,,,,,
,gildan-2000-g2000,,,,,,,,G2000-098-5XL,,Color,Daisy,,Size,5XL,,,,,,,,TRUE,,,,,,shopify,300,deny,150,g,TRUE,manual,,,,https://cdn.shopify.com/s/files/1/0746/6817/9644/files/000027_098_front_9793934b-b770-4e96-87d3-e8268de9b927.jpg?v=1779479123,,,,daisy,,,,,,,,,,,,,,
,gildan-2000-g2000,,,,,,,,,,,,,,,,,,,,,,,,,,,,,,,,,,,https://cdn.shopify.com/s/files/1/0746/6817/9644/files/000027_098_back_3bf38edf-0894-415f-b70a-6c4658726f1d.jpg?v=1779479121,26,Gildan® 2000 — Daisy — back view,,,,,,,,,,,,,,,,,,,
,gildan-2000-g2000,,,,,,,,,,,,,,,,,,,,,,,,,,,,,,,,,,,https://cdn.shopify.com/s/files/1/0746/6817/9644/files/000027_098_left_92731b37-709b-40c1-b550-e6cb85e749c3.jpg?v=1779479126,27,Gildan® 2000 — Daisy — left side view,,,,,,,,,,,,,,,,,,,
,gildan-2000-g2000,,,,,,,,,,,,,,,,,,,,,,,,,,,,,,,,,,,https://cdn.shopify.com/s/files/1/0746/6817/9644/files/000027_098_right_1bcd3b73-cc83-457d-b1f5-94fc81addbb3.jpg?v=1779479127,28,Gildan® 2000 — Daisy — right side view,,,,,,,,,,,,,,,,,,,
,gildan-2000-g2000,,,,,,,,,,,,,,,,,,,,,,,,,,,,,,,,,,,https://cdn.shopify.com/s/files/1/0746/6817/9644/files/000027_098_neckline_c7a1917c-9b4d-42b0-af0c-3c7dccf0202e.jpg?v=1779479126,29,Gildan® 2000 — Daisy — neckline detail,,,,,,,,,,,,,,,,,,,
,gildan-2000-g2000,,,,,,,,,,,,,,,,,,,,,,,,,,,,,,,,,,,https://cdn.shopify.com/s/files/1/0746/6817/9644/files/000027_098_fabric_4744316c-1ce6-47d6-bef1-200a9c068faa.jpg?v=1779479123,30,Gildan® 2000 — Daisy — fabric detail,,,,,,,,,,,,,,,,,,,
,gildan-2000-g2000,,,,,,,,,,,,,,,,,,,,,,,,,,,,,,,,,,,https://cdn.shopify.com/s/files/1/0746/6817/9644/files/000027_098_front_f_8f43ba4e-626d-490a-b6ef-8b1712e23943.jpg?v=1779479124,31,Gildan® 2000 — Daisy — front view (women's fit),,,,,,,,,,,,,,,,,,,
,gildan-2000-g2000,,,,,,,,,,,,,,,,,,,,,,,,,,,,,,,,,,,https://cdn.shopify.com/s/files/1/0746/6817/9644/files/000027_098_back_f_b5a8b44c-e94d-45ed-b722-8e6e7cdf0190.jpg?v=1779479122,32,Gildan® 2000 — Daisy — back view (women's fit),,,,,,,,,,,,,,,,,,,
,gildan-2000-g2000,,,,,,,,G2000-194-S,,Color,Cherry Red,,Size,S,,,,,,,,TRUE,,,,,,shopify,300,deny,150,g,TRUE,manual,https://cdn.shopify.com/s/files/1/0746/6817/9644/files/000028_194_front_f451ca7a-f083-4e3f-b320-f6eb70ec8d1d.jpg?v=1779479130,33,Gildan® 2000 — Cherry Red — front view,https://cdn.shopify.com/s/files/1/0746/6817/9644/files/000028_194_front_f451ca7a-f083-4e3f-b320-f6eb70ec8d1d.jpg?v=1779479130,,,,cherry red,,,,,,,,,,,,,,
,gildan-2000-g2000,,,,,,,,G2000-194-M,,Color,Cherry Red,,Size,M,,,,,,,,TRUE,,,,,,shopify,300,deny,150,g,TRUE,manual,,,,https://cdn.shopify.com/s/files/1/0746/6817/9644/files/000028_194_front_f451ca7a-f083-4e3f-b320-f6eb70ec8d1d.jpg?v=1779479130,,,,cherry red,,,,,,,,,,,,,,
,gildan-2000-g2000,,,,,,,,G2000-194-L,,Color,Cherry Red,,Size,L,,,,,,,,TRUE,,,,,,shopify,300,deny,150,g,TRUE,manual,,,,https://cdn.shopify.com/s/files/1/0746/6817/9644/files/000028_194_front_f451ca7a-f083-4e3f-b320-f6eb70ec8d1d.jpg?v=1779479130,,,,cherry red,,,,,,,,,,,,,,
,gildan-2000-g2000,,,,,,,,G2000-194-XL,,Color,Cherry Red,,Size,XL,,,,,,,,TRUE,,,,,,shopify,300,deny,150,g,TRUE,manual,,,,https://cdn.shopify.com/s/files/1/0746/6817/9644/files/000028_194_front_f451ca7a-f083-4e3f-b320-f6eb70ec8d1d.jpg?v=1779479130,,,,cherry red,,,,,,,,,,,,,,
,gildan-2000-g2000,,,,,,,,G2000-194-2XL,,Color,Cherry Red,,Size,2XL,,,,,,,,TRUE,,,,,,shopify,300,deny,150,g,TRUE,manual,,,,https://cdn.shopify.com/s/files/1/0746/6817/9644/files/000028_194_front_f451ca7a-f083-4e3f-b320-f6eb70ec8d1d.jpg?v=1779479130,,,,cherry red,,,,,,,,,,,,,,
,gildan-2000-g2000,,,,,,,,G2000-194-3XL,,Color,Cherry Red,,Size,3XL,,,,,,,,TRUE,,,,,,shopify,300,deny,150,g,TRUE,manual,,,,https://cdn.shopify.com/s/files/1/0746/6817/9644/files/000028_194_front_f451ca7a-f083-4e3f-b320-f6eb70ec8d1d.jpg?v=1779479130,,,,cherry red,,,,,,,,,,,,,,
,gildan-2000-g2000,,,,,,,,G2000-194-4XL,,Color,Cherry Red,,Size,4XL,,,,,,,,TRUE,,,,,,shopify,300,deny,150,g,TRUE,manual,,,,https://cdn.shopify.com/s/files/1/0746/6817/9644/files/000028_194_front_f451ca7a-f083-4e3f-b320-f6eb70ec8d1d.jpg?v=1779479130,,,,cherry red,,,,,,,,,,,,,,
,gildan-2000-g2000,,,,,,,,G2000-194-5XL,,Color,Cherry Red,,Size,5XL,,,,,,,,TRUE,,,,,,shopify,300,deny,150,g,TRUE,manual,,,,https://cdn.shopify.com/s/files/1/0746/6817/9644/files/000028_194_front_f451ca7a-f083-4e3f-b320-f6eb70ec8d1d.jpg?v=1779479130,,,,cherry red,,,,,,,,,,,,,,
,gildan-2000-g2000,,,,,,,,,,,,,,,,,,,,,,,,,,,,,,,,,,,https://cdn.shopify.com/s/files/1/0746/6817/9644/files/000028_194_back_e0bc5855-2c10-4e77-aaa2-ab4796a7f6bb.jpg?v=1779479128,34,Gildan® 2000 — Cherry Red — back view,,,,,,,,,,,,,,,,,,,
,gildan-2000-g2000,,,,,,,,,,,,,,,,,,,,,,,,,,,,,,,,,,,https://cdn.shopify.com/s/files/1/0746/6817/9644/files/000028_194_left_5466429a-7ad1-4fdf-8950-34ce9a3f4b47.jpg?v=1779479132,35,Gildan® 2000 — Cherry Red — left side view,,,,,,,,,,,,,,,,,,,
,gildan-2000-g2000,,,,,,,,,,,,,,,,,,,,,,,,,,,,,,,,,,,https://cdn.shopify.com/s/files/1/0746/6817/9644/files/000028_194_right_0e96a3da-67a5-4247-835b-9ac7cc938b1f.jpg?v=1779479134,36,Gildan® 2000 — Cherry Red — right side view,,,,,,,,,,,,,,,,,,,
,gildan-2000-g2000,,,,,,,,,,,,,,,,,,,,,,,,,,,,,,,,,,,https://cdn.shopify.com/s/files/1/0746/6817/9644/files/000028_194_neckline_fa4247a4-0d13-42a3-8106-0339d9c10871.jpg?v=1779479134,37,Gildan® 2000 — Cherry Red — neckline detail,,,,,,,,,,,,,,,,,,,
,gildan-2000-g2000,,,,,,,,,,,,,,,,,,,,,,,,,,,,,,,,,,,https://cdn.shopify.com/s/files/1/0746/6817/9644/files/000028_194_fabric_36f6fb83-4d4a-4f05-ad83-4c71ed0f8adf.jpg?v=1779479129,38,Gildan® 2000 — Cherry Red — fabric detail,,,,,,,,,,,,,,,,,,,
,gildan-2000-g2000,,,,,,,,,,,,,,,,,,,,,,,,,,,,,,,,,,,https://cdn.shopify.com/s/files/1/0746/6817/9644/files/000028_194_front_f_442781b9-e106-4eec-90fb-6dbc01e74ac9.jpg?v=1779479131,39,Gildan® 2000 — Cherry Red — front view (women's fit),,,,,,,,,,,,,,,,,,,
,gildan-2000-g2000,,,,,,,,,,,,,,,,,,,,,,,,,,,,,,,,,,,https://cdn.shopify.com/s/files/1/0746/6817/9644/files/000028_194_back_f_d4fd4c8c-2c85-4fba-94aa-7dac1aa4e2d6.jpg?v=1779479129,40,Gildan® 2000 — Cherry Red — back view (women's fit),,,,,,,,,,,,,,,,,,,
,gildan-2000-g2000,,,,,,,,G2000-026-S,,Color,Sapphire,,Size,S,,,,,,,,TRUE,,,,,,shopify,300,deny,150,g,TRUE,manual,https://cdn.shopify.com/s/files/1/0746/6817/9644/files/000026_026_front_240d6dfd-3b48-4216-b1d7-2b5ae4f16557.jpg?v=1779479117,41,Gildan® 2000 — Sapphire — front view,https://cdn.shopify.com/s/files/1/0746/6817/9644/files/000026_026_front_240d6dfd-3b48-4216-b1d7-2b5ae4f16557.jpg?v=1779479117,,,,sapphire,,,,,,,,,,,,,,
,gildan-2000-g2000,,,,,,,,G2000-026-M,,Color,Sapphire,,Size,M,,,,,,,,TRUE,,,,,,shopify,300,deny,150,g,TRUE,manual,,,,https://cdn.shopify.com/s/files/1/0746/6817/9644/files/000026_026_front_240d6dfd-3b48-4216-b1d7-2b5ae4f16557.jpg?v=1779479117,,,,sapphire,,,,,,,,,,,,,,
,gildan-2000-g2000,,,,,,,,G2000-026-L,,Color,Sapphire,,Size,L,,,,,,,,TRUE,,,,,,shopify,300,deny,150,g,TRUE,manual,,,,https://cdn.shopify.com/s/files/1/0746/6817/9644/files/000026_026_front_240d6dfd-3b48-4216-b1d7-2b5ae4f16557.jpg?v=1779479117,,,,sapphire,,,,,,,,,,,,,,
,gildan-2000-g2000,,,,,,,,G2000-026-XL,,Color,Sapphire,,Size,XL,,,,,,,,TRUE,,,,,,shopify,300,deny,150,g,TRUE,manual,,,,https://cdn.shopify.com/s/files/1/0746/6817/9644/files/000026_026_front_240d6dfd-3b48-4216-b1d7-2b5ae4f16557.jpg?v=1779479117,,,,sapphire,,,,,,,,,,,,,,
,gildan-2000-g2000,,,,,,,,G2000-026-2XL,,Color,Sapphire,,Size,2XL,,,,,,,,TRUE,,,,,,shopify,300,deny,150,g,TRUE,manual,,,,https://cdn.shopify.com/s/files/1/0746/6817/9644/files/000026_026_front_240d6dfd-3b48-4216-b1d7-2b5ae4f16557.jpg?v=1779479117,,,,sapphire,,,,,,,,,,,,,,
,gildan-2000-g2000,,,,,,,,G2000-026-3XL,,Color,Sapphire,,Size,3XL,,,,,,,,TRUE,,,,,,shopify,300,deny,150,g,TRUE,manual,,,,https://cdn.shopify.com/s/files/1/0746/6817/9644/files/000026_026_front_240d6dfd-3b48-4216-b1d7-2b5ae4f16557.jpg?v=1779479117,,,,sapphire,,,,,,,,,,,,,,
,gildan-2000-g2000,,,,,,,,G2000-026-4XL,,Color,Sapphire,,Size,4XL,,,,,,,,TRUE,,,,,,shopify,300,deny,150,g,TRUE,manual,,,,https://cdn.shopify.com/s/files/1/0746/6817/9644/files/000026_026_front_240d6dfd-3b48-4216-b1d7-2b5ae4f16557.jpg?v=1779479117,,,,sapphire,,,,,,,,,,,,,,
,gildan-2000-g2000,,,,,,,,G2000-026-5XL,,Color,Sapphire,,Size,5XL,,,,,,,,TRUE,,,,,,shopify,300,deny,150,g,TRUE,manual,,,,https://cdn.shopify.com/s/files/1/0746/6817/9644/files/000026_026_front_240d6dfd-3b48-4216-b1d7-2b5ae4f16557.jpg?v=1779479117,,,,sapphire,,,,,,,,,,,,,,
,gildan-2000-g2000,,,,,,,,,,,,,,,,,,,,,,,,,,,,,,,,,,,https://cdn.shopify.com/s/files/1/0746/6817/9644/files/000026_026_back_adf4530a-9fd3-4835-8b57-c925094ff0f1.jpg?v=1779479114,42,Gildan® 2000 — Sapphire — back view,,,,,,,,,,,,,,,,,,,
,gildan-2000-g2000,,,,,,,,,,,,,,,,,,,,,,,,,,,,,,,,,,,https://cdn.shopify.com/s/files/1/0746/6817/9644/files/000026_026_left_4abb9ede-c759-4068-818a-d9a1536684c9.jpg?v=1779479119,43,Gildan® 2000 — Sapphire — left side view,,,,,,,,,,,,,,,,,,,
,gildan-2000-g2000,,,,,,,,,,,,,,,,,,,,,,,,,,,,,,,,,,,https://cdn.shopify.com/s/files/1/0746/6817/9644/files/000026_026_right_2e20305a-58f3-4f77-97a6-9ca9c634dcbe.jpg?v=1779479121,44,Gildan® 2000 — Sapphire — right side view,,,,,,,,,,,,,,,,,,,
,gildan-2000-g2000,,,,,,,,,,,,,,,,,,,,,,,,,,,,,,,,,,,https://cdn.shopify.com/s/files/1/0746/6817/9644/files/000026_026_neckline_e3d08192-0d37-4ab9-9285-21b323776878.jpg?v=1779479119,45,Gildan® 2000 — Sapphire — neckline detail,,,,,,,,,,,,,,,,,,,
,gildan-2000-g2000,,,,,,,,,,,,,,,,,,,,,,,,,,,,,,,,,,,https://cdn.shopify.com/s/files/1/0746/6817/9644/files/000026_026_fabric_30b5480b-a31c-4be7-b08d-75906ddc6e2b.jpg?v=1779479116,46,Gildan® 2000 — Sapphire — fabric detail,,,,,,,,,,,,,,,,,,,
,gildan-2000-g2000,,,,,,,,,,,,,,,,,,,,,,,,,,,,,,,,,,,https://cdn.shopify.com/s/files/1/0746/6817/9644/files/000026_026_front_f_b519c3d9-0215-4e25-aaf6-0ea5694b775e.jpg?v=1779479118,47,Gildan® 2000 — Sapphire — front view (women's fit),,,,,,,,,,,,,,,,,,,
,gildan-2000-g2000,,,,,,,,,,,,,,,,,,,,,,,,,,,,,,,,,,,https://cdn.shopify.com/s/files/1/0746/6817/9644/files/000026_026_back_f_dce16665-86c9-4848-bf12-41a8143f3e21.jpg?v=1779479115,48,Gildan® 2000 — Sapphire — back view (women's fit),,,,,,,,,,,,,,,,,,,
,gildan-2000-g2000,,,,,,,,G2000-030-S,,Color,White,,Size,S,,,,,,,,TRUE,,,,,,shopify,300,deny,150,g,TRUE,manual,https://cdn.shopify.com/s/files/1/0746/6817/9644/files/000021_030_front_ee259c81-b78d-47b8-a16e-dd4ebfd4ebab.jpg?v=1779479084,49,Gildan® 2000 — White — front view,https://cdn.shopify.com/s/files/1/0746/6817/9644/files/000021_030_front_ee259c81-b78d-47b8-a16e-dd4ebfd4ebab.jpg?v=1779479084,,,,white,,,,,,,,,,,,,,
,gildan-2000-g2000,,,,,,,,G2000-030-M,,Color,White,,Size,M,,,,,,,,TRUE,,,,,,shopify,300,deny,150,g,TRUE,manual,,,,https://cdn.shopify.com/s/files/1/0746/6817/9644/files/000021_030_front_ee259c81-b78d-47b8-a16e-dd4ebfd4ebab.jpg?v=1779479084,,,,white,,,,,,,,,,,,,,
,gildan-2000-g2000,,,,,,,,G2000-030-L,,Color,White,,Size,L,,,,,,,,TRUE,,,,,,shopify,300,deny,150,g,TRUE,manual,,,,https://cdn.shopify.com/s/files/1/0746/6817/9644/files/000021_030_front_ee259c81-b78d-47b8-a16e-dd4ebfd4ebab.jpg?v=1779479084,,,,white,,,,,,,,,,,,,,
,gildan-2000-g2000,,,,,,,,G2000-030-XL,,Color,White,,Size,XL,,,,,,,,TRUE,,,,,,shopify,300,deny,150,g,TRUE,manual,,,,https://cdn.shopify.com/s/files/1/0746/6817/9644/files/000021_030_front_ee259c81-b78d-47b8-a16e-dd4ebfd4ebab.jpg?v=1779479084,,,,white,,,,,,,,,,,,,,
,gildan-2000-g2000,,,,,,,,G2000-030-2XL,,Color,White,,Size,2XL,,,,,,,,TRUE,,,,,,shopify,300,deny,150,g,TRUE,manual,,,,https://cdn.shopify.com/s/files/1/0746/6817/9644/files/000021_030_front_ee259c81-b78d-47b8-a16e-dd4ebfd4ebab.jpg?v=1779479084,,,,white,,,,,,,,,,,,,,
,gildan-2000-g2000,,,,,,,,G2000-030-3XL,,Color,White,,Size,3XL,,,,,,,,TRUE,,,,,,shopify,300,deny,150,g,TRUE,manual,,,,https://cdn.shopify.com/s/files/1/0746/6817/9644/files/000021_030_front_ee259c81-b78d-47b8-a16e-dd4ebfd4ebab.jpg?v=1779479084,,,,white,,,,,,,,,,,,,,
,gildan-2000-g2000,,,,,,,,G2000-030-4XL,,Color,White,,Size,4XL,,,,,,,,TRUE,,,,,,shopify,300,deny,150,g,TRUE,manual,,,,https://cdn.shopify.com/s/files/1/0746/6817/9644/files/000021_030_front_ee259c81-b78d-47b8-a16e-dd4ebfd4ebab.jpg?v=1779479084,,,,white,,,,,,,,,,,,,,
,gildan-2000-g2000,,,,,,,,G2000-030-5XL,,Color,White,,Size,5XL,,,,,,,,TRUE,,,,,,shopify,300,deny,150,g,TRUE,manual,,,,https://cdn.shopify.com/s/files/1/0746/6817/9644/files/000021_030_front_ee259c81-b78d-47b8-a16e-dd4ebfd4ebab.jpg?v=1779479084,,,,white,,,,,,,,,,,,,,
,gildan-2000-g2000,,,,,,,,,,,,,,,,,,,,,,,,,,,,,,,,,,,https://cdn.shopify.com/s/files/1/0746/6817/9644/files/000021_030_back_353f67de-b750-47b6-b2e2-01eaab3d3b67.jpg?v=1779479082,50,Gildan® 2000 — White — back view,,,,,,,,,,,,,,,,,,,
,gildan-2000-g2000,,,,,,,,,,,,,,,,,,,,,,,,,,,,,,,,,,,https://cdn.shopify.com/s/files/1/0746/6817/9644/files/000021_030_left_3d2c7e5f-fecb-4dd1-851a-1d8c2fb49c57.jpg?v=1779479086,51,Gildan® 2000 — White — left side view,,,,,,,,,,,,,,,,,,,
,gildan-2000-g2000,,,,,,,,,,,,,,,,,,,,,,,,,,,,,,,,,,,https://cdn.shopify.com/s/files/1/0746/6817/9644/files/000021_030_right_9e6f4400-21ac-46f1-9f93-c3bc0cd4c7f3.jpg?v=1779479087,52,Gildan® 2000 — White — right side view,,,,,,,,,,,,,,,,,,,
,gildan-2000-g2000,,,,,,,,,,,,,,,,,,,,,,,,,,,,,,,,,,,https://cdn.shopify.com/s/files/1/0746/6817/9644/files/000021_030_neckline_f0648fc8-dae9-43e4-b583-5573d8dd4965.jpg?v=1779479086,53,Gildan® 2000 — White — neckline detail,,,,,,,,,,,,,,,,,,,
,gildan-2000-g2000,,,,,,,,,,,,,,,,,,,,,,,,,,,,,,,,,,,https://cdn.shopify.com/s/files/1/0746/6817/9644/files/000021_030_fabric_d6ef4758-8bba-4565-8378-673b5d61bd31.jpg?v=1779479083,54,Gildan® 2000 — White — fabric detail,,,,,,,,,,,,,,,,,,,
,gildan-2000-g2000,,,,,,,,,,,,,,,,,,,,,,,,,,,,,,,,,,,https://cdn.shopify.com/s/files/1/0746/6817/9644/files/000021_030_front_f_71a3f265-7778-42a2-8835-f7690900966d.jpg?v=1779479085,55,Gildan® 2000 — White — front view (women's fit),,,,,,,,,,,,,,,,,,,
,gildan-2000-g2000,,,,,,,,,,,,,,,,,,,,,,,,,,,,,,,,,,,https://cdn.shopify.com/s/files/1/0746/6817/9644/files/000021_030_back_f_e4faf09f-cf9c-4de4-a579-4163cf36cbf1.jpg?v=1779479083,56,Gildan® 2000 — White — back view (women's fit),,,,,,,,,,,,,,,,,,,
,gildan-2000-g2000,,,,,,,,G2000-032-S,,Color,Navy,,Size,S,,,,,,,,TRUE,,,,,,shopify,300,deny,150,g,TRUE,manual,https://cdn.shopify.com/s/files/1/0746/6817/9644/files/000022_032_front_162330e8-c2af-41e5-93ce-bae2fcded7f4.jpg?v=1779479090,57,Gildan® 2000 — Navy — front view,https://cdn.shopify.com/s/files/1/0746/6817/9644/files/000022_032_front_162330e8-c2af-41e5-93ce-bae2fcded7f4.jpg?v=1779479090,,,,navy,,,,,,,,,,,,,,
,gildan-2000-g2000,,,,,,,,G2000-032-M,,Color,Navy,,Size,M,,,,,,,,TRUE,,,,,,shopify,300,deny,150,g,TRUE,manual,,,,https://cdn.shopify.com/s/files/1/0746/6817/9644/files/000022_032_front_162330e8-c2af-41e5-93ce-bae2fcded7f4.jpg?v=1779479090,,,,navy,,,,,,,,,,,,,,
,gildan-2000-g2000,,,,,,,,G2000-032-L,,Color,Navy,,Size,L,,,,,,,,TRUE,,,,,,shopify,300,deny,150,g,TRUE,manual,,,,https://cdn.shopify.com/s/files/1/0746/6817/9644/files/000022_032_front_162330e8-c2af-41e5-93ce-bae2fcded7f4.jpg?v=1779479090,,,,navy,,,,,,,,,,,,,,
,gildan-2000-g2000,,,,,,,,G2000-032-XL,,Color,Navy,,Size,XL,,,,,,,,TRUE,,,,,,shopify,300,deny,150,g,TRUE,manual,,,,https://cdn.shopify.com/s/files/1/0746/6817/9644/files/000022_032_front_162330e8-c2af-41e5-93ce-bae2fcded7f4.jpg?v=1779479090,,,,navy,,,,,,,,,,,,,,
,gildan-2000-g2000,,,,,,,,G2000-032-2XL,,Color,Navy,,Size,2XL,,,,,,,,TRUE,,,,,,shopify,300,deny,150,g,TRUE,manual,,,,https://cdn.shopify.com/s/files/1/0746/6817/9644/files/000022_032_front_162330e8-c2af-41e5-93ce-bae2fcded7f4.jpg?v=1779479090,,,,navy,,,,,,,,,,,,,,
,gildan-2000-g2000,,,,,,,,G2000-032-3XL,,Color,Navy,,Size,3XL,,,,,,,,TRUE,,,,,,shopify,300,deny,150,g,TRUE,manual,,,,https://cdn.shopify.com/s/files/1/0746/6817/9644/files/000022_032_front_162330e8-c2af-41e5-93ce-bae2fcded7f4.jpg?v=1779479090,,,,navy,,,,,,,,,,,,,,
,gildan-2000-g2000,,,,,,,,G2000-032-4XL,,Color,Navy,,Size,4XL,,,,,,,,TRUE,,,,,,shopify,300,deny,150,g,TRUE,manual,,,,https://cdn.shopify.com/s/files/1/0746/6817/9644/files/000022_032_front_162330e8-c2af-41e5-93ce-bae2fcded7f4.jpg?v=1779479090,,,,navy,,,,,,,,,,,,,,
,gildan-2000-g2000,,,,,,,,G2000-032-5XL,,Color,Navy,,Size,5XL,,,,,,,,TRUE,,,,,,shopify,300,deny,150,g,TRUE,manual,,,,https://cdn.shopify.com/s/files/1/0746/6817/9644/files/000022_032_front_162330e8-c2af-41e5-93ce-bae2fcded7f4.jpg?v=1779479090,,,,navy,,,,,,,,,,,,,,
,gildan-2000-g2000,,,,,,,,,,,,,,,,,,,,,,,,,,,,,,,,,,,https://cdn.shopify.com/s/files/1/0746/6817/9644/files/000022_032_back_f79ebd7e-ebaf-4e65-99e9-2856579fb6c0.jpg?v=1779479088,58,Gildan® 2000 — Navy — back view,,,,,,,,,,,,,,,,,,,
,gildan-2000-g2000,,,,,,,,,,,,,,,,,,,,,,,,,,,,,,,,,,,https://cdn.shopify.com/s/files/1/0746/6817/9644/files/000022_032_left_2faa914d-86dc-4671-ba0f-e73b6110b9b6.jpg?v=1779479091,59,Gildan® 2000 — Navy — left side view,,,,,,,,,,,,,,,,,,,
,gildan-2000-g2000,,,,,,,,,,,,,,,,,,,,,,,,,,,,,,,,,,,https://cdn.shopify.com/s/files/1/0746/6817/9644/files/000022_032_right_477a014f-b016-48e5-92ba-38018128cc8a.jpg?v=1779479092,60,Gildan® 2000 — Navy — right side view,,,,,,,,,,,,,,,,,,,
,gildan-2000-g2000,,,,,,,,,,,,,,,,,,,,,,,,,,,,,,,,,,,https://cdn.shopify.com/s/files/1/0746/6817/9644/files/000022_032_neckline_fdfb244e-f4f3-45b4-ad6d-88bf65bb5f1d.jpg?v=1779479092,61,Gildan® 2000 — Navy — neckline detail,,,,,,,,,,,,,,,,,,,
,gildan-2000-g2000,,,,,,,,,,,,,,,,,,,,,,,,,,,,,,,,,,,https://cdn.shopify.com/s/files/1/0746/6817/9644/files/000022_032_fabric_ee8c1cc1-dbbf-4c02-ab38-ae322f2bd113.jpg?v=1779479089,62,Gildan® 2000 — Navy — fabric detail,,,,,,,,,,,,,,,,,,,
,gildan-2000-g2000,,,,,,,,,,,,,,,,,,,,,,,,,,,,,,,,,,,https://cdn.shopify.com/s/files/1/0746/6817/9644/files/000022_032_front_f_abf0971d-a4b9-4c58-b2bd-a840dd5f1d14.jpg?v=1779479090,63,Gildan® 2000 — Navy — front view (women's fit),,,,,,,,,,,,,,,,,,,
,gildan-2000-g2000,,,,,,,,,,,,,,,,,,,,,,,,,,,,,,,,,,,https://cdn.shopify.com/s/files/1/0746/6817/9644/files/000022_032_back_f_88f851d0-12bf-4a11-8285-46299143dd86.jpg?v=1779479088,64,Gildan® 2000 — Navy — back view (women's fit),,,,,,,,,,,,,,,,,,,
Gildan® 5000,gildan-5000-g5000,"<p>Innovation you can feel. Made with 100% U.S. cotton and the latest breakthrough in soft cotton technology, the Gildan® Heavy Cotton™ family has been remastered for improved printability and a softer feel. Classic fit with double-needle stitching throughout and taped neck and shoulders.</p><ul><li>100% U.S. Cotton (Heather: 90/10 cotton/polyester; Sport Grey: 90/10)</li><li>Pre-shrunk for a lasting fit</li><li>Classic fit</li><li>Double-needle stitching throughout</li><li>Taped neck and shoulders</li><li>Tearaway label</li></ul><h4>Size Chart (inches)</h4><table><thead><tr><th>Size</th><th>Chest</th><th>Body Length</th></tr></thead><tbody><tr><td>S</td><td>34–36</td><td>28</td></tr><tr><td>M</td><td>38–40</td><td>29</td></tr><tr><td>L</td><td>42–44</td><td>30</td></tr><tr><td>XL</td><td>46–48</td><td>31</td></tr><tr><td>2XL</td><td>50–52</td><td>32</td></tr><tr><td>3XL</td><td>54–56</td><td>33</td></tr><tr><td>4XL</td><td>58–60</td><td>34</td></tr><tr><td>5XL</td><td>62–64</td><td>35</td></tr></tbody></table>",Gildan,gid://shopify/TaxonomyCategory/aa-1-13-8,T-Shirt,"T-Shirt, Adult, Unisex, G5000, Crew Neck, Cotton, Classic Fit",TRUE,active,G5000-051-S,,Color,Royal Blue,,Size,S,,,,,,,,TRUE,,,,,,shopify,300,deny,150,g,TRUE,manual,https://cdn.shopify.com/s/files/1/0746/6817/9644/files/000033_051_front.png?v=1779479166,1,Gildan® 5000 — Royal Blue — front view,https://cdn.shopify.com/s/files/1/0746/6817/9644/files/000033_051_front.png?v=1779479166,,Gildan® 5000,"<p>Innovation you can feel. Made with 100% U.S. cotton and the latest breakthrough in soft cotton technology, the Gildan® Heavy Cotton™ family has been rem",royal blue,gid://shopify/TaxonomyCategory/aa-1-13-8,Unisex,Adult,G5000,,,new,,,,,,,Adult T-Shirt
,gildan-5000-g5000,,,,,,,,G5000-051-M,,Color,Royal Blue,,Size,M,,,,,,,,TRUE,,,,,,shopify,300,deny,150,g,TRUE,manual,,,,https://cdn.shopify.com/s/files/1/0746/6817/9644/files/000033_051_front.png?v=1779479166,,,,royal blue,,,,,,,,,,,,,,
,gildan-5000-g5000,,,,,,,,G5000-051-L,,Color,Royal Blue,,Size,L,,,,,,,,TRUE,,,,,,shopify,300,deny,150,g,TRUE,manual,,,,https://cdn.shopify.com/s/files/1/0746/6817/9644/files/000033_051_front.png?v=1779479166,,,,royal blue,,,,,,,,,,,,,,
,gildan-5000-g5000,,,,,,,,G5000-051-XL,,Color,Royal Blue,,Size,XL,,,,,,,,TRUE,,,,,,shopify,300,deny,150,g,TRUE,manual,,,,https://cdn.shopify.com/s/files/1/0746/6817/9644/files/000033_051_front.png?v=1779479166,,,,royal blue,,,,,,,,,,,,,,
,gildan-5000-g5000,,,,,,,,G5000-051-2XL,,Color,Royal Blue,,Size,2XL,,,,,,,,TRUE,,,,,,shopify,300,deny,150,g,TRUE,manual,,,,https://cdn.shopify.com/s/files/1/0746/6817/9644/files/000033_051_front.png?v=1779479166,,,,royal blue,,,,,,,,,,,,,,
,gildan-5000-g5000,,,,,,,,G5000-051-3XL,,Color,Royal Blue,,Size,3XL,,,,,,,,TRUE,,,,,,shopify,300,deny,150,g,TRUE,manual,,,,https://cdn.shopify.com/s/files/1/0746/6817/9644/files/000033_051_front.png?v=1779479166,,,,royal blue,,,,,,,,,,,,,,
,gildan-5000-g5000,,,,,,,,G5000-051-4XL,,Color,Royal Blue,,Size,4XL,,,,,,,,TRUE,,,,,,shopify,300,deny,150,g,TRUE,manual,,,,https://cdn.shopify.com/s/files/1/0746/6817/9644/files/000033_051_front.png?v=1779479166,,,,royal blue,,,,,,,,,,,,,,
,gildan-5000-g5000,,,,,,,,G5000-051-5XL,,Color,Royal Blue,,Size,5XL,,,,,,,,TRUE,,,,,,shopify,300,deny,150,g,TRUE,manual,,,,https://cdn.shopify.com/s/files/1/0746/6817/9644/files/000033_051_front.png?v=1779479166,,,,royal blue,,,,,,,,,,,,,,
,gildan-5000-g5000,,,,,,,,,,,,,,,,,,,,,,,,,,,,,,,,,,,https://cdn.shopify.com/s/files/1/0746/6817/9644/files/000033_051_back.png?v=1779479163,2,Gildan® 5000 — Royal Blue — back view,,,,,,,,,,,,,,,,,,,
,gildan-5000-g5000,,,,,,,,,,,,,,,,,,,,,,,,,,,,,,,,,,,https://cdn.shopify.com/s/files/1/0746/6817/9644/files/000033_051_left.png?v=1779479169,3,Gildan® 5000 — Royal Blue — left side view,,,,,,,,,,,,,,,,,,,
,gildan-5000-g5000,,,,,,,,,,,,,,,,,,,,,,,,,,,,,,,,,,,https://cdn.shopify.com/s/files/1/0746/6817/9644/files/000033_051_right.png?v=1779479170,4,Gildan® 5000 — Royal Blue — right side view,,,,,,,,,,,,,,,,,,,
,gildan-5000-g5000,,,,,,,,,,,,,,,,,,,,,,,,,,,,,,,,,,,https://cdn.shopify.com/s/files/1/0746/6817/9644/files/000033_051_neckline.png?v=1779479169,5,Gildan® 5000 — Royal Blue — neckline detail,,,,,,,,,,,,,,,,,,,
,gildan-5000-g5000,,,,,,,,,,,,,,,,,,,,,,,,,,,,,,,,,,,https://cdn.shopify.com/s/files/1/0746/6817/9644/files/000033_051_fabric.png?v=1779479165,6,Gildan® 5000 — Royal Blue — fabric detail,,,,,,,,,,,,,,,,,,,
,gildan-5000-g5000,,,,,,,,,,,,,,,,,,,,,,,,,,,,,,,,,,,https://cdn.shopify.com/s/files/1/0746/6817/9644/files/000033_051_front_f.png?v=1779479167,7,Gildan® 5000 — Royal Blue — front view (women's fit),,,,,,,,,,,,,,,,,,,
,gildan-5000-g5000,,,,,,,,,,,,,,,,,,,,,,,,,,,,,,,,,,,https://cdn.shopify.com/s/files/1/0746/6817/9644/files/000033_051_back_f.png?v=1779479164,8,Gildan® 5000 — Royal Blue — back view (women's fit),,,,,,,,,,,,,,,,,,,
,gildan-5000-g5000,,,,,,,,G5000-098-S,,Color,Daisy,,Size,S,,,,,,,,TRUE,,,,,,shopify,300,deny,150,g,TRUE,manual,https://cdn.shopify.com/s/files/1/0746/6817/9644/files/000035_098_front_d87a6b95-13bd-420e-b429-4d17ff9ade0f.jpg?v=1779479180,9,Gildan® 5000 — Daisy — front view,https://cdn.shopify.com/s/files/1/0746/6817/9644/files/000035_098_front_d87a6b95-13bd-420e-b429-4d17ff9ade0f.jpg?v=1779479180,,,,daisy,,,,,,,,,,,,,,
,gildan-5000-g5000,,,,,,,,G5000-098-M,,Color,Daisy,,Size,M,,,,,,,,TRUE,,,,,,shopify,300,deny,150,g,TRUE,manual,,,,https://cdn.shopify.com/s/files/1/0746/6817/9644/files/000035_098_front_d87a6b95-13bd-420e-b429-4d17ff9ade0f.jpg?v=1779479180,,,,daisy,,,,,,,,,,,,,,
,gildan-5000-g5000,,,,,,,,G5000-098-L,,Color,Daisy,,Size,L,,,,,,,,TRUE,,,,,,shopify,300,deny,150,g,TRUE,manual,,,,https://cdn.shopify.com/s/files/1/0746/6817/9644/files/000035_098_front_d87a6b95-13bd-420e-b429-4d17ff9ade0f.jpg?v=1779479180,,,,daisy,,,,,,,,,,,,,,
,gildan-5000-g5000,,,,,,,,G5000-098-XL,,Color,Daisy,,Size,XL,,,,,,,,TRUE,,,,,,shopify,300,deny,150,g,TRUE,manual,,,,https://cdn.shopify.com/s/files/1/0746/6817/9644/files/000035_098_front_d87a6b95-13bd-420e-b429-4d17ff9ade0f.jpg?v=1779479180,,,,daisy,,,,,,,,,,,,,,
,gildan-5000-g5000,,,,,,,,G5000-098-2XL,,Color,Daisy,,Size,2XL,,,,,,,,TRUE,,,,,,shopify,300,deny,150,g,TRUE,manual,,,,https://cdn.shopify.com/s/files/1/0746/6817/9644/files/000035_098_front_d87a6b95-13bd-420e-b429-4d17ff9ade0f.jpg?v=1779479180,,,,daisy,,,,,,,,,,,,,,
,gildan-5000-g5000,,,,,,,,G5000-098-3XL,,Color,Daisy,,Size,3XL,,,,,,,,TRUE,,,,,,shopify,300,deny,150,g,TRUE,manual,,,,https://cdn.shopify.com/s/files/1/0746/6817/9644/files/000035_098_front_d87a6b95-13bd-420e-b429-4d17ff9ade0f.jpg?v=1779479180,,,,daisy,,,,,,,,,,,,,,
,gildan-5000-g5000,,,,,,,,G5000-098-4XL,,Color,Daisy,,Size,4XL,,,,,,,,TRUE,,,,,,shopify,300,deny,150,g,TRUE,manual,,,,https://cdn.shopify.com/s/files/1/0746/6817/9644/files/000035_098_front_d87a6b95-13bd-420e-b429-4d17ff9ade0f.jpg?v=1779479180,,,,daisy,,,,,,,,,,,,,,
,gildan-5000-g5000,,,,,,,,G5000-098-5XL,,Color,Daisy,,Size,5XL,,,,,,,,TRUE,,,,,,shopify,300,deny,150,g,TRUE,manual,,,,https://cdn.shopify.com/s/files/1/0746/6817/9644/files/000035_098_front_d87a6b95-13bd-420e-b429-4d17ff9ade0f.jpg?v=1779479180,,,,daisy,,,,,,,,,,,,,,
,gildan-5000-g5000,,,,,,,,,,,,,,,,,,,,,,,,,,,,,,,,,,,https://cdn.shopify.com/s/files/1/0746/6817/9644/files/000035_098_back_b43589b2-6302-4944-a9d0-8fa947d7f3c4.jpg?v=1779479178,10,Gildan® 5000 — Daisy — back view,,,,,,,,,,,,,,,,,,,
,gildan-5000-g5000,,,,,,,,,,,,,,,,,,,,,,,,,,,,,,,,,,,https://cdn.shopify.com/s/files/1/0746/6817/9644/files/000035_098_left_b49bf07e-3117-4f4d-b1a3-de823627c927.jpg?v=1779479182,11,Gildan® 5000 — Daisy — left side view,,,,,,,,,,,,,,,,,,,
,gildan-5000-g5000,,,,,,,,,,,,,,,,,,,,,,,,,,,,,,,,,,,https://cdn.shopify.com/s/files/1/0746/6817/9644/files/000035_098_right_a2de59f3-c311-456e-82b9-a6c564a01c37.jpg?v=1779479184,12,Gildan® 5000 — Daisy — right side view,,,,,,,,,,,,,,,,,,,
,gildan-5000-g5000,,,,,,,,,,,,,,,,,,,,,,,,,,,,,,,,,,,https://cdn.shopify.com/s/files/1/0746/6817/9644/files/000035_098_neckline_666e4a72-895f-40c6-8ab7-c7d830d5a08b.jpg?v=1779479183,13,Gildan® 5000 — Daisy — neckline detail,,,,,,,,,,,,,,,,,,,
,gildan-5000-g5000,,,,,,,,,,,,,,,,,,,,,,,,,,,,,,,,,,,https://cdn.shopify.com/s/files/1/0746/6817/9644/files/000035_098_fabric_e6b97a4c-7818-433b-86e4-9ace48a37198.jpg?v=1779479178,14,Gildan® 5000 — Daisy — fabric detail,,,,,,,,,,,,,,,,,,,
,gildan-5000-g5000,,,,,,,,,,,,,,,,,,,,,,,,,,,,,,,,,,,https://cdn.shopify.com/s/files/1/0746/6817/9644/files/000035_098_front_f_b8b1078a-dc46-49fe-a6ae-92355fef94a7.jpg?v=1779479181,15,Gildan® 5000 — Daisy — front view (women's fit),,,,,,,,,,,,,,,,,,,
,gildan-5000-g5000,,,,,,,,,,,,,,,,,,,,,,,,,,,,,,,,,,,https://cdn.shopify.com/s/files/1/0746/6817/9644/files/000035_098_back_f_46f7a39f-6b6e-40b6-8f1c-730e10edaed9.jpg?v=1779479178,16,Gildan® 5000 — Daisy — back view (women's fit),,,,,,,,,,,,,,,,,,,
,gildan-5000-g5000,,,,,,,,G5000-026-S,,Color,Sapphire,,Size,S,,,,,,,,TRUE,,,,,,shopify,300,deny,150,g,TRUE,manual,https://cdn.shopify.com/s/files/1/0746/6817/9644/files/000034_026_front_91e7afc8-ec17-4b90-b283-3cc96f0ddb9d.jpg?v=1779479173,17,Gildan® 5000 — Sapphire — front view,https://cdn.shopify.com/s/files/1/0746/6817/9644/files/000034_026_front_91e7afc8-ec17-4b90-b283-3cc96f0ddb9d.jpg?v=1779479173,,,,sapphire,,,,,,,,,,,,,,
,gildan-5000-g5000,,,,,,,,G5000-026-M,,Color,Sapphire,,Size,M,,,,,,,,TRUE,,,,,,shopify,300,deny,150,g,TRUE,manual,,,,https://cdn.shopify.com/s/files/1/0746/6817/9644/files/000034_026_front_91e7afc8-ec17-4b90-b283-3cc96f0ddb9d.jpg?v=1779479173,,,,sapphire,,,,,,,,,,,,,,
,gildan-5000-g5000,,,,,,,,G5000-026-L,,Color,Sapphire,,Size,L,,,,,,,,TRUE,,,,,,shopify,300,deny,150,g,TRUE,manual,,,,https://cdn.shopify.com/s/files/1/0746/6817/9644/files/000034_026_front_91e7afc8-ec17-4b90-b283-3cc96f0ddb9d.jpg?v=1779479173,,,,sapphire,,,,,,,,,,,,,,
,gildan-5000-g5000,,,,,,,,G5000-026-XL,,Color,Sapphire,,Size,XL,,,,,,,,TRUE,,,,,,shopify,300,deny,150,g,TRUE,manual,,,,https://cdn.shopify.com/s/files/1/0746/6817/9644/files/000034_026_front_91e7afc8-ec17-4b90-b283-3cc96f0ddb9d.jpg?v=1779479173,,,,sapphire,,,,,,,,,,,,,,
,gildan-5000-g5000,,,,,,,,G5000-026-2XL,,Color,Sapphire,,Size,2XL,,,,,,,,TRUE,,,,,,shopify,300,deny,150,g,TRUE,manual,,,,https://cdn.shopify.com/s/files/1/0746/6817/9644/files/000034_026_front_91e7afc8-ec17-4b90-b283-3cc96f0ddb9d.jpg?v=1779479173,,,,sapphire,,,,,,,,,,,,,,
,gildan-5000-g5000,,,,,,,,G5000-026-3XL,,Color,Sapphire,,Size,3XL,,,,,,,,TRUE,,,,,,shopify,300,deny,150,g,TRUE,manual,,,,https://cdn.shopify.com/s/files/1/0746/6817/9644/files/000034_026_front_91e7afc8-ec17-4b90-b283-3cc96f0ddb9d.jpg?v=1779479173,,,,sapphire,,,,,,,,,,,,,,
,gildan-5000-g5000,,,,,,,,G5000-026-4XL,,Color,Sapphire,,Size,4XL,,,,,,,,TRUE,,,,,,shopify,300,deny,150,g,TRUE,manual,,,,https://cdn.shopify.com/s/files/1/0746/6817/9644/files/000034_026_front_91e7afc8-ec17-4b90-b283-3cc96f0ddb9d.jpg?v=1779479173,,,,sapphire,,,,,,,,,,,,,,
,gildan-5000-g5000,,,,,,,,G5000-026-5XL,,Color,Sapphire,,Size,5XL,,,,,,,,TRUE,,,,,,shopify,300,deny,150,g,TRUE,manual,,,,https://cdn.shopify.com/s/files/1/0746/6817/9644/files/000034_026_front_91e7afc8-ec17-4b90-b283-3cc96f0ddb9d.jpg?v=1779479173,,,,sapphire,,,,,,,,,,,,,,
,gildan-5000-g5000,,,,,,,,,,,,,,,,,,,,,,,,,,,,,,,,,,,https://cdn.shopify.com/s/files/1/0746/6817/9644/files/000034_026_back_034c4b6e-4c71-4a64-bf59-f90d19216924.jpg?v=1779479171,18,Gildan® 5000 — Sapphire — back view,,,,,,,,,,,,,,,,,,,
,gildan-5000-g5000,,,,,,,,,,,,,,,,,,,,,,,,,,,,,,,,,,,https://cdn.shopify.com/s/files/1/0746/6817/9644/files/000034_026_left_f6163cf0-6450-4ec4-b90f-86dc1f527fd8.jpg?v=1779479175,19,Gildan® 5000 — Sapphire — left side view,,,,,,,,,,,,,,,,,,,
,gildan-5000-g5000,,,,,,,,,,,,,,,,,,,,,,,,,,,,,,,,,,,https://cdn.shopify.com/s/files/1/0746/6817/9644/files/000034_026_right_538a96c9-0cae-43ce-9e35-5a8569379b47.jpg?v=1779479176,20,Gildan® 5000 — Sapphire — right side view,,,,,,,,,,,,,,,,,,,
,gildan-5000-g5000,,,,,,,,,,,,,,,,,,,,,,,,,,,,,,,,,,,https://cdn.shopify.com/s/files/1/0746/6817/9644/files/000034_026_neckline_a0002edd-35ea-4717-90be-c70133de21d0.jpg?v=1779479175,21,Gildan® 5000 — Sapphire — neckline detail,,,,,,,,,,,,,,,,,,,
,gildan-5000-g5000,,,,,,,,,,,,,,,,,,,,,,,,,,,,,,,,,,,https://cdn.shopify.com/s/files/1/0746/6817/9644/files/000034_026_fabric_19b524e5-3226-4d2b-b294-103aa4259ec2.jpg?v=1779479173,22,Gildan® 5000 — Sapphire — fabric detail,,,,,,,,,,,,,,,,,,,
,gildan-5000-g5000,,,,,,,,,,,,,,,,,,,,,,,,,,,,,,,,,,,https://cdn.shopify.com/s/files/1/0746/6817/9644/files/000034_026_front_f_72ca7307-408d-411d-ad05-6d3674412cd3.jpg?v=1779479174,23,Gildan® 5000 — Sapphire — front view (women's fit),,,,,,,,,,,,,,,,,,,
,gildan-5000-g5000,,,,,,,,,,,,,,,,,,,,,,,,,,,,,,,,,,,https://cdn.shopify.com/s/files/1/0746/6817/9644/files/000034_026_back_f_ffac87e8-1508-4c03-acec-38a4f8e07e6e.jpg?v=1779479171,24,Gildan® 5000 — Sapphire — back view (women's fit),,,,,,,,,,,,,,,,,,,
,gildan-5000-g5000,,,,,,,,G5000-030-S,,Color,White,,Size,S,,,,,,,,TRUE,,,,,,shopify,300,deny,150,g,TRUE,manual,https://cdn.shopify.com/s/files/1/0746/6817/9644/files/000029_030_front_79688d5c-4c42-4324-a7fd-10c51d7e7c85.jpg?v=1779479138,25,Gildan® 5000 — White — front view,https://cdn.shopify.com/s/files/1/0746/6817/9644/files/000029_030_front_79688d5c-4c42-4324-a7fd-10c51d7e7c85.jpg?v=1779479138,,,,white,,,,,,,,,,,,,,
,gildan-5000-g5000,,,,,,,,G5000-030-M,,Color,White,,Size,M,,,,,,,,TRUE,,,,,,shopify,300,deny,150,g,TRUE,manual,,,,https://cdn.shopify.com/s/files/1/0746/6817/9644/files/000029_030_front_79688d5c-4c42-4324-a7fd-10c51d7e7c85.jpg?v=1779479138,,,,white,,,,,,,,,,,,,,
,gildan-5000-g5000,,,,,,,,G5000-030-L,,Color,White,,Size,L,,,,,,,,TRUE,,,,,,shopify,300,deny,150,g,TRUE,manual,,,,https://cdn.shopify.com/s/files/1/0746/6817/9644/files/000029_030_front_79688d5c-4c42-4324-a7fd-10c51d7e7c85.jpg?v=1779479138,,,,white,,,,,,,,,,,,,,
,gildan-5000-g5000,,,,,,,,G5000-030-XL,,Color,White,,Size,XL,,,,,,,,TRUE,,,,,,shopify,300,deny,150,g,TRUE,manual,,,,https://cdn.shopify.com/s/files/1/0746/6817/9644/files/000029_030_front_79688d5c-4c42-4324-a7fd-10c51d7e7c85.jpg?v=1779479138,,,,white,,,,,,,,,,,,,,
,gildan-5000-g5000,,,,,,,,G5000-030-2XL,,Color,White,,Size,2XL,,,,,,,,TRUE,,,,,,shopify,300,deny,150,g,TRUE,manual,,,,https://cdn.shopify.com/s/files/1/0746/6817/9644/files/000029_030_front_79688d5c-4c42-4324-a7fd-10c51d7e7c85.jpg?v=1779479138,,,,white,,,,,,,,,,,,,,
,gildan-5000-g5000,,,,,,,,G5000-030-3XL,,Color,White,,Size,3XL,,,,,,,,TRUE,,,,,,shopify,300,deny,150,g,TRUE,manual,,,,https://cdn.shopify.com/s/files/1/0746/6817/9644/files/000029_030_front_79688d5c-4c42-4324-a7fd-10c51d7e7c85.jpg?v=1779479138,,,,white,,,,,,,,,,,,,,
,gildan-5000-g5000,,,,,,,,G5000-030-4XL,,Color,White,,Size,4XL,,,,,,,,TRUE,,,,,,shopify,300,deny,150,g,TRUE,manual,,,,https://cdn.shopify.com/s/files/1/0746/6817/9644/files/000029_030_front_79688d5c-4c42-4324-a7fd-10c51d7e7c85.jpg?v=1779479138,,,,white,,,,,,,,,,,,,,
,gildan-5000-g5000,,,,,,,,G5000-030-5XL,,Color,White,,Size,5XL,,,,,,,,TRUE,,,,,,shopify,300,deny,150,g,TRUE,manual,,,,https://cdn.shopify.com/s/files/1/0746/6817/9644/files/000029_030_front_79688d5c-4c42-4324-a7fd-10c51d7e7c85.jpg?v=1779479138,,,,white,,,,,,,,,,,,,,
,gildan-5000-g5000,,,,,,,,,,,,,,,,,,,,,,,,,,,,,,,,,,,https://cdn.shopify.com/s/files/1/0746/6817/9644/files/000029_030_back_bcfdca02-07ec-4c9b-ad65-0559e91c6a1c.jpg?v=1779479135,26,Gildan® 5000 — White — back view,,,,,,,,,,,,,,,,,,,
,gildan-5000-g5000,,,,,,,,,,,,,,,,,,,,,,,,,,,,,,,,,,,https://cdn.shopify.com/s/files/1/0746/6817/9644/files/000029_030_left_b85e2990-85cd-4246-b50f-35b468c2815d.jpg?v=1779479140,27,Gildan® 5000 — White — left side view,,,,,,,,,,,,,,,,,,,
,gildan-5000-g5000,,,,,,,,,,,,,,,,,,,,,,,,,,,,,,,,,,,https://cdn.shopify.com/s/files/1/0746/6817/9644/files/000029_030_right_0d5a92ce-19da-4cbb-ab5f-1e09b80caa88.jpg?v=1779479142,28,Gildan® 5000 — White — right side view,,,,,,,,,,,,,,,,,,,
,gildan-5000-g5000,,,,,,,,,,,,,,,,,,,,,,,,,,,,,,,,,,,https://cdn.shopify.com/s/files/1/0746/6817/9644/files/000029_030_neckline_e6f41fff-608d-430a-a15b-b336cc60c4f6.jpg?v=1779479140,29,Gildan® 5000 — White — neckline detail,,,,,,,,,,,,,,,,,,,
,gildan-5000-g5000,,,,,,,,,,,,,,,,,,,,,,,,,,,,,,,,,,,https://cdn.shopify.com/s/files/1/0746/6817/9644/files/000029_030_fabric_e184ce42-40a4-49da-93bc-be9f84c4c298.jpg?v=1779479137,30,Gildan® 5000 — White — fabric detail,,,,,,,,,,,,,,,,,,,
,gildan-5000-g5000,,,,,,,,,,,,,,,,,,,,,,,,,,,,,,,,,,,https://cdn.shopify.com/s/files/1/0746/6817/9644/files/000029_030_front_f_ad041f9e-730c-4c9a-b021-4dd697c64b2b.jpg?v=1779479139,31,Gildan® 5000 — White — front view (women's fit),,,,,,,,,,,,,,,,,,,
,gildan-5000-g5000,,,,,,,,,,,,,,,,,,,,,,,,,,,,,,,,,,,https://cdn.shopify.com/s/files/1/0746/6817/9644/files/000029_030_back_f_814187a7-5372-4c4a-8c7e-bf810e195201.jpg?v=1779479136,32,Gildan® 5000 — White — back view (women's fit),,,,,,,,,,,,,,,,,,,
,gildan-5000-g5000,,,,,,,,G5000-032-S,,Color,Navy,,Size,S,,,,,,,,TRUE,,,,,,shopify,300,deny,150,g,TRUE,manual,https://cdn.shopify.com/s/files/1/0746/6817/9644/files/000030_032_front_62d59e9f-ded4-44ad-94a4-e03424e66fb6.jpg?v=1779479145,33,Gildan® 5000 — Navy — front view,https://cdn.shopify.com/s/files/1/0746/6817/9644/files/000030_032_front_62d59e9f-ded4-44ad-94a4-e03424e66fb6.jpg?v=1779479145,,,,navy,,,,,,,,,,,,,,
,gildan-5000-g5000,,,,,,,,G5000-032-M,,Color,Navy,,Size,M,,,,,,,,TRUE,,,,,,shopify,300,deny,150,g,TRUE,manual,,,,https://cdn.shopify.com/s/files/1/0746/6817/9644/files/000030_032_front_62d59e9f-ded4-44ad-94a4-e03424e66fb6.jpg?v=1779479145,,,,navy,,,,,,,,,,,,,,
,gildan-5000-g5000,,,,,,,,G5000-032-L,,Color,Navy,,Size,L,,,,,,,,TRUE,,,,,,shopify,300,deny,150,g,TRUE,manual,,,,https://cdn.shopify.com/s/files/1/0746/6817/9644/files/000030_032_front_62d59e9f-ded4-44ad-94a4-e03424e66fb6.jpg?v=1779479145,,,,navy,,,,,,,,,,,,,,
,gildan-5000-g5000,,,,,,,,G5000-032-XL,,Color,Navy,,Size,XL,,,,,,,,TRUE,,,,,,shopify,300,deny,150,g,TRUE,manual,,,,https://cdn.shopify.com/s/files/1/0746/6817/9644/files/000030_032_front_62d59e9f-ded4-44ad-94a4-e03424e66fb6.jpg?v=1779479145,,,,navy,,,,,,,,,,,,,,
,gildan-5000-g5000,,,,,,,,G5000-032-2XL,,Color,Navy,,Size,2XL,,,,,,,,TRUE,,,,,,shopify,300,deny,150,g,TRUE,manual,,,,https://cdn.shopify.com/s/files/1/0746/6817/9644/files/000030_032_front_62d59e9f-ded4-44ad-94a4-e03424e66fb6.jpg?v=1779479145,,,,navy,,,,,,,,,,,,,,
,gildan-5000-g5000,,,,,,,,G5000-032-3XL,,Color,Navy,,Size,3XL,,,,,,,,TRUE,,,,,,shopify,300,deny,150,g,TRUE,manual,,,,https://cdn.shopify.com/s/files/1/0746/6817/9644/files/000030_032_front_62d59e9f-ded4-44ad-94a4-e03424e66fb6.jpg?v=1779479145,,,,navy,,,,,,,,,,,,,,
,gildan-5000-g5000,,,,,,,,G5000-032-4XL,,Color,Navy,,Size,4XL,,,,,,,,TRUE,,,,,,shopify,300,deny,150,g,TRUE,manual,,,,https://cdn.shopify.com/s/files/1/0746/6817/9644/files/000030_032_front_62d59e9f-ded4-44ad-94a4-e03424e66fb6.jpg?v=1779479145,,,,navy,,,,,,,,,,,,,,
,gildan-5000-g5000,,,,,,,,G5000-032-5XL,,Color,Navy,,Size,5XL,,,,,,,,TRUE,,,,,,shopify,300,deny,150,g,TRUE,manual,,,,https://cdn.shopify.com/s/files/1/0746/6817/9644/files/000030_032_front_62d59e9f-ded4-44ad-94a4-e03424e66fb6.jpg?v=1779479145,,,,navy,,,,,,,,,,,,,,
,gildan-5000-g5000,,,,,,,,,,,,,,,,,,,,,,,,,,,,,,,,,,,https://cdn.shopify.com/s/files/1/0746/6817/9644/files/000030_032_back_39aa99a7-70d2-4688-a931-cc158aba6a69.jpg?v=1779479143,34,Gildan® 5000 — Navy — back view,,,,,,,,,,,,,,,,,,,
,gildan-5000-g5000,,,,,,,,,,,,,,,,,,,,,,,,,,,,,,,,,,,https://cdn.shopify.com/s/files/1/0746/6817/9644/files/000030_032_left_ef6b68ac-e708-4ab0-9d0d-1b8367d1a528.jpg?v=1779479146,35,Gildan® 5000 — Navy — left side view,,,,,,,,,,,,,,,,,,,
,gildan-5000-g5000,,,,,,,,,,,,,,,,,,,,,,,,,,,,,,,,,,,https://cdn.shopify.com/s/files/1/0746/6817/9644/files/000030_032_right_e9187d19-285a-49e3-abd8-e533b673c61e.jpg?v=1779479148,36,Gildan® 5000 — Navy — right side view,,,,,,,,,,,,,,,,,,,
,gildan-5000-g5000,,,,,,,,,,,,,,,,,,,,,,,,,,,,,,,,,,,https://cdn.shopify.com/s/files/1/0746/6817/9644/files/000030_032_neckline_28418c8e-3f31-4b4b-ae6c-06fab4004327.jpg?v=1779479147,37,Gildan® 5000 — Navy — neckline detail,,,,,,,,,,,,,,,,,,,
,gildan-5000-g5000,,,,,,,,,,,,,,,,,,,,,,,,,,,,,,,,,,,https://cdn.shopify.com/s/files/1/0746/6817/9644/files/000030_032_fabric_bb9f4a21-f462-4b6b-93cd-5e234445ac32.jpg?v=1779479144,38,Gildan® 5000 — Navy — fabric detail,,,,,,,,,,,,,,,,,,,
,gildan-5000-g5000,,,,,,,,,,,,,,,,,,,,,,,,,,,,,,,,,,,https://cdn.shopify.com/s/files/1/0746/6817/9644/files/000030_032_front_f_e66f0b4d-44a6-4463-8ba1-91ea2f2e4bb7.jpg?v=1779479146,39,Gildan® 5000 — Navy — front view (women's fit),,,,,,,,,,,,,,,,,,,
,gildan-5000-g5000,,,,,,,,,,,,,,,,,,,,,,,,,,,,,,,,,,,https://cdn.shopify.com/s/files/1/0746/6817/9644/files/000030_032_back_f_1ca18fa4-d7e1-4e4e-9dbc-3e72c4b6cb57.jpg?v=1779479143,40,Gildan® 5000 — Navy — back view (women's fit),,,,,,,,,,,,,,,,,,,
,gildan-5000-g5000,,,,,,,,G5000-036-S,,Color,Black,,Size,S,,,,,,,,TRUE,,,,,,shopify,300,deny,150,g,TRUE,manual,https://cdn.shopify.com/s/files/1/0746/6817/9644/files/000031_036_front_42f38b78-2630-48f1-acc0-7d8faee0906f.jpg?v=1779479151,41,Gildan® 5000 — Black — front view,https://cdn.shopify.com/s/files/1/0746/6817/9644/files/000031_036_front_42f38b78-2630-48f1-acc0-7d8faee0906f.jpg?v=1779479151,,,,black,,,,,,,,,,,,,,
,gildan-5000-g5000,,,,,,,,G5000-036-M,,Color,Black,,Size,M,,,,,,,,TRUE,,,,,,shopify,300,deny,150,g,TRUE,manual,,,,https://cdn.shopify.com/s/files/1/0746/6817/9644/files/000031_036_front_42f38b78-2630-48f1-acc0-7d8faee0906f.jpg?v=1779479151,,,,black,,,,,,,,,,,,,,
,gildan-5000-g5000,,,,,,,,G5000-036-L,,Color,Black,,Size,L,,,,,,,,TRUE,,,,,,shopify,300,deny,150,g,TRUE,manual,,,,https://cdn.shopify.com/s/files/1/0746/6817/9644/files/000031_036_front_42f38b78-2630-48f1-acc0-7d8faee0906f.jpg?v=1779479151,,,,black,,,,,,,,,,,,,,
,gildan-5000-g5000,,,,,,,,G5000-036-XL,,Color,Black,,Size,XL,,,,,,,,TRUE,,,,,,shopify,300,deny,150,g,TRUE,manual,,,,https://cdn.shopify.com/s/files/1/0746/6817/9644/files/000031_036_front_42f38b78-2630-48f1-acc0-7d8faee0906f.jpg?v=1779479151,,,,black,,,,,,,,,,,,,,
,gildan-5000-g5000,,,,,,,,G5000-036-2XL,,Color,Black,,Size,2XL,,,,,,,,TRUE,,,,,,shopify,300,deny,150,g,TRUE,manual,,,,https://cdn.shopify.com/s/files/1/0746/6817/9644/files/000031_036_front_42f38b78-2630-48f1-acc0-7d8faee0906f.jpg?v=1779479151,,,,black,,,,,,,,,,,,,,
,gildan-5000-g5000,,,,,,,,G5000-036-3XL,,Color,Black,,Size,3XL,,,,,,,,TRUE,,,,,,shopify,300,deny,150,g,TRUE,manual,,,,https://cdn.shopify.com/s/files/1/0746/6817/9644/files/000031_036_front_42f38b78-2630-48f1-acc0-7d8faee0906f.jpg?v=1779479151,,,,black,,,,,,,,,,,,,,
,gildan-5000-g5000,,,,,,,,G5000-036-4XL,,Color,Black,,Size,4XL,,,,,,,,TRUE,,,,,,shopify,300,deny,150,g,TRUE,manual,,,,https://cdn.shopify.com/s/files/1/0746/6817/9644/files/000031_036_front_42f38b78-2630-48f1-acc0-7d8faee0906f.jpg?v=1779479151,,,,black,,,,,,,,,,,,,,
,gildan-5000-g5000,,,,,,,,G5000-036-5XL,,Color,Black,,Size,5XL,,,,,,,,TRUE,,,,,,shopify,300,deny,150,g,TRUE,manual,,,,https://cdn.shopify.com/s/files/1/0746/6817/9644/files/000031_036_front_42f38b78-2630-48f1-acc0-7d8faee0906f.jpg?v=1779479151,,,,black,,,,,,,,,,,,,,
,gildan-5000-g5000,,,,,,,,,,,,,,,,,,,,,,,,,,,,,,,,,,,https://cdn.shopify.com/s/files/1/0746/6817/9644/files/000031_036_back_ff5ff0b5-2041-4966-8a7a-72e191b15538.jpg?v=1779479149,42,Gildan® 5000 — Black — back view,,,,,,,,,,,,,,,,,,,
,gildan-5000-g5000,,,,,,,,,,,,,,,,,,,,,,,,,,,,,,,,,,,https://cdn.shopify.com/s/files/1/0746/6817/9644/files/000031_036_left_d8c15ba1-4e4d-4d94-bd18-455b0e8f023f.jpg?v=1779479152,43,Gildan® 5000 — Black — left side view,,,,,,,,,,,,,,,,,,,
,gildan-5000-g5000,,,,,,,,,,,,,,,,,,,,,,,,,,,,,,,,,,,https://cdn.shopify.com/s/files/1/0746/6817/9644/files/000031_036_right_07e34f06-20aa-4482-bc95-31d057a9545a.jpg?v=1779479154,44,Gildan® 5000 — Black — right side view,,,,,,,,,,,,,,,,,,,
,gildan-5000-g5000,,,,,,,,,,,,,,,,,,,,,,,,,,,,,,,,,,,https://cdn.shopify.com/s/files/1/0746/6817/9644/files/000031_036_neckline_1cbafcd6-7fac-4bdd-b6b7-7071b13adcf0.jpg?v=1779479153,45,Gildan® 5000 — Black — neckline detail,,,,,,,,,,,,,,,,,,,
,gildan-5000-g5000,,,,,,,,,,,,,,,,,,,,,,,,,,,,,,,,,,,https://cdn.shopify.com/s/files/1/0746/6817/9644/files/000031_036_fabric_87ddfdae-1172-4941-9c6b-cdf0ecf75670.jpg?v=1779479150,46,Gildan® 5000 — Black — fabric detail,,,,,,,,,,,,,,,,,,,
,gildan-5000-g5000,,,,,,,,,,,,,,,,,,,,,,,,,,,,,,,,,,,https://cdn.shopify.com/s/files/1/0746/6817/9644/files/000031_036_front_f_e07df7ba-d862-4e03-bb97-a62af31064a9.jpg?v=1779479152,47,Gildan® 5000 — Black — front view (women's fit),,,,,,,,,,,,,,,,,,,
,gildan-5000-g5000,,,,,,,,,,,,,,,,,,,,,,,,,,,,,,,,,,,https://cdn.shopify.com/s/files/1/0746/6817/9644/files/000031_036_back_f_43b7e961-16ca-4b4d-8c40-58aff071a8a7.jpg?v=1779479150,48,Gildan® 5000 — Black — back view (women's fit),,,,,,,,,,,,,,,,,,,
,gildan-5000-g5000,,,,,,,,G5000-040-S,,Color,Red,,Size,S,,,,,,,,TRUE,,,,,,shopify,300,deny,150,g,TRUE,manual,https://cdn.shopify.com/s/files/1/0746/6817/9644/files/000032_040_front_bfd76df3-99aa-446e-bf2f-09e90ebb3eb3.jpg?v=1779479158,49,Gildan® 5000 — Red — front view,https://cdn.shopify.com/s/files/1/0746/6817/9644/files/000032_040_front_bfd76df3-99aa-446e-bf2f-09e90ebb3eb3.jpg?v=1779479158,,,,red,,,,,,,,,,,,,,
,gildan-5000-g5000,,,,,,,,G5000-040-M,,Color,Red,,Size,M,,,,,,,,TRUE,,,,,,shopify,300,deny,150,g,TRUE,manual,,,,https://cdn.shopify.com/s/files/1/0746/6817/9644/files/000032_040_front_bfd76df3-99aa-446e-bf2f-09e90ebb3eb3.jpg?v=1779479158,,,,red,,,,,,,,,,,,,,
,gildan-5000-g5000,,,,,,,,G5000-040-L,,Color,Red,,Size,L,,,,,,,,TRUE,,,,,,shopify,300,deny,150,g,TRUE,manual,,,,https://cdn.shopify.com/s/files/1/0746/6817/9644/files/000032_040_front_bfd76df3-99aa-446e-bf2f-09e90ebb3eb3.jpg?v=1779479158,,,,red,,,,,,,,,,,,,,
,gildan-5000-g5000,,,,,,,,G5000-040-XL,,Color,Red,,Size,XL,,,,,,,,TRUE,,,,,,shopify,300,deny,150,g,TRUE,manual,,,,https://cdn.shopify.com/s/files/1/0746/6817/9644/files/000032_040_front_bfd76df3-99aa-446e-bf2f-09e90ebb3eb3.jpg?v=1779479158,,,,red,,,,,,,,,,,,,,
,gildan-5000-g5000,,,,,,,,G5000-040-2XL,,Color,Red,,Size,2XL,,,,,,,,TRUE,,,,,,shopify,300,deny,150,g,TRUE,manual,,,,https://cdn.shopify.com/s/files/1/0746/6817/9644/files/000032_040_front_bfd76df3-99aa-446e-bf2f-09e90ebb3eb3.jpg?v=1779479158,,,,red,,,,,,,,,,,,,,
,gildan-5000-g5000,,,,,,,,G5000-040-3XL,,Color,Red,,Size,3XL,,,,,,,,TRUE,,,,,,shopify,300,deny,150,g,TRUE,manual,,,,https://cdn.shopify.com/s/files/1/0746/6817/9644/files/000032_040_front_bfd76df3-99aa-446e-bf2f-09e90ebb3eb3.jpg?v=1779479158,,,,red,,,,,,,,,,,,,,
,gildan-5000-g5000,,,,,,,,G5000-040-4XL,,Color,Red,,Size,4XL,,,,,,,,TRUE,,,,,,shopify,300,deny,150,g,TRUE,manual,,,,https://cdn.shopify.com/s/files/1/0746/6817/9644/files/000032_040_front_bfd76df3-99aa-446e-bf2f-09e90ebb3eb3.jpg?v=1779479158,,,,red,,,,,,,,,,,,,,
,gildan-5000-g5000,,,,,,,,G5000-040-5XL,,Color,Red,,Size,5XL,,,,,,,,TRUE,,,,,,shopify,300,deny,150,g,TRUE,manual,,,,https://cdn.shopify.com/s/files/1/0746/6817/9644/files/000032_040_front_bfd76df3-99aa-446e-bf2f-09e90ebb3eb3.jpg?v=1779479158,,,,red,,,,,,,,,,,,,,
,gildan-5000-g5000,,,,,,,,,,,,,,,,,,,,,,,,,,,,,,,,,,,https://cdn.shopify.com/s/files/1/0746/6817/9644/files/000032_040_back_d05329f6-7aa8-42c8-88a1-b1b5509b103e.jpg?v=1779479155,50,Gildan® 5000 — Red — back view,,,,,,,,,,,,,,,,,,,
,gildan-5000-g5000,,,,,,,,,,,,,,,,,,,,,,,,,,,,,,,,,,,https://cdn.shopify.com/s/files/1/0746/6817/9644/files/000032_040_left_1b22ece4-dd7b-42a6-9c85-cf2ff1595741.jpg?v=1779479160,51,Gildan® 5000 — Red — left side view,,,,,,,,,,,,,,,,,,,
,gildan-5000-g5000,,,,,,,,,,,,,,,,,,,,,,,,,,,,,,,,,,,https://cdn.shopify.com/s/files/1/0746/6817/9644/files/000032_040_right_89092a6e-cc68-4426-9ccc-2f7cb442a52c.jpg?v=1779479162,52,Gildan® 5000 — Red — right side view,,,,,,,,,,,,,,,,,,,
,gildan-5000-g5000,,,,,,,,,,,,,,,,,,,,,,,,,,,,,,,,,,,https://cdn.shopify.com/s/files/1/0746/6817/9644/files/000032_040_neckline_bf6ea48d-7dd6-4cb5-a716-53ae3660e340.jpg?v=1779479161,53,Gildan® 5000 — Red — neckline detail,,,,,,,,,,,,,,,,,,,
,gildan-5000-g5000,,,,,,,,,,,,,,,,,,,,,,,,,,,,,,,,,,,https://cdn.shopify.com/s/files/1/0746/6817/9644/files/000032_040_fabric_b0ecc1f4-0648-46ec-ad4e-6d84b0fbb8fd.jpg?v=1779479156,54,Gildan® 5000 — Red — fabric detail,,,,,,,,,,,,,,,,,,,
,gildan-5000-g5000,,,,,,,,,,,,,,,,,,,,,,,,,,,,,,,,,,,https://cdn.shopify.com/s/files/1/0746/6817/9644/files/000032_040_front_f_28a1af47-e107-4d23-99c7-60e787738f91.jpg?v=1779479159,55,Gildan® 5000 — Red — front view (women's fit),,,,,,,,,,,,,,,,,,,
,gildan-5000-g5000,,,,,,,,,,,,,,,,,,,,,,,,,,,,,,,,,,,https://cdn.shopify.com/s/files/1/0746/6817/9644/files/000032_040_back_f_a69f8206-b555-4a70-8449-61d2d027f61c.jpg?v=1779479155,56,Gildan® 5000 — Red — back view (women's fit),,,,,,,,,,,,,,,,,,,
Gildan® 5000B,gildan-5000b-g5000b,"<p>This t-shirt is a great wardrobe addition that can be worn to school, games or the playground. Add fun graphics to this sturdy 100% U.S. cotton using screen print, embroidery, iron-on transfers or try bleach or tie dye.</p><ul><li>100% U.S. Cotton (Sport Grey: 90/10 cotton/polyester)</li><li>Pre-shrunk for a lasting fit</li><li>Classic fit — great for kids</li><li>Double-needle stitching throughout</li><li>Taped neck and shoulders</li><li>Tearaway label</li></ul><h4>Size Chart (inches)</h4><table><thead><tr><th>Size</th><th>Chest</th><th>Body Length</th></tr></thead><tbody><tr><td>XS</td><td>23–24</td><td>17½</td></tr><tr><td>S</td><td>25–26</td><td>18½</td></tr><tr><td>M</td><td>27–28</td><td>19½</td></tr><tr><td>L</td><td>29–30</td><td>21</td></tr><tr><td>XL</td><td>31–32</td><td>22½</td></tr></tbody></table>",Gildan,gid://shopify/TaxonomyCategory/aa-1-13-8,T-Shirt,"T-Shirt, Youth, G5000B, Crew Neck, Cotton, Classic Fit",TRUE,active,G5000B-051-XS,,Color,Royal Blue,,Size,XS,,,,,,,,TRUE,,,,,,shopify,300,deny,105,g,TRUE,manual,https://cdn.shopify.com/s/files/1/0746/6817/9644/files/000080_051_front.png?v=1779479450,1,Gildan® 5000B — Royal Blue — front view,https://cdn.shopify.com/s/files/1/0746/6817/9644/files/000080_051_front.png?v=1779479450,,Gildan® 5000B,"<p>This t-shirt is a great wardrobe addition that can be worn to school, games or the playground. Add fun graphics to this sturdy 100% U.S. cotton using sc",royal blue,gid://shopify/TaxonomyCategory/aa-1-13-8,Unisex,Kids,G5000B,,,new,,,,,,,Youth T-Shirt
,gildan-5000b-g5000b,,,,,,,,G5000B-051-S,,Color,Royal Blue,,Size,S,,,,,,,,TRUE,,,,,,shopify,300,deny,105,g,TRUE,manual,,,,https://cdn.shopify.com/s/files/1/0746/6817/9644/files/000080_051_front.png?v=1779479450,,,,royal blue,,,,,,,,,,,,,,
,gildan-5000b-g5000b,,,,,,,,G5000B-051-M,,Color,Royal Blue,,Size,M,,,,,,,,TRUE,,,,,,shopify,300,deny,105,g,TRUE,manual,,,,https://cdn.shopify.com/s/files/1/0746/6817/9644/files/000080_051_front.png?v=1779479450,,,,royal blue,,,,,,,,,,,,,,
,gildan-5000b-g5000b,,,,,,,,G5000B-051-L,,Color,Royal Blue,,Size,L,,,,,,,,TRUE,,,,,,shopify,300,deny,105,g,TRUE,manual,,,,https://cdn.shopify.com/s/files/1/0746/6817/9644/files/000080_051_front.png?v=1779479450,,,,royal blue,,,,,,,,,,,,,,
,gildan-5000b-g5000b,,,,,,,,G5000B-051-XL,,Color,Royal Blue,,Size,XL,,,,,,,,TRUE,,,,,,shopify,300,deny,105,g,TRUE,manual,,,,https://cdn.shopify.com/s/files/1/0746/6817/9644/files/000080_051_front.png?v=1779479450,,,,royal blue,,,,,,,,,,,,,,
,gildan-5000b-g5000b,,,,,,,,,,,,,,,,,,,,,,,,,,,,,,,,,,,https://cdn.shopify.com/s/files/1/0746/6817/9644/files/000080_051_back.png?v=1779479449,2,Gildan® 5000B — Royal Blue — back view,,,,,,,,,,,,,,,,,,,
,gildan-5000b-g5000b,,,,,,,,,,,,,,,,,,,,,,,,,,,,,,,,,,,https://cdn.shopify.com/s/files/1/0746/6817/9644/files/000080_051_left.png?v=1779479451,3,Gildan® 5000B — Royal Blue — left side view,,,,,,,,,,,,,,,,,,,
,gildan-5000b-g5000b,,,,,,,,,,,,,,,,,,,,,,,,,,,,,,,,,,,https://cdn.shopify.com/s/files/1/0746/6817/9644/files/000080_051_right.png?v=1779479454,4,Gildan® 5000B — Royal Blue — right side view,,,,,,,,,,,,,,,,,,,
,gildan-5000b-g5000b,,,,,,,,,,,,,,,,,,,,,,,,,,,,,,,,,,,https://cdn.shopify.com/s/files/1/0746/6817/9644/files/000080_051_neckline.png?v=1779479453,5,Gildan® 5000B — Royal Blue — neckline detail,,,,,,,,,,,,,,,,,,,
,gildan-5000b-g5000b,,,,,,,,,,,,,,,,,,,,,,,,,,,,,,,,,,,https://cdn.shopify.com/s/files/1/0746/6817/9644/files/000080_051_fabric.png?v=1779479450,6,Gildan® 5000B — Royal Blue — fabric detail,,,,,,,,,,,,,,,,,,,
,gildan-5000b-g5000b,,,,,,,,G5000B-098-XS,,Color,Daisy,,Size,XS,,,,,,,,TRUE,,,,,,shopify,300,deny,105,g,TRUE,manual,https://cdn.shopify.com/s/files/1/0746/6817/9644/files/000082_098_front_920fe9c8-0cde-4fbe-945c-41037a215e1a.jpg?v=1779479462,7,Gildan® 5000B — Daisy — front view,https://cdn.shopify.com/s/files/1/0746/6817/9644/files/000082_098_front_920fe9c8-0cde-4fbe-945c-41037a215e1a.jpg?v=1779479462,,,,daisy,,,,,,,,,,,,,,
,gildan-5000b-g5000b,,,,,,,,G5000B-098-S,,Color,Daisy,,Size,S,,,,,,,,TRUE,,,,,,shopify,300,deny,105,g,TRUE,manual,,,,https://cdn.shopify.com/s/files/1/0746/6817/9644/files/000082_098_front_920fe9c8-0cde-4fbe-945c-41037a215e1a.jpg?v=1779479462,,,,daisy,,,,,,,,,,,,,,
,gildan-5000b-g5000b,,,,,,,,G5000B-098-M,,Color,Daisy,,Size,M,,,,,,,,TRUE,,,,,,shopify,300,deny,105,g,TRUE,manual,,,,https://cdn.shopify.com/s/files/1/0746/6817/9644/files/000082_098_front_920fe9c8-0cde-4fbe-945c-41037a215e1a.jpg?v=1779479462,,,,daisy,,,,,,,,,,,,,,
,gildan-5000b-g5000b,,,,,,,,G5000B-098-L,,Color,Daisy,,Size,L,,,,,,,,TRUE,,,,,,shopify,300,deny,105,g,TRUE,manual,,,,https://cdn.shopify.com/s/files/1/0746/6817/9644/files/000082_098_front_920fe9c8-0cde-4fbe-945c-41037a215e1a.jpg?v=1779479462,,,,daisy,,,,,,,,,,,,,,
,gildan-5000b-g5000b,,,,,,,,G5000B-098-XL,,Color,Daisy,,Size,XL,,,,,,,,TRUE,,,,,,shopify,300,deny,105,g,TRUE,manual,,,,https://cdn.shopify.com/s/files/1/0746/6817/9644/files/000082_098_front_920fe9c8-0cde-4fbe-945c-41037a215e1a.jpg?v=1779479462,,,,daisy,,,,,,,,,,,,,,
,gildan-5000b-g5000b,,,,,,,,,,,,,,,,,,,,,,,,,,,,,,,,,,,https://cdn.shopify.com/s/files/1/0746/6817/9644/files/000082_098_back_f77d5e0a-0dd3-4f76-a9eb-4db4e2bd664a.jpg?v=1779479460,8,Gildan® 5000B — Daisy — back view,,,,,,,,,,,,,,,,,,,
,gildan-5000b-g5000b,,,,,,,,,,,,,,,,,,,,,,,,,,,,,,,,,,,https://cdn.shopify.com/s/files/1/0746/6817/9644/files/000082_098_left_d73b56b2-105b-4c63-bbb5-2cc59c276dcd.jpg?v=1779479463,9,Gildan® 5000B — Daisy — left side view,,,,,,,,,,,,,,,,,,,
,gildan-5000b-g5000b,,,,,,,,,,,,,,,,,,,,,,,,,,,,,,,,,,,https://cdn.shopify.com/s/files/1/0746/6817/9644/files/000082_098_right_cc6d0289-87ad-4985-b56e-6b0f45625791.jpg?v=1779479464,10,Gildan® 5000B — Daisy — right side view,,,,,,,,,,,,,,,,,,,
,gildan-5000b-g5000b,,,,,,,,,,,,,,,,,,,,,,,,,,,,,,,,,,,https://cdn.shopify.com/s/files/1/0746/6817/9644/files/000082_098_neckline_b4db4228-7b30-4e9b-853a-fea9b9263761.jpg?v=1779479463,11,Gildan® 5000B — Daisy — neckline detail,,,,,,,,,,,,,,,,,,,
,gildan-5000b-g5000b,,,,,,,,,,,,,,,,,,,,,,,,,,,,,,,,,,,https://cdn.shopify.com/s/files/1/0746/6817/9644/files/000082_098_fabric_b1ff0b43-02fb-42bf-9c25-a55667f01825.jpg?v=1779479461,12,Gildan® 5000B — Daisy — fabric detail,,,,,,,,,,,,,,,,,,,
,gildan-5000b-g5000b,,,,,,,,G5000B-026-XS,,Color,Sapphire,,Size,XS,,,,,,,,TRUE,,,,,,shopify,300,deny,105,g,TRUE,manual,https://cdn.shopify.com/s/files/1/0746/6817/9644/files/000081_026_front_24aa53e7-2d78-4b0e-a367-c0577b9d61ec.jpg?v=1779479456,13,Gildan® 5000B — Sapphire — front view,https://cdn.shopify.com/s/files/1/0746/6817/9644/files/000081_026_front_24aa53e7-2d78-4b0e-a367-c0577b9d61ec.jpg?v=1779479456,,,,sapphire,,,,,,,,,,,,,,
,gildan-5000b-g5000b,,,,,,,,G5000B-026-S,,Color,Sapphire,,Size,S,,,,,,,,TRUE,,,,,,shopify,300,deny,105,g,TRUE,manual,,,,https://cdn.shopify.com/s/files/1/0746/6817/9644/files/000081_026_front_24aa53e7-2d78-4b0e-a367-c0577b9d61ec.jpg?v=1779479456,,,,sapphire,,,,,,,,,,,,,,
,gildan-5000b-g5000b,,,,,,,,G5000B-026-M,,Color,Sapphire,,Size,M,,,,,,,,TRUE,,,,,,shopify,300,deny,105,g,TRUE,manual,,,,https://cdn.shopify.com/s/files/1/0746/6817/9644/files/000081_026_front_24aa53e7-2d78-4b0e-a367-c0577b9d61ec.jpg?v=1779479456,,,,sapphire,,,,,,,,,,,,,,
,gildan-5000b-g5000b,,,,,,,,G5000B-026-L,,Color,Sapphire,,Size,L,,,,,,,,TRUE,,,,,,shopify,300,deny,105,g,TRUE,manual,,,,https://cdn.shopify.com/s/files/1/0746/6817/9644/files/000081_026_front_24aa53e7-2d78-4b0e-a367-c0577b9d61ec.jpg?v=1779479456,,,,sapphire,,,,,,,,,,,,,,
,gildan-5000b-g5000b,,,,,,,,G5000B-026-XL,,Color,Sapphire,,Size,XL,,,,,,,,TRUE,,,,,,shopify,300,deny,105,g,TRUE,manual,,,,https://cdn.shopify.com/s/files/1/0746/6817/9644/files/000081_026_front_24aa53e7-2d78-4b0e-a367-c0577b9d61ec.jpg?v=1779479456,,,,sapphire,,,,,,,,,,,,,,
,gildan-5000b-g5000b,,,,,,,,,,,,,,,,,,,,,,,,,,,,,,,,,,,https://cdn.shopify.com/s/files/1/0746/6817/9644/files/000081_026_back_801ba1f7-0324-4d8d-a8ff-82d1bfb834bb.jpg?v=1779479454,14,Gildan® 5000B — Sapphire — back view,,,,,,,,,,,,,,,,,,,
,gildan-5000b-g5000b,,,,,,,,,,,,,,,,,,,,,,,,,,,,,,,,,,,https://cdn.shopify.com/s/files/1/0746/6817/9644/files/000081_026_left_bfa0482a-59c6-4725-a91e-93d8e8876d5d.jpg?v=1779479457,15,Gildan® 5000B — Sapphire — left side view,,,,,,,,,,,,,,,,,,,
,gildan-5000b-g5000b,,,,,,,,,,,,,,,,,,,,,,,,,,,,,,,,,,,https://cdn.shopify.com/s/files/1/0746/6817/9644/files/000081_026_right_bd2d19bf-c898-437a-9371-23eceda4af29.jpg?v=1779479460,16,Gildan® 5000B — Sapphire — right side view,,,,,,,,,,,,,,,,,,,
,gildan-5000b-g5000b,,,,,,,,,,,,,,,,,,,,,,,,,,,,,,,,,,,https://cdn.shopify.com/s/files/1/0746/6817/9644/files/000081_026_neckline_56e95cc7-0a15-4299-af7d-edfabff946c7.jpg?v=1779479458,17,Gildan® 5000B — Sapphire — neckline detail,,,,,,,,,,,,,,,,,,,
,gildan-5000b-g5000b,,,,,,,,,,,,,,,,,,,,,,,,,,,,,,,,,,,https://cdn.shopify.com/s/files/1/0746/6817/9644/files/000081_026_fabric_28f800ea-199f-47cb-8553-5aec1ab0b789.jpg?v=1779479456,18,Gildan® 5000B — Sapphire — fabric detail,,,,,,,,,,,,,,,,,,,
,gildan-5000b-g5000b,,,,,,,,G5000B-030-XS,,Color,White,,Size,XS,,,,,,,,TRUE,,,,,,shopify,300,deny,105,g,TRUE,manual,https://cdn.shopify.com/s/files/1/0746/6817/9644/files/000007_030_front_c8801937-b987-4c74-931a-a788630ff2aa.jpg?v=1779478984,19,Gildan® 5000B — White — front view,https://cdn.shopify.com/s/files/1/0746/6817/9644/files/000007_030_front_c8801937-b987-4c74-931a-a788630ff2aa.jpg?v=1779478984,,,,white,,,,,,,,,,,,,,
,gildan-5000b-g5000b,,,,,,,,G5000B-030-S,,Color,White,,Size,S,,,,,,,,TRUE,,,,,,shopify,300,deny,105,g,TRUE,manual,,,,https://cdn.shopify.com/s/files/1/0746/6817/9644/files/000007_030_front_c8801937-b987-4c74-931a-a788630ff2aa.jpg?v=1779478984,,,,white,,,,,,,,,,,,,,
,gildan-5000b-g5000b,,,,,,,,G5000B-030-M,,Color,White,,Size,M,,,,,,,,TRUE,,,,,,shopify,300,deny,105,g,TRUE,manual,,,,https://cdn.shopify.com/s/files/1/0746/6817/9644/files/000007_030_front_c8801937-b987-4c74-931a-a788630ff2aa.jpg?v=1779478984,,,,white,,,,,,,,,,,,,,
,gildan-5000b-g5000b,,,,,,,,G5000B-030-L,,Color,White,,Size,L,,,,,,,,TRUE,,,,,,shopify,300,deny,105,g,TRUE,manual,,,,https://cdn.shopify.com/s/files/1/0746/6817/9644/files/000007_030_front_c8801937-b987-4c74-931a-a788630ff2aa.jpg?v=1779478984,,,,white,,,,,,,,,,,,,,
,gildan-5000b-g5000b,,,,,,,,G5000B-030-XL,,Color,White,,Size,XL,,,,,,,,TRUE,,,,,,shopify,300,deny,105,g,TRUE,manual,,,,https://cdn.shopify.com/s/files/1/0746/6817/9644/files/000007_030_front_c8801937-b987-4c74-931a-a788630ff2aa.jpg?v=1779478984,,,,white,,,,,,,,,,,,,,
,gildan-5000b-g5000b,,,,,,,,,,,,,,,,,,,,,,,,,,,,,,,,,,,https://cdn.shopify.com/s/files/1/0746/6817/9644/files/000007_030_back_da204922-4954-440d-bbac-b3780a367b4c.jpg?v=1779478983,20,Gildan® 5000B — White — back view,,,,,,,,,,,,,,,,,,,
,gildan-5000b-g5000b,,,,,,,,,,,,,,,,,,,,,,,,,,,,,,,,,,,https://cdn.shopify.com/s/files/1/0746/6817/9644/files/000007_030_left_9078741c-d483-467f-9ae6-b88522d2217c.jpg?v=1779478985,21,Gildan® 5000B — White — left side view,,,,,,,,,,,,,,,,,,,
,gildan-5000b-g5000b,,,,,,,,,,,,,,,,,,,,,,,,,,,,,,,,,,,https://cdn.shopify.com/s/files/1/0746/6817/9644/files/000007_030_right_91466d09-c294-41cf-98a5-777702ad99cb.jpg?v=1779478987,22,Gildan® 5000B — White — right side view,,,,,,,,,,,,,,,,,,,
,gildan-5000b-g5000b,,,,,,,,,,,,,,,,,,,,,,,,,,,,,,,,,,,https://cdn.shopify.com/s/files/1/0746/6817/9644/files/000007_030_neckline_7f121b30-d97e-4e0a-9121-b01317504f34.jpg?v=1779478985,23,Gildan® 5000B — White — neckline detail,,,,,,,,,,,,,,,,,,,
,gildan-5000b-g5000b,,,,,,,,,,,,,,,,,,,,,,,,,,,,,,,,,,,https://cdn.shopify.com/s/files/1/0746/6817/9644/files/000007_030_fabric_ad66ba02-23ea-44dd-8878-18876e00d916.jpg?v=1779478984,24,Gildan® 5000B — White — fabric detail,,,,,,,,,,,,,,,,,,,
,gildan-5000b-g5000b,,,,,,,,G5000B-032-XS,,Color,Navy,,Size,XS,,,,,,,,TRUE,,,,,,shopify,300,deny,105,g,TRUE,manual,https://cdn.shopify.com/s/files/1/0746/6817/9644/files/000077_032_front_0c019a3e-84b5-47b5-94a5-09ae58fae36a.jpg?v=1779479434,25,Gildan® 5000B — Navy — front view,https://cdn.shopify.com/s/files/1/0746/6817/9644/files/000077_032_front_0c019a3e-84b5-47b5-94a5-09ae58fae36a.jpg?v=1779479434,,,,navy,,,,,,,,,,,,,,
,gildan-5000b-g5000b,,,,,,,,G5000B-032-S,,Color,Navy,,Size,S,,,,,,,,TRUE,,,,,,shopify,300,deny,105,g,TRUE,manual,,,,https://cdn.shopify.com/s/files/1/0746/6817/9644/files/000077_032_front_0c019a3e-84b5-47b5-94a5-09ae58fae36a.jpg?v=1779479434,,,,navy,,,,,,,,,,,,,,
,gildan-5000b-g5000b,,,,,,,,G5000B-032-M,,Color,Navy,,Size,M,,,,,,,,TRUE,,,,,,shopify,300,deny,105,g,TRUE,manual,,,,https://cdn.shopify.com/s/files/1/0746/6817/9644/files/000077_032_front_0c019a3e-84b5-47b5-94a5-09ae58fae36a.jpg?v=1779479434,,,,navy,,,,,,,,,,,,,,
,gildan-5000b-g5000b,,,,,,,,G5000B-032-L,,Color,Navy,,Size,L,,,,,,,,TRUE,,,,,,shopify,300,deny,105,g,TRUE,manual,,,,https://cdn.shopify.com/s/files/1/0746/6817/9644/files/000077_032_front_0c019a3e-84b5-47b5-94a5-09ae58fae36a.jpg?v=1779479434,,,,navy,,,,,,,,,,,,,,
,gildan-5000b-g5000b,,,,,,,,G5000B-032-XL,,Color,Navy,,Size,XL,,,,,,,,TRUE,,,,,,shopify,300,deny,105,g,TRUE,manual,,,,https://cdn.shopify.com/s/files/1/0746/6817/9644/files/000077_032_front_0c019a3e-84b5-47b5-94a5-09ae58fae36a.jpg?v=1779479434,,,,navy,,,,,,,,,,,,,,
,gildan-5000b-g5000b,,,,,,,,,,,,,,,,,,,,,,,,,,,,,,,,,,,https://cdn.shopify.com/s/files/1/0746/6817/9644/files/000077_032_back_abf8ac70-fa75-4303-928a-caa87b623cde.jpg?v=1779479433,26,Gildan® 5000B — Navy — back view,,,,,,,,,,,,,,,,,,,
,gildan-5000b-g5000b,,,,,,,,,,,,,,,,,,,,,,,,,,,,,,,,,,,https://cdn.shopify.com/s/files/1/0746/6817/9644/files/000077_032_left_08daefd8-5cb1-4fd9-80a5-74cb76c541b9.jpg?v=1779479435,27,Gildan® 5000B — Navy — left side view,,,,,,,,,,,,,,,,,,,
,gildan-5000b-g5000b,,,,,,,,,,,,,,,,,,,,,,,,,,,,,,,,,,,https://cdn.shopify.com/s/files/1/0746/6817/9644/files/000077_032_right_ec2fc6d1-ad99-4bc2-a78e-e2b545019d97.jpg?v=1779479437,28,Gildan® 5000B — Navy — right side view,,,,,,,,,,,,,,,,,,,
,gildan-5000b-g5000b,,,,,,,,,,,,,,,,,,,,,,,,,,,,,,,,,,,https://cdn.shopify.com/s/files/1/0746/6817/9644/files/000077_032_neckline_a0c7bf55-979c-48e6-bdf4-5002ccce5f98.jpg?v=1779479435,29,Gildan® 5000B — Navy — neckline detail,,,,,,,,,,,,,,,,,,,
,gildan-5000b-g5000b,,,,,,,,,,,,,,,,,,,,,,,,,,,,,,,,,,,https://cdn.shopify.com/s/files/1/0746/6817/9644/files/000077_032_fabric_bd86dbbd-4b9d-46fd-a00a-0231cde84be0.jpg?v=1779479433,30,Gildan® 5000B — Navy — fabric detail,,,,,,,,,,,,,,,,,,,
,gildan-5000b-g5000b,,,,,,,,G5000B-036-XS,,Color,Black,,Size,XS,,,,,,,,TRUE,,,,,,shopify,300,deny,105,g,TRUE,manual,https://cdn.shopify.com/s/files/1/0746/6817/9644/files/000078_036_front_78fbb4fd-30e8-4de1-b24d-1233e56e6547.jpg?v=1779479440,31,Gildan® 5000B — Black — front view,https://cdn.shopify.com/s/files/1/0746/6817/9644/files/000078_036_front_78fbb4fd-30e8-4de1-b24d-1233e56e6547.jpg?v=1779479440,,,,black,,,,,,,,,,,,,,
,gildan-5000b-g5000b,,,,,,,,G5000B-036-S,,Color,Black,,Size,S,,,,,,,,TRUE,,,,,,shopify,300,deny,105,g,TRUE,manual,,,,https://cdn.shopify.com/s/files/1/0746/6817/9644/files/000078_036_front_78fbb4fd-30e8-4de1-b24d-1233e56e6547.jpg?v=1779479440,,,,black,,,,,,,,,,,,,,
,gildan-5000b-g5000b,,,,,,,,G5000B-036-M,,Color,Black,,Size,M,,,,,,,,TRUE,,,,,,shopify,300,deny,105,g,TRUE,manual,,,,https://cdn.shopify.com/s/files/1/0746/6817/9644/files/000078_036_front_78fbb4fd-30e8-4de1-b24d-1233e56e6547.jpg?v=1779479440,,,,black,,,,,,,,,,,,,,
,gildan-5000b-g5000b,,,,,,,,G5000B-036-L,,Color,Black,,Size,L,,,,,,,,TRUE,,,,,,shopify,300,deny,105,g,TRUE,manual,,,,https://cdn.shopify.com/s/files/1/0746/6817/9644/files/000078_036_front_78fbb4fd-30e8-4de1-b24d-1233e56e6547.jpg?v=1779479440,,,,black,,,,,,,,,,,,,,
,gildan-5000b-g5000b,,,,,,,,G5000B-036-XL,,Color,Black,,Size,XL,,,,,,,,TRUE,,,,,,shopify,300,deny,105,g,TRUE,manual,,,,https://cdn.shopify.com/s/files/1/0746/6817/9644/files/000078_036_front_78fbb4fd-30e8-4de1-b24d-1233e56e6547.jpg?v=1779479440,,,,black,,,,,,,,,,,,,,
,gildan-5000b-g5000b,,,,,,,,,,,,,,,,,,,,,,,,,,,,,,,,,,,https://cdn.shopify.com/s/files/1/0746/6817/9644/files/000078_036_back_63b21480-02c8-4a62-af07-2b99fba19db1.jpg?v=1779479437,32,Gildan® 5000B — Black — back view,,,,,,,,,,,,,,,,,,,
,gildan-5000b-g5000b,,,,,,,,,,,,,,,,,,,,,,,,,,,,,,,,,,,https://cdn.shopify.com/s/files/1/0746/6817/9644/files/000078_036_left_77e436da-6f67-455d-8dff-c21f79118282.jpg?v=1779479440,33,Gildan® 5000B — Black — left side view,,,,,,,,,,,,,,,,,,,
,gildan-5000b-g5000b,,,,,,,,,,,,,,,,,,,,,,,,,,,,,,,,,,,https://cdn.shopify.com/s/files/1/0746/6817/9644/files/000078_036_right_15ff5ac7-1d6f-484b-9f85-1a95d2794467.jpg?v=1779479442,34,Gildan® 5000B — Black — right side view,,,,,,,,,,,,,,,,,,,
,gildan-5000b-g5000b,,,,,,,,,,,,,,,,,,,,,,,,,,,,,,,,,,,https://cdn.shopify.com/s/files/1/0746/6817/9644/files/000078_036_neckline_35855caf-f572-427d-8178-89dbb90aafbf.jpg?v=1779479440,35,Gildan® 5000B — Black — neckline detail,,,,,,,,,,,,,,,,,,,
,gildan-5000b-g5000b,,,,,,,,,,,,,,,,,,,,,,,,,,,,,,,,,,,https://cdn.shopify.com/s/files/1/0746/6817/9644/files/000078_036_fabric_8e7dcb12-01f1-4b98-a169-62b860328523.jpg?v=1779479438,36,Gildan® 5000B — Black — fabric detail,,,,,,,,,,,,,,,,,,,
,gildan-5000b-g5000b,,,,,,,,G5000B-040-XS,,Color,Red,,Size,XS,,,,,,,,TRUE,,,,,,shopify,300,deny,105,g,TRUE,manual,https://cdn.shopify.com/s/files/1/0746/6817/9644/files/000079_040_front_69c39de6-a027-4161-a5f1-277f5ce45534.jpg?v=1779479444,37,Gildan® 5000B — Red — front view,https://cdn.shopify.com/s/files/1/0746/6817/9644/files/000079_040_front_69c39de6-a027-4161-a5f1-277f5ce45534.jpg?v=1779479444,,,,red,,,,,,,,,,,,,,
,gildan-5000b-g5000b,,,,,,,,G5000B-040-S,,Color,Red,,Size,S,,,,,,,,TRUE,,,,,,shopify,300,deny,105,g,TRUE,manual,,,,https://cdn.shopify.com/s/files/1/0746/6817/9644/files/000079_040_front_69c39de6-a027-4161-a5f1-277f5ce45534.jpg?v=1779479444,,,,red,,,,,,,,,,,,,,
,gildan-5000b-g5000b,,,,,,,,G5000B-040-M,,Color,Red,,Size,M,,,,,,,,TRUE,,,,,,shopify,300,deny,105,g,TRUE,manual,,,,https://cdn.shopify.com/s/files/1/0746/6817/9644/files/000079_040_front_69c39de6-a027-4161-a5f1-277f5ce45534.jpg?v=1779479444,,,,red,,,,,,,,,,,,,,
,gildan-5000b-g5000b,,,,,,,,G5000B-040-L,,Color,Red,,Size,L,,,,,,,,TRUE,,,,,,shopify,300,deny,105,g,TRUE,manual,,,,https://cdn.shopify.com/s/files/1/0746/6817/9644/files/000079_040_front_69c39de6-a027-4161-a5f1-277f5ce45534.jpg?v=1779479444,,,,red,,,,,,,,,,,,,,
,gildan-5000b-g5000b,,,,,,,,G5000B-040-XL,,Color,Red,,Size,XL,,,,,,,,TRUE,,,,,,shopify,300,deny,105,g,TRUE,manual,,,,https://cdn.shopify.com/s/files/1/0746/6817/9644/files/000079_040_front_69c39de6-a027-4161-a5f1-277f5ce45534.jpg?v=1779479444,,,,red,,,,,,,,,,,,,,
,gildan-5000b-g5000b,,,,,,,,,,,,,,,,,,,,,,,,,,,,,,,,,,,https://cdn.shopify.com/s/files/1/0746/6817/9644/files/000079_040_back_9d54aca6-16ac-4da3-ba63-95d1763ba099.jpg?v=1779479443,38,Gildan® 5000B — Red — back view,,,,,,,,,,,,,,,,,,,
,gildan-5000b-g5000b,,,,,,,,,,,,,,,,,,,,,,,,,,,,,,,,,,,https://cdn.shopify.com/s/files/1/0746/6817/9644/files/000079_040_left_9f0ae862-a856-4c0b-98e6-a606cc236061.jpg?v=1779479446,39,Gildan® 5000B — Red — left side view,,,,,,,,,,,,,,,,,,,
,gildan-5000b-g5000b,,,,,,,,,,,,,,,,,,,,,,,,,,,,,,,,,,,https://cdn.shopify.com/s/files/1/0746/6817/9644/files/000079_040_right_63b3b9a7-e619-4c81-acdd-9e7c634cef63.jpg?v=1779479447,40,Gildan® 5000B — Red — right side view,,,,,,,,,,,,,,,,,,,
,gildan-5000b-g5000b,,,,,,,,,,,,,,,,,,,,,,,,,,,,,,,,,,,https://cdn.shopify.com/s/files/1/0746/6817/9644/files/000079_040_neckline_a5eb5150-93dd-4de1-86ad-6dfac3fe4067.jpg?v=1779479447,41,Gildan® 5000B — Red — neckline detail,,,,,,,,,,,,,,,,,,,
,gildan-5000b-g5000b,,,,,,,,,,,,,,,,,,,,,,,,,,,,,,,,,,,https://cdn.shopify.com/s/files/1/0746/6817/9644/files/000079_040_fabric_27b4a5d2-f5bb-4096-aaba-fb5fab969dd8.jpg?v=1779479444,42,Gildan® 5000B — Red — fabric detail,,,,,,,,,,,,,,,,,,,
Gildan® 5400,gildan-5400-g5400,"<p>The G5400 gives you great year-round coverage. Made of 100% U.S Cotton, it features a classic fit and rib cuffs. This versatile fabric can be decorated with just about any ink, paint, embroidery, heat transfers, bleaching and tie dye.</p><ul><li>100% U.S. Cotton (Heather: 90/10 cotton/polyester)</li><li>Pre-shrunk for a lasting fit</li><li>Classic fit</li><li>Double-needle stitching throughout</li><li>Taped neck and shoulders</li><li>Tearaway label</li><li>Long-sleeve design for year-round wear</li></ul><h4>Size Chart (inches)</h4><table><thead><tr><th>Size</th><th>Chest</th><th>Body Length</th></tr></thead><tbody><tr><td>S</td><td>34–36</td><td>28</td></tr><tr><td>M</td><td>38–40</td><td>29</td></tr><tr><td>L</td><td>42–44</td><td>30</td></tr><tr><td>XL</td><td>46–48</td><td>31</td></tr><tr><td>2XL</td><td>50–52</td><td>32</td></tr><tr><td>3XL</td><td>54–56</td><td>33</td></tr><tr><td>4XL</td><td>58–60</td><td>34</td></tr><tr><td>5XL</td><td>62–64</td><td>35</td></tr></tbody></table>",Gildan,gid://shopify/TaxonomyCategory/aa-1-13-8,Long-Sleeve T-Shirt,"Long-Sleeve T-Shirt, Adult, Unisex, G5400, Crew Neck, Cotton, Classic Fit",TRUE,active,G5400-030-S,,Color,White,,Size,S,,,,,,,,TRUE,,,,,,shopify,300,deny,200,g,TRUE,manual,https://cdn.shopify.com/s/files/1/0746/6817/9644/files/000036_030_front_2adfdf8f-d3ed-4005-9be3-6ebb6ed11f30.jpg?v=1779479188,1,Gildan® 5400 — White — front view,https://cdn.shopify.com/s/files/1/0746/6817/9644/files/000036_030_front_2adfdf8f-d3ed-4005-9be3-6ebb6ed11f30.jpg?v=1779479188,,Gildan® 5400,"<p>The G5400 gives you great year-round coverage. Made of 100% U.S Cotton, it features a classic fit and rib cuffs. This versatile fabric can be decorated ",white,gid://shopify/TaxonomyCategory/aa-1-13-8,Unisex,Adult,G5400,,,new,,,,,,,Adult Long Sleeve T-Shirt
,gildan-5400-g5400,,,,,,,,G5400-030-M,,Color,White,,Size,M,,,,,,,,TRUE,,,,,,shopify,300,deny,200,g,TRUE,manual,,,,https://cdn.shopify.com/s/files/1/0746/6817/9644/files/000036_030_front_2adfdf8f-d3ed-4005-9be3-6ebb6ed11f30.jpg?v=1779479188,,,,white,,,,,,,,,,,,,,
,gildan-5400-g5400,,,,,,,,G5400-030-L,,Color,White,,Size,L,,,,,,,,TRUE,,,,,,shopify,300,deny,200,g,TRUE,manual,,,,https://cdn.shopify.com/s/files/1/0746/6817/9644/files/000036_030_front_2adfdf8f-d3ed-4005-9be3-6ebb6ed11f30.jpg?v=1779479188,,,,white,,,,,,,,,,,,,,
,gildan-5400-g5400,,,,,,,,G5400-030-XL,,Color,White,,Size,XL,,,,,,,,TRUE,,,,,,shopify,300,deny,200,g,TRUE,manual,,,,https://cdn.shopify.com/s/files/1/0746/6817/9644/files/000036_030_front_2adfdf8f-d3ed-4005-9be3-6ebb6ed11f30.jpg?v=1779479188,,,,white,,,,,,,,,,,,,,
,gildan-5400-g5400,,,,,,,,G5400-030-2XL,,Color,White,,Size,2XL,,,,,,,,TRUE,,,,,,shopify,300,deny,200,g,TRUE,manual,,,,https://cdn.shopify.com/s/files/1/0746/6817/9644/files/000036_030_front_2adfdf8f-d3ed-4005-9be3-6ebb6ed11f30.jpg?v=1779479188,,,,white,,,,,,,,,,,,,,
,gildan-5400-g5400,,,,,,,,G5400-030-3XL,,Color,White,,Size,3XL,,,,,,,,TRUE,,,,,,shopify,300,deny,200,g,TRUE,manual,,,,https://cdn.shopify.com/s/files/1/0746/6817/9644/files/000036_030_front_2adfdf8f-d3ed-4005-9be3-6ebb6ed11f30.jpg?v=1779479188,,,,white,,,,,,,,,,,,,,
,gildan-5400-g5400,,,,,,,,,,,,,,,,,,,,,,,,,,,,,,,,,,,https://cdn.shopify.com/s/files/1/0746/6817/9644/files/000036_030_back_4d7aea76-1563-483c-bb32-fa8e232e7c36.jpg?v=1779479185,2,Gildan® 5400 — White — back view,,,,,,,,,,,,,,,,,,,
,gildan-5400-g5400,,,,,,,,,,,,,,,,,,,,,,,,,,,,,,,,,,,https://cdn.shopify.com/s/files/1/0746/6817/9644/files/000036_030_left_51a82b03-59df-4f25-aea9-b44c5b40e925.jpg?v=1779479190,3,Gildan® 5400 — White — left side view,,,,,,,,,,,,,,,,,,,
,gildan-5400-g5400,,,,,,,,,,,,,,,,,,,,,,,,,,,,,,,,,,,https://cdn.shopify.com/s/files/1/0746/6817/9644/files/000036_030_right_be45bd64-fa25-4a41-8b38-25ea103419d8.jpg?v=1779479191,4,Gildan® 5400 — White — right side view,,,,,,,,,,,,,,,,,,,
,gildan-5400-g5400,,,,,,,,,,,,,,,,,,,,,,,,,,,,,,,,,,,https://cdn.shopify.com/s/files/1/0746/6817/9644/files/000036_030_neckline_2215ba0a-0d5d-458f-aef1-50048de24d42.jpg?v=1779479191,5,Gildan® 5400 — White — neckline detail,,,,,,,,,,,,,,,,,,,
,gildan-5400-g5400,,,,,,,,,,,,,,,,,,,,,,,,,,,,,,,,,,,https://cdn.shopify.com/s/files/1/0746/6817/9644/files/000036_030_fabric_fd5e01e0-c496-490b-8921-f0c7fa2a2da2.jpg?v=1779479188,6,Gildan® 5400 — White — fabric detail,,,,,,,,,,,,,,,,,,,
,gildan-5400-g5400,,,,,,,,,,,,,,,,,,,,,,,,,,,,,,,,,,,https://cdn.shopify.com/s/files/1/0746/6817/9644/files/000036_030_front_f_b4873a11-f0b9-4837-982f-839ecc7e1b9a.jpg?v=1779479188,7,Gildan® 5400 — White — front view (women's fit),,,,,,,,,,,,,,,,,,,
,gildan-5400-g5400,,,,,,,,,,,,,,,,,,,,,,,,,,,,,,,,,,,https://cdn.shopify.com/s/files/1/0746/6817/9644/files/000036_030_back_f_f38365a0-a848-4cbc-b36a-80a699912fb1.jpg?v=1779479186,8,Gildan® 5400 — White — back view (women's fit),,,,,,,,,,,,,,,,,,,
,gildan-5400-g5400,,,,,,,,G5400-032-S,,Color,Navy,,Size,S,,,,,,,,TRUE,,,,,,shopify,300,deny,200,g,TRUE,manual,https://cdn.shopify.com/s/files/1/0746/6817/9644/files/000037_032_front_5d5b7682-1ce0-4cad-ab7e-1b90371b9660.jpg?v=1779479195,9,Gildan® 5400 — Navy — front view,https://cdn.shopify.com/s/files/1/0746/6817/9644/files/000037_032_front_5d5b7682-1ce0-4cad-ab7e-1b90371b9660.jpg?v=1779479195,,,,navy,,,,,,,,,,,,,,
,gildan-5400-g5400,,,,,,,,G5400-032-M,,Color,Navy,,Size,M,,,,,,,,TRUE,,,,,,shopify,300,deny,200,g,TRUE,manual,,,,https://cdn.shopify.com/s/files/1/0746/6817/9644/files/000037_032_front_5d5b7682-1ce0-4cad-ab7e-1b90371b9660.jpg?v=1779479195,,,,navy,,,,,,,,,,,,,,
,gildan-5400-g5400,,,,,,,,G5400-032-L,,Color,Navy,,Size,L,,,,,,,,TRUE,,,,,,shopify,300,deny,200,g,TRUE,manual,,,,https://cdn.shopify.com/s/files/1/0746/6817/9644/files/000037_032_front_5d5b7682-1ce0-4cad-ab7e-1b90371b9660.jpg?v=1779479195,,,,navy,,,,,,,,,,,,,,
,gildan-5400-g5400,,,,,,,,G5400-032-XL,,Color,Navy,,Size,XL,,,,,,,,TRUE,,,,,,shopify,300,deny,200,g,TRUE,manual,,,,https://cdn.shopify.com/s/files/1/0746/6817/9644/files/000037_032_front_5d5b7682-1ce0-4cad-ab7e-1b90371b9660.jpg?v=1779479195,,,,navy,,,,,,,,,,,,,,
,gildan-5400-g5400,,,,,,,,G5400-032-2XL,,Color,Navy,,Size,2XL,,,,,,,,TRUE,,,,,,shopify,300,deny,200,g,TRUE,manual,,,,https://cdn.shopify.com/s/files/1/0746/6817/9644/files/000037_032_front_5d5b7682-1ce0-4cad-ab7e-1b90371b9660.jpg?v=1779479195,,,,navy,,,,,,,,,,,,,,
,gildan-5400-g5400,,,,,,,,G5400-032-3XL,,Color,Navy,,Size,3XL,,,,,,,,TRUE,,,,,,shopify,300,deny,200,g,TRUE,manual,,,,https://cdn.shopify.com/s/files/1/0746/6817/9644/files/000037_032_front_5d5b7682-1ce0-4cad-ab7e-1b90371b9660.jpg?v=1779479195,,,,navy,,,,,,,,,,,,,,
,gildan-5400-g5400,,,,,,,,,,,,,,,,,,,,,,,,,,,,,,,,,,,https://cdn.shopify.com/s/files/1/0746/6817/9644/files/000037_032_back_12a9a7ae-df9c-442b-85d4-47352c27f3d0.jpg?v=1779479192,10,Gildan® 5400 — Navy — back view,,,,,,,,,,,,,,,,,,,
,gildan-5400-g5400,,,,,,,,,,,,,,,,,,,,,,,,,,,,,,,,,,,https://cdn.shopify.com/s/files/1/0746/6817/9644/files/000037_032_left_4c30a87b-c524-472f-a899-7fc0d77ee676.jpg?v=1779479198,11,Gildan® 5400 — Navy — left side view,,,,,,,,,,,,,,,,,,,
,gildan-5400-g5400,,,,,,,,,,,,,,,,,,,,,,,,,,,,,,,,,,,https://cdn.shopify.com/s/files/1/0746/6817/9644/files/000037_032_right_a8c96cb1-0041-48e7-894d-a64f99b8b234.jpg?v=1779479198,12,Gildan® 5400 — Navy — right side view,,,,,,,,,,,,,,,,,,,
,gildan-5400-g5400,,,,,,,,,,,,,,,,,,,,,,,,,,,,,,,,,,,https://cdn.shopify.com/s/files/1/0746/6817/9644/files/000037_032_neckline_16436d39-f5e9-45e0-ad1b-eabe6cea00fc.jpg?v=1779479198,13,Gildan® 5400 — Navy — neckline detail,,,,,,,,,,,,,,,,,,,
,gildan-5400-g5400,,,,,,,,,,,,,,,,,,,,,,,,,,,,,,,,,,,https://cdn.shopify.com/s/files/1/0746/6817/9644/files/000037_032_fabric_b06ab07a-2d90-44fa-a374-382c4143305d.jpg?v=1779479195,14,Gildan® 5400 — Navy — fabric detail,,,,,,,,,,,,,,,,,,,
,gildan-5400-g5400,,,,,,,,,,,,,,,,,,,,,,,,,,,,,,,,,,,https://cdn.shopify.com/s/files/1/0746/6817/9644/files/000037_032_front_f_a8a6ae32-5005-4cd7-b122-fa367d855e5f.jpg?v=1779479196,15,Gildan® 5400 — Navy — front view (women's fit),,,,,,,,,,,,,,,,,,,
,gildan-5400-g5400,,,,,,,,,,,,,,,,,,,,,,,,,,,,,,,,,,,https://cdn.shopify.com/s/files/1/0746/6817/9644/files/000037_032_back_f_ef61131a-07cf-4a49-930f-bdba2a4cd827.jpg?v=1779479194,16,Gildan® 5400 — Navy — back view (women's fit),,,,,,,,,,,,,,,,,,,
,gildan-5400-g5400,,,,,,,,G5400-036-S,,Color,Black,,Size,S,,,,,,,,TRUE,,,,,,shopify,300,deny,200,g,TRUE,manual,https://cdn.shopify.com/s/files/1/0746/6817/9644/files/000038_036_front_559e3d6f-52d5-4d68-84d8-01039a3e22d2.jpg?v=1779479202,17,Gildan® 5400 — Black — front view,https://cdn.shopify.com/s/files/1/0746/6817/9644/files/000038_036_front_559e3d6f-52d5-4d68-84d8-01039a3e22d2.jpg?v=1779479202,,,,black,,,,,,,,,,,,,,
,gildan-5400-g5400,,,,,,,,G5400-036-M,,Color,Black,,Size,M,,,,,,,,TRUE,,,,,,shopify,300,deny,200,g,TRUE,manual,,,,https://cdn.shopify.com/s/files/1/0746/6817/9644/files/000038_036_front_559e3d6f-52d5-4d68-84d8-01039a3e22d2.jpg?v=1779479202,,,,black,,,,,,,,,,,,,,
,gildan-5400-g5400,,,,,,,,G5400-036-L,,Color,Black,,Size,L,,,,,,,,TRUE,,,,,,shopify,300,deny,200,g,TRUE,manual,,,,https://cdn.shopify.com/s/files/1/0746/6817/9644/files/000038_036_front_559e3d6f-52d5-4d68-84d8-01039a3e22d2.jpg?v=1779479202,,,,black,,,,,,,,,,,,,,
,gildan-5400-g5400,,,,,,,,G5400-036-XL,,Color,Black,,Size,XL,,,,,,,,TRUE,,,,,,shopify,300,deny,200,g,TRUE,manual,,,,https://cdn.shopify.com/s/files/1/0746/6817/9644/files/000038_036_front_559e3d6f-52d5-4d68-84d8-01039a3e22d2.jpg?v=1779479202,,,,black,,,,,,,,,,,,,,
,gildan-5400-g5400,,,,,,,,G5400-036-2XL,,Color,Black,,Size,2XL,,,,,,,,TRUE,,,,,,shopify,300,deny,200,g,TRUE,manual,,,,https://cdn.shopify.com/s/files/1/0746/6817/9644/files/000038_036_front_559e3d6f-52d5-4d68-84d8-01039a3e22d2.jpg?v=1779479202,,,,black,,,,,,,,,,,,,,
,gildan-5400-g5400,,,,,,,,G5400-036-3XL,,Color,Black,,Size,3XL,,,,,,,,TRUE,,,,,,shopify,300,deny,200,g,TRUE,manual,,,,https://cdn.shopify.com/s/files/1/0746/6817/9644/files/000038_036_front_559e3d6f-52d5-4d68-84d8-01039a3e22d2.jpg?v=1779479202,,,,black,,,,,,,,,,,,,,
,gildan-5400-g5400,,,,,,,,,,,,,,,,,,,,,,,,,,,,,,,,,,,https://cdn.shopify.com/s/files/1/0746/6817/9644/files/000038_036_back_4ab7c904-1ba1-4fc1-8b56-b10af753bae0.jpg?v=1779479200,18,Gildan® 5400 — Black — back view,,,,,,,,,,,,,,,,,,,
,gildan-5400-g5400,,,,,,,,,,,,,,,,,,,,,,,,,,,,,,,,,,,https://cdn.shopify.com/s/files/1/0746/6817/9644/files/000038_036_left_7162f501-3430-4315-941c-0a99404d964f.jpg?v=1779479203,19,Gildan® 5400 — Black — left side view,,,,,,,,,,,,,,,,,,,
,gildan-5400-g5400,,,,,,,,,,,,,,,,,,,,,,,,,,,,,,,,,,,https://cdn.shopify.com/s/files/1/0746/6817/9644/files/000038_036_right_179aab66-b4bc-435f-8855-cf6d6457a502.jpg?v=1779479206,20,Gildan® 5400 — Black — right side view,,,,,,,,,,,,,,,,,,,
,gildan-5400-g5400,,,,,,,,,,,,,,,,,,,,,,,,,,,,,,,,,,,https://cdn.shopify.com/s/files/1/0746/6817/9644/files/000038_036_neckline_a65a1634-5635-4fc5-b68f-47c8d1b57ecb.jpg?v=1779479205,21,Gildan® 5400 — Black — neckline detail,,,,,,,,,,,,,,,,,,,
,gildan-5400-g5400,,,,,,,,,,,,,,,,,,,,,,,,,,,,,,,,,,,https://cdn.shopify.com/s/files/1/0746/6817/9644/files/000038_036_fabric_a0b5d93d-7b45-43ce-906c-08f423f4fe84.jpg?v=1779479201,22,Gildan® 5400 — Black — fabric detail,,,,,,,,,,,,,,,,,,,
,gildan-5400-g5400,,,,,,,,,,,,,,,,,,,,,,,,,,,,,,,,,,,https://cdn.shopify.com/s/files/1/0746/6817/9644/files/000038_036_front_f_34702e50-8a80-4a37-9d13-a0f7b73f9678.jpg?v=1779479203,23,Gildan® 5400 — Black — front view (women's fit),,,,,,,,,,,,,,,,,,,
,gildan-5400-g5400,,,,,,,,,,,,,,,,,,,,,,,,,,,,,,,,,,,https://cdn.shopify.com/s/files/1/0746/6817/9644/files/000038_036_back_f_198f53d2-3dde-4d4c-93b5-badbe04a4ca2.jpg?v=1779479200,24,Gildan® 5400 — Black — back view (women's fit),,,,,,,,,,,,,,,,,,,
,gildan-5400-g5400,,,,,,,,G5400-040-S,,Color,Red,,Size,S,,,,,,,,TRUE,,,,,,shopify,300,deny,200,g,TRUE,manual,https://cdn.shopify.com/s/files/1/0746/6817/9644/files/000039_040_front_ee690d02-fa51-4e3f-baaf-eda24ce1cecd.jpg?v=1779479209,25,Gildan® 5400 — Red — front view,https://cdn.shopify.com/s/files/1/0746/6817/9644/files/000039_040_front_ee690d02-fa51-4e3f-baaf-eda24ce1cecd.jpg?v=1779479209,,,,red,,,,,,,,,,,,,,
,gildan-5400-g5400,,,,,,,,G5400-040-M,,Color,Red,,Size,M,,,,,,,,TRUE,,,,,,shopify,300,deny,200,g,TRUE,manual,,,,https://cdn.shopify.com/s/files/1/0746/6817/9644/files/000039_040_front_ee690d02-fa51-4e3f-baaf-eda24ce1cecd.jpg?v=1779479209,,,,red,,,,,,,,,,,,,,
,gildan-5400-g5400,,,,,,,,G5400-040-L,,Color,Red,,Size,L,,,,,,,,TRUE,,,,,,shopify,300,deny,200,g,TRUE,manual,,,,https://cdn.shopify.com/s/files/1/0746/6817/9644/files/000039_040_front_ee690d02-fa51-4e3f-baaf-eda24ce1cecd.jpg?v=1779479209,,,,red,,,,,,,,,,,,,,
,gildan-5400-g5400,,,,,,,,G5400-040-XL,,Color,Red,,Size,XL,,,,,,,,TRUE,,,,,,shopify,300,deny,200,g,TRUE,manual,,,,https://cdn.shopify.com/s/files/1/0746/6817/9644/files/000039_040_front_ee690d02-fa51-4e3f-baaf-eda24ce1cecd.jpg?v=1779479209,,,,red,,,,,,,,,,,,,,
,gildan-5400-g5400,,,,,,,,G5400-040-2XL,,Color,Red,,Size,2XL,,,,,,,,TRUE,,,,,,shopify,300,deny,200,g,TRUE,manual,,,,https://cdn.shopify.com/s/files/1/0746/6817/9644/files/000039_040_front_ee690d02-fa51-4e3f-baaf-eda24ce1cecd.jpg?v=1779479209,,,,red,,,,,,,,,,,,,,
,gildan-5400-g5400,,,,,,,,G5400-040-3XL,,Color,Red,,Size,3XL,,,,,,,,TRUE,,,,,,shopify,300,deny,200,g,TRUE,manual,,,,https://cdn.shopify.com/s/files/1/0746/6817/9644/files/000039_040_front_ee690d02-fa51-4e3f-baaf-eda24ce1cecd.jpg?v=1779479209,,,,red,,,,,,,,,,,,,,
,gildan-5400-g5400,,,,,,,,,,,,,,,,,,,,,,,,,,,,,,,,,,,https://cdn.shopify.com/s/files/1/0746/6817/9644/files/000039_040_back_d78efd89-40a5-43a4-8e31-c79fd38b8690.jpg?v=1779479206,26,Gildan® 5400 — Red — back view,,,,,,,,,,,,,,,,,,,
,gildan-5400-g5400,,,,,,,,,,,,,,,,,,,,,,,,,,,,,,,,,,,https://cdn.shopify.com/s/files/1/0746/6817/9644/files/000039_040_left_0e48fe5f-b244-48f8-8dad-7f82c0211b7d.jpg?v=1779479211,27,Gildan® 5400 — Red — left side view,,,,,,,,,,,,,,,,,,,
,gildan-5400-g5400,,,,,,,,,,,,,,,,,,,,,,,,,,,,,,,,,,,https://cdn.shopify.com/s/files/1/0746/6817/9644/files/000039_040_right_d102061a-c216-4f46-b1f2-00d74a399938.jpg?v=1779479213,28,Gildan® 5400 — Red — right side view,,,,,,,,,,,,,,,,,,,
,gildan-5400-g5400,,,,,,,,,,,,,,,,,,,,,,,,,,,,,,,,,,,https://cdn.shopify.com/s/files/1/0746/6817/9644/files/000039_040_neckline_afb497b9-b049-494a-a23f-0d0acad36def.jpg?v=1779479211,29,Gildan® 5400 — Red — neckline detail,,,,,,,,,,,,,,,,,,,
,gildan-5400-g5400,,,,,,,,,,,,,,,,,,,,,,,,,,,,,,,,,,,https://cdn.shopify.com/s/files/1/0746/6817/9644/files/000039_040_fabric_48d8448b-5c71-4996-9ce0-cf5364fe7505.jpg?v=1779479208,30,Gildan® 5400 — Red — fabric detail,,,,,,,,,,,,,,,,,,,
,gildan-5400-g5400,,,,,,,,,,,,,,,,,,,,,,,,,,,,,,,,,,,https://cdn.shopify.com/s/files/1/0746/6817/9644/files/000039_040_front_f_216c58aa-f608-4bd2-a267-dcfdf185002e.jpg?v=1779479210,31,Gildan® 5400 — Red — front view (women's fit),,,,,,,,,,,,,,,,,,,
,gildan-5400-g5400,,,,,,,,,,,,,,,,,,,,,,,,,,,,,,,,,,,https://cdn.shopify.com/s/files/1/0746/6817/9644/files/000039_040_back_f_00e50e8b-3b0f-43f7-8840-f49b740f8b15.jpg?v=1779479207,32,Gildan® 5400 — Red — back view (women's fit),,,,,,,,,,,,,,,,,,,
,gildan-5400-g5400,,,,,,,,G5400-051-S,,Color,Royal Blue,,Size,S,,,,,,,,TRUE,,,,,,shopify,300,deny,200,g,TRUE,manual,https://cdn.shopify.com/s/files/1/0746/6817/9644/files/000040_051_front.png?v=1779479217,33,Gildan® 5400 — Royal Blue — front view,https://cdn.shopify.com/s/files/1/0746/6817/9644/files/000040_051_front.png?v=1779479217,,,,royal blue,,,,,,,,,,,,,,
,gildan-5400-g5400,,,,,,,,G5400-051-M,,Color,Royal Blue,,Size,M,,,,,,,,TRUE,,,,,,shopify,300,deny,200,g,TRUE,manual,,,,https://cdn.shopify.com/s/files/1/0746/6817/9644/files/000040_051_front.png?v=1779479217,,,,royal blue,,,,,,,,,,,,,,
,gildan-5400-g5400,,,,,,,,G5400-051-L,,Color,Royal Blue,,Size,L,,,,,,,,TRUE,,,,,,shopify,300,deny,200,g,TRUE,manual,,,,https://cdn.shopify.com/s/files/1/0746/6817/9644/files/000040_051_front.png?v=1779479217,,,,royal blue,,,,,,,,,,,,,,
,gildan-5400-g5400,,,,,,,,G5400-051-XL,,Color,Royal Blue,,Size,XL,,,,,,,,TRUE,,,,,,shopify,300,deny,200,g,TRUE,manual,,,,https://cdn.shopify.com/s/files/1/0746/6817/9644/files/000040_051_front.png?v=1779479217,,,,royal blue,,,,,,,,,,,,,,
,gildan-5400-g5400,,,,,,,,G5400-051-2XL,,Color,Royal Blue,,Size,2XL,,,,,,,,TRUE,,,,,,shopify,300,deny,200,g,TRUE,manual,,,,https://cdn.shopify.com/s/files/1/0746/6817/9644/files/000040_051_front.png?v=1779479217,,,,royal blue,,,,,,,,,,,,,,
,gildan-5400-g5400,,,,,,,,G5400-051-3XL,,Color,Royal Blue,,Size,3XL,,,,,,,,TRUE,,,,,,shopify,300,deny,200,g,TRUE,manual,,,,https://cdn.shopify.com/s/files/1/0746/6817/9644/files/000040_051_front.png?v=1779479217,,,,royal blue,,,,,,,,,,,,,,
,gildan-5400-g5400,,,,,,,,,,,,,,,,,,,,,,,,,,,,,,,,,,,https://cdn.shopify.com/s/files/1/0746/6817/9644/files/000040_051_back.png?v=1779479213,34,Gildan® 5400 — Royal Blue — back view,,,,,,,,,,,,,,,,,,,
,gildan-5400-g5400,,,,,,,,,,,,,,,,,,,,,,,,,,,,,,,,,,,https://cdn.shopify.com/s/files/1/0746/6817/9644/files/000040_051_left.png?v=1779479218,35,Gildan® 5400 — Royal Blue — left side view,,,,,,,,,,,,,,,,,,,
,gildan-5400-g5400,,,,,,,,,,,,,,,,,,,,,,,,,,,,,,,,,,,https://cdn.shopify.com/s/files/1/0746/6817/9644/files/000040_051_right.png?v=1779479220,36,Gildan® 5400 — Royal Blue — right side view,,,,,,,,,,,,,,,,,,,
,gildan-5400-g5400,,,,,,,,,,,,,,,,,,,,,,,,,,,,,,,,,,,https://cdn.shopify.com/s/files/1/0746/6817/9644/files/000040_051_neckline.png?v=1779479220,37,Gildan® 5400 — Royal Blue — neckline detail,,,,,,,,,,,,,,,,,,,
,gildan-5400-g5400,,,,,,,,,,,,,,,,,,,,,,,,,,,,,,,,,,,https://cdn.shopify.com/s/files/1/0746/6817/9644/files/000040_051_fabric.png?v=1779479215,38,Gildan® 5400 — Royal Blue — fabric detail,,,,,,,,,,,,,,,,,,,
,gildan-5400-g5400,,,,,,,,,,,,,,,,,,,,,,,,,,,,,,,,,,,https://cdn.shopify.com/s/files/1/0746/6817/9644/files/000040_051_front_f.png?v=1779479217,39,Gildan® 5400 — Royal Blue — front view (women's fit),,,,,,,,,,,,,,,,,,,
,gildan-5400-g5400,,,,,,,,,,,,,,,,,,,,,,,,,,,,,,,,,,,https://cdn.shopify.com/s/files/1/0746/6817/9644/files/000040_051_back_f.png?v=1779479214,40,Gildan® 5400 — Royal Blue — back view (women's fit),,,,,,,,,,,,,,,,,,,
Gildan® 64000,gildan-64000-g64000,"<p>Made with soft ring-spun cotton, Softstyle’s high stitch density fabric offers a smooth printing surface. Features a narrow rib collar, taped neck and shoulders, and a seamless double-needle collar. Semi-fitted silhouette with side seams.</p><ul><li>Soft ring-spun cotton — high stitch density fabric</li><li>Semi-fitted silhouette with side seams</li><li>Narrow rib collar</li><li>Taped neck and shoulders</li><li>Seamless double-needle collar</li><li>Tearaway label</li></ul><h4>Size Chart (inches)</h4><table><thead><tr><th>Size</th><th>Chest</th><th>Body Length</th></tr></thead><tbody><tr><td>XS</td><td>31–33</td><td>27</td></tr><tr><td>S</td><td>34–36</td><td>28</td></tr><tr><td>M</td><td>38–40</td><td>29</td></tr><tr><td>L</td><td>42–44</td><td>30</td></tr><tr><td>XL</td><td>46–48</td><td>31</td></tr><tr><td>2XL</td><td>50–52</td><td>32</td></tr><tr><td>3XL</td><td>54–56</td><td>33</td></tr><tr><td>4XL</td><td>58–60</td><td>34</td></tr><tr><td>5XL</td><td>62–64</td><td>35</td></tr></tbody></table>",Gildan,gid://shopify/TaxonomyCategory/aa-1-13-8,T-Shirt,"T-Shirt, Adult, Unisex, G64000, Crew Neck, Cotton, Fitted",TRUE,active,G64000-032-XS,,Color,Navy,,Size,XS,,,,,,,,TRUE,,,,,,shopify,300,deny,150,g,TRUE,manual,https://cdn.shopify.com/s/files/1/0746/6817/9644/files/000051_032_front_49262fd6-a1e6-4743-be1a-1283b3bd2387.jpg?v=1779479299,1,Gildan® 64000 — Navy — front view,https://cdn.shopify.com/s/files/1/0746/6817/9644/files/000051_032_front_49262fd6-a1e6-4743-be1a-1283b3bd2387.jpg?v=1779479299,,Gildan® 64000,"<p>Made with soft ring-spun cotton, Softstyle’s high stitch density fabric offers a smooth printing surface. Features a narrow rib collar, taped neck and s",navy,gid://shopify/TaxonomyCategory/aa-1-13-8,Unisex,Adult,G64000,,,new,,,,,,,Adult T-Shirt
,gildan-64000-g64000,,,,,,,,G64000-032-S,,Color,Navy,,Size,S,,,,,,,,TRUE,,,,,,shopify,300,deny,150,g,TRUE,manual,,,,https://cdn.shopify.com/s/files/1/0746/6817/9644/files/000051_032_front_49262fd6-a1e6-4743-be1a-1283b3bd2387.jpg?v=1779479299,,,,navy,,,,,,,,,,,,,,
,gildan-64000-g64000,,,,,,,,G64000-032-M,,Color,Navy,,Size,M,,,,,,,,TRUE,,,,,,shopify,300,deny,150,g,TRUE,manual,,,,https://cdn.shopify.com/s/files/1/0746/6817/9644/files/000051_032_front_49262fd6-a1e6-4743-be1a-1283b3bd2387.jpg?v=1779479299,,,,navy,,,,,,,,,,,,,,
,gildan-64000-g64000,,,,,,,,G64000-032-L,,Color,Navy,,Size,L,,,,,,,,TRUE,,,,,,shopify,300,deny,150,g,TRUE,manual,,,,https://cdn.shopify.com/s/files/1/0746/6817/9644/files/000051_032_front_49262fd6-a1e6-4743-be1a-1283b3bd2387.jpg?v=1779479299,,,,navy,,,,,,,,,,,,,,
,gildan-64000-g64000,,,,,,,,G64000-032-XL,,Color,Navy,,Size,XL,,,,,,,,TRUE,,,,,,shopify,300,deny,150,g,TRUE,manual,,,,https://cdn.shopify.com/s/files/1/0746/6817/9644/files/000051_032_front_49262fd6-a1e6-4743-be1a-1283b3bd2387.jpg?v=1779479299,,,,navy,,,,,,,,,,,,,,
,gildan-64000-g64000,,,,,,,,G64000-032-2XL,,Color,Navy,,Size,2XL,,,,,,,,TRUE,,,,,,shopify,300,deny,150,g,TRUE,manual,,,,https://cdn.shopify.com/s/files/1/0746/6817/9644/files/000051_032_front_49262fd6-a1e6-4743-be1a-1283b3bd2387.jpg?v=1779479299,,,,navy,,,,,,,,,,,,,,
,gildan-64000-g64000,,,,,,,,G64000-032-3XL,,Color,Navy,,Size,3XL,,,,,,,,TRUE,,,,,,shopify,300,deny,150,g,TRUE,manual,,,,https://cdn.shopify.com/s/files/1/0746/6817/9644/files/000051_032_front_49262fd6-a1e6-4743-be1a-1283b3bd2387.jpg?v=1779479299,,,,navy,,,,,,,,,,,,,,
,gildan-64000-g64000,,,,,,,,G64000-032-4XL,,Color,Navy,,Size,4XL,,,,,,,,TRUE,,,,,,shopify,300,deny,150,g,TRUE,manual,,,,https://cdn.shopify.com/s/files/1/0746/6817/9644/files/000051_032_front_49262fd6-a1e6-4743-be1a-1283b3bd2387.jpg?v=1779479299,,,,navy,,,,,,,,,,,,,,
,gildan-64000-g64000,,,,,,,,G64000-032-5XL,,Color,Navy,,Size,5XL,,,,,,,,TRUE,,,,,,shopify,300,deny,150,g,TRUE,manual,,,,https://cdn.shopify.com/s/files/1/0746/6817/9644/files/000051_032_front_49262fd6-a1e6-4743-be1a-1283b3bd2387.jpg?v=1779479299,,,,navy,,,,,,,,,,,,,,
,gildan-64000-g64000,,,,,,,,,,,,,,,,,,,,,,,,,,,,,,,,,,,https://cdn.shopify.com/s/files/1/0746/6817/9644/files/000051_032_back_f7240550-4f17-4d6d-9cb7-92ba4198e4c4.jpg?v=1779479296,2,Gildan® 64000 — Navy — back view,,,,,,,,,,,,,,,,,,,
,gildan-64000-g64000,,,,,,,,,,,,,,,,,,,,,,,,,,,,,,,,,,,https://cdn.shopify.com/s/files/1/0746/6817/9644/files/000051_032_left_b64efee9-d227-4e00-b4b2-a366c4a8a771.jpg?v=1779479301,3,Gildan® 64000 — Navy — left side view,,,,,,,,,,,,,,,,,,,
,gildan-64000-g64000,,,,,,,,,,,,,,,,,,,,,,,,,,,,,,,,,,,https://cdn.shopify.com/s/files/1/0746/6817/9644/files/000051_032_right_5ec2f5c1-f9f9-4189-9a1f-a9b6bf29f229.jpg?v=1779479301,4,Gildan® 64000 — Navy — right side view,,,,,,,,,,,,,,,,,,,
,gildan-64000-g64000,,,,,,,,,,,,,,,,,,,,,,,,,,,,,,,,,,,https://cdn.shopify.com/s/files/1/0746/6817/9644/files/000051_032_neckline_981ef5f0-7faf-4084-be10-3f6b1d815da3.jpg?v=1779479302,5,Gildan® 64000 — Navy — neckline detail,,,,,,,,,,,,,,,,,,,
,gildan-64000-g64000,,,,,,,,,,,,,,,,,,,,,,,,,,,,,,,,,,,https://cdn.shopify.com/s/files/1/0746/6817/9644/files/000051_032_fabric_8866f1dd-2d9a-4bb5-b817-535e4114e010.jpg?v=1779479298,6,Gildan® 64000 — Navy — fabric detail,,,,,,,,,,,,,,,,,,,
,gildan-64000-g64000,,,,,,,,,,,,,,,,,,,,,,,,,,,,,,,,,,,https://cdn.shopify.com/s/files/1/0746/6817/9644/files/000051_032_front_f_d374d668-a332-4b6a-98b5-359feff46b94.jpg?v=1779479299,7,Gildan® 64000 — Navy — front view (women's fit),,,,,,,,,,,,,,,,,,,
,gildan-64000-g64000,,,,,,,,,,,,,,,,,,,,,,,,,,,,,,,,,,,https://cdn.shopify.com/s/files/1/0746/6817/9644/files/000051_032_back_f_c9957636-effe-4bd3-b12a-3ff1d256063b.jpg?v=1779479296,8,Gildan® 64000 — Navy — back view (women's fit),,,,,,,,,,,,,,,,,,,
,gildan-64000-g64000,,,,,,,,G64000-036-XS,,Color,Black,,Size,XS,,,,,,,,TRUE,,,,,,shopify,300,deny,150,g,TRUE,manual,https://cdn.shopify.com/s/files/1/0746/6817/9644/files/000052_036_front_9058da40-91fd-405b-8d67-64c6f36a18df.jpg?v=1779479305,9,Gildan® 64000 — Black — front view,https://cdn.shopify.com/s/files/1/0746/6817/9644/files/000052_036_front_9058da40-91fd-405b-8d67-64c6f36a18df.jpg?v=1779479305,,,,black,,,,,,,,,,,,,,
,gildan-64000-g64000,,,,,,,,G64000-036-S,,Color,Black,,Size,S,,,,,,,,TRUE,,,,,,shopify,300,deny,150,g,TRUE,manual,,,,https://cdn.shopify.com/s/files/1/0746/6817/9644/files/000052_036_front_9058da40-91fd-405b-8d67-64c6f36a18df.jpg?v=1779479305,,,,black,,,,,,,,,,,,,,
,gildan-64000-g64000,,,,,,,,G64000-036-M,,Color,Black,,Size,M,,,,,,,,TRUE,,,,,,shopify,300,deny,150,g,TRUE,manual,,,,https://cdn.shopify.com/s/files/1/0746/6817/9644/files/000052_036_front_9058da40-91fd-405b-8d67-64c6f36a18df.jpg?v=1779479305,,,,black,,,,,,,,,,,,,,
,gildan-64000-g64000,,,,,,,,G64000-036-L,,Color,Black,,Size,L,,,,,,,,TRUE,,,,,,shopify,300,deny,150,g,TRUE,manual,,,,https://cdn.shopify.com/s/files/1/0746/6817/9644/files/000052_036_front_9058da40-91fd-405b-8d67-64c6f36a18df.jpg?v=1779479305,,,,black,,,,,,,,,,,,,,
,gildan-64000-g64000,,,,,,,,G64000-036-XL,,Color,Black,,Size,XL,,,,,,,,TRUE,,,,,,shopify,300,deny,150,g,TRUE,manual,,,,https://cdn.shopify.com/s/files/1/0746/6817/9644/files/000052_036_front_9058da40-91fd-405b-8d67-64c6f36a18df.jpg?v=1779479305,,,,black,,,,,,,,,,,,,,
,gildan-64000-g64000,,,,,,,,G64000-036-2XL,,Color,Black,,Size,2XL,,,,,,,,TRUE,,,,,,shopify,300,deny,150,g,TRUE,manual,,,,https://cdn.shopify.com/s/files/1/0746/6817/9644/files/000052_036_front_9058da40-91fd-405b-8d67-64c6f36a18df.jpg?v=1779479305,,,,black,,,,,,,,,,,,,,
,gildan-64000-g64000,,,,,,,,G64000-036-3XL,,Color,Black,,Size,3XL,,,,,,,,TRUE,,,,,,shopify,300,deny,150,g,TRUE,manual,,,,https://cdn.shopify.com/s/files/1/0746/6817/9644/files/000052_036_front_9058da40-91fd-405b-8d67-64c6f36a18df.jpg?v=1779479305,,,,black,,,,,,,,,,,,,,
,gildan-64000-g64000,,,,,,,,G64000-036-4XL,,Color,Black,,Size,4XL,,,,,,,,TRUE,,,,,,shopify,300,deny,150,g,TRUE,manual,,,,https://cdn.shopify.com/s/files/1/0746/6817/9644/files/000052_036_front_9058da40-91fd-405b-8d67-64c6f36a18df.jpg?v=1779479305,,,,black,,,,,,,,,,,,,,
,gildan-64000-g64000,,,,,,,,G64000-036-5XL,,Color,Black,,Size,5XL,,,,,,,,TRUE,,,,,,shopify,300,deny,150,g,TRUE,manual,,,,https://cdn.shopify.com/s/files/1/0746/6817/9644/files/000052_036_front_9058da40-91fd-405b-8d67-64c6f36a18df.jpg?v=1779479305,,,,black,,,,,,,,,,,,,,
,gildan-64000-g64000,,,,,,,,,,,,,,,,,,,,,,,,,,,,,,,,,,,https://cdn.shopify.com/s/files/1/0746/6817/9644/files/000052_036_back_ccb36e27-31a4-43a4-8594-ac980375ca31.jpg?v=1779479303,10,Gildan® 64000 — Black — back view,,,,,,,,,,,,,,,,,,,
,gildan-64000-g64000,,,,,,,,,,,,,,,,,,,,,,,,,,,,,,,,,,,https://cdn.shopify.com/s/files/1/0746/6817/9644/files/000052_036_left_cb397f5b-8cd2-4e01-bdea-d18a64774879.jpg?v=1779479307,11,Gildan® 64000 — Black — left side view,,,,,,,,,,,,,,,,,,,
,gildan-64000-g64000,,,,,,,,,,,,,,,,,,,,,,,,,,,,,,,,,,,https://cdn.shopify.com/s/files/1/0746/6817/9644/files/000052_036_right_9301114c-4b0c-4b0d-a629-503ed42c78c2.jpg?v=1779479309,12,Gildan® 64000 — Black — right side view,,,,,,,,,,,,,,,,,,,
,gildan-64000-g64000,,,,,,,,,,,,,,,,,,,,,,,,,,,,,,,,,,,https://cdn.shopify.com/s/files/1/0746/6817/9644/files/000052_036_neckline_9e2abd6a-39e9-43e3-a759-291b3b24b262.jpg?v=1779479309,13,Gildan® 64000 — Black — neckline detail,,,,,,,,,,,,,,,,,,,
,gildan-64000-g64000,,,,,,,,,,,,,,,,,,,,,,,,,,,,,,,,,,,https://cdn.shopify.com/s/files/1/0746/6817/9644/files/000052_036_fabric_eb90a288-47fd-4a7b-9295-ffd3dba2d717.jpg?v=1779479303,14,Gildan® 64000 — Black — fabric detail,,,,,,,,,,,,,,,,,,,
,gildan-64000-g64000,,,,,,,,,,,,,,,,,,,,,,,,,,,,,,,,,,,https://cdn.shopify.com/s/files/1/0746/6817/9644/files/000052_036_front_f_3be90acb-0691-4208-88ab-d82ce1f4f970.jpg?v=1779479306,15,Gildan® 64000 — Black — front view (women's fit),,,,,,,,,,,,,,,,,,,
,gildan-64000-g64000,,,,,,,,,,,,,,,,,,,,,,,,,,,,,,,,,,,https://cdn.shopify.com/s/files/1/0746/6817/9644/files/000052_036_back_f_e444e216-1420-48ec-825a-3f75e2aaad19.jpg?v=1779479304,16,Gildan® 64000 — Black — back view (women's fit),,,,,,,,,,,,,,,,,,,
,gildan-64000-g64000,,,,,,,,G64000-040-XS,,Color,Red,,Size,XS,,,,,,,,TRUE,,,,,,shopify,300,deny,150,g,TRUE,manual,https://cdn.shopify.com/s/files/1/0746/6817/9644/files/000053_040_front_d7806237-eb1f-4b86-be77-650a45eb47a0.jpg?v=1779479313,17,Gildan® 64000 — Red — front view,https://cdn.shopify.com/s/files/1/0746/6817/9644/files/000053_040_front_d7806237-eb1f-4b86-be77-650a45eb47a0.jpg?v=1779479313,,,,red,,,,,,,,,,,,,,
,gildan-64000-g64000,,,,,,,,G64000-040-S,,Color,Red,,Size,S,,,,,,,,TRUE,,,,,,shopify,300,deny,150,g,TRUE,manual,,,,https://cdn.shopify.com/s/files/1/0746/6817/9644/files/000053_040_front_d7806237-eb1f-4b86-be77-650a45eb47a0.jpg?v=1779479313,,,,red,,,,,,,,,,,,,,
,gildan-64000-g64000,,,,,,,,G64000-040-M,,Color,Red,,Size,M,,,,,,,,TRUE,,,,,,shopify,300,deny,150,g,TRUE,manual,,,,https://cdn.shopify.com/s/files/1/0746/6817/9644/files/000053_040_front_d7806237-eb1f-4b86-be77-650a45eb47a0.jpg?v=1779479313,,,,red,,,,,,,,,,,,,,
,gildan-64000-g64000,,,,,,,,G64000-040-L,,Color,Red,,Size,L,,,,,,,,TRUE,,,,,,shopify,300,deny,150,g,TRUE,manual,,,,https://cdn.shopify.com/s/files/1/0746/6817/9644/files/000053_040_front_d7806237-eb1f-4b86-be77-650a45eb47a0.jpg?v=1779479313,,,,red,,,,,,,,,,,,,,
,gildan-64000-g64000,,,,,,,,G64000-040-XL,,Color,Red,,Size,XL,,,,,,,,TRUE,,,,,,shopify,300,deny,150,g,TRUE,manual,,,,https://cdn.shopify.com/s/files/1/0746/6817/9644/files/000053_040_front_d7806237-eb1f-4b86-be77-650a45eb47a0.jpg?v=1779479313,,,,red,,,,,,,,,,,,,,
,gildan-64000-g64000,,,,,,,,G64000-040-2XL,,Color,Red,,Size,2XL,,,,,,,,TRUE,,,,,,shopify,300,deny,150,g,TRUE,manual,,,,https://cdn.shopify.com/s/files/1/0746/6817/9644/files/000053_040_front_d7806237-eb1f-4b86-be77-650a45eb47a0.jpg?v=1779479313,,,,red,,,,,,,,,,,,,,
,gildan-64000-g64000,,,,,,,,G64000-040-3XL,,Color,Red,,Size,3XL,,,,,,,,TRUE,,,,,,shopify,300,deny,150,g,TRUE,manual,,,,https://cdn.shopify.com/s/files/1/0746/6817/9644/files/000053_040_front_d7806237-eb1f-4b86-be77-650a45eb47a0.jpg?v=1779479313,,,,red,,,,,,,,,,,,,,
,gildan-64000-g64000,,,,,,,,G64000-040-4XL,,Color,Red,,Size,4XL,,,,,,,,TRUE,,,,,,shopify,300,deny,150,g,TRUE,manual,,,,https://cdn.shopify.com/s/files/1/0746/6817/9644/files/000053_040_front_d7806237-eb1f-4b86-be77-650a45eb47a0.jpg?v=1779479313,,,,red,,,,,,,,,,,,,,
,gildan-64000-g64000,,,,,,,,G64000-040-5XL,,Color,Red,,Size,5XL,,,,,,,,TRUE,,,,,,shopify,300,deny,150,g,TRUE,manual,,,,https://cdn.shopify.com/s/files/1/0746/6817/9644/files/000053_040_front_d7806237-eb1f-4b86-be77-650a45eb47a0.jpg?v=1779479313,,,,red,,,,,,,,,,,,,,
,gildan-64000-g64000,,,,,,,,,,,,,,,,,,,,,,,,,,,,,,,,,,,https://cdn.shopify.com/s/files/1/0746/6817/9644/files/000053_040_back_4be8b645-9ceb-4344-b5b6-5e8105026b3d.jpg?v=1779479310,18,Gildan® 64000 — Red — back view,,,,,,,,,,,,,,,,,,,
,gildan-64000-g64000,,,,,,,,,,,,,,,,,,,,,,,,,,,,,,,,,,,https://cdn.shopify.com/s/files/1/0746/6817/9644/files/000053_040_left_acf20554-962c-486d-93c8-b6937baa5f4c.jpg?v=1779479315,19,Gildan® 64000 — Red — left side view,,,,,,,,,,,,,,,,,,,
,gildan-64000-g64000,,,,,,,,,,,,,,,,,,,,,,,,,,,,,,,,,,,https://cdn.shopify.com/s/files/1/0746/6817/9644/files/000053_040_right_975a4329-8557-498f-aec2-e9e49d65753c.jpg?v=1779479318,20,Gildan® 64000 — Red — right side view,,,,,,,,,,,,,,,,,,,
,gildan-64000-g64000,,,,,,,,,,,,,,,,,,,,,,,,,,,,,,,,,,,https://cdn.shopify.com/s/files/1/0746/6817/9644/files/000053_040_neckline_55106864-4689-43e9-852c-dbd954616393.jpg?v=1779479315,21,Gildan® 64000 — Red — neckline detail,,,,,,,,,,,,,,,,,,,
,gildan-64000-g64000,,,,,,,,,,,,,,,,,,,,,,,,,,,,,,,,,,,https://cdn.shopify.com/s/files/1/0746/6817/9644/files/000053_040_fabric_f9eb724c-c483-4b87-a710-16e747e76e5d.jpg?v=1779479312,22,Gildan® 64000 — Red — fabric detail,,,,,,,,,,,,,,,,,,,
,gildan-64000-g64000,,,,,,,,,,,,,,,,,,,,,,,,,,,,,,,,,,,https://cdn.shopify.com/s/files/1/0746/6817/9644/files/000053_040_front_f_f10d03f5-8d2d-4d85-8c0b-0fd06da78863.jpg?v=1779479315,23,Gildan® 64000 — Red — front view (women's fit),,,,,,,,,,,,,,,,,,,
,gildan-64000-g64000,,,,,,,,,,,,,,,,,,,,,,,,,,,,,,,,,,,https://cdn.shopify.com/s/files/1/0746/6817/9644/files/000053_040_back_f_b2497462-64be-47ce-8278-c96092c6ef08.jpg?v=1779479312,24,Gildan® 64000 — Red — back view (women's fit),,,,,,,,,,,,,,,,,,,
,gildan-64000-g64000,,,,,,,,G64000-051-XS,,Color,Royal Blue,,Size,XS,,,,,,,,TRUE,,,,,,shopify,300,deny,150,g,TRUE,manual,https://cdn.shopify.com/s/files/1/0746/6817/9644/files/000054_051_front.png?v=1779479321,25,Gildan® 64000 — Royal Blue — front view,https://cdn.shopify.com/s/files/1/0746/6817/9644/files/000054_051_front.png?v=1779479321,,,,royal blue,,,,,,,,,,,,,,
,gildan-64000-g64000,,,,,,,,G64000-051-S,,Color,Royal Blue,,Size,S,,,,,,,,TRUE,,,,,,shopify,300,deny,150,g,TRUE,manual,,,,https://cdn.shopify.com/s/files/1/0746/6817/9644/files/000054_051_front.png?v=1779479321,,,,royal blue,,,,,,,,,,,,,,
,gildan-64000-g64000,,,,,,,,G64000-051-M,,Color,Royal Blue,,Size,M,,,,,,,,TRUE,,,,,,shopify,300,deny,150,g,TRUE,manual,,,,https://cdn.shopify.com/s/files/1/0746/6817/9644/files/000054_051_front.png?v=1779479321,,,,royal blue,,,,,,,,,,,,,,
,gildan-64000-g64000,,,,,,,,G64000-051-L,,Color,Royal Blue,,Size,L,,,,,,,,TRUE,,,,,,shopify,300,deny,150,g,TRUE,manual,,,,https://cdn.shopify.com/s/files/1/0746/6817/9644/files/000054_051_front.png?v=1779479321,,,,royal blue,,,,,,,,,,,,,,
,gildan-64000-g64000,,,,,,,,G64000-051-XL,,Color,Royal Blue,,Size,XL,,,,,,,,TRUE,,,,,,shopify,300,deny,150,g,TRUE,manual,,,,https://cdn.shopify.com/s/files/1/0746/6817/9644/files/000054_051_front.png?v=1779479321,,,,royal blue,,,,,,,,,,,,,,
,gildan-64000-g64000,,,,,,,,G64000-051-2XL,,Color,Royal Blue,,Size,2XL,,,,,,,,TRUE,,,,,,shopify,300,deny,150,g,TRUE,manual,,,,https://cdn.shopify.com/s/files/1/0746/6817/9644/files/000054_051_front.png?v=1779479321,,,,royal blue,,,,,,,,,,,,,,
,gildan-64000-g64000,,,,,,,,G64000-051-3XL,,Color,Royal Blue,,Size,3XL,,,,,,,,TRUE,,,,,,shopify,300,deny,150,g,TRUE,manual,,,,https://cdn.shopify.com/s/files/1/0746/6817/9644/files/000054_051_front.png?v=1779479321,,,,royal blue,,,,,,,,,,,,,,
,gildan-64000-g64000,,,,,,,,G64000-051-4XL,,Color,Royal Blue,,Size,4XL,,,,,,,,TRUE,,,,,,shopify,300,deny,150,g,TRUE,manual,,,,https://cdn.shopify.com/s/files/1/0746/6817/9644/files/000054_051_front.png?v=1779479321,,,,royal blue,,,,,,,,,,,,,,
,gildan-64000-g64000,,,,,,,,G64000-051-5XL,,Color,Royal Blue,,Size,5XL,,,,,,,,TRUE,,,,,,shopify,300,deny,150,g,TRUE,manual,,,,https://cdn.shopify.com/s/files/1/0746/6817/9644/files/000054_051_front.png?v=1779479321,,,,royal blue,,,,,,,,,,,,,,
,gildan-64000-g64000,,,,,,,,,,,,,,,,,,,,,,,,,,,,,,,,,,,https://cdn.shopify.com/s/files/1/0746/6817/9644/files/000054_051_back.png?v=1779479318,26,Gildan® 64000 — Royal Blue — back view,,,,,,,,,,,,,,,,,,,
,gildan-64000-g64000,,,,,,,,,,,,,,,,,,,,,,,,,,,,,,,,,,,https://cdn.shopify.com/s/files/1/0746/6817/9644/files/000054_051_left.png?v=1779479323,27,Gildan® 64000 — Royal Blue — left side view,,,,,,,,,,,,,,,,,,,
,gildan-64000-g64000,,,,,,,,,,,,,,,,,,,,,,,,,,,,,,,,,,,https://cdn.shopify.com/s/files/1/0746/6817/9644/files/000054_051_right.png?v=1779479325,28,Gildan® 64000 — Royal Blue — right side view,,,,,,,,,,,,,,,,,,,
,gildan-64000-g64000,,,,,,,,,,,,,,,,,,,,,,,,,,,,,,,,,,,https://cdn.shopify.com/s/files/1/0746/6817/9644/files/000054_051_neckline.png?v=1779479324,29,Gildan® 64000 — Royal Blue — neckline detail,,,,,,,,,,,,,,,,,,,
,gildan-64000-g64000,,,,,,,,,,,,,,,,,,,,,,,,,,,,,,,,,,,https://cdn.shopify.com/s/files/1/0746/6817/9644/files/000054_051_fabric.png?v=1779479321,30,Gildan® 64000 — Royal Blue — fabric detail,,,,,,,,,,,,,,,,,,,
,gildan-64000-g64000,,,,,,,,,,,,,,,,,,,,,,,,,,,,,,,,,,,https://cdn.shopify.com/s/files/1/0746/6817/9644/files/000054_051_front_f.png?v=1779479322,31,Gildan® 64000 — Royal Blue — front view (women's fit),,,,,,,,,,,,,,,,,,,
,gildan-64000-g64000,,,,,,,,,,,,,,,,,,,,,,,,,,,,,,,,,,,https://cdn.shopify.com/s/files/1/0746/6817/9644/files/000054_051_back_f.png?v=1779479318,32,Gildan® 64000 — Royal Blue — back view (women's fit),,,,,,,,,,,,,,,,,,,
,gildan-64000-g64000,,,,,,,,G64000-098-XS,,Color,Daisy,,Size,XS,,,,,,,,TRUE,,,,,,shopify,300,deny,150,g,TRUE,manual,https://cdn.shopify.com/s/files/1/0746/6817/9644/files/000056_098_front_033f1874-8bab-4d2c-94fe-6de34a46aac0.jpg?v=1779479337,33,Gildan® 64000 — Daisy — front view,https://cdn.shopify.com/s/files/1/0746/6817/9644/files/000056_098_front_033f1874-8bab-4d2c-94fe-6de34a46aac0.jpg?v=1779479337,,,,daisy,,,,,,,,,,,,,,
,gildan-64000-g64000,,,,,,,,G64000-098-S,,Color,Daisy,,Size,S,,,,,,,,TRUE,,,,,,shopify,300,deny,150,g,TRUE,manual,,,,https://cdn.shopify.com/s/files/1/0746/6817/9644/files/000056_098_front_033f1874-8bab-4d2c-94fe-6de34a46aac0.jpg?v=1779479337,,,,daisy,,,,,,,,,,,,,,
,gildan-64000-g64000,,,,,,,,G64000-098-M,,Color,Daisy,,Size,M,,,,,,,,TRUE,,,,,,shopify,300,deny,150,g,TRUE,manual,,,,https://cdn.shopify.com/s/files/1/0746/6817/9644/files/000056_098_front_033f1874-8bab-4d2c-94fe-6de34a46aac0.jpg?v=1779479337,,,,daisy,,,,,,,,,,,,,,
,gildan-64000-g64000,,,,,,,,G64000-098-L,,Color,Daisy,,Size,L,,,,,,,,TRUE,,,,,,shopify,300,deny,150,g,TRUE,manual,,,,https://cdn.shopify.com/s/files/1/0746/6817/9644/files/000056_098_front_033f1874-8bab-4d2c-94fe-6de34a46aac0.jpg?v=1779479337,,,,daisy,,,,,,,,,,,,,,
,gildan-64000-g64000,,,,,,,,G64000-098-XL,,Color,Daisy,,Size,XL,,,,,,,,TRUE,,,,,,shopify,300,deny,150,g,TRUE,manual,,,,https://cdn.shopify.com/s/files/1/0746/6817/9644/files/000056_098_front_033f1874-8bab-4d2c-94fe-6de34a46aac0.jpg?v=1779479337,,,,daisy,,,,,,,,,,,,,,
,gildan-64000-g64000,,,,,,,,G64000-098-2XL,,Color,Daisy,,Size,2XL,,,,,,,,TRUE,,,,,,shopify,300,deny,150,g,TRUE,manual,,,,https://cdn.shopify.com/s/files/1/0746/6817/9644/files/000056_098_front_033f1874-8bab-4d2c-94fe-6de34a46aac0.jpg?v=1779479337,,,,daisy,,,,,,,,,,,,,,
,gildan-64000-g64000,,,,,,,,G64000-098-3XL,,Color,Daisy,,Size,3XL,,,,,,,,TRUE,,,,,,shopify,300,deny,150,g,TRUE,manual,,,,https://cdn.shopify.com/s/files/1/0746/6817/9644/files/000056_098_front_033f1874-8bab-4d2c-94fe-6de34a46aac0.jpg?v=1779479337,,,,daisy,,,,,,,,,,,,,,
,gildan-64000-g64000,,,,,,,,G64000-098-4XL,,Color,Daisy,,Size,4XL,,,,,,,,TRUE,,,,,,shopify,300,deny,150,g,TRUE,manual,,,,https://cdn.shopify.com/s/files/1/0746/6817/9644/files/000056_098_front_033f1874-8bab-4d2c-94fe-6de34a46aac0.jpg?v=1779479337,,,,daisy,,,,,,,,,,,,,,
,gildan-64000-g64000,,,,,,,,G64000-098-5XL,,Color,Daisy,,Size,5XL,,,,,,,,TRUE,,,,,,shopify,300,deny,150,g,TRUE,manual,,,,https://cdn.shopify.com/s/files/1/0746/6817/9644/files/000056_098_front_033f1874-8bab-4d2c-94fe-6de34a46aac0.jpg?v=1779479337,,,,daisy,,,,,,,,,,,,,,
,gildan-64000-g64000,,,,,,,,,,,,,,,,,,,,,,,,,,,,,,,,,,,https://cdn.shopify.com/s/files/1/0746/6817/9644/files/000056_098_back_5fa4f69b-5a56-43bc-a798-2a223e038b3e.jpg?v=1779479333,34,Gildan® 64000 — Daisy — back view,,,,,,,,,,,,,,,,,,,
,gildan-64000-g64000,,,,,,,,,,,,,,,,,,,,,,,,,,,,,,,,,,,https://cdn.shopify.com/s/files/1/0746/6817/9644/files/000056_098_left_a6b2893b-3864-445e-83c9-39f08b78ab8b.jpg?v=1779479338,35,Gildan® 64000 — Daisy — left side view,,,,,,,,,,,,,,,,,,,
,gildan-64000-g64000,,,,,,,,,,,,,,,,,,,,,,,,,,,,,,,,,,,https://cdn.shopify.com/s/files/1/0746/6817/9644/files/000056_098_right_a7ad5610-4fef-44fd-b85d-854bf3a61423.jpg?v=1779479339,36,Gildan® 64000 — Daisy — right side view,,,,,,,,,,,,,,,,,,,
,gildan-64000-g64000,,,,,,,,,,,,,,,,,,,,,,,,,,,,,,,,,,,https://cdn.shopify.com/s/files/1/0746/6817/9644/files/000056_098_neckline_9e2c33b0-8934-47a6-be15-44ab178c9ba7.jpg?v=1779479340,37,Gildan® 64000 — Daisy — neckline detail,,,,,,,,,,,,,,,,,,,
,gildan-64000-g64000,,,,,,,,,,,,,,,,,,,,,,,,,,,,,,,,,,,https://cdn.shopify.com/s/files/1/0746/6817/9644/files/000056_098_fabric_55120e75-7dc3-4c8a-a1d7-70f53d764e3c.jpg?v=1779479335,38,Gildan® 64000 — Daisy — fabric detail,,,,,,,,,,,,,,,,,,,
,gildan-64000-g64000,,,,,,,,,,,,,,,,,,,,,,,,,,,,,,,,,,,https://cdn.shopify.com/s/files/1/0746/6817/9644/files/000056_098_front_f_05edc31f-f715-4c4b-a4d4-0fbcdedf59de.jpg?v=1779479337,39,Gildan® 64000 — Daisy — front view (women's fit),,,,,,,,,,,,,,,,,,,
,gildan-64000-g64000,,,,,,,,,,,,,,,,,,,,,,,,,,,,,,,,,,,https://cdn.shopify.com/s/files/1/0746/6817/9644/files/000056_098_back_f_5f5cc0e9-1101-48b4-90ad-016b10b3a5b4.jpg?v=1779479335,40,Gildan® 64000 — Daisy — back view (women's fit),,,,,,,,,,,,,,,,,,,
,gildan-64000-g64000,,,,,,,,G64000-194-XS,,Color,Cherry Red,,Size,XS,,,,,,,,TRUE,,,,,,shopify,300,deny,150,g,TRUE,manual,https://cdn.shopify.com/s/files/1/0746/6817/9644/files/000057_194_front_7ad70546-266d-47e3-b7db-2bd481248b0d.jpg?v=1779479344,41,Gildan® 64000 — Cherry Red — front view,https://cdn.shopify.com/s/files/1/0746/6817/9644/files/000057_194_front_7ad70546-266d-47e3-b7db-2bd481248b0d.jpg?v=1779479344,,,,cherry red,,,,,,,,,,,,,,
,gildan-64000-g64000,,,,,,,,G64000-194-S,,Color,Cherry Red,,Size,S,,,,,,,,TRUE,,,,,,shopify,300,deny,150,g,TRUE,manual,,,,https://cdn.shopify.com/s/files/1/0746/6817/9644/files/000057_194_front_7ad70546-266d-47e3-b7db-2bd481248b0d.jpg?v=1779479344,,,,cherry red,,,,,,,,,,,,,,
,gildan-64000-g64000,,,,,,,,G64000-194-M,,Color,Cherry Red,,Size,M,,,,,,,,TRUE,,,,,,shopify,300,deny,150,g,TRUE,manual,,,,https://cdn.shopify.com/s/files/1/0746/6817/9644/files/000057_194_front_7ad70546-266d-47e3-b7db-2bd481248b0d.jpg?v=1779479344,,,,cherry red,,,,,,,,,,,,,,
,gildan-64000-g64000,,,,,,,,G64000-194-L,,Color,Cherry Red,,Size,L,,,,,,,,TRUE,,,,,,shopify,300,deny,150,g,TRUE,manual,,,,https://cdn.shopify.com/s/files/1/0746/6817/9644/files/000057_194_front_7ad70546-266d-47e3-b7db-2bd481248b0d.jpg?v=1779479344,,,,cherry red,,,,,,,,,,,,,,
,gildan-64000-g64000,,,,,,,,G64000-194-XL,,Color,Cherry Red,,Size,XL,,,,,,,,TRUE,,,,,,shopify,300,deny,150,g,TRUE,manual,,,,https://cdn.shopify.com/s/files/1/0746/6817/9644/files/000057_194_front_7ad70546-266d-47e3-b7db-2bd481248b0d.jpg?v=1779479344,,,,cherry red,,,,,,,,,,,,,,
,gildan-64000-g64000,,,,,,,,G64000-194-2XL,,Color,Cherry Red,,Size,2XL,,,,,,,,TRUE,,,,,,shopify,300,deny,150,g,TRUE,manual,,,,https://cdn.shopify.com/s/files/1/0746/6817/9644/files/000057_194_front_7ad70546-266d-47e3-b7db-2bd481248b0d.jpg?v=1779479344,,,,cherry red,,,,,,,,,,,,,,
,gildan-64000-g64000,,,,,,,,G64000-194-3XL,,Color,Cherry Red,,Size,3XL,,,,,,,,TRUE,,,,,,shopify,300,deny,150,g,TRUE,manual,,,,https://cdn.shopify.com/s/files/1/0746/6817/9644/files/000057_194_front_7ad70546-266d-47e3-b7db-2bd481248b0d.jpg?v=1779479344,,,,cherry red,,,,,,,,,,,,,,
,gildan-64000-g64000,,,,,,,,G64000-194-4XL,,Color,Cherry Red,,Size,4XL,,,,,,,,TRUE,,,,,,shopify,300,deny,150,g,TRUE,manual,,,,https://cdn.shopify.com/s/files/1/0746/6817/9644/files/000057_194_front_7ad70546-266d-47e3-b7db-2bd481248b0d.jpg?v=1779479344,,,,cherry red,,,,,,,,,,,,,,
,gildan-64000-g64000,,,,,,,,G64000-194-5XL,,Color,Cherry Red,,Size,5XL,,,,,,,,TRUE,,,,,,shopify,300,deny,150,g,TRUE,manual,,,,https://cdn.shopify.com/s/files/1/0746/6817/9644/files/000057_194_front_7ad70546-266d-47e3-b7db-2bd481248b0d.jpg?v=1779479344,,,,cherry red,,,,,,,,,,,,,,
,gildan-64000-g64000,,,,,,,,,,,,,,,,,,,,,,,,,,,,,,,,,,,https://cdn.shopify.com/s/files/1/0746/6817/9644/files/000057_194_back_6c28f2e4-0ab8-4343-a4a0-a4074ddba070.jpg?v=1779479341,42,Gildan® 64000 — Cherry Red — back view,,,,,,,,,,,,,,,,,,,
,gildan-64000-g64000,,,,,,,,,,,,,,,,,,,,,,,,,,,,,,,,,,,https://cdn.shopify.com/s/files/1/0746/6817/9644/files/000057_194_left_948f27aa-cfcc-4690-9f63-198b33735402.jpg?v=1779479346,43,Gildan® 64000 — Cherry Red — left side view,,,,,,,,,,,,,,,,,,,
,gildan-64000-g64000,,,,,,,,,,,,,,,,,,,,,,,,,,,,,,,,,,,https://cdn.shopify.com/s/files/1/0746/6817/9644/files/000057_194_right_de0eed95-4627-4976-a205-1d7593341e1a.jpg?v=1779479347,44,Gildan® 64000 — Cherry Red — right side view,,,,,,,,,,,,,,,,,,,
,gildan-64000-g64000,,,,,,,,,,,,,,,,,,,,,,,,,,,,,,,,,,,https://cdn.shopify.com/s/files/1/0746/6817/9644/files/000057_194_neckline_cc68f82e-fbd0-4c2c-a5e5-db0e172d6eee.jpg?v=1779479347,45,Gildan® 64000 — Cherry Red — neckline detail,,,,,,,,,,,,,,,,,,,
,gildan-64000-g64000,,,,,,,,,,,,,,,,,,,,,,,,,,,,,,,,,,,https://cdn.shopify.com/s/files/1/0746/6817/9644/files/000057_194_fabric_75af4fb0-b993-476c-ad2a-f921df123648.jpg?v=1779479343,46,Gildan® 64000 — Cherry Red — fabric detail,,,,,,,,,,,,,,,,,,,
,gildan-64000-g64000,,,,,,,,,,,,,,,,,,,,,,,,,,,,,,,,,,,https://cdn.shopify.com/s/files/1/0746/6817/9644/files/000057_194_front_f_3d0cc5af-b68b-404b-8321-934c73297058.jpg?v=1779479344,47,Gildan® 64000 — Cherry Red — front view (women's fit),,,,,,,,,,,,,,,,,,,
,gildan-64000-g64000,,,,,,,,,,,,,,,,,,,,,,,,,,,,,,,,,,,https://cdn.shopify.com/s/files/1/0746/6817/9644/files/000057_194_back_f_f1ab7530-9b0b-4ee2-8d60-c84a1c173a58.jpg?v=1779479341,48,Gildan® 64000 — Cherry Red — back view (women's fit),,,,,,,,,,,,,,,,,,,
,gildan-64000-g64000,,,,,,,,G64000-026-XS,,Color,Sapphire,,Size,XS,,,,,,,,TRUE,,,,,,shopify,300,deny,150,g,TRUE,manual,https://cdn.shopify.com/s/files/1/0746/6817/9644/files/000055_026_front_bc1b845e-c5ea-44fc-b3de-a6d02dde0950.jpg?v=1779479329,49,Gildan® 64000 — Sapphire — front view,https://cdn.shopify.com/s/files/1/0746/6817/9644/files/000055_026_front_bc1b845e-c5ea-44fc-b3de-a6d02dde0950.jpg?v=1779479329,,,,sapphire,,,,,,,,,,,,,,
,gildan-64000-g64000,,,,,,,,G64000-026-S,,Color,Sapphire,,Size,S,,,,,,,,TRUE,,,,,,shopify,300,deny,150,g,TRUE,manual,,,,https://cdn.shopify.com/s/files/1/0746/6817/9644/files/000055_026_front_bc1b845e-c5ea-44fc-b3de-a6d02dde0950.jpg?v=1779479329,,,,sapphire,,,,,,,,,,,,,,
,gildan-64000-g64000,,,,,,,,G64000-026-M,,Color,Sapphire,,Size,M,,,,,,,,TRUE,,,,,,shopify,300,deny,150,g,TRUE,manual,,,,https://cdn.shopify.com/s/files/1/0746/6817/9644/files/000055_026_front_bc1b845e-c5ea-44fc-b3de-a6d02dde0950.jpg?v=1779479329,,,,sapphire,,,,,,,,,,,,,,
,gildan-64000-g64000,,,,,,,,G64000-026-L,,Color,Sapphire,,Size,L,,,,,,,,TRUE,,,,,,shopify,300,deny,150,g,TRUE,manual,,,,https://cdn.shopify.com/s/files/1/0746/6817/9644/files/000055_026_front_bc1b845e-c5ea-44fc-b3de-a6d02dde0950.jpg?v=1779479329,,,,sapphire,,,,,,,,,,,,,,
,gildan-64000-g64000,,,,,,,,G64000-026-XL,,Color,Sapphire,,Size,XL,,,,,,,,TRUE,,,,,,shopify,300,deny,150,g,TRUE,manual,,,,https://cdn.shopify.com/s/files/1/0746/6817/9644/files/000055_026_front_bc1b845e-c5ea-44fc-b3de-a6d02dde0950.jpg?v=1779479329,,,,sapphire,,,,,,,,,,,,,,
,gildan-64000-g64000,,,,,,,,G64000-026-2XL,,Color,Sapphire,,Size,2XL,,,,,,,,TRUE,,,,,,shopify,300,deny,150,g,TRUE,manual,,,,https://cdn.shopify.com/s/files/1/0746/6817/9644/files/000055_026_front_bc1b845e-c5ea-44fc-b3de-a6d02dde0950.jpg?v=1779479329,,,,sapphire,,,,,,,,,,,,,,
,gildan-64000-g64000,,,,,,,,G64000-026-3XL,,Color,Sapphire,,Size,3XL,,,,,,,,TRUE,,,,,,shopify,300,deny,150,g,TRUE,manual,,,,https://cdn.shopify.com/s/files/1/0746/6817/9644/files/000055_026_front_bc1b845e-c5ea-44fc-b3de-a6d02dde0950.jpg?v=1779479329,,,,sapphire,,,,,,,,,,,,,,
,gildan-64000-g64000,,,,,,,,G64000-026-4XL,,Color,Sapphire,,Size,4XL,,,,,,,,TRUE,,,,,,shopify,300,deny,150,g,TRUE,manual,,,,https://cdn.shopify.com/s/files/1/0746/6817/9644/files/000055_026_front_bc1b845e-c5ea-44fc-b3de-a6d02dde0950.jpg?v=1779479329,,,,sapphire,,,,,,,,,,,,,,
,gildan-64000-g64000,,,,,,,,G64000-026-5XL,,Color,Sapphire,,Size,5XL,,,,,,,,TRUE,,,,,,shopify,300,deny,150,g,TRUE,manual,,,,https://cdn.shopify.com/s/files/1/0746/6817/9644/files/000055_026_front_bc1b845e-c5ea-44fc-b3de-a6d02dde0950.jpg?v=1779479329,,,,sapphire,,,,,,,,,,,,,,
,gildan-64000-g64000,,,,,,,,,,,,,,,,,,,,,,,,,,,,,,,,,,,https://cdn.shopify.com/s/files/1/0746/6817/9644/files/000055_026_back_fa78f50e-02f2-4ea0-8f7c-edd9369afdef.jpg?v=1779479326,50,Gildan® 64000 — Sapphire — back view,,,,,,,,,,,,,,,,,,,
,gildan-64000-g64000,,,,,,,,,,,,,,,,,,,,,,,,,,,,,,,,,,,https://cdn.shopify.com/s/files/1/0746/6817/9644/files/000055_026_left_dc334824-763d-41ab-8857-d2dc53e5b52e.jpg?v=1779479330,51,Gildan® 64000 — Sapphire — left side view,,,,,,,,,,,,,,,,,,,
,gildan-64000-g64000,,,,,,,,,,,,,,,,,,,,,,,,,,,,,,,,,,,https://cdn.shopify.com/s/files/1/0746/6817/9644/files/000055_026_right_ea059e23-6634-4d51-a4f0-4d17b674f211.jpg?v=1779479332,52,Gildan® 64000 — Sapphire — right side view,,,,,,,,,,,,,,,,,,,
,gildan-64000-g64000,,,,,,,,,,,,,,,,,,,,,,,,,,,,,,,,,,,https://cdn.shopify.com/s/files/1/0746/6817/9644/files/000055_026_neckline_ff5c2df9-f2bc-4cb2-9905-91b6d8045e57.jpg?v=1779479332,53,Gildan® 64000 — Sapphire — neckline detail,,,,,,,,,,,,,,,,,,,
,gildan-64000-g64000,,,,,,,,,,,,,,,,,,,,,,,,,,,,,,,,,,,https://cdn.shopify.com/s/files/1/0746/6817/9644/files/000055_026_fabric_2b2b2af4-a6c1-45ce-bc01-916c40031305.jpg?v=1779479328,54,Gildan® 64000 — Sapphire — fabric detail,,,,,,,,,,,,,,,,,,,
,gildan-64000-g64000,,,,,,,,,,,,,,,,,,,,,,,,,,,,,,,,,,,https://cdn.shopify.com/s/files/1/0746/6817/9644/files/000055_026_front_f_d3adffb5-9f14-4009-a690-3ff32f8fb701.jpg?v=1779479329,55,Gildan® 64000 — Sapphire — front view (women's fit),,,,,,,,,,,,,,,,,,,
,gildan-64000-g64000,,,,,,,,,,,,,,,,,,,,,,,,,,,,,,,,,,,https://cdn.shopify.com/s/files/1/0746/6817/9644/files/000055_026_back_f_b802c5b2-c592-4086-90d7-b1bfdfd0f100.jpg?v=1779479327,56,Gildan® 64000 — Sapphire — back view (women's fit),,,,,,,,,,,,,,,,,,,
,gildan-64000-g64000,,,,,,,,G64000-030-XS,,Color,White,,Size,XS,,,,,,,,TRUE,,,,,,shopify,300,deny,150,g,TRUE,manual,https://cdn.shopify.com/s/files/1/0746/6817/9644/files/000050_030_front_6424d33b-6eb9-42ac-9ec0-bfe56caa1c2d.jpg?v=1779479292,57,Gildan® 64000 — White — front view,https://cdn.shopify.com/s/files/1/0746/6817/9644/files/000050_030_front_6424d33b-6eb9-42ac-9ec0-bfe56caa1c2d.jpg?v=1779479292,,,,white,,,,,,,,,,,,,,
,gildan-64000-g64000,,,,,,,,G64000-030-S,,Color,White,,Size,S,,,,,,,,TRUE,,,,,,shopify,300,deny,150,g,TRUE,manual,,,,https://cdn.shopify.com/s/files/1/0746/6817/9644/files/000050_030_front_6424d33b-6eb9-42ac-9ec0-bfe56caa1c2d.jpg?v=1779479292,,,,white,,,,,,,,,,,,,,
,gildan-64000-g64000,,,,,,,,G64000-030-M,,Color,White,,Size,M,,,,,,,,TRUE,,,,,,shopify,300,deny,150,g,TRUE,manual,,,,https://cdn.shopify.com/s/files/1/0746/6817/9644/files/000050_030_front_6424d33b-6eb9-42ac-9ec0-bfe56caa1c2d.jpg?v=1779479292,,,,white,,,,,,,,,,,,,,
,gildan-64000-g64000,,,,,,,,G64000-030-L,,Color,White,,Size,L,,,,,,,,TRUE,,,,,,shopify,300,deny,150,g,TRUE,manual,,,,https://cdn.shopify.com/s/files/1/0746/6817/9644/files/000050_030_front_6424d33b-6eb9-42ac-9ec0-bfe56caa1c2d.jpg?v=1779479292,,,,white,,,,,,,,,,,,,,
,gildan-64000-g64000,,,,,,,,G64000-030-XL,,Color,White,,Size,XL,,,,,,,,TRUE,,,,,,shopify,300,deny,150,g,TRUE,manual,,,,https://cdn.shopify.com/s/files/1/0746/6817/9644/files/000050_030_front_6424d33b-6eb9-42ac-9ec0-bfe56caa1c2d.jpg?v=1779479292,,,,white,,,,,,,,,,,,,,
,gildan-64000-g64000,,,,,,,,G64000-030-2XL,,Color,White,,Size,2XL,,,,,,,,TRUE,,,,,,shopify,300,deny,150,g,TRUE,manual,,,,https://cdn.shopify.com/s/files/1/0746/6817/9644/files/000050_030_front_6424d33b-6eb9-42ac-9ec0-bfe56caa1c2d.jpg?v=1779479292,,,,white,,,,,,,,,,,,,,
,gildan-64000-g64000,,,,,,,,G64000-030-3XL,,Color,White,,Size,3XL,,,,,,,,TRUE,,,,,,shopify,300,deny,150,g,TRUE,manual,,,,https://cdn.shopify.com/s/files/1/0746/6817/9644/files/000050_030_front_6424d33b-6eb9-42ac-9ec0-bfe56caa1c2d.jpg?v=1779479292,,,,white,,,,,,,,,,,,,,
,gildan-64000-g64000,,,,,,,,G64000-030-4XL,,Color,White,,Size,4XL,,,,,,,,TRUE,,,,,,shopify,300,deny,150,g,TRUE,manual,,,,https://cdn.shopify.com/s/files/1/0746/6817/9644/files/000050_030_front_6424d33b-6eb9-42ac-9ec0-bfe56caa1c2d.jpg?v=1779479292,,,,white,,,,,,,,,,,,,,
,gildan-64000-g64000,,,,,,,,G64000-030-5XL,,Color,White,,Size,5XL,,,,,,,,TRUE,,,,,,shopify,300,deny,150,g,TRUE,manual,,,,https://cdn.shopify.com/s/files/1/0746/6817/9644/files/000050_030_front_6424d33b-6eb9-42ac-9ec0-bfe56caa1c2d.jpg?v=1779479292,,,,white,,,,,,,,,,,,,,
,gildan-64000-g64000,,,,,,,,,,,,,,,,,,,,,,,,,,,,,,,,,,,https://cdn.shopify.com/s/files/1/0746/6817/9644/files/000050_030_back_62ee8985-af13-4c49-a3cd-ea590774416a.jpg?v=1779479289,58,Gildan® 64000 — White — back view,,,,,,,,,,,,,,,,,,,
,gildan-64000-g64000,,,,,,,,,,,,,,,,,,,,,,,,,,,,,,,,,,,https://cdn.shopify.com/s/files/1/0746/6817/9644/files/000050_030_left_625ff4bc-96e5-40d5-b32e-985bd1504004.jpg?v=1779479293,59,Gildan® 64000 — White — left side view,,,,,,,,,,,,,,,,,,,
,gildan-64000-g64000,,,,,,,,,,,,,,,,,,,,,,,,,,,,,,,,,,,https://cdn.shopify.com/s/files/1/0746/6817/9644/files/000050_030_right_0da9cf9d-c25a-44eb-bcf2-f347bf95f3f2.jpg?v=1779479295,60,Gildan® 64000 — White — right side view,,,,,,,,,,,,,,,,,,,
,gildan-64000-g64000,,,,,,,,,,,,,,,,,,,,,,,,,,,,,,,,,,,https://cdn.shopify.com/s/files/1/0746/6817/9644/files/000050_030_neckline_ab04c31b-049a-41df-9f43-02c82d287cf1.jpg?v=1779479294,61,Gildan® 64000 — White — neckline detail,,,,,,,,,,,,,,,,,,,
,gildan-64000-g64000,,,,,,,,,,,,,,,,,,,,,,,,,,,,,,,,,,,https://cdn.shopify.com/s/files/1/0746/6817/9644/files/000050_030_fabric_003730e5-1994-4154-ace8-0f8dc4dc2ac0.jpg?v=1779479291,62,Gildan® 64000 — White — fabric detail,,,,,,,,,,,,,,,,,,,
,gildan-64000-g64000,,,,,,,,,,,,,,,,,,,,,,,,,,,,,,,,,,,https://cdn.shopify.com/s/files/1/0746/6817/9644/files/000050_030_front_f_68813cec-3e54-4e55-b9f4-2aba6f8ddf96.jpg?v=1779479293,63,Gildan® 64000 — White — front view (women's fit),,,,,,,,,,,,,,,,,,,
,gildan-64000-g64000,,,,,,,,,,,,,,,,,,,,,,,,,,,,,,,,,,,https://cdn.shopify.com/s/files/1/0746/6817/9644/files/000050_030_back_f_06f551b0-aa85-4c1e-a72e-05006a893f46.jpg?v=1779479290,64,Gildan® 64000 — White — back view (women's fit),,,,,,,,,,,,,,,,,,,
Gildan® 64000L,gildan-64000l-g64000l,"<p>Its 100% ring spun cotton feels soft against your skin; and the semi-fitted, side-seamed construction provides a comfortable fit. Decorate it using screen printing, DTG, embroidery, heat transfers, bleaching or discharge.</p><ul><li>Soft ring-spun cotton — high stitch density fabric</li><li>Feminine semi-fitted silhouette with side seams</li><li>Narrow rib collar</li><li>Taped neck and shoulders</li><li>Seamless double-needle collar</li><li>Tearaway label</li></ul><h4>Size Chart (inches)</h4><table><thead><tr><th>Size</th><th>Chest</th><th>Body Length</th></tr></thead><tbody><tr><td>S</td><td>32–34</td><td>26</td></tr><tr><td>M</td><td>34–36</td><td>27</td></tr><tr><td>L</td><td>36–38</td><td>28</td></tr><tr><td>XL</td><td>38–40</td><td>29</td></tr><tr><td>2XL</td><td>40–42</td><td>30</td></tr><tr><td>3XL</td><td>44–46</td><td>31</td></tr></tbody></table>",Gildan,gid://shopify/TaxonomyCategory/aa-1-13-8,T-Shirt,"T-Shirt, Adult, Women's, G64000L, Crew Neck, Cotton, Fitted",TRUE,active,G64000L-040-S,,Color,Red,,Size,S,,,,,,,,TRUE,,,,,,shopify,300,deny,150,g,TRUE,manual,https://cdn.shopify.com/s/files/1/0746/6817/9644/files/000003_040_front_f58e4e89-b926-4d1b-a79d-cbfbfceb3850.jpg?v=1779478962,1,Gildan® 64000L — Red — front view,https://cdn.shopify.com/s/files/1/0746/6817/9644/files/000003_040_front_f58e4e89-b926-4d1b-a79d-cbfbfceb3850.jpg?v=1779478962,,Gildan® 64000L,"<p>Its 100% ring spun cotton feels soft against your skin; and the semi-fitted, side-seamed construction provides a comfortable fit. Decorate it using scre",red,gid://shopify/TaxonomyCategory/aa-1-13-8,Female,Adult,G64000L,,,new,,,,,,,Women's T-Shirt
,gildan-64000l-g64000l,,,,,,,,G64000L-040-M,,Color,Red,,Size,M,,,,,,,,TRUE,,,,,,shopify,300,deny,150,g,TRUE,manual,,,,https://cdn.shopify.com/s/files/1/0746/6817/9644/files/000003_040_front_f58e4e89-b926-4d1b-a79d-cbfbfceb3850.jpg?v=1779478962,,,,red,,,,,,,,,,,,,,
,gildan-64000l-g64000l,,,,,,,,G64000L-040-L,,Color,Red,,Size,L,,,,,,,,TRUE,,,,,,shopify,300,deny,150,g,TRUE,manual,,,,https://cdn.shopify.com/s/files/1/0746/6817/9644/files/000003_040_front_f58e4e89-b926-4d1b-a79d-cbfbfceb3850.jpg?v=1779478962,,,,red,,,,,,,,,,,,,,
,gildan-64000l-g64000l,,,,,,,,G64000L-040-XL,,Color,Red,,Size,XL,,,,,,,,TRUE,,,,,,shopify,300,deny,150,g,TRUE,manual,,,,https://cdn.shopify.com/s/files/1/0746/6817/9644/files/000003_040_front_f58e4e89-b926-4d1b-a79d-cbfbfceb3850.jpg?v=1779478962,,,,red,,,,,,,,,,,,,,
,gildan-64000l-g64000l,,,,,,,,G64000L-040-2XL,,Color,Red,,Size,2XL,,,,,,,,TRUE,,,,,,shopify,300,deny,150,g,TRUE,manual,,,,https://cdn.shopify.com/s/files/1/0746/6817/9644/files/000003_040_front_f58e4e89-b926-4d1b-a79d-cbfbfceb3850.jpg?v=1779478962,,,,red,,,,,,,,,,,,,,
,gildan-64000l-g64000l,,,,,,,,G64000L-040-3XL,,Color,Red,,Size,3XL,,,,,,,,TRUE,,,,,,shopify,300,deny,150,g,TRUE,manual,,,,https://cdn.shopify.com/s/files/1/0746/6817/9644/files/000003_040_front_f58e4e89-b926-4d1b-a79d-cbfbfceb3850.jpg?v=1779478962,,,,red,,,,,,,,,,,,,,
,gildan-64000l-g64000l,,,,,,,,,,,,,,,,,,,,,,,,,,,,,,,,,,,https://cdn.shopify.com/s/files/1/0746/6817/9644/files/000003_040_back_d53f1e18-c430-4b6d-aa96-7cce2729f5cc.jpg?v=1779478961,2,Gildan® 64000L — Red — back view,,,,,,,,,,,,,,,,,,,
,gildan-64000l-g64000l,,,,,,,,,,,,,,,,,,,,,,,,,,,,,,,,,,,https://cdn.shopify.com/s/files/1/0746/6817/9644/files/000003_040_left_70296168-9f42-4097-85bd-b1c70ef290cd.jpg?v=1779478964,3,Gildan® 64000L — Red — left side view,,,,,,,,,,,,,,,,,,,
,gildan-64000l-g64000l,,,,,,,,,,,,,,,,,,,,,,,,,,,,,,,,,,,https://cdn.shopify.com/s/files/1/0746/6817/9644/files/000003_040_right_f6c43f47-c1d3-4439-a5a0-7d9c02670ad9.jpg?v=1779478965,4,Gildan® 64000L — Red — right side view,,,,,,,,,,,,,,,,,,,
,gildan-64000l-g64000l,,,,,,,,,,,,,,,,,,,,,,,,,,,,,,,,,,,https://cdn.shopify.com/s/files/1/0746/6817/9644/files/000003_040_neckline_aa6de369-b284-41b0-b6a6-2f994faae2e5.jpg?v=1779478964,5,Gildan® 64000L — Red — neckline detail,,,,,,,,,,,,,,,,,,,
,gildan-64000l-g64000l,,,,,,,,,,,,,,,,,,,,,,,,,,,,,,,,,,,https://cdn.shopify.com/s/files/1/0746/6817/9644/files/000003_040_fabric_f684f978-33cc-4357-8ea5-f984d9999275.jpg?v=1779478962,6,Gildan® 64000L — Red — fabric detail,,,,,,,,,,,,,,,,,,,
,gildan-64000l-g64000l,,,,,,,,G64000L-051-S,,Color,Royal Blue,,Size,S,,,,,,,,TRUE,,,,,,shopify,300,deny,150,g,TRUE,manual,https://cdn.shopify.com/s/files/1/0746/6817/9644/files/000004_051_front.png?v=1779478967,7,Gildan® 64000L — Royal Blue — front view,https://cdn.shopify.com/s/files/1/0746/6817/9644/files/000004_051_front.png?v=1779478967,,,,royal blue,,,,,,,,,,,,,,
,gildan-64000l-g64000l,,,,,,,,G64000L-051-M,,Color,Royal Blue,,Size,M,,,,,,,,TRUE,,,,,,shopify,300,deny,150,g,TRUE,manual,,,,https://cdn.shopify.com/s/files/1/0746/6817/9644/files/000004_051_front.png?v=1779478967,,,,royal blue,,,,,,,,,,,,,,
,gildan-64000l-g64000l,,,,,,,,G64000L-051-L,,Color,Royal Blue,,Size,L,,,,,,,,TRUE,,,,,,shopify,300,deny,150,g,TRUE,manual,,,,https://cdn.shopify.com/s/files/1/0746/6817/9644/files/000004_051_front.png?v=1779478967,,,,royal blue,,,,,,,,,,,,,,
,gildan-64000l-g64000l,,,,,,,,G64000L-051-XL,,Color,Royal Blue,,Size,XL,,,,,,,,TRUE,,,,,,shopify,300,deny,150,g,TRUE,manual,,,,https://cdn.shopify.com/s/files/1/0746/6817/9644/files/000004_051_front.png?v=1779478967,,,,royal blue,,,,,,,,,,,,,,
,gildan-64000l-g64000l,,,,,,,,G64000L-051-2XL,,Color,Royal Blue,,Size,2XL,,,,,,,,TRUE,,,,,,shopify,300,deny,150,g,TRUE,manual,,,,https://cdn.shopify.com/s/files/1/0746/6817/9644/files/000004_051_front.png?v=1779478967,,,,royal blue,,,,,,,,,,,,,,
,gildan-64000l-g64000l,,,,,,,,G64000L-051-3XL,,Color,Royal Blue,,Size,3XL,,,,,,,,TRUE,,,,,,shopify,300,deny,150,g,TRUE,manual,,,,https://cdn.shopify.com/s/files/1/0746/6817/9644/files/000004_051_front.png?v=1779478967,,,,royal blue,,,,,,,,,,,,,,
,gildan-64000l-g64000l,,,,,,,,,,,,,,,,,,,,,,,,,,,,,,,,,,,https://cdn.shopify.com/s/files/1/0746/6817/9644/files/000004_051_back.png?v=1779478967,8,Gildan® 64000L — Royal Blue — back view,,,,,,,,,,,,,,,,,,,
,gildan-64000l-g64000l,,,,,,,,,,,,,,,,,,,,,,,,,,,,,,,,,,,https://cdn.shopify.com/s/files/1/0746/6817/9644/files/000004_051_left.png?v=1779478970,9,Gildan® 64000L — Royal Blue — left side view,,,,,,,,,,,,,,,,,,,
,gildan-64000l-g64000l,,,,,,,,,,,,,,,,,,,,,,,,,,,,,,,,,,,https://cdn.shopify.com/s/files/1/0746/6817/9644/files/000004_051_right.png?v=1779478970,10,Gildan® 64000L — Royal Blue — right side view,,,,,,,,,,,,,,,,,,,
,gildan-64000l-g64000l,,,,,,,,,,,,,,,,,,,,,,,,,,,,,,,,,,,https://cdn.shopify.com/s/files/1/0746/6817/9644/files/000004_051_neckline.png?v=1779478970,11,Gildan® 64000L — Royal Blue — neckline detail,,,,,,,,,,,,,,,,,,,
,gildan-64000l-g64000l,,,,,,,,,,,,,,,,,,,,,,,,,,,,,,,,,,,https://cdn.shopify.com/s/files/1/0746/6817/9644/files/000004_051_fabric.png?v=1779478967,12,Gildan® 64000L — Royal Blue — fabric detail,,,,,,,,,,,,,,,,,,,
,gildan-64000l-g64000l,,,,,,,,G64000L-030-S,,Color,White,,Size,S,,,,,,,,TRUE,,,,,,shopify,300,deny,150,g,TRUE,manual,https://cdn.shopify.com/s/files/1/0746/6817/9644/files/000001_030_front_49c7865d-31b4-4747-9c3c-63361270f735.jpg?v=1779478952,13,Gildan® 64000L — White — front view,https://cdn.shopify.com/s/files/1/0746/6817/9644/files/000001_030_front_49c7865d-31b4-4747-9c3c-63361270f735.jpg?v=1779478952,,,,white,,,,,,,,,,,,,,
,gildan-64000l-g64000l,,,,,,,,G64000L-030-M,,Color,White,,Size,M,,,,,,,,TRUE,,,,,,shopify,300,deny,150,g,TRUE,manual,,,,https://cdn.shopify.com/s/files/1/0746/6817/9644/files/000001_030_front_49c7865d-31b4-4747-9c3c-63361270f735.jpg?v=1779478952,,,,white,,,,,,,,,,,,,,
,gildan-64000l-g64000l,,,,,,,,G64000L-030-L,,Color,White,,Size,L,,,,,,,,TRUE,,,,,,shopify,300,deny,150,g,TRUE,manual,,,,https://cdn.shopify.com/s/files/1/0746/6817/9644/files/000001_030_front_49c7865d-31b4-4747-9c3c-63361270f735.jpg?v=1779478952,,,,white,,,,,,,,,,,,,,
,gildan-64000l-g64000l,,,,,,,,G64000L-030-XL,,Color,White,,Size,XL,,,,,,,,TRUE,,,,,,shopify,300,deny,150,g,TRUE,manual,,,,https://cdn.shopify.com/s/files/1/0746/6817/9644/files/000001_030_front_49c7865d-31b4-4747-9c3c-63361270f735.jpg?v=1779478952,,,,white,,,,,,,,,,,,,,
,gildan-64000l-g64000l,,,,,,,,G64000L-030-2XL,,Color,White,,Size,2XL,,,,,,,,TRUE,,,,,,shopify,300,deny,150,g,TRUE,manual,,,,https://cdn.shopify.com/s/files/1/0746/6817/9644/files/000001_030_front_49c7865d-31b4-4747-9c3c-63361270f735.jpg?v=1779478952,,,,white,,,,,,,,,,,,,,
,gildan-64000l-g64000l,,,,,,,,G64000L-030-3XL,,Color,White,,Size,3XL,,,,,,,,TRUE,,,,,,shopify,300,deny,150,g,TRUE,manual,,,,https://cdn.shopify.com/s/files/1/0746/6817/9644/files/000001_030_front_49c7865d-31b4-4747-9c3c-63361270f735.jpg?v=1779478952,,,,white,,,,,,,,,,,,,,
,gildan-64000l-g64000l,,,,,,,,,,,,,,,,,,,,,,,,,,,,,,,,,,,https://cdn.shopify.com/s/files/1/0746/6817/9644/files/000001_030_back_afa3657c-f2f6-47f0-8834-83505e0949bd.jpg?v=1779478952,14,Gildan® 64000L — White — back view,,,,,,,,,,,,,,,,,,,
,gildan-64000l-g64000l,,,,,,,,,,,,,,,,,,,,,,,,,,,,,,,,,,,https://cdn.shopify.com/s/files/1/0746/6817/9644/files/000001_030_left_bf9734a6-bcef-48f0-b692-7c5817934372.jpg?v=1779478954,15,Gildan® 64000L — White — left side view,,,,,,,,,,,,,,,,,,,
,gildan-64000l-g64000l,,,,,,,,,,,,,,,,,,,,,,,,,,,,,,,,,,,https://cdn.shopify.com/s/files/1/0746/6817/9644/files/000001_030_right_90f88990-61e0-46ae-bf9a-e7098e068792.jpg?v=1779478955,16,Gildan® 64000L — White — right side view,,,,,,,,,,,,,,,,,,,
,gildan-64000l-g64000l,,,,,,,,,,,,,,,,,,,,,,,,,,,,,,,,,,,https://cdn.shopify.com/s/files/1/0746/6817/9644/files/000001_030_neckline_339b1aac-02f7-4e6d-98d4-83191cb9bef0.jpg?v=1779478955,17,Gildan® 64000L — White — neckline detail,,,,,,,,,,,,,,,,,,,
,gildan-64000l-g64000l,,,,,,,,,,,,,,,,,,,,,,,,,,,,,,,,,,,https://cdn.shopify.com/s/files/1/0746/6817/9644/files/000001_030_fabric_5dad8e6f-6026-4674-97cc-442354e5a01b.jpg?v=1779478952,18,Gildan® 64000L — White — fabric detail,,,,,,,,,,,,,,,,,,,
,gildan-64000l-g64000l,,,,,,,,G64000L-032-S,,Color,Navy,,Size,S,,,,,,,,TRUE,,,,,,shopify,300,deny,150,g,TRUE,manual,https://cdn.shopify.com/s/files/1/0746/6817/9644/files/000002_032_front_67a434fd-c30c-43cd-948d-ba59bf91f7bc.jpg?v=1779478957,19,Gildan® 64000L — Navy — front view,https://cdn.shopify.com/s/files/1/0746/6817/9644/files/000002_032_front_67a434fd-c30c-43cd-948d-ba59bf91f7bc.jpg?v=1779478957,,,,navy,,,,,,,,,,,,,,
,gildan-64000l-g64000l,,,,,,,,G64000L-032-M,,Color,Navy,,Size,M,,,,,,,,TRUE,,,,,,shopify,300,deny,150,g,TRUE,manual,,,,https://cdn.shopify.com/s/files/1/0746/6817/9644/files/000002_032_front_67a434fd-c30c-43cd-948d-ba59bf91f7bc.jpg?v=1779478957,,,,navy,,,,,,,,,,,,,,
,gildan-64000l-g64000l,,,,,,,,G64000L-032-L,,Color,Navy,,Size,L,,,,,,,,TRUE,,,,,,shopify,300,deny,150,g,TRUE,manual,,,,https://cdn.shopify.com/s/files/1/0746/6817/9644/files/000002_032_front_67a434fd-c30c-43cd-948d-ba59bf91f7bc.jpg?v=1779478957,,,,navy,,,,,,,,,,,,,,
,gildan-64000l-g64000l,,,,,,,,G64000L-032-XL,,Color,Navy,,Size,XL,,,,,,,,TRUE,,,,,,shopify,300,deny,150,g,TRUE,manual,,,,https://cdn.shopify.com/s/files/1/0746/6817/9644/files/000002_032_front_67a434fd-c30c-43cd-948d-ba59bf91f7bc.jpg?v=1779478957,,,,navy,,,,,,,,,,,,,,
,gildan-64000l-g64000l,,,,,,,,G64000L-032-2XL,,Color,Navy,,Size,2XL,,,,,,,,TRUE,,,,,,shopify,300,deny,150,g,TRUE,manual,,,,https://cdn.shopify.com/s/files/1/0746/6817/9644/files/000002_032_front_67a434fd-c30c-43cd-948d-ba59bf91f7bc.jpg?v=1779478957,,,,navy,,,,,,,,,,,,,,
,gildan-64000l-g64000l,,,,,,,,G64000L-032-3XL,,Color,Navy,,Size,3XL,,,,,,,,TRUE,,,,,,shopify,300,deny,150,g,TRUE,manual,,,,https://cdn.shopify.com/s/files/1/0746/6817/9644/files/000002_032_front_67a434fd-c30c-43cd-948d-ba59bf91f7bc.jpg?v=1779478957,,,,navy,,,,,,,,,,,,,,
,gildan-64000l-g64000l,,,,,,,,,,,,,,,,,,,,,,,,,,,,,,,,,,,https://cdn.shopify.com/s/files/1/0746/6817/9644/files/000002_032_back_0daba0aa-1f4b-4d5a-9699-d38014d27c7f.jpg?v=1779478956,20,Gildan® 64000L — Navy — back view,,,,,,,,,,,,,,,,,,,
,gildan-64000l-g64000l,,,,,,,,,,,,,,,,,,,,,,,,,,,,,,,,,,,https://cdn.shopify.com/s/files/1/0746/6817/9644/files/000002_032_left_33170307-4719-42d7-a381-198dba0de47e.jpg?v=1779478958,21,Gildan® 64000L — Navy — left side view,,,,,,,,,,,,,,,,,,,
,gildan-64000l-g64000l,,,,,,,,,,,,,,,,,,,,,,,,,,,,,,,,,,,https://cdn.shopify.com/s/files/1/0746/6817/9644/files/000002_032_right_f6a993e5-b84e-4c07-bf0c-537715d04d56.jpg?v=1779478959,22,Gildan® 64000L — Navy — right side view,,,,,,,,,,,,,,,,,,,
,gildan-64000l-g64000l,,,,,,,,,,,,,,,,,,,,,,,,,,,,,,,,,,,https://cdn.shopify.com/s/files/1/0746/6817/9644/files/000002_032_neckline_c33b3756-eff9-4731-a470-3bb33f7cd62b.jpg?v=1779478960,23,Gildan® 64000L — Navy — neckline detail,,,,,,,,,,,,,,,,,,,
,gildan-64000l-g64000l,,,,,,,,,,,,,,,,,,,,,,,,,,,,,,,,,,,https://cdn.shopify.com/s/files/1/0746/6817/9644/files/000002_032_fabric_5c73e613-af5b-4b3f-87d9-8cf817101548.jpg?v=1779478957,24,Gildan® 64000L — Navy — fabric detail,,,,,,,,,,,,,,,,,,,
,gildan-64000l-g64000l,,,,,,,,G64000L-036-S,,Color,Black,,Size,S,,,,,,,,TRUE,,,,,,shopify,300,deny,150,g,TRUE,manual,https://cdn.shopify.com/s/files/1/0746/6817/9644/files/000005_036_front_b1d380c0-ca48-45be-96a0-35f6fcdb59f8.jpg?v=1779478973,25,Gildan® 64000L — Black — front view,https://cdn.shopify.com/s/files/1/0746/6817/9644/files/000005_036_front_b1d380c0-ca48-45be-96a0-35f6fcdb59f8.jpg?v=1779478973,,,,black,,,,,,,,,,,,,,
,gildan-64000l-g64000l,,,,,,,,G64000L-036-M,,Color,Black,,Size,M,,,,,,,,TRUE,,,,,,shopify,300,deny,150,g,TRUE,manual,,,,https://cdn.shopify.com/s/files/1/0746/6817/9644/files/000005_036_front_b1d380c0-ca48-45be-96a0-35f6fcdb59f8.jpg?v=1779478973,,,,black,,,,,,,,,,,,,,
,gildan-64000l-g64000l,,,,,,,,G64000L-036-L,,Color,Black,,Size,L,,,,,,,,TRUE,,,,,,shopify,300,deny,150,g,TRUE,manual,,,,https://cdn.shopify.com/s/files/1/0746/6817/9644/files/000005_036_front_b1d380c0-ca48-45be-96a0-35f6fcdb59f8.jpg?v=1779478973,,,,black,,,,,,,,,,,,,,
,gildan-64000l-g64000l,,,,,,,,G64000L-036-XL,,Color,Black,,Size,XL,,,,,,,,TRUE,,,,,,shopify,300,deny,150,g,TRUE,manual,,,,https://cdn.shopify.com/s/files/1/0746/6817/9644/files/000005_036_front_b1d380c0-ca48-45be-96a0-35f6fcdb59f8.jpg?v=1779478973,,,,black,,,,,,,,,,,,,,
,gildan-64000l-g64000l,,,,,,,,G64000L-036-2XL,,Color,Black,,Size,2XL,,,,,,,,TRUE,,,,,,shopify,300,deny,150,g,TRUE,manual,,,,https://cdn.shopify.com/s/files/1/0746/6817/9644/files/000005_036_front_b1d380c0-ca48-45be-96a0-35f6fcdb59f8.jpg?v=1779478973,,,,black,,,,,,,,,,,,,,
,gildan-64000l-g64000l,,,,,,,,G64000L-036-3XL,,Color,Black,,Size,3XL,,,,,,,,TRUE,,,,,,shopify,300,deny,150,g,TRUE,manual,,,,https://cdn.shopify.com/s/files/1/0746/6817/9644/files/000005_036_front_b1d380c0-ca48-45be-96a0-35f6fcdb59f8.jpg?v=1779478973,,,,black,,,,,,,,,,,,,,
,gildan-64000l-g64000l,,,,,,,,,,,,,,,,,,,,,,,,,,,,,,,,,,,https://cdn.shopify.com/s/files/1/0746/6817/9644/files/000005_036_back_b747bd05-5155-436e-a0d4-baee0855e4eb.jpg?v=1779478973,26,Gildan® 64000L — Black — back view,,,,,,,,,,,,,,,,,,,
,gildan-64000l-g64000l,,,,,,,,,,,,,,,,,,,,,,,,,,,,,,,,,,,https://cdn.shopify.com/s/files/1/0746/6817/9644/files/000005_036_left_e8ec8b52-57f3-40e1-9f26-e762edad591a.jpg?v=1779478975,27,Gildan® 64000L — Black — left side view,,,,,,,,,,,,,,,,,,,
,gildan-64000l-g64000l,,,,,,,,,,,,,,,,,,,,,,,,,,,,,,,,,,,https://cdn.shopify.com/s/files/1/0746/6817/9644/files/000005_036_right_b0498f8f-1db4-41c5-9c7c-e2911b4bad4c.jpg?v=1779478975,28,Gildan® 64000L — Black — right side view,,,,,,,,,,,,,,,,,,,
,gildan-64000l-g64000l,,,,,,,,,,,,,,,,,,,,,,,,,,,,,,,,,,,https://cdn.shopify.com/s/files/1/0746/6817/9644/files/000005_036_neckline_33220412-9d67-491b-9840-42090df16cce.jpg?v=1779478975,29,Gildan® 64000L — Black — neckline detail,,,,,,,,,,,,,,,,,,,
,gildan-64000l-g64000l,,,,,,,,,,,,,,,,,,,,,,,,,,,,,,,,,,,https://cdn.shopify.com/s/files/1/0746/6817/9644/files/000005_036_fabric_4cca3db0-0edd-41cb-807a-05db71be7bd4.jpg?v=1779478973,30,Gildan® 64000L — Black — fabric detail,,,,,,,,,,,,,,,,,,,
Gildan® 64800,gildan-64800-g64800,"<p>Made with soft ring-spun cotton, Softstyle’s double piqué fabric is breathable and ideal for embroidery. Features a clean finished placket with dyed-to-match buttons, side seams for a modern fit, and a curved hem.</p><ul><li>Soft ring-spun cotton — double piqué fabric</li><li>Breathable and ideal for embroidery</li><li>Clean finished placket with dyed-to-match buttons</li><li>Side seams for a modern fit</li><li>Curved hem</li><li>Tearaway label</li></ul><h4>Size Chart (inches)</h4><table><thead><tr><th>Size</th><th>Chest</th><th>Body Length</th></tr></thead><tbody><tr><td>S</td><td>34–36</td><td>28</td></tr><tr><td>M</td><td>38–40</td><td>29</td></tr><tr><td>L</td><td>42–44</td><td>30</td></tr><tr><td>XL</td><td>46–48</td><td>31</td></tr><tr><td>2XL</td><td>50–52</td><td>32</td></tr><tr><td>3XL</td><td>54–56</td><td>33</td></tr><tr><td>4XL</td><td>58–60</td><td>34</td></tr></tbody></table>",Gildan,gid://shopify/TaxonomyCategory/aa-1-13-6,Polo Shirt,"Polo Shirt, Adult, Unisex, G64800, Polo, Cotton",TRUE,active,G64800-030-S,,Color,White,,Size,S,,,,,,,,TRUE,,,,,,shopify,300,deny,220,g,TRUE,manual,https://cdn.shopify.com/s/files/1/0746/6817/9644/files/000058_030_front_cb31d4ae-6d3d-4582-b167-8f7b3ccfcb1b.jpg?v=1779479351,1,Gildan® 64800 — White — front view,https://cdn.shopify.com/s/files/1/0746/6817/9644/files/000058_030_front_cb31d4ae-6d3d-4582-b167-8f7b3ccfcb1b.jpg?v=1779479351,,Gildan® 64800,"<p>Made with soft ring-spun cotton, Softstyle’s double piqué fabric is breathable and ideal for embroidery. Features a clean finished placket with dyed-to-",white,gid://shopify/TaxonomyCategory/aa-1-13-6,Unisex,Adult,G64800,,,new,,,,,,,Adult Pique Polo
,gildan-64800-g64800,,,,,,,,G64800-030-M,,Color,White,,Size,M,,,,,,,,TRUE,,,,,,shopify,300,deny,220,g,TRUE,manual,,,,https://cdn.shopify.com/s/files/1/0746/6817/9644/files/000058_030_front_cb31d4ae-6d3d-4582-b167-8f7b3ccfcb1b.jpg?v=1779479351,,,,white,,,,,,,,,,,,,,
,gildan-64800-g64800,,,,,,,,G64800-030-L,,Color,White,,Size,L,,,,,,,,TRUE,,,,,,shopify,300,deny,220,g,TRUE,manual,,,,https://cdn.shopify.com/s/files/1/0746/6817/9644/files/000058_030_front_cb31d4ae-6d3d-4582-b167-8f7b3ccfcb1b.jpg?v=1779479351,,,,white,,,,,,,,,,,,,,
,gildan-64800-g64800,,,,,,,,G64800-030-XL,,Color,White,,Size,XL,,,,,,,,TRUE,,,,,,shopify,300,deny,220,g,TRUE,manual,,,,https://cdn.shopify.com/s/files/1/0746/6817/9644/files/000058_030_front_cb31d4ae-6d3d-4582-b167-8f7b3ccfcb1b.jpg?v=1779479351,,,,white,,,,,,,,,,,,,,
,gildan-64800-g64800,,,,,,,,G64800-030-2XL,,Color,White,,Size,2XL,,,,,,,,TRUE,,,,,,shopify,300,deny,220,g,TRUE,manual,,,,https://cdn.shopify.com/s/files/1/0746/6817/9644/files/000058_030_front_cb31d4ae-6d3d-4582-b167-8f7b3ccfcb1b.jpg?v=1779479351,,,,white,,,,,,,,,,,,,,
,gildan-64800-g64800,,,,,,,,G64800-030-3XL,,Color,White,,Size,3XL,,,,,,,,TRUE,,,,,,shopify,300,deny,220,g,TRUE,manual,,,,https://cdn.shopify.com/s/files/1/0746/6817/9644/files/000058_030_front_cb31d4ae-6d3d-4582-b167-8f7b3ccfcb1b.jpg?v=1779479351,,,,white,,,,,,,,,,,,,,
,gildan-64800-g64800,,,,,,,,G64800-030-4XL,,Color,White,,Size,4XL,,,,,,,,TRUE,,,,,,shopify,300,deny,220,g,TRUE,manual,,,,https://cdn.shopify.com/s/files/1/0746/6817/9644/files/000058_030_front_cb31d4ae-6d3d-4582-b167-8f7b3ccfcb1b.jpg?v=1779479351,,,,white,,,,,,,,,,,,,,
,gildan-64800-g64800,,,,,,,,,,,,,,,,,,,,,,,,,,,,,,,,,,,https://cdn.shopify.com/s/files/1/0746/6817/9644/files/000058_030_back_b585e849-510f-4db9-a48d-49fcec48a2fe.jpg?v=1779479348,2,Gildan® 64800 — White — back view,,,,,,,,,,,,,,,,,,,
,gildan-64800-g64800,,,,,,,,,,,,,,,,,,,,,,,,,,,,,,,,,,,https://cdn.shopify.com/s/files/1/0746/6817/9644/files/000058_030_left_6854df33-f9fa-4988-991c-5b6ad2af1f3d.jpg?v=1779479354,3,Gildan® 64800 — White — left side view,,,,,,,,,,,,,,,,,,,
,gildan-64800-g64800,,,,,,,,,,,,,,,,,,,,,,,,,,,,,,,,,,,https://cdn.shopify.com/s/files/1/0746/6817/9644/files/000058_030_right_449dabc2-c4a9-4bc8-af5e-169ae8ec0086.jpg?v=1779479354,4,Gildan® 64800 — White — right side view,,,,,,,,,,,,,,,,,,,
,gildan-64800-g64800,,,,,,,,,,,,,,,,,,,,,,,,,,,,,,,,,,,https://cdn.shopify.com/s/files/1/0746/6817/9644/files/000058_030_neckline_4500fd7a-d2f6-4071-922b-77124effca55.jpg?v=1779479354,5,Gildan® 64800 — White — neckline detail,,,,,,,,,,,,,,,,,,,
,gildan-64800-g64800,,,,,,,,,,,,,,,,,,,,,,,,,,,,,,,,,,,https://cdn.shopify.com/s/files/1/0746/6817/9644/files/000058_030_fabric_d0a9076e-d16b-4d93-aa7e-e698f909aef4.jpg?v=1779479351,6,Gildan® 64800 — White — fabric detail,,,,,,,,,,,,,,,,,,,
,gildan-64800-g64800,,,,,,,,,,,,,,,,,,,,,,,,,,,,,,,,,,,https://cdn.shopify.com/s/files/1/0746/6817/9644/files/000058_030_front_f_1b5ebc91-c897-4c80-9566-84e3eba3fb33.jpg?v=1779479352,7,Gildan® 64800 — White — front view (women's fit),,,,,,,,,,,,,,,,,,,
,gildan-64800-g64800,,,,,,,,,,,,,,,,,,,,,,,,,,,,,,,,,,,https://cdn.shopify.com/s/files/1/0746/6817/9644/files/000058_030_back_f_ba4af0b5-edbe-45fa-8529-a0f65fb7290f.jpg?v=1779479349,8,Gildan® 64800 — White — back view (women's fit),,,,,,,,,,,,,,,,,,,
,gildan-64800-g64800,,,,,,,,G64800-032-S,,Color,Navy,,Size,S,,,,,,,,TRUE,,,,,,shopify,300,deny,220,g,TRUE,manual,https://cdn.shopify.com/s/files/1/0746/6817/9644/files/000059_032_front_3f19fa13-88e6-462f-8617-a5336f826179.jpg?v=1779479359,9,Gildan® 64800 — Navy — front view,https://cdn.shopify.com/s/files/1/0746/6817/9644/files/000059_032_front_3f19fa13-88e6-462f-8617-a5336f826179.jpg?v=1779479359,,,,navy,,,,,,,,,,,,,,
,gildan-64800-g64800,,,,,,,,G64800-032-M,,Color,Navy,,Size,M,,,,,,,,TRUE,,,,,,shopify,300,deny,220,g,TRUE,manual,,,,https://cdn.shopify.com/s/files/1/0746/6817/9644/files/000059_032_front_3f19fa13-88e6-462f-8617-a5336f826179.jpg?v=1779479359,,,,navy,,,,,,,,,,,,,,
,gildan-64800-g64800,,,,,,,,G64800-032-L,,Color,Navy,,Size,L,,,,,,,,TRUE,,,,,,shopify,300,deny,220,g,TRUE,manual,,,,https://cdn.shopify.com/s/files/1/0746/6817/9644/files/000059_032_front_3f19fa13-88e6-462f-8617-a5336f826179.jpg?v=1779479359,,,,navy,,,,,,,,,,,,,,
,gildan-64800-g64800,,,,,,,,G64800-032-XL,,Color,Navy,,Size,XL,,,,,,,,TRUE,,,,,,shopify,300,deny,220,g,TRUE,manual,,,,https://cdn.shopify.com/s/files/1/0746/6817/9644/files/000059_032_front_3f19fa13-88e6-462f-8617-a5336f826179.jpg?v=1779479359,,,,navy,,,,,,,,,,,,,,
,gildan-64800-g64800,,,,,,,,G64800-032-2XL,,Color,Navy,,Size,2XL,,,,,,,,TRUE,,,,,,shopify,300,deny,220,g,TRUE,manual,,,,https://cdn.shopify.com/s/files/1/0746/6817/9644/files/000059_032_front_3f19fa13-88e6-462f-8617-a5336f826179.jpg?v=1779479359,,,,navy,,,,,,,,,,,,,,
,gildan-64800-g64800,,,,,,,,G64800-032-3XL,,Color,Navy,,Size,3XL,,,,,,,,TRUE,,,,,,shopify,300,deny,220,g,TRUE,manual,,,,https://cdn.shopify.com/s/files/1/0746/6817/9644/files/000059_032_front_3f19fa13-88e6-462f-8617-a5336f826179.jpg?v=1779479359,,,,navy,,,,,,,,,,,,,,
,gildan-64800-g64800,,,,,,,,G64800-032-4XL,,Color,Navy,,Size,4XL,,,,,,,,TRUE,,,,,,shopify,300,deny,220,g,TRUE,manual,,,,https://cdn.shopify.com/s/files/1/0746/6817/9644/files/000059_032_front_3f19fa13-88e6-462f-8617-a5336f826179.jpg?v=1779479359,,,,navy,,,,,,,,,,,,,,
,gildan-64800-g64800,,,,,,,,,,,,,,,,,,,,,,,,,,,,,,,,,,,https://cdn.shopify.com/s/files/1/0746/6817/9644/files/000059_032_back_4df70b75-4ca8-4489-99e5-64c20c53a800.jpg?v=1779479357,10,Gildan® 64800 — Navy — back view,,,,,,,,,,,,,,,,,,,
,gildan-64800-g64800,,,,,,,,,,,,,,,,,,,,,,,,,,,,,,,,,,,https://cdn.shopify.com/s/files/1/0746/6817/9644/files/000059_032_left_558500ca-711f-4e56-abd8-54dc04d70fdb.jpg?v=1779479360,11,Gildan® 64800 — Navy — left side view,,,,,,,,,,,,,,,,,,,
,gildan-64800-g64800,,,,,,,,,,,,,,,,,,,,,,,,,,,,,,,,,,,https://cdn.shopify.com/s/files/1/0746/6817/9644/files/000059_032_right_ee323b10-ec84-4cf6-8383-d7a93992dac5.jpg?v=1779479362,12,Gildan® 64800 — Navy — right side view,,,,,,,,,,,,,,,,,,,
,gildan-64800-g64800,,,,,,,,,,,,,,,,,,,,,,,,,,,,,,,,,,,https://cdn.shopify.com/s/files/1/0746/6817/9644/files/000059_032_neckline_1efa627b-46e6-4b80-a729-f2b8d769ee89.jpg?v=1779479361,13,Gildan® 64800 — Navy — neckline detail,,,,,,,,,,,,,,,,,,,
,gildan-64800-g64800,,,,,,,,,,,,,,,,,,,,,,,,,,,,,,,,,,,https://cdn.shopify.com/s/files/1/0746/6817/9644/files/000059_032_fabric_84433b39-75c0-4508-a9a9-19e097847f50.jpg?v=1779479357,14,Gildan® 64800 — Navy — fabric detail,,,,,,,,,,,,,,,,,,,
,gildan-64800-g64800,,,,,,,,,,,,,,,,,,,,,,,,,,,,,,,,,,,https://cdn.shopify.com/s/files/1/0746/6817/9644/files/000059_032_front_f_59a4a3de-aa25-47a7-87b1-9ee23e020d84.jpg?v=1779479360,15,Gildan® 64800 — Navy — front view (women's fit),,,,,,,,,,,,,,,,,,,
,gildan-64800-g64800,,,,,,,,,,,,,,,,,,,,,,,,,,,,,,,,,,,https://cdn.shopify.com/s/files/1/0746/6817/9644/files/000059_032_back_f_f5d30877-bb70-43df-8a35-0a67a721638a.jpg?v=1779479357,16,Gildan® 64800 — Navy — back view (women's fit),,,,,,,,,,,,,,,,,,,
,gildan-64800-g64800,,,,,,,,G64800-036-S,,Color,Black,,Size,S,,,,,,,,TRUE,,,,,,shopify,300,deny,220,g,TRUE,manual,https://cdn.shopify.com/s/files/1/0746/6817/9644/files/000060_036_front_21f58335-8bb3-4db1-8f2d-f29ff7178588.jpg?v=1779479365,17,Gildan® 64800 — Black — front view,https://cdn.shopify.com/s/files/1/0746/6817/9644/files/000060_036_front_21f58335-8bb3-4db1-8f2d-f29ff7178588.jpg?v=1779479365,,,,black,,,,,,,,,,,,,,
,gildan-64800-g64800,,,,,,,,G64800-036-M,,Color,Black,,Size,M,,,,,,,,TRUE,,,,,,shopify,300,deny,220,g,TRUE,manual,,,,https://cdn.shopify.com/s/files/1/0746/6817/9644/files/000060_036_front_21f58335-8bb3-4db1-8f2d-f29ff7178588.jpg?v=1779479365,,,,black,,,,,,,,,,,,,,
,gildan-64800-g64800,,,,,,,,G64800-036-L,,Color,Black,,Size,L,,,,,,,,TRUE,,,,,,shopify,300,deny,220,g,TRUE,manual,,,,https://cdn.shopify.com/s/files/1/0746/6817/9644/files/000060_036_front_21f58335-8bb3-4db1-8f2d-f29ff7178588.jpg?v=1779479365,,,,black,,,,,,,,,,,,,,
,gildan-64800-g64800,,,,,,,,G64800-036-XL,,Color,Black,,Size,XL,,,,,,,,TRUE,,,,,,shopify,300,deny,220,g,TRUE,manual,,,,https://cdn.shopify.com/s/files/1/0746/6817/9644/files/000060_036_front_21f58335-8bb3-4db1-8f2d-f29ff7178588.jpg?v=1779479365,,,,black,,,,,,,,,,,,,,
,gildan-64800-g64800,,,,,,,,G64800-036-2XL,,Color,Black,,Size,2XL,,,,,,,,TRUE,,,,,,shopify,300,deny,220,g,TRUE,manual,,,,https://cdn.shopify.com/s/files/1/0746/6817/9644/files/000060_036_front_21f58335-8bb3-4db1-8f2d-f29ff7178588.jpg?v=1779479365,,,,black,,,,,,,,,,,,,,
,gildan-64800-g64800,,,,,,,,G64800-036-3XL,,Color,Black,,Size,3XL,,,,,,,,TRUE,,,,,,shopify,300,deny,220,g,TRUE,manual,,,,https://cdn.shopify.com/s/files/1/0746/6817/9644/files/000060_036_front_21f58335-8bb3-4db1-8f2d-f29ff7178588.jpg?v=1779479365,,,,black,,,,,,,,,,,,,,
,gildan-64800-g64800,,,,,,,,G64800-036-4XL,,Color,Black,,Size,4XL,,,,,,,,TRUE,,,,,,shopify,300,deny,220,g,TRUE,manual,,,,https://cdn.shopify.com/s/files/1/0746/6817/9644/files/000060_036_front_21f58335-8bb3-4db1-8f2d-f29ff7178588.jpg?v=1779479365,,,,black,,,,,,,,,,,,,,
,gildan-64800-g64800,,,,,,,,,,,,,,,,,,,,,,,,,,,,,,,,,,,https://cdn.shopify.com/s/files/1/0746/6817/9644/files/000060_036_back_799835d1-8295-49d2-97ee-18590598b266.jpg?v=1779479363,18,Gildan® 64800 — Black — back view,,,,,,,,,,,,,,,,,,,
,gildan-64800-g64800,,,,,,,,,,,,,,,,,,,,,,,,,,,,,,,,,,,https://cdn.shopify.com/s/files/1/0746/6817/9644/files/000060_036_left_873b620c-31bb-4745-8ca1-823e81078b97.jpg?v=1779479367,19,Gildan® 64800 — Black — left side view,,,,,,,,,,,,,,,,,,,
,gildan-64800-g64800,,,,,,,,,,,,,,,,,,,,,,,,,,,,,,,,,,,https://cdn.shopify.com/s/files/1/0746/6817/9644/files/000060_036_right_bd485eed-01cc-4e18-b5ad-7aa2687db3f2.jpg?v=1779479369,20,Gildan® 64800 — Black — right side view,,,,,,,,,,,,,,,,,,,
,gildan-64800-g64800,,,,,,,,,,,,,,,,,,,,,,,,,,,,,,,,,,,https://cdn.shopify.com/s/files/1/0746/6817/9644/files/000060_036_neckline_fd158f0b-f783-4169-a789-f9194435f18e.jpg?v=1779479368,21,Gildan® 64800 — Black — neckline detail,,,,,,,,,,,,,,,,,,,
,gildan-64800-g64800,,,,,,,,,,,,,,,,,,,,,,,,,,,,,,,,,,,https://cdn.shopify.com/s/files/1/0746/6817/9644/files/000060_036_fabric_db0787d6-2f13-4137-8b39-072c81a1bca6.jpg?v=1779479365,22,Gildan® 64800 — Black — fabric detail,,,,,,,,,,,,,,,,,,,
,gildan-64800-g64800,,,,,,,,,,,,,,,,,,,,,,,,,,,,,,,,,,,https://cdn.shopify.com/s/files/1/0746/6817/9644/files/000060_036_front_f_2cd70516-8b0e-4e2d-a155-90de2c875dc4.jpg?v=1779479366,23,Gildan® 64800 — Black — front view (women's fit),,,,,,,,,,,,,,,,,,,
,gildan-64800-g64800,,,,,,,,,,,,,,,,,,,,,,,,,,,,,,,,,,,https://cdn.shopify.com/s/files/1/0746/6817/9644/files/000060_036_back_f_9c629426-af98-4d36-b49d-c5398c620a94.jpg?v=1779479363,24,Gildan® 64800 — Black — back view (women's fit),,,,,,,,,,,,,,,,,,,
,gildan-64800-g64800,,,,,,,,G64800-040-S,,Color,Red,,Size,S,,,,,,,,TRUE,,,,,,shopify,300,deny,220,g,TRUE,manual,https://cdn.shopify.com/s/files/1/0746/6817/9644/files/000061_040_front_287e7297-0bf6-479d-a72a-28d2fbf0c98a.jpg?v=1779479372,25,Gildan® 64800 — Red — front view,https://cdn.shopify.com/s/files/1/0746/6817/9644/files/000061_040_front_287e7297-0bf6-479d-a72a-28d2fbf0c98a.jpg?v=1779479372,,,,red,,,,,,,,,,,,,,
,gildan-64800-g64800,,,,,,,,G64800-040-M,,Color,Red,,Size,M,,,,,,,,TRUE,,,,,,shopify,300,deny,220,g,TRUE,manual,,,,https://cdn.shopify.com/s/files/1/0746/6817/9644/files/000061_040_front_287e7297-0bf6-479d-a72a-28d2fbf0c98a.jpg?v=1779479372,,,,red,,,,,,,,,,,,,,
,gildan-64800-g64800,,,,,,,,G64800-040-L,,Color,Red,,Size,L,,,,,,,,TRUE,,,,,,shopify,300,deny,220,g,TRUE,manual,,,,https://cdn.shopify.com/s/files/1/0746/6817/9644/files/000061_040_front_287e7297-0bf6-479d-a72a-28d2fbf0c98a.jpg?v=1779479372,,,,red,,,,,,,,,,,,,,
,gildan-64800-g64800,,,,,,,,G64800-040-XL,,Color,Red,,Size,XL,,,,,,,,TRUE,,,,,,shopify,300,deny,220,g,TRUE,manual,,,,https://cdn.shopify.com/s/files/1/0746/6817/9644/files/000061_040_front_287e7297-0bf6-479d-a72a-28d2fbf0c98a.jpg?v=1779479372,,,,red,,,,,,,,,,,,,,
,gildan-64800-g64800,,,,,,,,G64800-040-2XL,,Color,Red,,Size,2XL,,,,,,,,TRUE,,,,,,shopify,300,deny,220,g,TRUE,manual,,,,https://cdn.shopify.com/s/files/1/0746/6817/9644/files/000061_040_front_287e7297-0bf6-479d-a72a-28d2fbf0c98a.jpg?v=1779479372,,,,red,,,,,,,,,,,,,,
,gildan-64800-g64800,,,,,,,,G64800-040-3XL,,Color,Red,,Size,3XL,,,,,,,,TRUE,,,,,,shopify,300,deny,220,g,TRUE,manual,,,,https://cdn.shopify.com/s/files/1/0746/6817/9644/files/000061_040_front_287e7297-0bf6-479d-a72a-28d2fbf0c98a.jpg?v=1779479372,,,,red,,,,,,,,,,,,,,
,gildan-64800-g64800,,,,,,,,G64800-040-4XL,,Color,Red,,Size,4XL,,,,,,,,TRUE,,,,,,shopify,300,deny,220,g,TRUE,manual,,,,https://cdn.shopify.com/s/files/1/0746/6817/9644/files/000061_040_front_287e7297-0bf6-479d-a72a-28d2fbf0c98a.jpg?v=1779479372,,,,red,,,,,,,,,,,,,,
,gildan-64800-g64800,,,,,,,,,,,,,,,,,,,,,,,,,,,,,,,,,,,https://cdn.shopify.com/s/files/1/0746/6817/9644/files/000061_040_back_bccc3d90-5c10-48f8-8ff5-0f314dbb25f8.jpg?v=1779479369,26,Gildan® 64800 — Red — back view,,,,,,,,,,,,,,,,,,,
,gildan-64800-g64800,,,,,,,,,,,,,,,,,,,,,,,,,,,,,,,,,,,https://cdn.shopify.com/s/files/1/0746/6817/9644/files/000061_040_left_d059ebac-8a6b-4955-92d9-5325ea149029.jpg?v=1779479375,27,Gildan® 64800 — Red — left side view,,,,,,,,,,,,,,,,,,,
,gildan-64800-g64800,,,,,,,,,,,,,,,,,,,,,,,,,,,,,,,,,,,https://cdn.shopify.com/s/files/1/0746/6817/9644/files/000061_040_right_54eae507-5730-4812-8829-61cb5cd24c6a.jpg?v=1779479375,28,Gildan® 64800 — Red — right side view,,,,,,,,,,,,,,,,,,,
,gildan-64800-g64800,,,,,,,,,,,,,,,,,,,,,,,,,,,,,,,,,,,https://cdn.shopify.com/s/files/1/0746/6817/9644/files/000061_040_neckline_b3b1a799-1988-4db3-a73d-a6d1bb9ecaca.jpg?v=1779479376,29,Gildan® 64800 — Red — neckline detail,,,,,,,,,,,,,,,,,,,
,gildan-64800-g64800,,,,,,,,,,,,,,,,,,,,,,,,,,,,,,,,,,,https://cdn.shopify.com/s/files/1/0746/6817/9644/files/000061_040_fabric_c2456621-a308-4805-95d9-e48f70229f4d.jpg?v=1779479372,30,Gildan® 64800 — Red — fabric detail,,,,,,,,,,,,,,,,,,,
,gildan-64800-g64800,,,,,,,,,,,,,,,,,,,,,,,,,,,,,,,,,,,https://cdn.shopify.com/s/files/1/0746/6817/9644/files/000061_040_front_f_9169ccbd-b99f-427e-a44f-47a5dcff4807.jpg?v=1779479373,31,Gildan® 64800 — Red — front view (women's fit),,,,,,,,,,,,,,,,,,,
,gildan-64800-g64800,,,,,,,,,,,,,,,,,,,,,,,,,,,,,,,,,,,https://cdn.shopify.com/s/files/1/0746/6817/9644/files/000061_040_back_f_1728d18f-2b0c-4b41-98b8-66801ab6967a.jpg?v=1779479370,32,Gildan® 64800 — Red — back view (women's fit),,,,,,,,,,,,,,,,,,,
,gildan-64800-g64800,,,,,,,,G64800-051-S,,Color,Royal Blue,,Size,S,,,,,,,,TRUE,,,,,,shopify,300,deny,220,g,TRUE,manual,https://cdn.shopify.com/s/files/1/0746/6817/9644/files/000062_051_front.png?v=1779479382,33,Gildan® 64800 — Royal Blue — front view,https://cdn.shopify.com/s/files/1/0746/6817/9644/files/000062_051_front.png?v=1779479382,,,,royal blue,,,,,,,,,,,,,,
,gildan-64800-g64800,,,,,,,,G64800-051-M,,Color,Royal Blue,,Size,M,,,,,,,,TRUE,,,,,,shopify,300,deny,220,g,TRUE,manual,,,,https://cdn.shopify.com/s/files/1/0746/6817/9644/files/000062_051_front.png?v=1779479382,,,,royal blue,,,,,,,,,,,,,,
,gildan-64800-g64800,,,,,,,,G64800-051-L,,Color,Royal Blue,,Size,L,,,,,,,,TRUE,,,,,,shopify,300,deny,220,g,TRUE,manual,,,,https://cdn.shopify.com/s/files/1/0746/6817/9644/files/000062_051_front.png?v=1779479382,,,,royal blue,,,,,,,,,,,,,,
,gildan-64800-g64800,,,,,,,,G64800-051-XL,,Color,Royal Blue,,Size,XL,,,,,,,,TRUE,,,,,,shopify,300,deny,220,g,TRUE,manual,,,,https://cdn.shopify.com/s/files/1/0746/6817/9644/files/000062_051_front.png?v=1779479382,,,,royal blue,,,,,,,,,,,,,,
,gildan-64800-g64800,,,,,,,,G64800-051-2XL,,Color,Royal Blue,,Size,2XL,,,,,,,,TRUE,,,,,,shopify,300,deny,220,g,TRUE,manual,,,,https://cdn.shopify.com/s/files/1/0746/6817/9644/files/000062_051_front.png?v=1779479382,,,,royal blue,,,,,,,,,,,,,,
,gildan-64800-g64800,,,,,,,,G64800-051-3XL,,Color,Royal Blue,,Size,3XL,,,,,,,,TRUE,,,,,,shopify,300,deny,220,g,TRUE,manual,,,,https://cdn.shopify.com/s/files/1/0746/6817/9644/files/000062_051_front.png?v=1779479382,,,,royal blue,,,,,,,,,,,,,,
,gildan-64800-g64800,,,,,,,,G64800-051-4XL,,Color,Royal Blue,,Size,4XL,,,,,,,,TRUE,,,,,,shopify,300,deny,220,g,TRUE,manual,,,,https://cdn.shopify.com/s/files/1/0746/6817/9644/files/000062_051_front.png?v=1779479382,,,,royal blue,,,,,,,,,,,,,,
,gildan-64800-g64800,,,,,,,,,,,,,,,,,,,,,,,,,,,,,,,,,,,https://cdn.shopify.com/s/files/1/0746/6817/9644/files/000062_051_back.png?v=1779479379,34,Gildan® 64800 — Royal Blue — back view,,,,,,,,,,,,,,,,,,,
,gildan-64800-g64800,,,,,,,,,,,,,,,,,,,,,,,,,,,,,,,,,,,https://cdn.shopify.com/s/files/1/0746/6817/9644/files/000062_051_left.png?v=1779479383,35,Gildan® 64800 — Royal Blue — left side view,,,,,,,,,,,,,,,,,,,
,gildan-64800-g64800,,,,,,,,,,,,,,,,,,,,,,,,,,,,,,,,,,,https://cdn.shopify.com/s/files/1/0746/6817/9644/files/000062_051_right.png?v=1779479386,36,Gildan® 64800 — Royal Blue — right side view,,,,,,,,,,,,,,,,,,,
,gildan-64800-g64800,,,,,,,,,,,,,,,,,,,,,,,,,,,,,,,,,,,https://cdn.shopify.com/s/files/1/0746/6817/9644/files/000062_051_neckline.png?v=1779479386,37,Gildan® 64800 — Royal Blue — neckline detail,,,,,,,,,,,,,,,,,,,
,gildan-64800-g64800,,,,,,,,,,,,,,,,,,,,,,,,,,,,,,,,,,,https://cdn.shopify.com/s/files/1/0746/6817/9644/files/000062_051_fabric.png?v=1779479379,38,Gildan® 64800 — Royal Blue — fabric detail,,,,,,,,,,,,,,,,,,,
,gildan-64800-g64800,,,,,,,,,,,,,,,,,,,,,,,,,,,,,,,,,,,https://cdn.shopify.com/s/files/1/0746/6817/9644/files/000062_051_front_f.png?v=1779479383,39,Gildan® 64800 — Royal Blue — front view (women's fit),,,,,,,,,,,,,,,,,,,
,gildan-64800-g64800,,,,,,,,,,,,,,,,,,,,,,,,,,,,,,,,,,,https://cdn.shopify.com/s/files/1/0746/6817/9644/files/000062_051_back_f.png?v=1779479379,40,Gildan® 64800 — Royal Blue — back view (women's fit),,,,,,,,,,,,,,,,,,,
,gildan-64800-g64800,,,,,,,,G64800-098-S,,Color,Daisy,,Size,S,,,,,,,,TRUE,,,,,,shopify,300,deny,220,g,TRUE,manual,https://cdn.shopify.com/s/files/1/0746/6817/9644/files/000064_098_front_05643fa8-bfe3-4a4a-b9b8-62fba9262885.jpg?v=1779479397,41,Gildan® 64800 — Daisy — front view,https://cdn.shopify.com/s/files/1/0746/6817/9644/files/000064_098_front_05643fa8-bfe3-4a4a-b9b8-62fba9262885.jpg?v=1779479397,,,,daisy,,,,,,,,,,,,,,
,gildan-64800-g64800,,,,,,,,G64800-098-M,,Color,Daisy,,Size,M,,,,,,,,TRUE,,,,,,shopify,300,deny,220,g,TRUE,manual,,,,https://cdn.shopify.com/s/files/1/0746/6817/9644/files/000064_098_front_05643fa8-bfe3-4a4a-b9b8-62fba9262885.jpg?v=1779479397,,,,daisy,,,,,,,,,,,,,,
,gildan-64800-g64800,,,,,,,,G64800-098-L,,Color,Daisy,,Size,L,,,,,,,,TRUE,,,,,,shopify,300,deny,220,g,TRUE,manual,,,,https://cdn.shopify.com/s/files/1/0746/6817/9644/files/000064_098_front_05643fa8-bfe3-4a4a-b9b8-62fba9262885.jpg?v=1779479397,,,,daisy,,,,,,,,,,,,,,
,gildan-64800-g64800,,,,,,,,G64800-098-XL,,Color,Daisy,,Size,XL,,,,,,,,TRUE,,,,,,shopify,300,deny,220,g,TRUE,manual,,,,https://cdn.shopify.com/s/files/1/0746/6817/9644/files/000064_098_front_05643fa8-bfe3-4a4a-b9b8-62fba9262885.jpg?v=1779479397,,,,daisy,,,,,,,,,,,,,,
,gildan-64800-g64800,,,,,,,,G64800-098-2XL,,Color,Daisy,,Size,2XL,,,,,,,,TRUE,,,,,,shopify,300,deny,220,g,TRUE,manual,,,,https://cdn.shopify.com/s/files/1/0746/6817/9644/files/000064_098_front_05643fa8-bfe3-4a4a-b9b8-62fba9262885.jpg?v=1779479397,,,,daisy,,,,,,,,,,,,,,
,gildan-64800-g64800,,,,,,,,G64800-098-3XL,,Color,Daisy,,Size,3XL,,,,,,,,TRUE,,,,,,shopify,300,deny,220,g,TRUE,manual,,,,https://cdn.shopify.com/s/files/1/0746/6817/9644/files/000064_098_front_05643fa8-bfe3-4a4a-b9b8-62fba9262885.jpg?v=1779479397,,,,daisy,,,,,,,,,,,,,,
,gildan-64800-g64800,,,,,,,,G64800-098-4XL,,Color,Daisy,,Size,4XL,,,,,,,,TRUE,,,,,,shopify,300,deny,220,g,TRUE,manual,,,,https://cdn.shopify.com/s/files/1/0746/6817/9644/files/000064_098_front_05643fa8-bfe3-4a4a-b9b8-62fba9262885.jpg?v=1779479397,,,,daisy,,,,,,,,,,,,,,
,gildan-64800-g64800,,,,,,,,,,,,,,,,,,,,,,,,,,,,,,,,,,,https://cdn.shopify.com/s/files/1/0746/6817/9644/files/000064_098_back_906fa708-6af6-4490-a341-8c204d97b485.jpg?v=1779479394,42,Gildan® 64800 — Daisy — back view,,,,,,,,,,,,,,,,,,,
,gildan-64800-g64800,,,,,,,,,,,,,,,,,,,,,,,,,,,,,,,,,,,https://cdn.shopify.com/s/files/1/0746/6817/9644/files/000064_098_left_8657f2a8-4699-49ca-bda8-cdf3741eab83.jpg?v=1779479399,43,Gildan® 64800 — Daisy — left side view,,,,,,,,,,,,,,,,,,,
,gildan-64800-g64800,,,,,,,,,,,,,,,,,,,,,,,,,,,,,,,,,,,https://cdn.shopify.com/s/files/1/0746/6817/9644/files/000064_098_right_895a059d-0f73-49b1-a92a-77de8cedee1c.jpg?v=1779479400,44,Gildan® 64800 — Daisy — right side view,,,,,,,,,,,,,,,,,,,
,gildan-64800-g64800,,,,,,,,,,,,,,,,,,,,,,,,,,,,,,,,,,,https://cdn.shopify.com/s/files/1/0746/6817/9644/files/000064_098_neckline_3de61916-2189-4f58-b991-93e64c14beb7.jpg?v=1779479399,45,Gildan® 64800 — Daisy — neckline detail,,,,,,,,,,,,,,,,,,,
,gildan-64800-g64800,,,,,,,,,,,,,,,,,,,,,,,,,,,,,,,,,,,https://cdn.shopify.com/s/files/1/0746/6817/9644/files/000064_098_fabric_711472b5-b805-4f57-8948-43a6122d83e8.jpg?v=1779479397,46,Gildan® 64800 — Daisy — fabric detail,,,,,,,,,,,,,,,,,,,
,gildan-64800-g64800,,,,,,,,,,,,,,,,,,,,,,,,,,,,,,,,,,,https://cdn.shopify.com/s/files/1/0746/6817/9644/files/000064_098_front_f_02a57b02-4630-4006-9cc2-fc211ebd2c4c.jpg?v=1779479397,47,Gildan® 64800 — Daisy — front view (women's fit),,,,,,,,,,,,,,,,,,,
,gildan-64800-g64800,,,,,,,,,,,,,,,,,,,,,,,,,,,,,,,,,,,https://cdn.shopify.com/s/files/1/0746/6817/9644/files/000064_098_back_f_67081f81-fb54-41ad-aa77-140369963e22.jpg?v=1779479395,48,Gildan® 64800 — Daisy — back view (women's fit),,,,,,,,,,,,,,,,,,,
,gildan-64800-g64800,,,,,,,,G64800-194-S,,Color,Cherry Red,,Size,S,,,,,,,,TRUE,,,,,,shopify,300,deny,220,g,TRUE,manual,https://cdn.shopify.com/s/files/1/0746/6817/9644/files/000065_194_front_32bb0466-dda3-44c9-a739-dc699f59c09e.jpg?v=1779479403,49,Gildan® 64800 — Cherry Red — front view,https://cdn.shopify.com/s/files/1/0746/6817/9644/files/000065_194_front_32bb0466-dda3-44c9-a739-dc699f59c09e.jpg?v=1779479403,,,,cherry red,,,,,,,,,,,,,,
,gildan-64800-g64800,,,,,,,,G64800-194-M,,Color,Cherry Red,,Size,M,,,,,,,,TRUE,,,,,,shopify,300,deny,220,g,TRUE,manual,,,,https://cdn.shopify.com/s/files/1/0746/6817/9644/files/000065_194_front_32bb0466-dda3-44c9-a739-dc699f59c09e.jpg?v=1779479403,,,,cherry red,,,,,,,,,,,,,,
,gildan-64800-g64800,,,,,,,,G64800-194-L,,Color,Cherry Red,,Size,L,,,,,,,,TRUE,,,,,,shopify,300,deny,220,g,TRUE,manual,,,,https://cdn.shopify.com/s/files/1/0746/6817/9644/files/000065_194_front_32bb0466-dda3-44c9-a739-dc699f59c09e.jpg?v=1779479403,,,,cherry red,,,,,,,,,,,,,,
,gildan-64800-g64800,,,,,,,,G64800-194-XL,,Color,Cherry Red,,Size,XL,,,,,,,,TRUE,,,,,,shopify,300,deny,220,g,TRUE,manual,,,,https://cdn.shopify.com/s/files/1/0746/6817/9644/files/000065_194_front_32bb0466-dda3-44c9-a739-dc699f59c09e.jpg?v=1779479403,,,,cherry red,,,,,,,,,,,,,,
,gildan-64800-g64800,,,,,,,,G64800-194-2XL,,Color,Cherry Red,,Size,2XL,,,,,,,,TRUE,,,,,,shopify,300,deny,220,g,TRUE,manual,,,,https://cdn.shopify.com/s/files/1/0746/6817/9644/files/000065_194_front_32bb0466-dda3-44c9-a739-dc699f59c09e.jpg?v=1779479403,,,,cherry red,,,,,,,,,,,,,,
,gildan-64800-g64800,,,,,,,,G64800-194-3XL,,Color,Cherry Red,,Size,3XL,,,,,,,,TRUE,,,,,,shopify,300,deny,220,g,TRUE,manual,,,,https://cdn.shopify.com/s/files/1/0746/6817/9644/files/000065_194_front_32bb0466-dda3-44c9-a739-dc699f59c09e.jpg?v=1779479403,,,,cherry red,,,,,,,,,,,,,,
,gildan-64800-g64800,,,,,,,,G64800-194-4XL,,Color,Cherry Red,,Size,4XL,,,,,,,,TRUE,,,,,,shopify,300,deny,220,g,TRUE,manual,,,,https://cdn.shopify.com/s/files/1/0746/6817/9644/files/000065_194_front_32bb0466-dda3-44c9-a739-dc699f59c09e.jpg?v=1779479403,,,,cherry red,,,,,,,,,,,,,,
,gildan-64800-g64800,,,,,,,,,,,,,,,,,,,,,,,,,,,,,,,,,,,https://cdn.shopify.com/s/files/1/0746/6817/9644/files/000065_194_back_6f15042f-298a-4112-bd46-a30856045abe.jpg?v=1779479401,50,Gildan® 64800 — Cherry Red — back view,,,,,,,,,,,,,,,,,,,
,gildan-64800-g64800,,,,,,,,,,,,,,,,,,,,,,,,,,,,,,,,,,,https://cdn.shopify.com/s/files/1/0746/6817/9644/files/000065_194_left_501ef69c-ab9d-4f19-a049-d6b3076eec4b.jpg?v=1779479405,51,Gildan® 64800 — Cherry Red — left side view,,,,,,,,,,,,,,,,,,,
,gildan-64800-g64800,,,,,,,,,,,,,,,,,,,,,,,,,,,,,,,,,,,https://cdn.shopify.com/s/files/1/0746/6817/9644/files/000065_194_right_9f9e85ae-2838-4509-bae9-6f07a6aee64c.jpg?v=1779479406,52,Gildan® 64800 — Cherry Red — right side view,,,,,,,,,,,,,,,,,,,
,gildan-64800-g64800,,,,,,,,,,,,,,,,,,,,,,,,,,,,,,,,,,,https://cdn.shopify.com/s/files/1/0746/6817/9644/files/000065_194_neckline_fe83b1c6-f310-42b6-9f95-e6ddcab64877.jpg?v=1779479406,53,Gildan® 64800 — Cherry Red — neckline detail,,,,,,,,,,,,,,,,,,,
,gildan-64800-g64800,,,,,,,,,,,,,,,,,,,,,,,,,,,,,,,,,,,https://cdn.shopify.com/s/files/1/0746/6817/9644/files/000065_194_fabric_af10b609-76bf-4a2b-9615-96a0d2ef5702.jpg?v=1779479403,54,Gildan® 64800 — Cherry Red — fabric detail,,,,,,,,,,,,,,,,,,,
,gildan-64800-g64800,,,,,,,,,,,,,,,,,,,,,,,,,,,,,,,,,,,https://cdn.shopify.com/s/files/1/0746/6817/9644/files/000065_194_front_f_bdbdbdc0-a31d-4256-b2b0-e18b09e4ee69.jpg?v=1779479404,55,Gildan® 64800 — Cherry Red — front view (women's fit),,,,,,,,,,,,,,,,,,,
,gildan-64800-g64800,,,,,,,,,,,,,,,,,,,,,,,,,,,,,,,,,,,https://cdn.shopify.com/s/files/1/0746/6817/9644/files/000065_194_back_f_757473cf-4a67-4dcc-a0e9-8124b6b2226a.jpg?v=1779479401,56,Gildan® 64800 — Cherry Red — back view (women's fit),,,,,,,,,,,,,,,,,,,
,gildan-64800-g64800,,,,,,,,G64800-026-S,,Color,Sapphire,,Size,S,,,,,,,,TRUE,,,,,,shopify,300,deny,220,g,TRUE,manual,https://cdn.shopify.com/s/files/1/0746/6817/9644/files/000063_026_front_294c532f-34c7-4245-b4e4-d63797651206.jpg?v=1779479388,57,Gildan® 64800 — Sapphire — front view,https://cdn.shopify.com/s/files/1/0746/6817/9644/files/000063_026_front_294c532f-34c7-4245-b4e4-d63797651206.jpg?v=1779479388,,,,sapphire,,,,,,,,,,,,,,
,gildan-64800-g64800,,,,,,,,G64800-026-M,,Color,Sapphire,,Size,M,,,,,,,,TRUE,,,,,,shopify,300,deny,220,g,TRUE,manual,,,,https://cdn.shopify.com/s/files/1/0746/6817/9644/files/000063_026_front_294c532f-34c7-4245-b4e4-d63797651206.jpg?v=1779479388,,,,sapphire,,,,,,,,,,,,,,
,gildan-64800-g64800,,,,,,,,G64800-026-L,,Color,Sapphire,,Size,L,,,,,,,,TRUE,,,,,,shopify,300,deny,220,g,TRUE,manual,,,,https://cdn.shopify.com/s/files/1/0746/6817/9644/files/000063_026_front_294c532f-34c7-4245-b4e4-d63797651206.jpg?v=1779479388,,,,sapphire,,,,,,,,,,,,,,
,gildan-64800-g64800,,,,,,,,G64800-026-XL,,Color,Sapphire,,Size,XL,,,,,,,,TRUE,,,,,,shopify,300,deny,220,g,TRUE,manual,,,,https://cdn.shopify.com/s/files/1/0746/6817/9644/files/000063_026_front_294c532f-34c7-4245-b4e4-d63797651206.jpg?v=1779479388,,,,sapphire,,,,,,,,,,,,,,
,gildan-64800-g64800,,,,,,,,G64800-026-2XL,,Color,Sapphire,,Size,2XL,,,,,,,,TRUE,,,,,,shopify,300,deny,220,g,TRUE,manual,,,,https://cdn.shopify.com/s/files/1/0746/6817/9644/files/000063_026_front_294c532f-34c7-4245-b4e4-d63797651206.jpg?v=1779479388,,,,sapphire,,,,,,,,,,,,,,
,gildan-64800-g64800,,,,,,,,G64800-026-3XL,,Color,Sapphire,,Size,3XL,,,,,,,,TRUE,,,,,,shopify,300,deny,220,g,TRUE,manual,,,,https://cdn.shopify.com/s/files/1/0746/6817/9644/files/000063_026_front_294c532f-34c7-4245-b4e4-d63797651206.jpg?v=1779479388,,,,sapphire,,,,,,,,,,,,,,
,gildan-64800-g64800,,,,,,,,G64800-026-4XL,,Color,Sapphire,,Size,4XL,,,,,,,,TRUE,,,,,,shopify,300,deny,220,g,TRUE,manual,,,,https://cdn.shopify.com/s/files/1/0746/6817/9644/files/000063_026_front_294c532f-34c7-4245-b4e4-d63797651206.jpg?v=1779479388,,,,sapphire,,,,,,,,,,,,,,
,gildan-64800-g64800,,,,,,,,,,,,,,,,,,,,,,,,,,,,,,,,,,,https://cdn.shopify.com/s/files/1/0746/6817/9644/files/000063_026_back_cec4ae65-a716-46a0-ad52-54897efc33fb.jpg?v=1779479385,58,Gildan® 64800 — Sapphire — back view,,,,,,,,,,,,,,,,,,,
,gildan-64800-g64800,,,,,,,,,,,,,,,,,,,,,,,,,,,,,,,,,,,https://cdn.shopify.com/s/files/1/0746/6817/9644/files/000063_026_left_ae366782-9d85-4a82-aca1-d4374813a478.jpg?v=1779479391,59,Gildan® 64800 — Sapphire — left side view,,,,,,,,,,,,,,,,,,,
,gildan-64800-g64800,,,,,,,,,,,,,,,,,,,,,,,,,,,,,,,,,,,https://cdn.shopify.com/s/files/1/0746/6817/9644/files/000063_026_right_7eb0068e-84d9-4b99-a173-69119a0a1e47.jpg?v=1779479394,60,Gildan® 64800 — Sapphire — right side view,,,,,,,,,,,,,,,,,,,
,gildan-64800-g64800,,,,,,,,,,,,,,,,,,,,,,,,,,,,,,,,,,,https://cdn.shopify.com/s/files/1/0746/6817/9644/files/000063_026_neckline_b795a8d4-f313-438d-9d51-bf6c014fabcd.jpg?v=1779479392,61,Gildan® 64800 — Sapphire — neckline detail,,,,,,,,,,,,,,,,,,,
,gildan-64800-g64800,,,,,,,,,,,,,,,,,,,,,,,,,,,,,,,,,,,https://cdn.shopify.com/s/files/1/0746/6817/9644/files/000063_026_fabric_a78a589c-074b-4c91-a9ea-39230a38e0c7.jpg?v=1779479388,62,Gildan® 64800 — Sapphire — fabric detail,,,,,,,,,,,,,,,,,,,
,gildan-64800-g64800,,,,,,,,,,,,,,,,,,,,,,,,,,,,,,,,,,,https://cdn.shopify.com/s/files/1/0746/6817/9644/files/000063_026_front_f_fb665ed4-e113-420a-9597-6a5a59461c2f.jpg?v=1779479391,63,Gildan® 64800 — Sapphire — front view (women's fit),,,,,,,,,,,,,,,,,,,
,gildan-64800-g64800,,,,,,,,,,,,,,,,,,,,,,,,,,,,,,,,,,,https://cdn.shopify.com/s/files/1/0746/6817/9644/files/000063_026_back_f_db90e683-2a4c-44c7-aca8-a67bfc6cbe49.jpg?v=1779479388,64,Gildan® 64800 — Sapphire — back view (women's fit),,,,,,,,,,,,,,,,,,,
Gildan® 64V00,gildan-64v00-g64v00,"<p>Made with soft ring-spun cotton, Softstyle’s high stitch density fabric offers a smooth printing surface. Features a narrow rib V-neck collar, taped neck and shoulders, and a semi-fitted silhouette with side seams.</p><ul><li>Soft ring-spun cotton — high stitch density fabric</li><li>Semi-fitted silhouette with side seams</li><li>Narrow rib V-neck collar</li><li>Taped neck and shoulders</li><li>Tearaway label</li></ul><h4>Size Chart (inches)</h4><table><thead><tr><th>Size</th><th>Chest</th><th>Body Length</th></tr></thead><tbody><tr><td>XS</td><td>31–33</td><td>27</td></tr><tr><td>S</td><td>34–36</td><td>28</td></tr><tr><td>M</td><td>38–40</td><td>29</td></tr><tr><td>L</td><td>42–44</td><td>30</td></tr><tr><td>XL</td><td>46–48</td><td>31</td></tr><tr><td>2XL</td><td>50–52</td><td>32</td></tr><tr><td>3XL</td><td>54–56</td><td>33</td></tr><tr><td>4XL</td><td>58–60</td><td>34</td></tr><tr><td>5XL</td><td>62–64</td><td>35</td></tr></tbody></table>",Gildan,gid://shopify/TaxonomyCategory/aa-1-13-8,V-Neck T-Shirt,"V-Neck T-Shirt, Adult, Unisex, G64V00, V-Neck, Cotton, Fitted",TRUE,active,G64V00-194-XS,,Color,Cherry Red,,Size,XS,,,,,,,,TRUE,,,,,,shopify,300,deny,150,g,TRUE,manual,https://cdn.shopify.com/s/files/1/0746/6817/9644/files/000087_194_front_d9b402fe-0737-474a-b3e9-4d0187c789cb.jpg?v=1779479491,1,Gildan® 64V00 — Cherry Red — front view,https://cdn.shopify.com/s/files/1/0746/6817/9644/files/000087_194_front_d9b402fe-0737-474a-b3e9-4d0187c789cb.jpg?v=1779479491,,Gildan® 64V00,"<p>Made with soft ring-spun cotton, Softstyle’s high stitch density fabric offers a smooth printing surface. Features a narrow rib V-neck collar, taped nec",cherry red,gid://shopify/TaxonomyCategory/aa-1-13-8,Unisex,Adult,G64V00,,,new,,,,,,,Adult V-Neck T-Shirt
,gildan-64v00-g64v00,,,,,,,,G64V00-194-S,,Color,Cherry Red,,Size,S,,,,,,,,TRUE,,,,,,shopify,300,deny,150,g,TRUE,manual,,,,https://cdn.shopify.com/s/files/1/0746/6817/9644/files/000087_194_front_d9b402fe-0737-474a-b3e9-4d0187c789cb.jpg?v=1779479491,,,,cherry red,,,,,,,,,,,,,,
,gildan-64v00-g64v00,,,,,,,,G64V00-194-M,,Color,Cherry Red,,Size,M,,,,,,,,TRUE,,,,,,shopify,300,deny,150,g,TRUE,manual,,,,https://cdn.shopify.com/s/files/1/0746/6817/9644/files/000087_194_front_d9b402fe-0737-474a-b3e9-4d0187c789cb.jpg?v=1779479491,,,,cherry red,,,,,,,,,,,,,,
,gildan-64v00-g64v00,,,,,,,,G64V00-194-L,,Color,Cherry Red,,Size,L,,,,,,,,TRUE,,,,,,shopify,300,deny,150,g,TRUE,manual,,,,https://cdn.shopify.com/s/files/1/0746/6817/9644/files/000087_194_front_d9b402fe-0737-474a-b3e9-4d0187c789cb.jpg?v=1779479491,,,,cherry red,,,,,,,,,,,,,,
,gildan-64v00-g64v00,,,,,,,,G64V00-194-XL,,Color,Cherry Red,,Size,XL,,,,,,,,TRUE,,,,,,shopify,300,deny,150,g,TRUE,manual,,,,https://cdn.shopify.com/s/files/1/0746/6817/9644/files/000087_194_front_d9b402fe-0737-474a-b3e9-4d0187c789cb.jpg?v=1779479491,,,,cherry red,,,,,,,,,,,,,,
,gildan-64v00-g64v00,,,,,,,,G64V00-194-2XL,,Color,Cherry Red,,Size,2XL,,,,,,,,TRUE,,,,,,shopify,300,deny,150,g,TRUE,manual,,,,https://cdn.shopify.com/s/files/1/0746/6817/9644/files/000087_194_front_d9b402fe-0737-474a-b3e9-4d0187c789cb.jpg?v=1779479491,,,,cherry red,,,,,,,,,,,,,,
,gildan-64v00-g64v00,,,,,,,,G64V00-194-3XL,,Color,Cherry Red,,Size,3XL,,,,,,,,TRUE,,,,,,shopify,300,deny,150,g,TRUE,manual,,,,https://cdn.shopify.com/s/files/1/0746/6817/9644/files/000087_194_front_d9b402fe-0737-474a-b3e9-4d0187c789cb.jpg?v=1779479491,,,,cherry red,,,,,,,,,,,,,,
,gildan-64v00-g64v00,,,,,,,,,,,,,,,,,,,,,,,,,,,,,,,,,,,https://cdn.shopify.com/s/files/1/0746/6817/9644/files/000087_194_back_7cafd17e-b59d-457a-a894-599e978d8f3f.jpg?v=1779479488,2,Gildan® 64V00 — Cherry Red — back view,,,,,,,,,,,,,,,,,,,
,gildan-64v00-g64v00,,,,,,,,,,,,,,,,,,,,,,,,,,,,,,,,,,,https://cdn.shopify.com/s/files/1/0746/6817/9644/files/000087_194_left_5b7affd5-d44d-4183-ab0b-2c359ea61dc6.jpg?v=1779479492,3,Gildan® 64V00 — Cherry Red — left side view,,,,,,,,,,,,,,,,,,,
,gildan-64v00-g64v00,,,,,,,,,,,,,,,,,,,,,,,,,,,,,,,,,,,https://cdn.shopify.com/s/files/1/0746/6817/9644/files/000087_194_right_acb16eea-1831-4b75-9661-ed60af0b076c.jpg?v=1779479494,4,Gildan® 64V00 — Cherry Red — right side view,,,,,,,,,,,,,,,,,,,
,gildan-64v00-g64v00,,,,,,,,,,,,,,,,,,,,,,,,,,,,,,,,,,,https://cdn.shopify.com/s/files/1/0746/6817/9644/files/000087_194_neckline_9cfd6439-b7cc-4ed9-95e6-335edcb6a931.jpg?v=1779479493,5,Gildan® 64V00 — Cherry Red — neckline detail,,,,,,,,,,,,,,,,,,,
,gildan-64v00-g64v00,,,,,,,,,,,,,,,,,,,,,,,,,,,,,,,,,,,https://cdn.shopify.com/s/files/1/0746/6817/9644/files/000087_194_fabric_da022910-9693-4bfa-af6f-4b7d60dd2ba6.jpg?v=1779479489,6,Gildan® 64V00 — Cherry Red — fabric detail,,,,,,,,,,,,,,,,,,,
,gildan-64v00-g64v00,,,,,,,,,,,,,,,,,,,,,,,,,,,,,,,,,,,https://cdn.shopify.com/s/files/1/0746/6817/9644/files/000087_194_front_f_d8393dcc-f682-4431-be49-918507df31c0.jpg?v=1779479491,7,Gildan® 64V00 — Cherry Red — front view (women's fit),,,,,,,,,,,,,,,,,,,
,gildan-64v00-g64v00,,,,,,,,,,,,,,,,,,,,,,,,,,,,,,,,,,,https://cdn.shopify.com/s/files/1/0746/6817/9644/files/000087_194_back_f_2f397497-5ad0-4842-9520-26d7f5f70e72.jpg?v=1779479489,8,Gildan® 64V00 — Cherry Red — back view (women's fit),,,,,,,,,,,,,,,,,,,
,gildan-64v00-g64v00,,,,,,,,G64V00-030-XS,,Color,White,,Size,XS,,,,,,,,TRUE,,,,,,shopify,300,deny,150,g,TRUE,manual,https://cdn.shopify.com/s/files/1/0746/6817/9644/files/000041_030_front_c010cc73-2496-4b19-993c-ae6d7e166c69.jpg?v=1779479225,9,Gildan® 64V00 — White — front view,https://cdn.shopify.com/s/files/1/0746/6817/9644/files/000041_030_front_c010cc73-2496-4b19-993c-ae6d7e166c69.jpg?v=1779479225,,,,white,,,,,,,,,,,,,,
,gildan-64v00-g64v00,,,,,,,,G64V00-030-S,,Color,White,,Size,S,,,,,,,,TRUE,,,,,,shopify,300,deny,150,g,TRUE,manual,,,,https://cdn.shopify.com/s/files/1/0746/6817/9644/files/000041_030_front_c010cc73-2496-4b19-993c-ae6d7e166c69.jpg?v=1779479225,,,,white,,,,,,,,,,,,,,
,gildan-64v00-g64v00,,,,,,,,G64V00-030-M,,Color,White,,Size,M,,,,,,,,TRUE,,,,,,shopify,300,deny,150,g,TRUE,manual,,,,https://cdn.shopify.com/s/files/1/0746/6817/9644/files/000041_030_front_c010cc73-2496-4b19-993c-ae6d7e166c69.jpg?v=1779479225,,,,white,,,,,,,,,,,,,,
,gildan-64v00-g64v00,,,,,,,,G64V00-030-L,,Color,White,,Size,L,,,,,,,,TRUE,,,,,,shopify,300,deny,150,g,TRUE,manual,,,,https://cdn.shopify.com/s/files/1/0746/6817/9644/files/000041_030_front_c010cc73-2496-4b19-993c-ae6d7e166c69.jpg?v=1779479225,,,,white,,,,,,,,,,,,,,
,gildan-64v00-g64v00,,,,,,,,G64V00-030-XL,,Color,White,,Size,XL,,,,,,,,TRUE,,,,,,shopify,300,deny,150,g,TRUE,manual,,,,https://cdn.shopify.com/s/files/1/0746/6817/9644/files/000041_030_front_c010cc73-2496-4b19-993c-ae6d7e166c69.jpg?v=1779479225,,,,white,,,,,,,,,,,,,,
,gildan-64v00-g64v00,,,,,,,,G64V00-030-2XL,,Color,White,,Size,2XL,,,,,,,,TRUE,,,,,,shopify,300,deny,150,g,TRUE,manual,,,,https://cdn.shopify.com/s/files/1/0746/6817/9644/files/000041_030_front_c010cc73-2496-4b19-993c-ae6d7e166c69.jpg?v=1779479225,,,,white,,,,,,,,,,,,,,
,gildan-64v00-g64v00,,,,,,,,G64V00-030-3XL,,Color,White,,Size,3XL,,,,,,,,TRUE,,,,,,shopify,300,deny,150,g,TRUE,manual,,,,https://cdn.shopify.com/s/files/1/0746/6817/9644/files/000041_030_front_c010cc73-2496-4b19-993c-ae6d7e166c69.jpg?v=1779479225,,,,white,,,,,,,,,,,,,,
,gildan-64v00-g64v00,,,,,,,,,,,,,,,,,,,,,,,,,,,,,,,,,,,https://cdn.shopify.com/s/files/1/0746/6817/9644/files/000041_030_back_e0d651f4-6c12-4801-8883-b74802855bc5.jpg?v=1779479221,10,Gildan® 64V00 — White — back view,,,,,,,,,,,,,,,,,,,
,gildan-64v00-g64v00,,,,,,,,,,,,,,,,,,,,,,,,,,,,,,,,,,,https://cdn.shopify.com/s/files/1/0746/6817/9644/files/000041_030_left_288b548d-e2b7-4dd2-baba-9576b9aa98be.jpg?v=1779479226,11,Gildan® 64V00 — White — left side view,,,,,,,,,,,,,,,,,,,
,gildan-64v00-g64v00,,,,,,,,,,,,,,,,,,,,,,,,,,,,,,,,,,,https://cdn.shopify.com/s/files/1/0746/6817/9644/files/000041_030_right_317639cd-545e-4fcd-9d26-b7abfa628687.jpg?v=1779479229,12,Gildan® 64V00 — White — right side view,,,,,,,,,,,,,,,,,,,
,gildan-64v00-g64v00,,,,,,,,,,,,,,,,,,,,,,,,,,,,,,,,,,,https://cdn.shopify.com/s/files/1/0746/6817/9644/files/000041_030_neckline_97f0720d-3119-434c-8d5f-cdfd765cc65e.jpg?v=1779479227,13,Gildan® 64V00 — White — neckline detail,,,,,,,,,,,,,,,,,,,
,gildan-64v00-g64v00,,,,,,,,,,,,,,,,,,,,,,,,,,,,,,,,,,,https://cdn.shopify.com/s/files/1/0746/6817/9644/files/000041_030_fabric_d40ac1ae-e895-42d0-b842-7eccf9af72a8.jpg?v=1779479223,14,Gildan® 64V00 — White — fabric detail,,,,,,,,,,,,,,,,,,,
,gildan-64v00-g64v00,,,,,,,,,,,,,,,,,,,,,,,,,,,,,,,,,,,https://cdn.shopify.com/s/files/1/0746/6817/9644/files/000041_030_front_f_97115a17-06bc-4025-9d85-149f4b5f93da.jpg?v=1779479225,15,Gildan® 64V00 — White — front view (women's fit),,,,,,,,,,,,,,,,,,,
,gildan-64v00-g64v00,,,,,,,,,,,,,,,,,,,,,,,,,,,,,,,,,,,https://cdn.shopify.com/s/files/1/0746/6817/9644/files/000041_030_back_f_f1cf35cf-cc5f-4769-b76b-a5e38f21e2a4.jpg?v=1779479223,16,Gildan® 64V00 — White — back view (women's fit),,,,,,,,,,,,,,,,,,,
,gildan-64v00-g64v00,,,,,,,,G64V00-032-XS,,Color,Navy,,Size,XS,,,,,,,,TRUE,,,,,,shopify,300,deny,150,g,TRUE,manual,https://cdn.shopify.com/s/files/1/0746/6817/9644/files/000084_032_front_34cd3be9-7680-4921-b3d6-616f56b6b2fa.jpg?v=1779479468,17,Gildan® 64V00 — Navy — front view,https://cdn.shopify.com/s/files/1/0746/6817/9644/files/000084_032_front_34cd3be9-7680-4921-b3d6-616f56b6b2fa.jpg?v=1779479468,,,,navy,,,,,,,,,,,,,,
,gildan-64v00-g64v00,,,,,,,,G64V00-032-S,,Color,Navy,,Size,S,,,,,,,,TRUE,,,,,,shopify,300,deny,150,g,TRUE,manual,,,,https://cdn.shopify.com/s/files/1/0746/6817/9644/files/000084_032_front_34cd3be9-7680-4921-b3d6-616f56b6b2fa.jpg?v=1779479468,,,,navy,,,,,,,,,,,,,,
,gildan-64v00-g64v00,,,,,,,,G64V00-032-M,,Color,Navy,,Size,M,,,,,,,,TRUE,,,,,,shopify,300,deny,150,g,TRUE,manual,,,,https://cdn.shopify.com/s/files/1/0746/6817/9644/files/000084_032_front_34cd3be9-7680-4921-b3d6-616f56b6b2fa.jpg?v=1779479468,,,,navy,,,,,,,,,,,,,,
,gildan-64v00-g64v00,,,,,,,,G64V00-032-L,,Color,Navy,,Size,L,,,,,,,,TRUE,,,,,,shopify,300,deny,150,g,TRUE,manual,,,,https://cdn.shopify.com/s/files/1/0746/6817/9644/files/000084_032_front_34cd3be9-7680-4921-b3d6-616f56b6b2fa.jpg?v=1779479468,,,,navy,,,,,,,,,,,,,,
,gildan-64v00-g64v00,,,,,,,,G64V00-032-XL,,Color,Navy,,Size,XL,,,,,,,,TRUE,,,,,,shopify,300,deny,150,g,TRUE,manual,,,,https://cdn.shopify.com/s/files/1/0746/6817/9644/files/000084_032_front_34cd3be9-7680-4921-b3d6-616f56b6b2fa.jpg?v=1779479468,,,,navy,,,,,,,,,,,,,,
,gildan-64v00-g64v00,,,,,,,,G64V00-032-2XL,,Color,Navy,,Size,2XL,,,,,,,,TRUE,,,,,,shopify,300,deny,150,g,TRUE,manual,,,,https://cdn.shopify.com/s/files/1/0746/6817/9644/files/000084_032_front_34cd3be9-7680-4921-b3d6-616f56b6b2fa.jpg?v=1779479468,,,,navy,,,,,,,,,,,,,,
,gildan-64v00-g64v00,,,,,,,,G64V00-032-3XL,,Color,Navy,,Size,3XL,,,,,,,,TRUE,,,,,,shopify,300,deny,150,g,TRUE,manual,,,,https://cdn.shopify.com/s/files/1/0746/6817/9644/files/000084_032_front_34cd3be9-7680-4921-b3d6-616f56b6b2fa.jpg?v=1779479468,,,,navy,,,,,,,,,,,,,,
,gildan-64v00-g64v00,,,,,,,,,,,,,,,,,,,,,,,,,,,,,,,,,,,https://cdn.shopify.com/s/files/1/0746/6817/9644/files/000084_032_back_a5b142e5-e6f7-4085-a15a-2a251c9e594f.jpg?v=1779479466,18,Gildan® 64V00 — Navy — back view,,,,,,,,,,,,,,,,,,,
,gildan-64v00-g64v00,,,,,,,,,,,,,,,,,,,,,,,,,,,,,,,,,,,https://cdn.shopify.com/s/files/1/0746/6817/9644/files/000084_032_left_5e56746e-06b9-4e32-bf75-ccaea3601a87.jpg?v=1779479469,19,Gildan® 64V00 — Navy — left side view,,,,,,,,,,,,,,,,,,,
,gildan-64v00-g64v00,,,,,,,,,,,,,,,,,,,,,,,,,,,,,,,,,,,https://cdn.shopify.com/s/files/1/0746/6817/9644/files/000084_032_right_783e972c-bb9f-4129-a29b-79b955f009fc.jpg?v=1779479472,20,Gildan® 64V00 — Navy — right side view,,,,,,,,,,,,,,,,,,,
,gildan-64v00-g64v00,,,,,,,,,,,,,,,,,,,,,,,,,,,,,,,,,,,https://cdn.shopify.com/s/files/1/0746/6817/9644/files/000084_032_neckline_744c09b2-1b67-4d07-89d8-537ea9cdc2b9.jpg?v=1779479471,21,Gildan® 64V00 — Navy — neckline detail,,,,,,,,,,,,,,,,,,,
,gildan-64v00-g64v00,,,,,,,,,,,,,,,,,,,,,,,,,,,,,,,,,,,https://cdn.shopify.com/s/files/1/0746/6817/9644/files/000084_032_fabric_d7f616ae-3704-4eeb-a893-664dbcb4a86f.jpg?v=1779479467,22,Gildan® 64V00 — Navy — fabric detail,,,,,,,,,,,,,,,,,,,
,gildan-64v00-g64v00,,,,,,,,,,,,,,,,,,,,,,,,,,,,,,,,,,,https://cdn.shopify.com/s/files/1/0746/6817/9644/files/000084_032_front_f_2ab5dbe5-2efc-4cb4-acbe-3a2e45ce156c.jpg?v=1779479469,23,Gildan® 64V00 — Navy — front view (women's fit),,,,,,,,,,,,,,,,,,,
,gildan-64v00-g64v00,,,,,,,,,,,,,,,,,,,,,,,,,,,,,,,,,,,https://cdn.shopify.com/s/files/1/0746/6817/9644/files/000084_032_back_f_448404c4-b4d2-4034-8ea1-00f91d24245a.jpg?v=1779479466,24,Gildan® 64V00 — Navy — back view (women's fit),,,,,,,,,,,,,,,,,,,
,gildan-64v00-g64v00,,,,,,,,G64V00-036-XS,,Color,Black,,Size,XS,,,,,,,,TRUE,,,,,,shopify,300,deny,150,g,TRUE,manual,https://cdn.shopify.com/s/files/1/0746/6817/9644/files/000085_036_front_eb6c6aaf-ab4c-4ef9-86b6-c3c53b8c24bc.jpg?v=1779479475,25,Gildan® 64V00 — Black — front view,https://cdn.shopify.com/s/files/1/0746/6817/9644/files/000085_036_front_eb6c6aaf-ab4c-4ef9-86b6-c3c53b8c24bc.jpg?v=1779479475,,,,black,,,,,,,,,,,,,,
,gildan-64v00-g64v00,,,,,,,,G64V00-036-S,,Color,Black,,Size,S,,,,,,,,TRUE,,,,,,shopify,300,deny,150,g,TRUE,manual,,,,https://cdn.shopify.com/s/files/1/0746/6817/9644/files/000085_036_front_eb6c6aaf-ab4c-4ef9-86b6-c3c53b8c24bc.jpg?v=1779479475,,,,black,,,,,,,,,,,,,,
,gildan-64v00-g64v00,,,,,,,,G64V00-036-M,,Color,Black,,Size,M,,,,,,,,TRUE,,,,,,shopify,300,deny,150,g,TRUE,manual,,,,https://cdn.shopify.com/s/files/1/0746/6817/9644/files/000085_036_front_eb6c6aaf-ab4c-4ef9-86b6-c3c53b8c24bc.jpg?v=1779479475,,,,black,,,,,,,,,,,,,,
,gildan-64v00-g64v00,,,,,,,,G64V00-036-L,,Color,Black,,Size,L,,,,,,,,TRUE,,,,,,shopify,300,deny,150,g,TRUE,manual,,,,https://cdn.shopify.com/s/files/1/0746/6817/9644/files/000085_036_front_eb6c6aaf-ab4c-4ef9-86b6-c3c53b8c24bc.jpg?v=1779479475,,,,black,,,,,,,,,,,,,,
,gildan-64v00-g64v00,,,,,,,,G64V00-036-XL,,Color,Black,,Size,XL,,,,,,,,TRUE,,,,,,shopify,300,deny,150,g,TRUE,manual,,,,https://cdn.shopify.com/s/files/1/0746/6817/9644/files/000085_036_front_eb6c6aaf-ab4c-4ef9-86b6-c3c53b8c24bc.jpg?v=1779479475,,,,black,,,,,,,,,,,,,,
,gildan-64v00-g64v00,,,,,,,,G64V00-036-2XL,,Color,Black,,Size,2XL,,,,,,,,TRUE,,,,,,shopify,300,deny,150,g,TRUE,manual,,,,https://cdn.shopify.com/s/files/1/0746/6817/9644/files/000085_036_front_eb6c6aaf-ab4c-4ef9-86b6-c3c53b8c24bc.jpg?v=1779479475,,,,black,,,,,,,,,,,,,,
,gildan-64v00-g64v00,,,,,,,,G64V00-036-3XL,,Color,Black,,Size,3XL,,,,,,,,TRUE,,,,,,shopify,300,deny,150,g,TRUE,manual,,,,https://cdn.shopify.com/s/files/1/0746/6817/9644/files/000085_036_front_eb6c6aaf-ab4c-4ef9-86b6-c3c53b8c24bc.jpg?v=1779479475,,,,black,,,,,,,,,,,,,,
,gildan-64v00-g64v00,,,,,,,,,,,,,,,,,,,,,,,,,,,,,,,,,,,https://cdn.shopify.com/s/files/1/0746/6817/9644/files/000085_036_back_d8673753-941b-4d35-b275-c2d40d56d909.jpg?v=1779479472,26,Gildan® 64V00 — Black — back view,,,,,,,,,,,,,,,,,,,
,gildan-64v00-g64v00,,,,,,,,,,,,,,,,,,,,,,,,,,,,,,,,,,,https://cdn.shopify.com/s/files/1/0746/6817/9644/files/000085_036_left_bf9cd210-7fa1-48a6-a9d4-ea7aa763b1bc.jpg?v=1779479476,27,Gildan® 64V00 — Black — left side view,,,,,,,,,,,,,,,,,,,
,gildan-64v00-g64v00,,,,,,,,,,,,,,,,,,,,,,,,,,,,,,,,,,,https://cdn.shopify.com/s/files/1/0746/6817/9644/files/000085_036_right_9c9ec91a-8e8c-46d6-8b9b-55ec3ffed657.jpg?v=1779479477,28,Gildan® 64V00 — Black — right side view,,,,,,,,,,,,,,,,,,,
,gildan-64v00-g64v00,,,,,,,,,,,,,,,,,,,,,,,,,,,,,,,,,,,https://cdn.shopify.com/s/files/1/0746/6817/9644/files/000085_036_neckline_0b93b8e7-0532-4b28-a458-df8aefdb0d21.jpg?v=1779479477,29,Gildan® 64V00 — Black — neckline detail,,,,,,,,,,,,,,,,,,,
,gildan-64v00-g64v00,,,,,,,,,,,,,,,,,,,,,,,,,,,,,,,,,,,https://cdn.shopify.com/s/files/1/0746/6817/9644/files/000085_036_fabric_e372f534-e111-4bfd-9844-1d34bc0d7c40.jpg?v=1779479474,30,Gildan® 64V00 — Black — fabric detail,,,,,,,,,,,,,,,,,,,
,gildan-64v00-g64v00,,,,,,,,,,,,,,,,,,,,,,,,,,,,,,,,,,,https://cdn.shopify.com/s/files/1/0746/6817/9644/files/000085_036_front_f_7a95081c-6cf6-412f-8957-9745188be0b6.jpg?v=1779479475,31,Gildan® 64V00 — Black — front view (women's fit),,,,,,,,,,,,,,,,,,,
,gildan-64v00-g64v00,,,,,,,,,,,,,,,,,,,,,,,,,,,,,,,,,,,https://cdn.shopify.com/s/files/1/0746/6817/9644/files/000085_036_back_f_d3421346-4f7d-4508-9d8b-07e1b7443f95.jpg?v=1779479473,32,Gildan® 64V00 — Black — back view (women's fit),,,,,,,,,,,,,,,,,,,
,gildan-64v00-g64v00,,,,,,,,G64V00-051-XS,,Color,Royal Blue,,Size,XS,,,,,,,,TRUE,,,,,,shopify,300,deny,150,g,TRUE,manual,https://cdn.shopify.com/s/files/1/0746/6817/9644/files/000086_051_front.png?v=1779479482,33,Gildan® 64V00 — Royal Blue — front view,https://cdn.shopify.com/s/files/1/0746/6817/9644/files/000086_051_front.png?v=1779479482,,,,royal blue,,,,,,,,,,,,,,
,gildan-64v00-g64v00,,,,,,,,G64V00-051-S,,Color,Royal Blue,,Size,S,,,,,,,,TRUE,,,,,,shopify,300,deny,150,g,TRUE,manual,,,,https://cdn.shopify.com/s/files/1/0746/6817/9644/files/000086_051_front.png?v=1779479482,,,,royal blue,,,,,,,,,,,,,,
,gildan-64v00-g64v00,,,,,,,,G64V00-051-M,,Color,Royal Blue,,Size,M,,,,,,,,TRUE,,,,,,shopify,300,deny,150,g,TRUE,manual,,,,https://cdn.shopify.com/s/files/1/0746/6817/9644/files/000086_051_front.png?v=1779479482,,,,royal blue,,,,,,,,,,,,,,
,gildan-64v00-g64v00,,,,,,,,G64V00-051-L,,Color,Royal Blue,,Size,L,,,,,,,,TRUE,,,,,,shopify,300,deny,150,g,TRUE,manual,,,,https://cdn.shopify.com/s/files/1/0746/6817/9644/files/000086_051_front.png?v=1779479482,,,,royal blue,,,,,,,,,,,,,,
,gildan-64v00-g64v00,,,,,,,,G64V00-051-XL,,Color,Royal Blue,,Size,XL,,,,,,,,TRUE,,,,,,shopify,300,deny,150,g,TRUE,manual,,,,https://cdn.shopify.com/s/files/1/0746/6817/9644/files/000086_051_front.png?v=1779479482,,,,royal blue,,,,,,,,,,,,,,
,gildan-64v00-g64v00,,,,,,,,G64V00-051-2XL,,Color,Royal Blue,,Size,2XL,,,,,,,,TRUE,,,,,,shopify,300,deny,150,g,TRUE,manual,,,,https://cdn.shopify.com/s/files/1/0746/6817/9644/files/000086_051_front.png?v=1779479482,,,,royal blue,,,,,,,,,,,,,,
,gildan-64v00-g64v00,,,,,,,,G64V00-051-3XL,,Color,Royal Blue,,Size,3XL,,,,,,,,TRUE,,,,,,shopify,300,deny,150,g,TRUE,manual,,,,https://cdn.shopify.com/s/files/1/0746/6817/9644/files/000086_051_front.png?v=1779479482,,,,royal blue,,,,,,,,,,,,,,
,gildan-64v00-g64v00,,,,,,,,,,,,,,,,,,,,,,,,,,,,,,,,,,,https://cdn.shopify.com/s/files/1/0746/6817/9644/files/000086_051_back.png?v=1779479479,34,Gildan® 64V00 — Royal Blue — back view,,,,,,,,,,,,,,,,,,,
,gildan-64v00-g64v00,,,,,,,,,,,,,,,,,,,,,,,,,,,,,,,,,,,https://cdn.shopify.com/s/files/1/0746/6817/9644/files/000086_051_left.png?v=1779479485,35,Gildan® 64V00 — Royal Blue — left side view,,,,,,,,,,,,,,,,,,,
,gildan-64v00-g64v00,,,,,,,,,,,,,,,,,,,,,,,,,,,,,,,,,,,https://cdn.shopify.com/s/files/1/0746/6817/9644/files/000086_051_right.png?v=1779479486,36,Gildan® 64V00 — Royal Blue — right side view,,,,,,,,,,,,,,,,,,,
,gildan-64v00-g64v00,,,,,,,,,,,,,,,,,,,,,,,,,,,,,,,,,,,https://cdn.shopify.com/s/files/1/0746/6817/9644/files/000086_051_neckline.png?v=1779479486,37,Gildan® 64V00 — Royal Blue — neckline detail,,,,,,,,,,,,,,,,,,,
,gildan-64v00-g64v00,,,,,,,,,,,,,,,,,,,,,,,,,,,,,,,,,,,https://cdn.shopify.com/s/files/1/0746/6817/9644/files/000086_051_fabric.png?v=1779479481,38,Gildan® 64V00 — Royal Blue — fabric detail,,,,,,,,,,,,,,,,,,,
,gildan-64v00-g64v00,,,,,,,,,,,,,,,,,,,,,,,,,,,,,,,,,,,https://cdn.shopify.com/s/files/1/0746/6817/9644/files/000086_051_front_f.png?v=1779479483,39,Gildan® 64V00 — Royal Blue — front view (women's fit),,,,,,,,,,,,,,,,,,,
,gildan-64v00-g64v00,,,,,,,,,,,,,,,,,,,,,,,,,,,,,,,,,,,https://cdn.shopify.com/s/files/1/0746/6817/9644/files/000086_051_back_f.png?v=1779479480,40,Gildan® 64V00 — Royal Blue — back view (women's fit),,,,,,,,,,,,,,,,,,,
Gildan® 64V00L,gildan-64v00l-g64v00l,"<p>Made with soft ring-spun cotton, Softstyle’s high stitch density fabric offers a smooth printing surface. Features a narrow rib V-neck collar, taped neck and shoulders, and a feminine semi-fitted silhouette with side seams.</p><ul><li>Soft ring-spun cotton — high stitch density fabric</li><li>Feminine semi-fitted silhouette with side seams</li><li>Narrow rib V-neck collar</li><li>Taped neck and shoulders</li><li>Tearaway label</li></ul><h4>Size Chart (inches)</h4><table><thead><tr><th>Size</th><th>Chest</th><th>Body Length</th></tr></thead><tbody><tr><td>S</td><td>32–34</td><td>26</td></tr><tr><td>M</td><td>34–36</td><td>27</td></tr><tr><td>L</td><td>36–38</td><td>28</td></tr><tr><td>XL</td><td>38–40</td><td>29</td></tr><tr><td>2XL</td><td>40–42</td><td>30</td></tr><tr><td>3XL</td><td>44–46</td><td>31</td></tr></tbody></table>",Gildan,gid://shopify/TaxonomyCategory/aa-1-13-8,V-Neck T-Shirt,"V-Neck T-Shirt, Adult, Women's, G64V00L, V-Neck, Cotton, Fitted",TRUE,active,G64V00L-032-S,,Color,Navy,,Size,S,,,,,,,,TRUE,,,,,,shopify,300,deny,150,g,TRUE,manual,https://cdn.shopify.com/s/files/1/0746/6817/9644/files/000073_032_front_132f4225-dfe2-4708-a61b-41b27b0dc8bd.jpg?v=1779479415,1,Gildan® 64V00L — Navy — front view,https://cdn.shopify.com/s/files/1/0746/6817/9644/files/000073_032_front_132f4225-dfe2-4708-a61b-41b27b0dc8bd.jpg?v=1779479415,,Gildan® 64V00L,"<p>Made with soft ring-spun cotton, Softstyle’s high stitch density fabric offers a smooth printing surface. Features a narrow rib V-neck collar, taped nec",navy,gid://shopify/TaxonomyCategory/aa-1-13-8,Female,Adult,G64V00L,,,new,,,,,,,Women's V-Neck T-Shirt
,gildan-64v00l-g64v00l,,,,,,,,G64V00L-032-M,,Color,Navy,,Size,M,,,,,,,,TRUE,,,,,,shopify,300,deny,150,g,TRUE,manual,,,,https://cdn.shopify.com/s/files/1/0746/6817/9644/files/000073_032_front_132f4225-dfe2-4708-a61b-41b27b0dc8bd.jpg?v=1779479415,,,,navy,,,,,,,,,,,,,,
,gildan-64v00l-g64v00l,,,,,,,,G64V00L-032-L,,Color,Navy,,Size,L,,,,,,,,TRUE,,,,,,shopify,300,deny,150,g,TRUE,manual,,,,https://cdn.shopify.com/s/files/1/0746/6817/9644/files/000073_032_front_132f4225-dfe2-4708-a61b-41b27b0dc8bd.jpg?v=1779479415,,,,navy,,,,,,,,,,,,,,
,gildan-64v00l-g64v00l,,,,,,,,G64V00L-032-XL,,Color,Navy,,Size,XL,,,,,,,,TRUE,,,,,,shopify,300,deny,150,g,TRUE,manual,,,,https://cdn.shopify.com/s/files/1/0746/6817/9644/files/000073_032_front_132f4225-dfe2-4708-a61b-41b27b0dc8bd.jpg?v=1779479415,,,,navy,,,,,,,,,,,,,,
,gildan-64v00l-g64v00l,,,,,,,,G64V00L-032-2XL,,Color,Navy,,Size,2XL,,,,,,,,TRUE,,,,,,shopify,300,deny,150,g,TRUE,manual,,,,https://cdn.shopify.com/s/files/1/0746/6817/9644/files/000073_032_front_132f4225-dfe2-4708-a61b-41b27b0dc8bd.jpg?v=1779479415,,,,navy,,,,,,,,,,,,,,
,gildan-64v00l-g64v00l,,,,,,,,,,,,,,,,,,,,,,,,,,,,,,,,,,,https://cdn.shopify.com/s/files/1/0746/6817/9644/files/000073_032_back_0fd791c2-8064-4e1c-be3a-0d4b7567a611.jpg?v=1779479414,2,Gildan® 64V00L — Navy — back view,,,,,,,,,,,,,,,,,,,
,gildan-64v00l-g64v00l,,,,,,,,,,,,,,,,,,,,,,,,,,,,,,,,,,,https://cdn.shopify.com/s/files/1/0746/6817/9644/files/000073_032_left_772f00e6-8f1d-40f3-aebf-582b3d70267b.jpg?v=1779479417,3,Gildan® 64V00L — Navy — left side view,,,,,,,,,,,,,,,,,,,
,gildan-64v00l-g64v00l,,,,,,,,,,,,,,,,,,,,,,,,,,,,,,,,,,,https://cdn.shopify.com/s/files/1/0746/6817/9644/files/000073_032_right_542dfd96-fa7b-40fa-bb08-f6c0acaf8aac.jpg?v=1779479418,4,Gildan® 64V00L — Navy — right side view,,,,,,,,,,,,,,,,,,,
,gildan-64v00l-g64v00l,,,,,,,,,,,,,,,,,,,,,,,,,,,,,,,,,,,https://cdn.shopify.com/s/files/1/0746/6817/9644/files/000073_032_neckline_f821d7dc-b7bd-41c5-92d4-1686d0898026.jpg?v=1779479417,5,Gildan® 64V00L — Navy — neckline detail,,,,,,,,,,,,,,,,,,,
,gildan-64v00l-g64v00l,,,,,,,,,,,,,,,,,,,,,,,,,,,,,,,,,,,https://cdn.shopify.com/s/files/1/0746/6817/9644/files/000073_032_fabric_f0cd3529-b502-47d9-aadf-92fd55c2f89e.jpg?v=1779479414,6,Gildan® 64V00L — Navy — fabric detail,,,,,,,,,,,,,,,,,,,
,gildan-64v00l-g64v00l,,,,,,,,G64V00L-036-S,,Color,Black,,Size,S,,,,,,,,TRUE,,,,,,shopify,300,deny,150,g,TRUE,manual,https://cdn.shopify.com/s/files/1/0746/6817/9644/files/000074_036_front_60e76e5d-8ca6-4f92-a753-0cf1f3708701.jpg?v=1779479421,7,Gildan® 64V00L — Black — front view,https://cdn.shopify.com/s/files/1/0746/6817/9644/files/000074_036_front_60e76e5d-8ca6-4f92-a753-0cf1f3708701.jpg?v=1779479421,,,,black,,,,,,,,,,,,,,
,gildan-64v00l-g64v00l,,,,,,,,G64V00L-036-M,,Color,Black,,Size,M,,,,,,,,TRUE,,,,,,shopify,300,deny,150,g,TRUE,manual,,,,https://cdn.shopify.com/s/files/1/0746/6817/9644/files/000074_036_front_60e76e5d-8ca6-4f92-a753-0cf1f3708701.jpg?v=1779479421,,,,black,,,,,,,,,,,,,,
,gildan-64v00l-g64v00l,,,,,,,,G64V00L-036-L,,Color,Black,,Size,L,,,,,,,,TRUE,,,,,,shopify,300,deny,150,g,TRUE,manual,,,,https://cdn.shopify.com/s/files/1/0746/6817/9644/files/000074_036_front_60e76e5d-8ca6-4f92-a753-0cf1f3708701.jpg?v=1779479421,,,,black,,,,,,,,,,,,,,
,gildan-64v00l-g64v00l,,,,,,,,G64V00L-036-XL,,Color,Black,,Size,XL,,,,,,,,TRUE,,,,,,shopify,300,deny,150,g,TRUE,manual,,,,https://cdn.shopify.com/s/files/1/0746/6817/9644/files/000074_036_front_60e76e5d-8ca6-4f92-a753-0cf1f3708701.jpg?v=1779479421,,,,black,,,,,,,,,,,,,,
,gildan-64v00l-g64v00l,,,,,,,,G64V00L-036-2XL,,Color,Black,,Size,2XL,,,,,,,,TRUE,,,,,,shopify,300,deny,150,g,TRUE,manual,,,,https://cdn.shopify.com/s/files/1/0746/6817/9644/files/000074_036_front_60e76e5d-8ca6-4f92-a753-0cf1f3708701.jpg?v=1779479421,,,,black,,,,,,,,,,,,,,
,gildan-64v00l-g64v00l,,,,,,,,,,,,,,,,,,,,,,,,,,,,,,,,,,,https://cdn.shopify.com/s/files/1/0746/6817/9644/files/000074_036_back_6787cbed-38e2-46e3-a49e-0900ea74d02b.jpg?v=1779479420,8,Gildan® 64V00L — Black — back view,,,,,,,,,,,,,,,,,,,
,gildan-64v00l-g64v00l,,,,,,,,,,,,,,,,,,,,,,,,,,,,,,,,,,,https://cdn.shopify.com/s/files/1/0746/6817/9644/files/000074_036_left_a44e7825-2c20-4956-b44a-80616889f1e9.jpg?v=1779479423,9,Gildan® 64V00L — Black — left side view,,,,,,,,,,,,,,,,,,,
,gildan-64v00l-g64v00l,,,,,,,,,,,,,,,,,,,,,,,,,,,,,,,,,,,https://cdn.shopify.com/s/files/1/0746/6817/9644/files/000074_036_right_41b69cbf-ed5e-4cb7-b930-5714b1cf5632.jpg?v=1779479424,10,Gildan® 64V00L — Black — right side view,,,,,,,,,,,,,,,,,,,
,gildan-64v00l-g64v00l,,,,,,,,,,,,,,,,,,,,,,,,,,,,,,,,,,,https://cdn.shopify.com/s/files/1/0746/6817/9644/files/000074_036_neckline_593aa627-9802-4032-abf3-816c9535a2a3.jpg?v=1779479423,11,Gildan® 64V00L — Black — neckline detail,,,,,,,,,,,,,,,,,,,
,gildan-64v00l-g64v00l,,,,,,,,,,,,,,,,,,,,,,,,,,,,,,,,,,,https://cdn.shopify.com/s/files/1/0746/6817/9644/files/000074_036_fabric_1061a252-7ee8-47ff-b5a0-77a5cb734a73.jpg?v=1779479420,12,Gildan® 64V00L — Black — fabric detail,,,,,,,,,,,,,,,,,,,
,gildan-64v00l-g64v00l,,,,,,,,G64V00L-194-S,,Color,Cherry Red,,Size,S,,,,,,,,TRUE,,,,,,shopify,300,deny,150,g,TRUE,manual,https://cdn.shopify.com/s/files/1/0746/6817/9644/files/000075_194_front.png?v=1779479427,13,Gildan® 64V00L — Cherry Red — front view,https://cdn.shopify.com/s/files/1/0746/6817/9644/files/000075_194_front.png?v=1779479427,,,,cherry red,,,,,,,,,,,,,,
,gildan-64v00l-g64v00l,,,,,,,,G64V00L-194-M,,Color,Cherry Red,,Size,M,,,,,,,,TRUE,,,,,,shopify,300,deny,150,g,TRUE,manual,,,,https://cdn.shopify.com/s/files/1/0746/6817/9644/files/000075_194_front.png?v=1779479427,,,,cherry red,,,,,,,,,,,,,,
,gildan-64v00l-g64v00l,,,,,,,,G64V00L-194-L,,Color,Cherry Red,,Size,L,,,,,,,,TRUE,,,,,,shopify,300,deny,150,g,TRUE,manual,,,,https://cdn.shopify.com/s/files/1/0746/6817/9644/files/000075_194_front.png?v=1779479427,,,,cherry red,,,,,,,,,,,,,,
,gildan-64v00l-g64v00l,,,,,,,,G64V00L-194-XL,,Color,Cherry Red,,Size,XL,,,,,,,,TRUE,,,,,,shopify,300,deny,150,g,TRUE,manual,,,,https://cdn.shopify.com/s/files/1/0746/6817/9644/files/000075_194_front.png?v=1779479427,,,,cherry red,,,,,,,,,,,,,,
,gildan-64v00l-g64v00l,,,,,,,,G64V00L-194-2XL,,Color,Cherry Red,,Size,2XL,,,,,,,,TRUE,,,,,,shopify,300,deny,150,g,TRUE,manual,,,,https://cdn.shopify.com/s/files/1/0746/6817/9644/files/000075_194_front.png?v=1779479427,,,,cherry red,,,,,,,,,,,,,,
,gildan-64v00l-g64v00l,,,,,,,,,,,,,,,,,,,,,,,,,,,,,,,,,,,https://cdn.shopify.com/s/files/1/0746/6817/9644/files/000075_194_back.png?v=1779479427,14,Gildan® 64V00L — Cherry Red — back view,,,,,,,,,,,,,,,,,,,
,gildan-64v00l-g64v00l,,,,,,,,,,,,,,,,,,,,,,,,,,,,,,,,,,,https://cdn.shopify.com/s/files/1/0746/6817/9644/files/000075_194_left.png?v=1779479430,15,Gildan® 64V00L — Cherry Red — left side view,,,,,,,,,,,,,,,,,,,
,gildan-64v00l-g64v00l,,,,,,,,,,,,,,,,,,,,,,,,,,,,,,,,,,,https://cdn.shopify.com/s/files/1/0746/6817/9644/files/000075_194_right.png?v=1779479430,16,Gildan® 64V00L — Cherry Red — right side view,,,,,,,,,,,,,,,,,,,
,gildan-64v00l-g64v00l,,,,,,,,,,,,,,,,,,,,,,,,,,,,,,,,,,,https://cdn.shopify.com/s/files/1/0746/6817/9644/files/000075_194_neckline.png?v=1779479431,17,Gildan® 64V00L — Cherry Red — neckline detail,,,,,,,,,,,,,,,,,,,
,gildan-64v00l-g64v00l,,,,,,,,,,,,,,,,,,,,,,,,,,,,,,,,,,,https://cdn.shopify.com/s/files/1/0746/6817/9644/files/000075_194_fabric.png?v=1779479427,18,Gildan® 64V00L — Cherry Red — fabric detail,,,,,,,,,,,,,,,,,,,
,gildan-64v00l-g64v00l,,,,,,,,G64V00L-030-S,,Color,White,,Size,S,,,,,,,,TRUE,,,,,,shopify,300,deny,150,g,TRUE,manual,https://cdn.shopify.com/s/files/1/0746/6817/9644/files/000006_030_front_dc3947ae-a28f-49fc-a861-cf6ade813191.jpg?v=1779478978,19,Gildan® 64V00L — White — front view,https://cdn.shopify.com/s/files/1/0746/6817/9644/files/000006_030_front_dc3947ae-a28f-49fc-a861-cf6ade813191.jpg?v=1779478978,,,,white,,,,,,,,,,,,,,
,gildan-64v00l-g64v00l,,,,,,,,G64V00L-030-M,,Color,White,,Size,M,,,,,,,,TRUE,,,,,,shopify,300,deny,150,g,TRUE,manual,,,,https://cdn.shopify.com/s/files/1/0746/6817/9644/files/000006_030_front_dc3947ae-a28f-49fc-a861-cf6ade813191.jpg?v=1779478978,,,,white,,,,,,,,,,,,,,
,gildan-64v00l-g64v00l,,,,,,,,G64V00L-030-L,,Color,White,,Size,L,,,,,,,,TRUE,,,,,,shopify,300,deny,150,g,TRUE,manual,,,,https://cdn.shopify.com/s/files/1/0746/6817/9644/files/000006_030_front_dc3947ae-a28f-49fc-a861-cf6ade813191.jpg?v=1779478978,,,,white,,,,,,,,,,,,,,
,gildan-64v00l-g64v00l,,,,,,,,G64V00L-030-XL,,Color,White,,Size,XL,,,,,,,,TRUE,,,,,,shopify,300,deny,150,g,TRUE,manual,,,,https://cdn.shopify.com/s/files/1/0746/6817/9644/files/000006_030_front_dc3947ae-a28f-49fc-a861-cf6ade813191.jpg?v=1779478978,,,,white,,,,,,,,,,,,,,
,gildan-64v00l-g64v00l,,,,,,,,G64V00L-030-2XL,,Color,White,,Size,2XL,,,,,,,,TRUE,,,,,,shopify,300,deny,150,g,TRUE,manual,,,,https://cdn.shopify.com/s/files/1/0746/6817/9644/files/000006_030_front_dc3947ae-a28f-49fc-a861-cf6ade813191.jpg?v=1779478978,,,,white,,,,,,,,,,,,,,
,gildan-64v00l-g64v00l,,,,,,,,,,,,,,,,,,,,,,,,,,,,,,,,,,,https://cdn.shopify.com/s/files/1/0746/6817/9644/files/000006_030_back_36d92e25-1bfb-4f37-96e5-8009b7181554.jpg?v=1779478977,20,Gildan® 64V00L — White — back view,,,,,,,,,,,,,,,,,,,
,gildan-64v00l-g64v00l,,,,,,,,,,,,,,,,,,,,,,,,,,,,,,,,,,,https://cdn.shopify.com/s/files/1/0746/6817/9644/files/000006_030_left_97745881-f671-4d43-bd5b-7c12d68f5368.jpg?v=1779478980,21,Gildan® 64V00L — White — left side view,,,,,,,,,,,,,,,,,,,
,gildan-64v00l-g64v00l,,,,,,,,,,,,,,,,,,,,,,,,,,,,,,,,,,,https://cdn.shopify.com/s/files/1/0746/6817/9644/files/000006_030_right_e54c4336-d062-4456-b75b-39fd19f5a044.jpg?v=1779478981,22,Gildan® 64V00L — White — right side view,,,,,,,,,,,,,,,,,,,
,gildan-64v00l-g64v00l,,,,,,,,,,,,,,,,,,,,,,,,,,,,,,,,,,,https://cdn.shopify.com/s/files/1/0746/6817/9644/files/000006_030_neckline_fd05e00f-8aa2-46a6-98c7-8b50f6090914.jpg?v=1779478981,23,Gildan® 64V00L — White — neckline detail,,,,,,,,,,,,,,,,,,,
,gildan-64v00l-g64v00l,,,,,,,,,,,,,,,,,,,,,,,,,,,,,,,,,,,https://cdn.shopify.com/s/files/1/0746/6817/9644/files/000006_030_fabric_178d0ce0-5386-4c3b-9f7f-0fe19cf24e65.jpg?v=1779478977,24,Gildan® 64V00L — White — fabric detail,,,,,,,,,,,,,,,,,,,
Gildan® 8000,gildan-8000-g8000,"<p>This t-shirt has moisture-wicking technology which leaves you dry and cool. With its classic fit, you move freely with no restriction. It can be decorated with DTG, screen printing, embroidery, heat transfers and discharge.</p><ul><li>Soft ring-spun cotton</li><li>Pre-shrunk for a lasting fit</li><li>Classic fit</li><li>Double-needle stitching throughout</li><li>Taped neck and shoulders</li><li>Tearaway label</li></ul><h4>Size Chart (inches)</h4><table><thead><tr><th>Size</th><th>Chest</th><th>Body Length</th></tr></thead><tbody><tr><td>S</td><td>34–36</td><td>28</td></tr><tr><td>M</td><td>38–40</td><td>29</td></tr><tr><td>L</td><td>42–44</td><td>30</td></tr><tr><td>XL</td><td>46–48</td><td>31</td></tr><tr><td>2XL</td><td>50–52</td><td>32</td></tr><tr><td>3XL</td><td>54–56</td><td>33</td></tr><tr><td>4XL</td><td>58–60</td><td>34</td></tr><tr><td>5XL</td><td>62–64</td><td>35</td></tr></tbody></table>",Gildan,gid://shopify/TaxonomyCategory/aa-1-13-8,T-Shirt,"T-Shirt, Adult, Unisex, G8000, Crew Neck, Cotton",TRUE,active,G8000-026-S,,Color,Sapphire,,Size,S,,,,,,,,TRUE,,,,,,shopify,300,deny,150,g,TRUE,manual,https://cdn.shopify.com/s/files/1/0746/6817/9644/files/000047_026_front_d736e826-f6c4-4317-9fdb-a6b6075268c3.jpg?v=1779479269,1,Gildan® 8000 — Sapphire — front view,https://cdn.shopify.com/s/files/1/0746/6817/9644/files/000047_026_front_d736e826-f6c4-4317-9fdb-a6b6075268c3.jpg?v=1779479269,,Gildan® 8000,"<p>This t-shirt has moisture-wicking technology which leaves you dry and cool. With its classic fit, you move freely with no restriction. It can be decorat",sapphire,gid://shopify/TaxonomyCategory/aa-1-13-8,Unisex,Adult,G8000,,,new,,,,,,,Adult T-Shirt
,gildan-8000-g8000,,,,,,,,G8000-026-M,,Color,Sapphire,,Size,M,,,,,,,,TRUE,,,,,,shopify,300,deny,150,g,TRUE,manual,,,,https://cdn.shopify.com/s/files/1/0746/6817/9644/files/000047_026_front_d736e826-f6c4-4317-9fdb-a6b6075268c3.jpg?v=1779479269,,,,sapphire,,,,,,,,,,,,,,
,gildan-8000-g8000,,,,,,,,G8000-026-L,,Color,Sapphire,,Size,L,,,,,,,,TRUE,,,,,,shopify,300,deny,150,g,TRUE,manual,,,,https://cdn.shopify.com/s/files/1/0746/6817/9644/files/000047_026_front_d736e826-f6c4-4317-9fdb-a6b6075268c3.jpg?v=1779479269,,,,sapphire,,,,,,,,,,,,,,
,gildan-8000-g8000,,,,,,,,G8000-026-XL,,Color,Sapphire,,Size,XL,,,,,,,,TRUE,,,,,,shopify,300,deny,150,g,TRUE,manual,,,,https://cdn.shopify.com/s/files/1/0746/6817/9644/files/000047_026_front_d736e826-f6c4-4317-9fdb-a6b6075268c3.jpg?v=1779479269,,,,sapphire,,,,,,,,,,,,,,
,gildan-8000-g8000,,,,,,,,G8000-026-2XL,,Color,Sapphire,,Size,2XL,,,,,,,,TRUE,,,,,,shopify,300,deny,150,g,TRUE,manual,,,,https://cdn.shopify.com/s/files/1/0746/6817/9644/files/000047_026_front_d736e826-f6c4-4317-9fdb-a6b6075268c3.jpg?v=1779479269,,,,sapphire,,,,,,,,,,,,,,
,gildan-8000-g8000,,,,,,,,G8000-026-3XL,,Color,Sapphire,,Size,3XL,,,,,,,,TRUE,,,,,,shopify,300,deny,150,g,TRUE,manual,,,,https://cdn.shopify.com/s/files/1/0746/6817/9644/files/000047_026_front_d736e826-f6c4-4317-9fdb-a6b6075268c3.jpg?v=1779479269,,,,sapphire,,,,,,,,,,,,,,
,gildan-8000-g8000,,,,,,,,G8000-026-4XL,,Color,Sapphire,,Size,4XL,,,,,,,,TRUE,,,,,,shopify,300,deny,150,g,TRUE,manual,,,,https://cdn.shopify.com/s/files/1/0746/6817/9644/files/000047_026_front_d736e826-f6c4-4317-9fdb-a6b6075268c3.jpg?v=1779479269,,,,sapphire,,,,,,,,,,,,,,
,gildan-8000-g8000,,,,,,,,G8000-026-5XL,,Color,Sapphire,,Size,5XL,,,,,,,,TRUE,,,,,,shopify,300,deny,150,g,TRUE,manual,,,,https://cdn.shopify.com/s/files/1/0746/6817/9644/files/000047_026_front_d736e826-f6c4-4317-9fdb-a6b6075268c3.jpg?v=1779479269,,,,sapphire,,,,,,,,,,,,,,
,gildan-8000-g8000,,,,,,,,,,,,,,,,,,,,,,,,,,,,,,,,,,,https://cdn.shopify.com/s/files/1/0746/6817/9644/files/000047_026_back_da11bbd3-b9af-43e2-92b5-c06fa00b77e6.jpg?v=1779479266,2,Gildan® 8000 — Sapphire — back view,,,,,,,,,,,,,,,,,,,
,gildan-8000-g8000,,,,,,,,,,,,,,,,,,,,,,,,,,,,,,,,,,,https://cdn.shopify.com/s/files/1/0746/6817/9644/files/000047_026_left_29d0b852-a461-4c5c-b756-89540df7378a.jpg?v=1779479271,3,Gildan® 8000 — Sapphire — left side view,,,,,,,,,,,,,,,,,,,
,gildan-8000-g8000,,,,,,,,,,,,,,,,,,,,,,,,,,,,,,,,,,,https://cdn.shopify.com/s/files/1/0746/6817/9644/files/000047_026_right_ad4ca206-d8a8-43b6-957f-ae190a84f410.jpg?v=1779479273,4,Gildan® 8000 — Sapphire — right side view,,,,,,,,,,,,,,,,,,,
,gildan-8000-g8000,,,,,,,,,,,,,,,,,,,,,,,,,,,,,,,,,,,https://cdn.shopify.com/s/files/1/0746/6817/9644/files/000047_026_neckline_6f3b3865-eaa3-433a-b5bb-2316befac650.jpg?v=1779479272,5,Gildan® 8000 — Sapphire — neckline detail,,,,,,,,,,,,,,,,,,,
,gildan-8000-g8000,,,,,,,,,,,,,,,,,,,,,,,,,,,,,,,,,,,https://cdn.shopify.com/s/files/1/0746/6817/9644/files/000047_026_fabric_ab93eb06-7d58-4c67-af9c-8a0799a9612c.jpg?v=1779479268,6,Gildan® 8000 — Sapphire — fabric detail,,,,,,,,,,,,,,,,,,,
,gildan-8000-g8000,,,,,,,,,,,,,,,,,,,,,,,,,,,,,,,,,,,https://cdn.shopify.com/s/files/1/0746/6817/9644/files/000047_026_front_f_767303cc-2f59-4ccc-81a5-34ba829d8b1f.jpg?v=1779479271,7,Gildan® 8000 — Sapphire — front view (women's fit),,,,,,,,,,,,,,,,,,,
,gildan-8000-g8000,,,,,,,,,,,,,,,,,,,,,,,,,,,,,,,,,,,https://cdn.shopify.com/s/files/1/0746/6817/9644/files/000047_026_back_f_db4fd5a8-622a-4dd1-acac-3dca0fe1757d.jpg?v=1779479268,8,Gildan® 8000 — Sapphire — back view (women's fit),,,,,,,,,,,,,,,,,,,
,gildan-8000-g8000,,,,,,,,G8000-030-S,,Color,White,,Size,S,,,,,,,,TRUE,,,,,,shopify,300,deny,150,g,TRUE,manual,https://cdn.shopify.com/s/files/1/0746/6817/9644/files/000042_030_front_637aca96-3797-41e8-b188-a4864bb3fdf9.jpg?v=1779479232,9,Gildan® 8000 — White — front view,https://cdn.shopify.com/s/files/1/0746/6817/9644/files/000042_030_front_637aca96-3797-41e8-b188-a4864bb3fdf9.jpg?v=1779479232,,,,white,,,,,,,,,,,,,,
,gildan-8000-g8000,,,,,,,,G8000-030-M,,Color,White,,Size,M,,,,,,,,TRUE,,,,,,shopify,300,deny,150,g,TRUE,manual,,,,https://cdn.shopify.com/s/files/1/0746/6817/9644/files/000042_030_front_637aca96-3797-41e8-b188-a4864bb3fdf9.jpg?v=1779479232,,,,white,,,,,,,,,,,,,,
,gildan-8000-g8000,,,,,,,,G8000-030-L,,Color,White,,Size,L,,,,,,,,TRUE,,,,,,shopify,300,deny,150,g,TRUE,manual,,,,https://cdn.shopify.com/s/files/1/0746/6817/9644/files/000042_030_front_637aca96-3797-41e8-b188-a4864bb3fdf9.jpg?v=1779479232,,,,white,,,,,,,,,,,,,,
,gildan-8000-g8000,,,,,,,,G8000-030-XL,,Color,White,,Size,XL,,,,,,,,TRUE,,,,,,shopify,300,deny,150,g,TRUE,manual,,,,https://cdn.shopify.com/s/files/1/0746/6817/9644/files/000042_030_front_637aca96-3797-41e8-b188-a4864bb3fdf9.jpg?v=1779479232,,,,white,,,,,,,,,,,,,,
,gildan-8000-g8000,,,,,,,,G8000-030-2XL,,Color,White,,Size,2XL,,,,,,,,TRUE,,,,,,shopify,300,deny,150,g,TRUE,manual,,,,https://cdn.shopify.com/s/files/1/0746/6817/9644/files/000042_030_front_637aca96-3797-41e8-b188-a4864bb3fdf9.jpg?v=1779479232,,,,white,,,,,,,,,,,,,,
,gildan-8000-g8000,,,,,,,,G8000-030-3XL,,Color,White,,Size,3XL,,,,,,,,TRUE,,,,,,shopify,300,deny,150,g,TRUE,manual,,,,https://cdn.shopify.com/s/files/1/0746/6817/9644/files/000042_030_front_637aca96-3797-41e8-b188-a4864bb3fdf9.jpg?v=1779479232,,,,white,,,,,,,,,,,,,,
,gildan-8000-g8000,,,,,,,,G8000-030-4XL,,Color,White,,Size,4XL,,,,,,,,TRUE,,,,,,shopify,300,deny,150,g,TRUE,manual,,,,https://cdn.shopify.com/s/files/1/0746/6817/9644/files/000042_030_front_637aca96-3797-41e8-b188-a4864bb3fdf9.jpg?v=1779479232,,,,white,,,,,,,,,,,,,,
,gildan-8000-g8000,,,,,,,,G8000-030-5XL,,Color,White,,Size,5XL,,,,,,,,TRUE,,,,,,shopify,300,deny,150,g,TRUE,manual,,,,https://cdn.shopify.com/s/files/1/0746/6817/9644/files/000042_030_front_637aca96-3797-41e8-b188-a4864bb3fdf9.jpg?v=1779479232,,,,white,,,,,,,,,,,,,,
,gildan-8000-g8000,,,,,,,,,,,,,,,,,,,,,,,,,,,,,,,,,,,https://cdn.shopify.com/s/files/1/0746/6817/9644/files/000042_030_back_4b3ab007-f064-4070-aa67-b1091eec0e46.jpg?v=1779479229,10,Gildan® 8000 — White — back view,,,,,,,,,,,,,,,,,,,
,gildan-8000-g8000,,,,,,,,,,,,,,,,,,,,,,,,,,,,,,,,,,,https://cdn.shopify.com/s/files/1/0746/6817/9644/files/000042_030_left_1a52e70f-67dd-44d2-9149-309c3cd3dfff.jpg?v=1779479234,11,Gildan® 8000 — White — left side view,,,,,,,,,,,,,,,,,,,
,gildan-8000-g8000,,,,,,,,,,,,,,,,,,,,,,,,,,,,,,,,,,,https://cdn.shopify.com/s/files/1/0746/6817/9644/files/000042_030_right_9ae5ffef-c4e9-4024-abbc-e8f2d78c2290.jpg?v=1779479235,12,Gildan® 8000 — White — right side view,,,,,,,,,,,,,,,,,,,
,gildan-8000-g8000,,,,,,,,,,,,,,,,,,,,,,,,,,,,,,,,,,,https://cdn.shopify.com/s/files/1/0746/6817/9644/files/000042_030_neckline_6995c01f-b90a-4310-9f4c-1eab8690a7e1.jpg?v=1779479235,13,Gildan® 8000 — White — neckline detail,,,,,,,,,,,,,,,,,,,
,gildan-8000-g8000,,,,,,,,,,,,,,,,,,,,,,,,,,,,,,,,,,,https://cdn.shopify.com/s/files/1/0746/6817/9644/files/000042_030_fabric_775aed17-b125-487c-8252-4e00de50fb03.jpg?v=1779479231,14,Gildan® 8000 — White — fabric detail,,,,,,,,,,,,,,,,,,,
,gildan-8000-g8000,,,,,,,,,,,,,,,,,,,,,,,,,,,,,,,,,,,https://cdn.shopify.com/s/files/1/0746/6817/9644/files/000042_030_front_f_3c68ac57-e8f0-4f62-91bb-3b6d1ac5abd5.jpg?v=1779479233,15,Gildan® 8000 — White — front view (women's fit),,,,,,,,,,,,,,,,,,,
,gildan-8000-g8000,,,,,,,,,,,,,,,,,,,,,,,,,,,,,,,,,,,https://cdn.shopify.com/s/files/1/0746/6817/9644/files/000042_030_back_f_19d66b7c-1c04-41b0-b48c-4e9ae7aef559.jpg?v=1779479230,16,Gildan® 8000 — White — back view (women's fit),,,,,,,,,,,,,,,,,,,
,gildan-8000-g8000,,,,,,,,G8000-032-S,,Color,Navy,,Size,S,,,,,,,,TRUE,,,,,,shopify,300,deny,150,g,TRUE,manual,https://cdn.shopify.com/s/files/1/0746/6817/9644/files/000043_032_front_30b0105c-c3da-40ca-95b9-389faa578cad.jpg?v=1779479239,17,Gildan® 8000 — Navy — front view,https://cdn.shopify.com/s/files/1/0746/6817/9644/files/000043_032_front_30b0105c-c3da-40ca-95b9-389faa578cad.jpg?v=1779479239,,,,navy,,,,,,,,,,,,,,
,gildan-8000-g8000,,,,,,,,G8000-032-M,,Color,Navy,,Size,M,,,,,,,,TRUE,,,,,,shopify,300,deny,150,g,TRUE,manual,,,,https://cdn.shopify.com/s/files/1/0746/6817/9644/files/000043_032_front_30b0105c-c3da-40ca-95b9-389faa578cad.jpg?v=1779479239,,,,navy,,,,,,,,,,,,,,
,gildan-8000-g8000,,,,,,,,G8000-032-L,,Color,Navy,,Size,L,,,,,,,,TRUE,,,,,,shopify,300,deny,150,g,TRUE,manual,,,,https://cdn.shopify.com/s/files/1/0746/6817/9644/files/000043_032_front_30b0105c-c3da-40ca-95b9-389faa578cad.jpg?v=1779479239,,,,navy,,,,,,,,,,,,,,
,gildan-8000-g8000,,,,,,,,G8000-032-XL,,Color,Navy,,Size,XL,,,,,,,,TRUE,,,,,,shopify,300,deny,150,g,TRUE,manual,,,,https://cdn.shopify.com/s/files/1/0746/6817/9644/files/000043_032_front_30b0105c-c3da-40ca-95b9-389faa578cad.jpg?v=1779479239,,,,navy,,,,,,,,,,,,,,
,gildan-8000-g8000,,,,,,,,G8000-032-2XL,,Color,Navy,,Size,2XL,,,,,,,,TRUE,,,,,,shopify,300,deny,150,g,TRUE,manual,,,,https://cdn.shopify.com/s/files/1/0746/6817/9644/files/000043_032_front_30b0105c-c3da-40ca-95b9-389faa578cad.jpg?v=1779479239,,,,navy,,,,,,,,,,,,,,
,gildan-8000-g8000,,,,,,,,G8000-032-3XL,,Color,Navy,,Size,3XL,,,,,,,,TRUE,,,,,,shopify,300,deny,150,g,TRUE,manual,,,,https://cdn.shopify.com/s/files/1/0746/6817/9644/files/000043_032_front_30b0105c-c3da-40ca-95b9-389faa578cad.jpg?v=1779479239,,,,navy,,,,,,,,,,,,,,
,gildan-8000-g8000,,,,,,,,G8000-032-4XL,,Color,Navy,,Size,4XL,,,,,,,,TRUE,,,,,,shopify,300,deny,150,g,TRUE,manual,,,,https://cdn.shopify.com/s/files/1/0746/6817/9644/files/000043_032_front_30b0105c-c3da-40ca-95b9-389faa578cad.jpg?v=1779479239,,,,navy,,,,,,,,,,,,,,
,gildan-8000-g8000,,,,,,,,G8000-032-5XL,,Color,Navy,,Size,5XL,,,,,,,,TRUE,,,,,,shopify,300,deny,150,g,TRUE,manual,,,,https://cdn.shopify.com/s/files/1/0746/6817/9644/files/000043_032_front_30b0105c-c3da-40ca-95b9-389faa578cad.jpg?v=1779479239,,,,navy,,,,,,,,,,,,,,
,gildan-8000-g8000,,,,,,,,,,,,,,,,,,,,,,,,,,,,,,,,,,,https://cdn.shopify.com/s/files/1/0746/6817/9644/files/000043_032_back_8780b150-da10-42b0-be59-ccca9a1e981e.jpg?v=1779479236,18,Gildan® 8000 — Navy — back view,,,,,,,,,,,,,,,,,,,
,gildan-8000-g8000,,,,,,,,,,,,,,,,,,,,,,,,,,,,,,,,,,,https://cdn.shopify.com/s/files/1/0746/6817/9644/files/000043_032_left_c49bdeec-0327-4a1c-b2e8-dd4d5e78aa3c.jpg?v=1779479242,19,Gildan® 8000 — Navy — left side view,,,,,,,,,,,,,,,,,,,
,gildan-8000-g8000,,,,,,,,,,,,,,,,,,,,,,,,,,,,,,,,,,,https://cdn.shopify.com/s/files/1/0746/6817/9644/files/000043_032_right_82e1bef3-e152-446a-92f2-5990910c4994.jpg?v=1779479244,20,Gildan® 8000 — Navy — right side view,,,,,,,,,,,,,,,,,,,
,gildan-8000-g8000,,,,,,,,,,,,,,,,,,,,,,,,,,,,,,,,,,,https://cdn.shopify.com/s/files/1/0746/6817/9644/files/000043_032_neckline_ffd93f86-0712-488c-85a3-f84a4d9e157c.jpg?v=1779479242,21,Gildan® 8000 — Navy — neckline detail,,,,,,,,,,,,,,,,,,,
,gildan-8000-g8000,,,,,,,,,,,,,,,,,,,,,,,,,,,,,,,,,,,https://cdn.shopify.com/s/files/1/0746/6817/9644/files/000043_032_fabric_b5797e4c-ac8c-48d9-9201-3efee2c01821.jpg?v=1779479240,22,Gildan® 8000 — Navy — fabric detail,,,,,,,,,,,,,,,,,,,
,gildan-8000-g8000,,,,,,,,,,,,,,,,,,,,,,,,,,,,,,,,,,,https://cdn.shopify.com/s/files/1/0746/6817/9644/files/000043_032_front_f_0da655d5-a140-4882-a642-4564c15c74b0.jpg?v=1779479241,23,Gildan® 8000 — Navy — front view (women's fit),,,,,,,,,,,,,,,,,,,
,gildan-8000-g8000,,,,,,,,,,,,,,,,,,,,,,,,,,,,,,,,,,,https://cdn.shopify.com/s/files/1/0746/6817/9644/files/000043_032_back_f_0258932a-baad-440c-9740-8f435a3d56b5.jpg?v=1779479238,24,Gildan® 8000 — Navy — back view (women's fit),,,,,,,,,,,,,,,,,,,
,gildan-8000-g8000,,,,,,,,G8000-036-S,,Color,Black,,Size,S,,,,,,,,TRUE,,,,,,shopify,300,deny,150,g,TRUE,manual,https://cdn.shopify.com/s/files/1/0746/6817/9644/files/000044_036_front_6b1243cb-b57c-4cb4-a664-e8094ad57358.jpg?v=1779479247,25,Gildan® 8000 — Black — front view,https://cdn.shopify.com/s/files/1/0746/6817/9644/files/000044_036_front_6b1243cb-b57c-4cb4-a664-e8094ad57358.jpg?v=1779479247,,,,black,,,,,,,,,,,,,,
,gildan-8000-g8000,,,,,,,,G8000-036-M,,Color,Black,,Size,M,,,,,,,,TRUE,,,,,,shopify,300,deny,150,g,TRUE,manual,,,,https://cdn.shopify.com/s/files/1/0746/6817/9644/files/000044_036_front_6b1243cb-b57c-4cb4-a664-e8094ad57358.jpg?v=1779479247,,,,black,,,,,,,,,,,,,,
,gildan-8000-g8000,,,,,,,,G8000-036-L,,Color,Black,,Size,L,,,,,,,,TRUE,,,,,,shopify,300,deny,150,g,TRUE,manual,,,,https://cdn.shopify.com/s/files/1/0746/6817/9644/files/000044_036_front_6b1243cb-b57c-4cb4-a664-e8094ad57358.jpg?v=1779479247,,,,black,,,,,,,,,,,,,,
,gildan-8000-g8000,,,,,,,,G8000-036-XL,,Color,Black,,Size,XL,,,,,,,,TRUE,,,,,,shopify,300,deny,150,g,TRUE,manual,,,,https://cdn.shopify.com/s/files/1/0746/6817/9644/files/000044_036_front_6b1243cb-b57c-4cb4-a664-e8094ad57358.jpg?v=1779479247,,,,black,,,,,,,,,,,,,,
,gildan-8000-g8000,,,,,,,,G8000-036-2XL,,Color,Black,,Size,2XL,,,,,,,,TRUE,,,,,,shopify,300,deny,150,g,TRUE,manual,,,,https://cdn.shopify.com/s/files/1/0746/6817/9644/files/000044_036_front_6b1243cb-b57c-4cb4-a664-e8094ad57358.jpg?v=1779479247,,,,black,,,,,,,,,,,,,,
,gildan-8000-g8000,,,,,,,,G8000-036-3XL,,Color,Black,,Size,3XL,,,,,,,,TRUE,,,,,,shopify,300,deny,150,g,TRUE,manual,,,,https://cdn.shopify.com/s/files/1/0746/6817/9644/files/000044_036_front_6b1243cb-b57c-4cb4-a664-e8094ad57358.jpg?v=1779479247,,,,black,,,,,,,,,,,,,,
,gildan-8000-g8000,,,,,,,,G8000-036-4XL,,Color,Black,,Size,4XL,,,,,,,,TRUE,,,,,,shopify,300,deny,150,g,TRUE,manual,,,,https://cdn.shopify.com/s/files/1/0746/6817/9644/files/000044_036_front_6b1243cb-b57c-4cb4-a664-e8094ad57358.jpg?v=1779479247,,,,black,,,,,,,,,,,,,,
,gildan-8000-g8000,,,,,,,,G8000-036-5XL,,Color,Black,,Size,5XL,,,,,,,,TRUE,,,,,,shopify,300,deny,150,g,TRUE,manual,,,,https://cdn.shopify.com/s/files/1/0746/6817/9644/files/000044_036_front_6b1243cb-b57c-4cb4-a664-e8094ad57358.jpg?v=1779479247,,,,black,,,,,,,,,,,,,,
,gildan-8000-g8000,,,,,,,,,,,,,,,,,,,,,,,,,,,,,,,,,,,https://cdn.shopify.com/s/files/1/0746/6817/9644/files/000044_036_back_841e4db5-c8f6-4cae-82a8-a5da1ac817b7.jpg?v=1779479245,26,Gildan® 8000 — Black — back view,,,,,,,,,,,,,,,,,,,
,gildan-8000-g8000,,,,,,,,,,,,,,,,,,,,,,,,,,,,,,,,,,,https://cdn.shopify.com/s/files/1/0746/6817/9644/files/000044_036_left_9e75cb0f-9a4b-4861-98f1-acfd029194ae.jpg?v=1779479249,27,Gildan® 8000 — Black — left side view,,,,,,,,,,,,,,,,,,,
,gildan-8000-g8000,,,,,,,,,,,,,,,,,,,,,,,,,,,,,,,,,,,https://cdn.shopify.com/s/files/1/0746/6817/9644/files/000044_036_right_b8ca1bdc-a6b2-4347-92ef-11f653705ccf.jpg?v=1779479253,28,Gildan® 8000 — Black — right side view,,,,,,,,,,,,,,,,,,,
,gildan-8000-g8000,,,,,,,,,,,,,,,,,,,,,,,,,,,,,,,,,,,https://cdn.shopify.com/s/files/1/0746/6817/9644/files/000044_036_neckline_2d59085b-88ea-4ed7-b33e-d5ad2f413131.jpg?v=1779479249,29,Gildan® 8000 — Black — neckline detail,,,,,,,,,,,,,,,,,,,
,gildan-8000-g8000,,,,,,,,,,,,,,,,,,,,,,,,,,,,,,,,,,,https://cdn.shopify.com/s/files/1/0746/6817/9644/files/000044_036_fabric_d99285d1-b344-4b67-969d-2fc6c46095b7.jpg?v=1779479246,30,Gildan® 8000 — Black — fabric detail,,,,,,,,,,,,,,,,,,,
,gildan-8000-g8000,,,,,,,,,,,,,,,,,,,,,,,,,,,,,,,,,,,https://cdn.shopify.com/s/files/1/0746/6817/9644/files/000044_036_front_f_490f3088-6861-464c-9000-f0a0e677ad45.jpg?v=1779479247,31,Gildan® 8000 — Black — front view (women's fit),,,,,,,,,,,,,,,,,,,
,gildan-8000-g8000,,,,,,,,,,,,,,,,,,,,,,,,,,,,,,,,,,,https://cdn.shopify.com/s/files/1/0746/6817/9644/files/000044_036_back_f_0e33da66-0770-4055-b0fc-5380621db8bf.jpg?v=1779479244,32,Gildan® 8000 — Black — back view (women's fit),,,,,,,,,,,,,,,,,,,
,gildan-8000-g8000,,,,,,,,G8000-040-S,,Color,Red,,Size,S,,,,,,,,TRUE,,,,,,shopify,300,deny,150,g,TRUE,manual,https://cdn.shopify.com/s/files/1/0746/6817/9644/files/000045_040_front_1a5fbe7b-05d9-47e9-84fb-30f831c0a94d.jpg?v=1779479254,33,Gildan® 8000 — Red — front view,https://cdn.shopify.com/s/files/1/0746/6817/9644/files/000045_040_front_1a5fbe7b-05d9-47e9-84fb-30f831c0a94d.jpg?v=1779479254,,,,red,,,,,,,,,,,,,,
,gildan-8000-g8000,,,,,,,,G8000-040-M,,Color,Red,,Size,M,,,,,,,,TRUE,,,,,,shopify,300,deny,150,g,TRUE,manual,,,,https://cdn.shopify.com/s/files/1/0746/6817/9644/files/000045_040_front_1a5fbe7b-05d9-47e9-84fb-30f831c0a94d.jpg?v=1779479254,,,,red,,,,,,,,,,,,,,
,gildan-8000-g8000,,,,,,,,G8000-040-L,,Color,Red,,Size,L,,,,,,,,TRUE,,,,,,shopify,300,deny,150,g,TRUE,manual,,,,https://cdn.shopify.com/s/files/1/0746/6817/9644/files/000045_040_front_1a5fbe7b-05d9-47e9-84fb-30f831c0a94d.jpg?v=1779479254,,,,red,,,,,,,,,,,,,,
,gildan-8000-g8000,,,,,,,,G8000-040-XL,,Color,Red,,Size,XL,,,,,,,,TRUE,,,,,,shopify,300,deny,150,g,TRUE,manual,,,,https://cdn.shopify.com/s/files/1/0746/6817/9644/files/000045_040_front_1a5fbe7b-05d9-47e9-84fb-30f831c0a94d.jpg?v=1779479254,,,,red,,,,,,,,,,,,,,
,gildan-8000-g8000,,,,,,,,G8000-040-2XL,,Color,Red,,Size,2XL,,,,,,,,TRUE,,,,,,shopify,300,deny,150,g,TRUE,manual,,,,https://cdn.shopify.com/s/files/1/0746/6817/9644/files/000045_040_front_1a5fbe7b-05d9-47e9-84fb-30f831c0a94d.jpg?v=1779479254,,,,red,,,,,,,,,,,,,,
,gildan-8000-g8000,,,,,,,,G8000-040-3XL,,Color,Red,,Size,3XL,,,,,,,,TRUE,,,,,,shopify,300,deny,150,g,TRUE,manual,,,,https://cdn.shopify.com/s/files/1/0746/6817/9644/files/000045_040_front_1a5fbe7b-05d9-47e9-84fb-30f831c0a94d.jpg?v=1779479254,,,,red,,,,,,,,,,,,,,
,gildan-8000-g8000,,,,,,,,G8000-040-4XL,,Color,Red,,Size,4XL,,,,,,,,TRUE,,,,,,shopify,300,deny,150,g,TRUE,manual,,,,https://cdn.shopify.com/s/files/1/0746/6817/9644/files/000045_040_front_1a5fbe7b-05d9-47e9-84fb-30f831c0a94d.jpg?v=1779479254,,,,red,,,,,,,,,,,,,,
,gildan-8000-g8000,,,,,,,,G8000-040-5XL,,Color,Red,,Size,5XL,,,,,,,,TRUE,,,,,,shopify,300,deny,150,g,TRUE,manual,,,,https://cdn.shopify.com/s/files/1/0746/6817/9644/files/000045_040_front_1a5fbe7b-05d9-47e9-84fb-30f831c0a94d.jpg?v=1779479254,,,,red,,,,,,,,,,,,,,
,gildan-8000-g8000,,,,,,,,,,,,,,,,,,,,,,,,,,,,,,,,,,,https://cdn.shopify.com/s/files/1/0746/6817/9644/files/000045_040_back_aafab162-b899-4157-ae48-ba6d974f9561.jpg?v=1779479251,34,Gildan® 8000 — Red — back view,,,,,,,,,,,,,,,,,,,
,gildan-8000-g8000,,,,,,,,,,,,,,,,,,,,,,,,,,,,,,,,,,,https://cdn.shopify.com/s/files/1/0746/6817/9644/files/000045_040_left_de571347-6b79-48bf-92f6-a80e4ddb8b2f.jpg?v=1779479256,35,Gildan® 8000 — Red — left side view,,,,,,,,,,,,,,,,,,,
,gildan-8000-g8000,,,,,,,,,,,,,,,,,,,,,,,,,,,,,,,,,,,https://cdn.shopify.com/s/files/1/0746/6817/9644/files/000045_040_right_51033a7f-3bad-4759-b53a-44327031f86b.jpg?v=1779479258,36,Gildan® 8000 — Red — right side view,,,,,,,,,,,,,,,,,,,
,gildan-8000-g8000,,,,,,,,,,,,,,,,,,,,,,,,,,,,,,,,,,,https://cdn.shopify.com/s/files/1/0746/6817/9644/files/000045_040_neckline_a65bc554-937f-45df-889e-dc0ed5b8e549.jpg?v=1779479256,37,Gildan® 8000 — Red — neckline detail,,,,,,,,,,,,,,,,,,,
,gildan-8000-g8000,,,,,,,,,,,,,,,,,,,,,,,,,,,,,,,,,,,https://cdn.shopify.com/s/files/1/0746/6817/9644/files/000045_040_fabric_9891b34b-b78e-4128-a51d-265fb9287a32.jpg?v=1779479253,38,Gildan® 8000 — Red — fabric detail,,,,,,,,,,,,,,,,,,,
,gildan-8000-g8000,,,,,,,,,,,,,,,,,,,,,,,,,,,,,,,,,,,https://cdn.shopify.com/s/files/1/0746/6817/9644/files/000045_040_front_f_8f90ecb1-35bc-444f-9fe7-588fa9f5536b.jpg?v=1779479255,39,Gildan® 8000 — Red — front view (women's fit),,,,,,,,,,,,,,,,,,,
,gildan-8000-g8000,,,,,,,,,,,,,,,,,,,,,,,,,,,,,,,,,,,https://cdn.shopify.com/s/files/1/0746/6817/9644/files/000045_040_back_f_7e4709c7-4bd9-44ce-8007-1679fc0c2ec7.jpg?v=1779479252,40,Gildan® 8000 — Red — back view (women's fit),,,,,,,,,,,,,,,,,,,
,gildan-8000-g8000,,,,,,,,G8000-051-S,,Color,Royal Blue,,Size,S,,,,,,,,TRUE,,,,,,shopify,300,deny,150,g,TRUE,manual,https://cdn.shopify.com/s/files/1/0746/6817/9644/files/000046_051_front.png?v=1779479262,41,Gildan® 8000 — Royal Blue — front view,https://cdn.shopify.com/s/files/1/0746/6817/9644/files/000046_051_front.png?v=1779479262,,,,royal blue,,,,,,,,,,,,,,
,gildan-8000-g8000,,,,,,,,G8000-051-M,,Color,Royal Blue,,Size,M,,,,,,,,TRUE,,,,,,shopify,300,deny,150,g,TRUE,manual,,,,https://cdn.shopify.com/s/files/1/0746/6817/9644/files/000046_051_front.png?v=1779479262,,,,royal blue,,,,,,,,,,,,,,
,gildan-8000-g8000,,,,,,,,G8000-051-L,,Color,Royal Blue,,Size,L,,,,,,,,TRUE,,,,,,shopify,300,deny,150,g,TRUE,manual,,,,https://cdn.shopify.com/s/files/1/0746/6817/9644/files/000046_051_front.png?v=1779479262,,,,royal blue,,,,,,,,,,,,,,
,gildan-8000-g8000,,,,,,,,G8000-051-XL,,Color,Royal Blue,,Size,XL,,,,,,,,TRUE,,,,,,shopify,300,deny,150,g,TRUE,manual,,,,https://cdn.shopify.com/s/files/1/0746/6817/9644/files/000046_051_front.png?v=1779479262,,,,royal blue,,,,,,,,,,,,,,
,gildan-8000-g8000,,,,,,,,G8000-051-2XL,,Color,Royal Blue,,Size,2XL,,,,,,,,TRUE,,,,,,shopify,300,deny,150,g,TRUE,manual,,,,https://cdn.shopify.com/s/files/1/0746/6817/9644/files/000046_051_front.png?v=1779479262,,,,royal blue,,,,,,,,,,,,,,
,gildan-8000-g8000,,,,,,,,G8000-051-3XL,,Color,Royal Blue,,Size,3XL,,,,,,,,TRUE,,,,,,shopify,300,deny,150,g,TRUE,manual,,,,https://cdn.shopify.com/s/files/1/0746/6817/9644/files/000046_051_front.png?v=1779479262,,,,royal blue,,,,,,,,,,,,,,
,gildan-8000-g8000,,,,,,,,G8000-051-4XL,,Color,Royal Blue,,Size,4XL,,,,,,,,TRUE,,,,,,shopify,300,deny,150,g,TRUE,manual,,,,https://cdn.shopify.com/s/files/1/0746/6817/9644/files/000046_051_front.png?v=1779479262,,,,royal blue,,,,,,,,,,,,,,
,gildan-8000-g8000,,,,,,,,G8000-051-5XL,,Color,Royal Blue,,Size,5XL,,,,,,,,TRUE,,,,,,shopify,300,deny,150,g,TRUE,manual,,,,https://cdn.shopify.com/s/files/1/0746/6817/9644/files/000046_051_front.png?v=1779479262,,,,royal blue,,,,,,,,,,,,,,
,gildan-8000-g8000,,,,,,,,,,,,,,,,,,,,,,,,,,,,,,,,,,,https://cdn.shopify.com/s/files/1/0746/6817/9644/files/000046_051_back.png?v=1779479259,42,Gildan® 8000 — Royal Blue — back view,,,,,,,,,,,,,,,,,,,
,gildan-8000-g8000,,,,,,,,,,,,,,,,,,,,,,,,,,,,,,,,,,,https://cdn.shopify.com/s/files/1/0746/6817/9644/files/000046_051_left.png?v=1779479264,43,Gildan® 8000 — Royal Blue — left side view,,,,,,,,,,,,,,,,,,,
,gildan-8000-g8000,,,,,,,,,,,,,,,,,,,,,,,,,,,,,,,,,,,https://cdn.shopify.com/s/files/1/0746/6817/9644/files/000046_051_right.png?v=1779479265,44,Gildan® 8000 — Royal Blue — right side view,,,,,,,,,,,,,,,,,,,
,gildan-8000-g8000,,,,,,,,,,,,,,,,,,,,,,,,,,,,,,,,,,,https://cdn.shopify.com/s/files/1/0746/6817/9644/files/000046_051_neckline.png?v=1779479265,45,Gildan® 8000 — Royal Blue — neckline detail,,,,,,,,,,,,,,,,,,,
,gildan-8000-g8000,,,,,,,,,,,,,,,,,,,,,,,,,,,,,,,,,,,https://cdn.shopify.com/s/files/1/0746/6817/9644/files/000046_051_fabric.png?v=1779479260,46,Gildan® 8000 — Royal Blue — fabric detail,,,,,,,,,,,,,,,,,,,
,gildan-8000-g8000,,,,,,,,,,,,,,,,,,,,,,,,,,,,,,,,,,,https://cdn.shopify.com/s/files/1/0746/6817/9644/files/000046_051_front_f.png?v=1779479262,47,Gildan® 8000 — Royal Blue — front view (women's fit),,,,,,,,,,,,,,,,,,,
,gildan-8000-g8000,,,,,,,,,,,,,,,,,,,,,,,,,,,,,,,,,,,https://cdn.shopify.com/s/files/1/0746/6817/9644/files/000046_051_back_f.png?v=1779479259,48,Gildan® 8000 — Royal Blue — back view (women's fit),,,,,,,,,,,,,,,,,,,
,gildan-8000-g8000,,,,,,,,G8000-098-S,,Color,Daisy,,Size,S,,,,,,,,TRUE,,,,,,shopify,300,deny,150,g,TRUE,manual,https://cdn.shopify.com/s/files/1/0746/6817/9644/files/000048_098_front_30bf51d8-f825-4ee8-b9ec-a99733fbd751.jpg?v=1779479275,49,Gildan® 8000 — Daisy — front view,https://cdn.shopify.com/s/files/1/0746/6817/9644/files/000048_098_front_30bf51d8-f825-4ee8-b9ec-a99733fbd751.jpg?v=1779479275,,,,daisy,,,,,,,,,,,,,,
,gildan-8000-g8000,,,,,,,,G8000-098-M,,Color,Daisy,,Size,M,,,,,,,,TRUE,,,,,,shopify,300,deny,150,g,TRUE,manual,,,,https://cdn.shopify.com/s/files/1/0746/6817/9644/files/000048_098_front_30bf51d8-f825-4ee8-b9ec-a99733fbd751.jpg?v=1779479275,,,,daisy,,,,,,,,,,,,,,
,gildan-8000-g8000,,,,,,,,G8000-098-L,,Color,Daisy,,Size,L,,,,,,,,TRUE,,,,,,shopify,300,deny,150,g,TRUE,manual,,,,https://cdn.shopify.com/s/files/1/0746/6817/9644/files/000048_098_front_30bf51d8-f825-4ee8-b9ec-a99733fbd751.jpg?v=1779479275,,,,daisy,,,,,,,,,,,,,,
,gildan-8000-g8000,,,,,,,,G8000-098-XL,,Color,Daisy,,Size,XL,,,,,,,,TRUE,,,,,,shopify,300,deny,150,g,TRUE,manual,,,,https://cdn.shopify.com/s/files/1/0746/6817/9644/files/000048_098_front_30bf51d8-f825-4ee8-b9ec-a99733fbd751.jpg?v=1779479275,,,,daisy,,,,,,,,,,,,,,
,gildan-8000-g8000,,,,,,,,G8000-098-2XL,,Color,Daisy,,Size,2XL,,,,,,,,TRUE,,,,,,shopify,300,deny,150,g,TRUE,manual,,,,https://cdn.shopify.com/s/files/1/0746/6817/9644/files/000048_098_front_30bf51d8-f825-4ee8-b9ec-a99733fbd751.jpg?v=1779479275,,,,daisy,,,,,,,,,,,,,,
,gildan-8000-g8000,,,,,,,,G8000-098-3XL,,Color,Daisy,,Size,3XL,,,,,,,,TRUE,,,,,,shopify,300,deny,150,g,TRUE,manual,,,,https://cdn.shopify.com/s/files/1/0746/6817/9644/files/000048_098_front_30bf51d8-f825-4ee8-b9ec-a99733fbd751.jpg?v=1779479275,,,,daisy,,,,,,,,,,,,,,
,gildan-8000-g8000,,,,,,,,G8000-098-4XL,,Color,Daisy,,Size,4XL,,,,,,,,TRUE,,,,,,shopify,300,deny,150,g,TRUE,manual,,,,https://cdn.shopify.com/s/files/1/0746/6817/9644/files/000048_098_front_30bf51d8-f825-4ee8-b9ec-a99733fbd751.jpg?v=1779479275,,,,daisy,,,,,,,,,,,,,,
,gildan-8000-g8000,,,,,,,,G8000-098-5XL,,Color,Daisy,,Size,5XL,,,,,,,,TRUE,,,,,,shopify,300,deny,150,g,TRUE,manual,,,,https://cdn.shopify.com/s/files/1/0746/6817/9644/files/000048_098_front_30bf51d8-f825-4ee8-b9ec-a99733fbd751.jpg?v=1779479275,,,,daisy,,,,,,,,,,,,,,
,gildan-8000-g8000,,,,,,,,,,,,,,,,,,,,,,,,,,,,,,,,,,,https://cdn.shopify.com/s/files/1/0746/6817/9644/files/000048_098_back_919ac5f4-4fcf-4e4c-8fe0-2d95e2330d81.jpg?v=1779479273,50,Gildan® 8000 — Daisy — back view,,,,,,,,,,,,,,,,,,,
,gildan-8000-g8000,,,,,,,,,,,,,,,,,,,,,,,,,,,,,,,,,,,https://cdn.shopify.com/s/files/1/0746/6817/9644/files/000048_098_left_9a50b204-a35d-48e5-abf9-6256b73e55ad.jpg?v=1779479278,51,Gildan® 8000 — Daisy — left side view,,,,,,,,,,,,,,,,,,,
,gildan-8000-g8000,,,,,,,,,,,,,,,,,,,,,,,,,,,,,,,,,,,https://cdn.shopify.com/s/files/1/0746/6817/9644/files/000048_098_right_7ce3ce38-3c88-486c-a10a-5de2f1336444.jpg?v=1779479280,52,Gildan® 8000 — Daisy — right side view,,,,,,,,,,,,,,,,,,,
,gildan-8000-g8000,,,,,,,,,,,,,,,,,,,,,,,,,,,,,,,,,,,https://cdn.shopify.com/s/files/1/0746/6817/9644/files/000048_098_neckline_6aa2bfff-ca31-47be-be6f-9046157d8bb5.jpg?v=1779479278,53,Gildan® 8000 — Daisy — neckline detail,,,,,,,,,,,,,,,,,,,
,gildan-8000-g8000,,,,,,,,,,,,,,,,,,,,,,,,,,,,,,,,,,,https://cdn.shopify.com/s/files/1/0746/6817/9644/files/000048_098_fabric_21a0961f-03aa-40f8-b0df-ce21dec3b495.jpg?v=1779479275,54,Gildan® 8000 — Daisy — fabric detail,,,,,,,,,,,,,,,,,,,
,gildan-8000-g8000,,,,,,,,,,,,,,,,,,,,,,,,,,,,,,,,,,,https://cdn.shopify.com/s/files/1/0746/6817/9644/files/000048_098_front_f_f79731ef-7dca-4758-bc94-efba8d0c2056.jpg?v=1779479277,55,Gildan® 8000 — Daisy — front view (women's fit),,,,,,,,,,,,,,,,,,,
,gildan-8000-g8000,,,,,,,,,,,,,,,,,,,,,,,,,,,,,,,,,,,https://cdn.shopify.com/s/files/1/0746/6817/9644/files/000048_098_back_f_879abb9a-02cc-4eb7-b391-a77e321e92b0.jpg?v=1779479274,56,Gildan® 8000 — Daisy — back view (women's fit),,,,,,,,,,,,,,,,,,,
Gildan® H000,gildan-h000-gh000,"<p>Made with soft ring-spun cotton, Hammer’s high stitch density fabric provides a heavier weight and smooth printing surface. Features a classic rib collar, taped neck and shoulders, and double-needle stitching throughout.</p><ul><li>100% Ring-spun Cotton — heavier weight for a premium feel</li><li>High stitch density for a smooth printing surface</li><li>Classic rib collar</li><li>Taped neck and shoulders</li><li>Double-needle stitching throughout</li><li>Tearaway label</li></ul><h4>Size Chart (inches)</h4><table><thead><tr><th>Size</th><th>Chest</th><th>Body Length</th></tr></thead><tbody><tr><td>S</td><td>34–36</td><td>28</td></tr><tr><td>M</td><td>38–40</td><td>29</td></tr><tr><td>L</td><td>42–44</td><td>30</td></tr><tr><td>XL</td><td>46–48</td><td>31</td></tr><tr><td>2XL</td><td>50–52</td><td>32</td></tr><tr><td>3XL</td><td>54–56</td><td>33</td></tr><tr><td>4XL</td><td>58–60</td><td>34</td></tr><tr><td>5XL</td><td>62–64</td><td>35</td></tr></tbody></table>",Gildan,gid://shopify/TaxonomyCategory/aa-1-13-8,T-Shirt,"T-Shirt, Adult, Unisex, GH000, Crew Neck, Cotton",TRUE,active,GH000-036-S,,Color,Black,,Size,S,,,,,,,,TRUE,,,,,,shopify,300,deny,150,g,TRUE,manual,https://cdn.shopify.com/s/files/1/0746/6817/9644/files/000089_036_front.png?v=1779479499,1,Gildan® H000 — Black — front view,https://cdn.shopify.com/s/files/1/0746/6817/9644/files/000089_036_front.png?v=1779479499,,Gildan® H000,"<p>Made with soft ring-spun cotton, Hammer’s high stitch density fabric provides a heavier weight and smooth printing surface. Features a classic rib colla",black,gid://shopify/TaxonomyCategory/aa-1-13-8,Unisex,Adult,GH000,,,new,,,,,,,Adult T-Shirt
,gildan-h000-gh000,,,,,,,,GH000-036-M,,Color,Black,,Size,M,,,,,,,,TRUE,,,,,,shopify,300,deny,150,g,TRUE,manual,,,,https://cdn.shopify.com/s/files/1/0746/6817/9644/files/000089_036_front.png?v=1779479499,,,,black,,,,,,,,,,,,,,
,gildan-h000-gh000,,,,,,,,GH000-036-L,,Color,Black,,Size,L,,,,,,,,TRUE,,,,,,shopify,300,deny,150,g,TRUE,manual,,,,https://cdn.shopify.com/s/files/1/0746/6817/9644/files/000089_036_front.png?v=1779479499,,,,black,,,,,,,,,,,,,,
,gildan-h000-gh000,,,,,,,,GH000-036-XL,,Color,Black,,Size,XL,,,,,,,,TRUE,,,,,,shopify,300,deny,150,g,TRUE,manual,,,,https://cdn.shopify.com/s/files/1/0746/6817/9644/files/000089_036_front.png?v=1779479499,,,,black,,,,,,,,,,,,,,
,gildan-h000-gh000,,,,,,,,GH000-036-2XL,,Color,Black,,Size,2XL,,,,,,,,TRUE,,,,,,shopify,300,deny,150,g,TRUE,manual,,,,https://cdn.shopify.com/s/files/1/0746/6817/9644/files/000089_036_front.png?v=1779479499,,,,black,,,,,,,,,,,,,,
,gildan-h000-gh000,,,,,,,,GH000-036-3XL,,Color,Black,,Size,3XL,,,,,,,,TRUE,,,,,,shopify,300,deny,150,g,TRUE,manual,,,,https://cdn.shopify.com/s/files/1/0746/6817/9644/files/000089_036_front.png?v=1779479499,,,,black,,,,,,,,,,,,,,
,gildan-h000-gh000,,,,,,,,GH000-036-4XL,,Color,Black,,Size,4XL,,,,,,,,TRUE,,,,,,shopify,300,deny,150,g,TRUE,manual,,,,https://cdn.shopify.com/s/files/1/0746/6817/9644/files/000089_036_front.png?v=1779479499,,,,black,,,,,,,,,,,,,,
,gildan-h000-gh000,,,,,,,,,,,,,,,,,,,,,,,,,,,,,,,,,,,https://cdn.shopify.com/s/files/1/0746/6817/9644/files/000089_036_back.png?v=1779479496,2,Gildan® H000 — Black — back view,,,,,,,,,,,,,,,,,,,
,gildan-h000-gh000,,,,,,,,,,,,,,,,,,,,,,,,,,,,,,,,,,,https://cdn.shopify.com/s/files/1/0746/6817/9644/files/000089_036_left.png?v=1779479500,3,Gildan® H000 — Black — left side view,,,,,,,,,,,,,,,,,,,
,gildan-h000-gh000,,,,,,,,,,,,,,,,,,,,,,,,,,,,,,,,,,,https://cdn.shopify.com/s/files/1/0746/6817/9644/files/000089_036_right.png?v=1779479503,4,Gildan® H000 — Black — right side view,,,,,,,,,,,,,,,,,,,
,gildan-h000-gh000,,,,,,,,,,,,,,,,,,,,,,,,,,,,,,,,,,,https://cdn.shopify.com/s/files/1/0746/6817/9644/files/000089_036_neckline.png?v=1779479502,5,Gildan® H000 — Black — neckline detail,,,,,,,,,,,,,,,,,,,
,gildan-h000-gh000,,,,,,,,,,,,,,,,,,,,,,,,,,,,,,,,,,,https://cdn.shopify.com/s/files/1/0746/6817/9644/files/000089_036_fabric.png?v=1779479497,6,Gildan® H000 — Black — fabric detail,,,,,,,,,,,,,,,,,,,
,gildan-h000-gh000,,,,,,,,,,,,,,,,,,,,,,,,,,,,,,,,,,,https://cdn.shopify.com/s/files/1/0746/6817/9644/files/000089_036_front_f.png?v=1779479500,7,Gildan® H000 — Black — front view (women's fit),,,,,,,,,,,,,,,,,,,
,gildan-h000-gh000,,,,,,,,,,,,,,,,,,,,,,,,,,,,,,,,,,,https://cdn.shopify.com/s/files/1/0746/6817/9644/files/000089_036_back_f.png?v=1779479496,8,Gildan® H000 — Black — back view (women's fit),,,,,,,,,,,,,,,,,,,
,gildan-h000-gh000,,,,,,,,GH000-030-S,,Color,White,,Size,S,,,,,,,,TRUE,,,,,,shopify,300,deny,150,g,TRUE,manual,https://cdn.shopify.com/s/files/1/0746/6817/9644/files/000049_030_front.png?v=1779479284,9,Gildan® H000 — White — front view,https://cdn.shopify.com/s/files/1/0746/6817/9644/files/000049_030_front.png?v=1779479284,,,,white,,,,,,,,,,,,,,
,gildan-h000-gh000,,,,,,,,GH000-030-M,,Color,White,,Size,M,,,,,,,,TRUE,,,,,,shopify,300,deny,150,g,TRUE,manual,,,,https://cdn.shopify.com/s/files/1/0746/6817/9644/files/000049_030_front.png?v=1779479284,,,,white,,,,,,,,,,,,,,
,gildan-h000-gh000,,,,,,,,GH000-030-L,,Color,White,,Size,L,,,,,,,,TRUE,,,,,,shopify,300,deny,150,g,TRUE,manual,,,,https://cdn.shopify.com/s/files/1/0746/6817/9644/files/000049_030_front.png?v=1779479284,,,,white,,,,,,,,,,,,,,
,gildan-h000-gh000,,,,,,,,GH000-030-XL,,Color,White,,Size,XL,,,,,,,,TRUE,,,,,,shopify,300,deny,150,g,TRUE,manual,,,,https://cdn.shopify.com/s/files/1/0746/6817/9644/files/000049_030_front.png?v=1779479284,,,,white,,,,,,,,,,,,,,
,gildan-h000-gh000,,,,,,,,GH000-030-2XL,,Color,White,,Size,2XL,,,,,,,,TRUE,,,,,,shopify,300,deny,150,g,TRUE,manual,,,,https://cdn.shopify.com/s/files/1/0746/6817/9644/files/000049_030_front.png?v=1779479284,,,,white,,,,,,,,,,,,,,
,gildan-h000-gh000,,,,,,,,GH000-030-3XL,,Color,White,,Size,3XL,,,,,,,,TRUE,,,,,,shopify,300,deny,150,g,TRUE,manual,,,,https://cdn.shopify.com/s/files/1/0746/6817/9644/files/000049_030_front.png?v=1779479284,,,,white,,,,,,,,,,,,,,
,gildan-h000-gh000,,,,,,,,GH000-030-4XL,,Color,White,,Size,4XL,,,,,,,,TRUE,,,,,,shopify,300,deny,150,g,TRUE,manual,,,,https://cdn.shopify.com/s/files/1/0746/6817/9644/files/000049_030_front.png?v=1779479284,,,,white,,,,,,,,,,,,,,
,gildan-h000-gh000,,,,,,,,,,,,,,,,,,,,,,,,,,,,,,,,,,,https://cdn.shopify.com/s/files/1/0746/6817/9644/files/000049_030_back.png?v=1779479281,10,Gildan® H000 — White — back view,,,,,,,,,,,,,,,,,,,
,gildan-h000-gh000,,,,,,,,,,,,,,,,,,,,,,,,,,,,,,,,,,,https://cdn.shopify.com/s/files/1/0746/6817/9644/files/000049_030_left.png?v=1779479286,11,Gildan® H000 — White — left side view,,,,,,,,,,,,,,,,,,,
,gildan-h000-gh000,,,,,,,,,,,,,,,,,,,,,,,,,,,,,,,,,,,https://cdn.shopify.com/s/files/1/0746/6817/9644/files/000049_030_right.png?v=1779479288,12,Gildan® H000 — White — right side view,,,,,,,,,,,,,,,,,,,
,gildan-h000-gh000,,,,,,,,,,,,,,,,,,,,,,,,,,,,,,,,,,,https://cdn.shopify.com/s/files/1/0746/6817/9644/files/000049_030_neckline.png?v=1779479287,13,Gildan® H000 — White — neckline detail,,,,,,,,,,,,,,,,,,,
,gildan-h000-gh000,,,,,,,,,,,,,,,,,,,,,,,,,,,,,,,,,,,https://cdn.shopify.com/s/files/1/0746/6817/9644/files/000049_030_fabric.png?v=1779479283,14,Gildan® H000 — White — fabric detail,,,,,,,,,,,,,,,,,,,
,gildan-h000-gh000,,,,,,,,,,,,,,,,,,,,,,,,,,,,,,,,,,,https://cdn.shopify.com/s/files/1/0746/6817/9644/files/000049_030_front_f.png?v=1779479284,15,Gildan® H000 — White — front view (women's fit),,,,,,,,,,,,,,,,,,,
,gildan-h000-gh000,,,,,,,,,,,,,,,,,,,,,,,,,,,,,,,,,,,https://cdn.shopify.com/s/files/1/0746/6817/9644/files/000049_030_back_f.png?v=1779479281,16,Gildan® H000 — White — back view (women's fit),,,,,,,,,,,,,,,,,,,
